orden,id,to,pregunta,ancla,criterios,texto_ancla,tipo,nota
1,EV2F-028,cla,¿Qué deben asegurar los procedimientos de análisis de cartera que desarrolle una entidad financiera para clasificar a sus deudores?,cla:3.1,Debe mencionar un análisis adecuado de la situación económica y financiera del deudor. | Debe mencionar la revisión periódica de las condiciones objetivas y subjetivas de todos los riesgos asumidos.,"[3.1] Procedimientos de análisis de cartera.
La entidad deberá desarrollar procedimientos de análisis de cartera que aseguren: a) un análi-
sis adecuado de la situación económica y financiera del deudor y b) una revisión periódica de
su situación en cuanto a las condiciones objetivas y subjetivas de todos los riesgos asumidos.",,
2,EV2F-031,ric,"En el régimen informativo de exigencia e integración de capitales mínimos, ¿qué conceptos comprende el cuadro de facilidades otorgadas por el BCRA?",ric:7.2,Debe incluir la disminución de la exigencia de capital mínimo por riesgo de crédito. | Debe incluir la disminución de la exigencia de capital mínimo por riesgo operacional. | Debe incluir el aumento de la integración de capital mínimo por riesgo de crédito. | Debe incluir la disminución del defecto de integración del capital mínimo por riesgo de mercado.,"[7.2] Modelo de información
Cuadro 7.2.1.
Código Concepto
60100000 Disminución de la exigencia de capital mínimo por riesgo de
crédito
60300000 Disminución de la exigencia de capital mínimo por riesgo de
mercado
60400000 Disminución de la exigencia de capital mínimo por riesgo
operacional
60500000 Aumento de la integración de capital mínimo por riesgo de
crédito
60700000 Aumento de la integración de capital mínimo por riesgo de
mercado.
60900000 Disminución del defecto de integración del capital mínimo por
riesgo de crédito y operacional
61100000 Disminución del defecto de integración del capital mínimo por
riesgo de mercado",,
3,EV2F-032,ric,¿Qué tipos de incrementos de exigencia por riesgo de crédito se informan en el régimen informativo mensual y cómo se desagrega cada uno según el estado de la información?,ric:9.2,"Debe incluir el incremento por exceso en la relación de activos inmovilizados. | Debe incluir el incremento por exceso en Grandes Exposiciones al Riesgo de Crédito. | Debe incluir el incremento por exceso en graduación del crédito. | Debe incluir el incremento por exceso en financiamiento al sector público no financiero. | Debe reflejar la desagregación por estado (en término, fuera de término, incumplimientos reiterados, determinado por la SEFyC).","[9.2] Modelo de Información

[9.2.1] Incrementos de exigencia
Código Concepto Importe
83100000 Incremento de la exigencia por riesgo de crédito por exceso en la relación
de activos inmovilizados. Información en término
83200000 Incremento de la exigencia por riesgo de crédito por exceso en la relación
de activos inmovilizados. Información fuera de término
83300000 Incremento de la exigencia por riesgo de crédito por exceso en la relación
de activos inmovilizados. Incumplimientos reiterados
83400000 Incremento de la exigencia por riesgo de crédito por exceso en la relación
de activos inmovilizados. Determinado por la SEFyC
83500000 Incremento de la exigencia por riesgo de crédito por exceso en Grandes
Exposiciones al Riesgo de Crédito. Información en término
83600000 Incremento de la exigencia por riesgo de crédito por exceso en Grandes
Exposiciones al Riesgo de Crédito. Información fuera de término
83700000 Incremento de la exigencia por riesgo de crédito por exceso en Grandes
Exposiciones al Riesgo de Crédito. Incumplimientos reiterados
83800000 Incremento de la exigencia por riesgo de crédito por exceso en Grandes
Exposiciones al Riesgo de Crédito. Determinado por la SEFyC
84300000 Incremento de la exigencia por riesgo de crédito por exceso en gradua-
ción del crédito. Información en término
84400000 Incremento de la exigencia por riesgo de crédito por exceso en gradua-
ción del crédito. Información fuera de término
84500000 Incremento de la exigencia por riesgo de crédito por exceso en gradua-
ción del crédito. Incumplimientos reiterados.
84600000 Incremento de la exigencia por riesgo de crédito por exceso en gradua-
ción del crédito. Determinado por la SEFyC.
85600000 Incremento de la exigencia por riesgo de crédito por la tenencia de certifi-
cados o títulos de deuda de fideicomisos financieros. (25 %)
85700000 Incremento de la exigencia por riesgo de crédito por la tenencia de certifi-
cados o títulos de deuda de fideicomisos financieros. (50 %)
85800000 Incremento de la exigencia por riesgo de crédito por la tenencia de certifi-
cados o títulos de deuda de fideicomisos financieros. (100 %)
Incremento de la exigencia por riesgo de crédito por excesos en las parti-
86300000
cipaciones en el capital de empresas (INC )
(Inversiones significativas en empresas)
87100000 Incremento de la exigencia por riesgo de crédito por exceso en financia-
miento al sector público no financiero. Información en término
87200000 Incremento de la exigencia por riesgo de crédito por exceso en financia-
miento al sector público no financiero. Información fuera de término
87300000 Incremento de la exigencia por riesgo de crédito por exceso en financia-
miento al sector público no financiero. Incumplimientos reiterados
87400000 Incremento de la exigencia por riesgo de crédito por exceso en financia-
miento al sector público no financiero. Determinado por la SEFyC
87500000 Incremento de la exigencia por riesgo de crédito por exceso en posicio-
nes de derivados sobre “commodities”. Información en término
87600000 Incremento de la exigencia por riesgo de crédito por exceso en posicio-
nes de derivados sobre “commodities”. Información fuera de término
87700000 Incremento de la exigencia por riesgo de crédito por exceso en posicio-
nes de derivados sobre “commodities”. Incumplimientos reiterados
87800000 Incremento de la exigencia por riesgo de crédito por exceso en posicio-
nes de derivados sobre “commodities”. Determinado por la SEFyC

[9.2.2] Información adicional
Código Concepto Importe
98100000 Incumplimientos de Activos Inmovilizados del mes bajo informe
98200000 Incumplimientos de Grandes Exposiciones al Riesgo de Crédito del
mes bajo informe
98400000 Incumplimientos de Graduación del crédito del mes bajo informe
98500000 Incumplimientos de financiamiento al sector público no financiero del
mes bajo informe
98600000 Incumplimientos de posiciones de derivados sobre “commodities” del
mes bajo informe",,
4,EV2F-022,cap,"¿Qué entidades están obligadas a definir responsables por la administración del riesgo de las posiciones sujetas a exigencia por riesgo de mercado, y qué implica esa designación?",cap:6.11,Debe indicar el umbral de activos: posiciones que en conjunto superen el 25 % de la RPC del último día del segundo mes anterior (además de quienes operan opciones). | Debe indicar que se designan personas a cargo de la correcta aplicación de la metodología de cálculo. | Debe mencionar la responsabilidad de regularizar los defectos de integración diaria que superen el 3 % de la exigencia. | Debe indicar que las modificaciones de la nómina de responsables se comunican a la Superintendencia.,"[6.11] Responsabilidades.
Las entidades financieras que operen comprando y/o vendiendo, cualquiera sea su impor-
te, contratos de opciones y aquéllas que en cualquiera de los días de un mes registren ac-
tivos (suma de las posiciones compradas y vendidas de los activos comprendidos) que en
con-junto superen el 25 % de la RPC registrada al último día del segundo mes anterior de-
berán definir las responsabilidades en el manejo de la política de administración del riesgo
que se asume por las posiciones sujetas a la exigencia de capital mínimo por riesgo de
mercado.
Ello implicará designar las personas que tendrán a su cargo la correcta aplicación de la me-
todología de cálculo establecida y la responsabilidad primaria de la adopción de los recau-
dos necesarios para mantener las posiciones cubiertas con el capital requerido, en especial
las acciones conducentes a regularizar los defectos de integración diaria que superen el 3
% de la exigencia. También serán responsables de suministrar la información en tiempo y
forma a la SEFyC conforme al régimen informativo que se establezca en la materia.
Las modificaciones de la nómina de los responsables designados, del Gerente General y
del miembro del Directorio, Consejo de Administración o autoridad equivalente a quien se
reporte la función, oportunamente suministrada, deberán ser comunicadas a dicha Superin-
tendencia mediante la presentación del Régimen Informativo Información Institucional de
Entidades Financieras y Cambiarias.",,
5,EV2F-030,cla,Una sociedad de garantía recíproca pagó la deuda de una MiPyME en cumplimiento de la garantía que la respaldaba. ¿Qué obligación de clasificación le cabe y con qué criterios?,cla:10.3,"Debe indicar que las SGR y los fondos de garantía públicos inscriptos en los registros del BCRA deben clasificar a esas MiPyMEs. | Debe precisar que se clasifica a las MiPyMEs cuyas deudas fueron canceladas en cumplimiento de las garantías. | Debe indicar que la clasificación es en función de la mora, con los criterios de la cartera de consumo o vivienda. | Debe mencionar la aplicación de la reclasificación obligatoria.","[10.3] Sociedades de garantía recíproca y fondos de garantía de carácter público.
Las sociedades de garantía recíproca y los fondos de garantía de carácter público inscriptos
en los Registros habilitados en el BCRA deberán clasificar a las MiPyMEs cuyas deudas ha-
yan sido canceladas en cumplimiento de las garantías que respaldaban las respectivas obli-
gaciones. La clasificación se realizará en función de la mora, según los criterios aplicables pa-
ra la cartera de “consumo o vivienda” y por aplicación de las disposiciones previstas en el pun-
to 7.3. (reclasificación obligatoria).",,
6,EV2F-002,ext,"Trabajo en la mesa de cambios de un banco. Cuando la entidad opera por cuenta propia, ¿en qué casos debe confeccionar boletos de cambio a su propio nombre, con qué fecha se registran esas operaciones y qué movimientos quedan afuera del registro cambiario?",ext:5.10,"Debe indicar que corresponden boletos a nombre propio por cobros o pagos en moneda extranjera por operaciones cambiarias propias en carácter de cliente. | Debe incluir las operaciones de cambio, canje o arbitraje con el BCRA y otras entidades financieras o cambiarias del país. | Debe señalar que las operaciones propias se registran en la fecha en que producen efecto sobre la PGC. | Debe aclarar que no corresponde registro cambiario a nombre propio por movimientos en moneda extranjera en el país asociados a la operatoria de créditos y depósitos.","[5.10] Operaciones propias de las entidades.

[5.10.1] Las entidades deberán confeccionar boletos de cambio a nombre propio cuando las
mismas correspondan a:

[5.10.1.1] Cobros o pagos en moneda extranjera por operaciones cambiarias propias
en carácter de cliente.

[5.10.1.2] Operaciones de cambio, canje o arbitraje con el BCRA y otras entidades
financieras o cambiarias del país.

[5.10.2] Las operaciones propias de la entidad deberán registrarse en la fecha en que se
produce el efecto sobre su PGC.

[5.10.3] No corresponderá realizar registro cambiario a nombre de la propia entidad por
movimientos en moneda extranjera en el país asociados a su operatoria de créditos y
depósitos.

[5.10.4] Cuando una operación propia de la entidad se encuentre alcanzada por la obligación
de ingreso y liquidación de divisas en el mercado de cambios, se considerará
cumplido lo requerido con el ingreso de los fondos a la PGC de la entidad.",,
7,EV2F-020,cap,"¿Qué exige la normativa de capitales mínimos a las entidades del grupo 1 en materia de debida diligencia sobre sus contrapartes, y a qué exposiciones no se aplica?",cap:2.4,Debe indicar la oportunidad y frecuencia: al otorgamiento del crédito y con frecuencia mínima anual. | Debe indicar el objetivo: una adecuada comprensión del perfil de riesgo y las características de las contrapartes. | Debe señalar la proporcionalidad respecto de la dimensión de la entidad y la complejidad de sus operaciones. | Debe indicar que la entidad demuestra a la SEFYC que los ponderadores asignados son adecuados a los perfiles de riesgo. | Debe aclarar que el requerimiento no se aplica a exposiciones a gobiernos y bancos centrales.,"[2.4] Requisitos de debida diligencia.
Las entidades financieras del grupo 1 deberán llevar a cabo un proceso de debida diligencia –al
momento del otorgamiento del crédito y con frecuencia mínima anual– a fin de que puedan con-
tar con una adecuada comprensión del perfil de riesgo y las características de sus contrapartes.
El grado de sofisticación de las evaluaciones de debida diligencia deberá ser proporcional a la
dimensión e importancia económica de las entidades financieras y a la naturaleza y complejidad
de sus operaciones. Como resultado de esa evaluación, las entidades financieras deberán de-
mostrar a la SEFYC que los ponderadores de riesgo asignados son adecuados a los perfiles de
riesgo de sus contrapartes.
A tales efectos, las entidades financieras del grupo 1 deberán:
i) adoptar medidas adecuadas y razonables con el fin de evaluar el desempeño financiero y
operativo de cada contraparte a través del análisis crediticio;
ii) contar con acceso a información sobre sus contrapartes de manera regular para completar
su análisis;
iii) llevar a cabo los análisis de las exposiciones a contrapartes que pertenezcan a grupos
consolidados –siempre que sea posible– a nivel individual. Al momento de evaluar la capa-
cidad de pago de la contraparte individual, las entidades financieras deberán tener en
cuenta el respaldo del grupo económico, así como la posibilidad de que la contraparte se
vea perjudicada por los problemas generados en el grupo económico;
iv) contar con políticas, procesos, sistemas y controles internos eficaces; y
v) poder demostrar a la SEFYC que sus análisis de debida diligencia son adecuados y consis-
tentes con otros modelos y evaluaciones que deban ser llevados a cabo por las entidades
–tales como los procesos de estimación de previsiones por riesgo de incobrabilidad y de
evaluación de su capital económico–, así como con los criterios contemplados en las nor-
mas complementarias –entre otras, Secciones 1. y 2. del TO sobre Lineamientos para la
Gestión de Riesgos en las Entidades Financieras–.
Este requerimiento no será de aplicación para el caso de exposiciones a gobiernos y bancos
centrales previstas en el punto 2.12.2.",,
8,EV2F-039,pro,"Un banco quiere subir una comisión, crear otra para un producto nuevo y reducir una tercera. ¿Qué debe informar al BCRA en cada caso y en qué momento?",pro:2.5,Debe indicar que las comisiones y cargos se informan mediante el régimen informativo establecido al efecto. | Debe indicar que altas y aumentos se informan previamente al BCRA y luego se notifican a los usuarios. | Debe indicar que las reducciones pueden aplicarse sin demora. | Debe indicar el plazo de 30 días corridos para informar las reducciones aplicadas.,"[2.5] Información al Banco Central de la República Argentina.
Las entidades financieras, los PSPCP, las empresas no financieras emisoras de tarjetas de
crédito y/o compra y los otros proveedores no financieros de crédito que ofrezcan y comerciali-
cen productos y/o servicios que se perfeccionan con la firma o aceptación de contratos con
cláusulas preestablecidas (contratos de adhesión), deberán informar las comisiones y cargos
que cobren a los usuarios de servicios financieros mediante el régimen informativo establecido
al efecto.
Las altas –comisiones de nuevos productos y/o servicios que deseen comercializar– y los au-
mentos en las comisiones que deseen implementar deberán ser previamente informados al
BCRA por la vía consignada en el párrafo precedente y luego ser notificadas a los usuarios de
servicios financieros. También deberán informar las modificaciones de los cargos.
Las reducciones en las comisiones y/o cargos podrán aplicarse sin demora, sin perjuicio de que
deberán ser informadas al BCRA dentro de los treinta (30) días corridos siguientes de su apli-
cación.",,
9,EV2F-008,ext,Una entidad de cobertura médica debe pagar al exterior medicamentos que ingresaron al país por Solicitud Particular a nombre del paciente beneficiario. ¿Puede acceder al mercado de cambios para ese pago?,ext:10.6.2,Debe indicar que las personas jurídicas a cargo de la provisión de medicamentos tienen acceso para pagar los medicamentos ingresados por Solicitud Particular por el beneficiario. | Debe indicar que también hay acceso para pagos con registro de ingreso aduanero pendiente por medicamentos que ingresará el beneficiario. | Debe condicionar el acceso al cumplimiento de los requisitos generales previstos.,"[10.6.2] Personas jurídicas que tengan a su cargo la provisión de medicamentos a pacientes.
En la medida que se cumplan los requisitos generales previstos, las personas
jurídicas que tengan a su cargo la provisión de medicamentos a pacientes tendrán
acceso al mercado de cambios para realizar el pago al exterior de los medicamentos
ingresados por Solicitud Particular por el beneficiario de dicha cobertura médica.
De igual forma tendrán acceso para realizar pagos con registro de ingreso aduanero
pendiente por los medicamentos que serán ingresados por el beneficiario de la
cobertura.",,
10,EV2F-015,ext,Un inversor no residente quiere repatriar una inversión directa en una empresa argentina. ¿Requiere conformidad previa del BCRA y qué excepciones contempla la norma?,ext:3.13.1,"Debe indicar la regla general: la repatriación de inversiones de no residentes requiere conformidad previa del BCRA. | Debe mencionar la excepción para organismos internacionales e instituciones que cumplen funciones de agencias oficiales de crédito. | Debe mencionar la excepción para representaciones diplomáticas y personal diplomático acreditado. | Debe mencionar la excepción para repatriaciones de aportes liquidados desde el 02/10/20, con el plazo mínimo de 180 días corridos para aportes liquidados a partir del 21/04/25.","[3.13.1] El acceso al mercado de cambios para la repatriación de inversiones de no
residentes y otras compras de moneda extranjera por parte de clientes no residentes
requerirá la conformidad previa del BCRA, excepto para las operaciones de:

[3.13.1.1] Organismos internacionales e instituciones que cumplan funciones de
agencias oficiales de crédito.

[3.13.1.2] Representaciones diplomáticas y consulares y personal diplomático
acreditado en el país por transferencias que efectúen en ejercicio de sus
funciones.

[3.13.1.3] Representaciones en el país de Tribunales, Autoridades u Oficinas,
Misiones Especiales, Comisiones u Órganos Bilaterales establecidos por
Tratados o Convenios Internacionales, en los cuales la República
Argentina es parte, en la medida que las transferencias se realicen en
ejercicio de sus funciones.

[3.13.1.4] Transferencias al exterior a nombre de personas humanas que sean
beneficiarias de jubilaciones y/o pensiones abonadas por la
Administración Nacional de la Seguridad Social (ANSES) u otros
organismos previsionales y/o de rentas vitalicias previsionales previstas
por el art. 101 de la Ley 24.241, por hasta el monto percibido por tales
conceptos en los últimos 30 (treinta) días corridos y en la medida que la
transferencia se efectúe a una cuenta bancaria de titularidad del
beneficiario en su país de residencia registrado.

[3.13.1.5] Compra de billetes en moneda extranjera de personas humanas no
residentes en concepto de turismo y viajes por hasta un monto máximo
equivalente a USD 100 (dólares estadounidenses cien) en el conjunto de
las entidades, en la medida que la entidad haya verificado en el sistema
online implementado por el BCRA que el cliente ha liquidado un monto
mayor o igual al que desea adquirir dentro de los 90 (noventa) días
corridos anteriores.
Esta operatoria quedará habilitada a partir de que la venta de moneda
extranjera liquidada por el cliente haya sido registrada ante el BCRA por
la entidad interviniente de acuerdo con las pautas habituales.
Las liquidaciones encuadradas, durante su vigencia, en la operatoria con
títulos valores por cuenta y orden de turistas no residentes no serán
tomadas en cuenta a los efectos de lo establecido en este punto.

[3.13.1.6] Transferencias a cuentas bancarias en el exterior de personas humanas
por los fondos que percibieron en el país asociados a los beneficios
otorgados por el Estado Nacional en el marco de las Leyes 24.043,
24.411 y 25.914 y concordantes.

[3.13.1.7] Repatriaciones de inversiones directas de no residentes en empresas que
no sean controlantes de entidades financieras locales de un aporte de
capital que haya sido ingresado y liquidado por el mercado de cambios a
partir del 02/10/20 en la medida que:
i) la repatriación tenga lugar como mínimo 180 (ciento ochenta) días
corridos después de la liquidación de los fondos del aporte si el
aporte fue ingresado y liquidado a partir del 21/04/25; o
ii) la repatriación tenga lugar como mínimo 2 (dos) años después de su
liquidación si el aporte fue ingresado y liquidado entre el 02/10/20 y el
20/04/25.

[3.13.1.8] Repatriaciones de inversiones directas de no residentes hasta el monto
de los aportes de inversión ingresados y liquidados por el mercado de
cambios a partir del 16/11/20 en la medida que se cumplan la totalidad de
las siguientes condiciones:
i) el destino de los fondos haya sido la financiación de proyectos
enmarcados en el “Plan de promoción de la producción del gas
natural argentino – Esquema de oferta y demanda 2020-2024”
establecido el artículo 2° del Decreto 892/20;
ii) la entidad cuente con documentación que acredite el efectivo ingreso
de la inversión directa en la empresa residente; y
iii) el acceso se produce no antes de los 2 (dos) años corridos desde la
fecha de liquidación en el mercado de cambios de la operación que
permite el encuadre en el presente punto.

[3.13.1.9] Repatriaciones de inversiones directas de no residentes en empresas que
no sean controlantes de entidades financieras locales, en la medida que
cuente con una “Certificación por los regímenes de acceso a divisas para
la producción incremental de petróleo y/o gas natural (Decreto 277/22)”,
emitida en el marco de lo dispuesto en el punto 3.17., por el equivalente
del monto a repatriar.

[3.13.1.10] Repatriaciones de inversiones directas de no residentes en empresas a
través del acceso del residente que adquirió su participación en el capital
en una empresa residente en la medida que:
i) el acceso se concrete en forma simultánea con la liquidación de
fondos ingresados desde el exterior por endeudamientos financieros
comprendidos en el punto 3.5. o fondos provenientes de un préstamo
financiero en moneda extranjera otorgada por una entidad financiera
local a partir de una línea de crédito de entidad financiera del exterior,
que tengan una vida promedio no inferior a 4 (cuatro) años y que
contemplen como mínimo 3 (tres) años de gracia para el pago de
capital;
ii) la empresa residente cuyo capital se transfiere quede comprendida
entre los siguientes sectores: la forestoindustria, el turismo, la
infraestructura, la minería, la tecnología, la siderurgia, la energía, el
petróleo y el gas; y
iii)la operación implique la transferencia de, como mínimo, el 10% (diez
por ciento) del capital de la empresa residente.
En caso de que al momento de concretarse el acceso el cliente no cuente
con la documentación que demuestre que ha tomado posesión de la
participación en el capital que se abona, deberá realizar una declaración
jurada en la que se compromete a presentarla dentro de los 60 (sesenta)
días corridos de concretado el acceso al mercado de cambios.

[3.13.1.11] Repatriaciones de aportes de inversión directa de no residentes en una
Vehículo de Proyecto Único (VPU) adherido al Régimen de Incentivo para
Grandes Inversiones (RIGI) encuadradas en el punto 14.2.3.

[3.13.1.12] Repatriación por parte de no residentes de servicios de capital, rentas y el
producido de las ventas de inversiones de portafolio en instrumentos con
cotizaciones en mercados locales autorizados por la Comisión Nacional
de Valores, fondos comunes de inversión sin cotización directa
conformados por esos instrumentos y/o los depósitos a la vista o a plazo
en entidades financieras locales, siempre que:
i) se cuente con la certificación de una entidad financiera local que
acredite que la inversión fue constituida con fondos ingresados y
liquidados en el mercado local de cambios a partir del 21/04/25.
El requisito de liquidación se considerará cumplimentado cuando el
cliente no residente haya aplicado moneda extranjera en forma
directa a partir del 23/05/25 a la suscripción primaria de títulos de
deuda emitidos por el Tesoro Nacional.
ii) se cuente con la documentación que demuestre que el monto por el
cual se accede al mercado no supera los servicios cobrados y/o el
monto efectivamente recibido por la venta de la inversión realizada.
En el caso que el cobro de los servicios o venta de la inversión sea
percibido en moneda extranjera la repatriación podrá concretarse por
hasta el equivalente de ese monto.

[3.13.1.13] Repatriaciones de inversiones de portafolio de no residentes originadas
en utilidades y dividendos cobrados en el país desde el 01/09/19, a partir
de la distribución determinada por la asamblea de accionistas por
balances cerrados y auditados, en la medida que la operación se concrete
mediante la realización de un canje y/o arbitraje con fondos depositados
en una cuenta local y originados en cobros en moneda extranjera de
capital o intereses de los bonos BOPREAL.

[3.13.1] (cierre)
Si una repatriación de una inversión directa de no residentes consiste en una
reducción de capital y/o devolución de aportes irrevocables realizadas por la empresa
local, adicionalmente a los requisitos previstos en cada caso, la entidad deberá contar
con la documentación que demuestre que se han cumplimentado los mecanismos
legales previstos y haber verificado que se encuentra declarada, en caso de
corresponder, en la última presentación vencida del “Relevamiento de activos y
pasivos externos” el pasivo en pesos con el exterior generado a partir de la fecha de
la no aceptación del aporte irrevocable o de la reducción de capital según
corresponda.",,
11,EV2F-011,ext,Una procesadora de pagos internacional canaliza ingresos de divisas hacia el país a través de la empresa local que la representa. ¿Bajo qué condiciones puede la entidad receptora confeccionar un boleto global diario por esos ingresos?,ext:5.8,"Debe indicar que se requiere una lista detallada de los beneficiarios/ordenantes comprendidos en el boleto. | Debe mencionar el acuerdo que prevea que los fondos se destinen dentro de los 2 días hábiles al pago de los beneficiarios finales. | Debe indicar que las transferencias se canalizan por una entidad del exterior con casa matriz o controlante en un país miembro del Comité de Basilea. | Debe mencionar los programas de prevención del lavado de activos y financiamiento del terrorismo en el grupo de la procesadora. | Debe indicar que por cobros de exportaciones la entidad emite, a pedido del exportador, certificación de ingreso y liquidación de divisas.","[5.8] Boletos globales diarios.
Las entidades podrán elaborar un boleto global diario para las situaciones que se detallan a
continuación, en la medida que se verifiquen todas las condiciones indicadas en cada caso.
En todos los casos, se deberá requerir una lista detallada de los beneficiarios/ordenantes de
los pagos comprendidos en dicho boleto, debiendo como mínimo informar respecto de ellos:
nombres y apellidos completos o denominación social (según corresponda), CUIT, CUIL o CDI
y el monto que le corresponde.

[5.8.1] Operaciones por cobros y pagos de jubilaciones y pensiones.
Deben corresponder a transferencias efectuadas por organismos oficiales o privados
de fondos de jubilaciones y pensiones o fondos compensadores de previsión, a
personas humanas residentes en el país (compras de cambio) o en el exterior (ventas
de cambio) e identificar el pago a nivel de cada beneficiario del país o del exterior.
El boleto deberá ser confeccionado a nombre de la entidad que cursa la operación.

[5.8.2] Ingresos de divisas a través de empresas procesadores de pagos.
A nombre de la empresa local que actúa como representante en el país de la empresa
procesadora de pagos en la medida que se cumplan las siguientes condiciones:

[5.8.2.1] Exista un acuerdo entre la persona jurídica residente que actúa como cliente y
una empresa del exterior habilitando a la primera a actuar como agente de
pago en la República Argentina y en el cual se prevea que los fondos
ingresados sean destinados dentro de los 2 (dos) días hábiles al pago en el
país de quienes resulten beneficiarios finales mediante la acreditación de sus
cuentas locales en moneda nacional o en moneda extranjera.

[5.8.2.2] Las transferencias tengan como ordenante la empresa del exterior firmante
del acuerdo y se canalicen a través de una entidad financiera del exterior cuya
casa matriz o controlante se encuentre radicada en un país miembro del
Comité de Supervisión Bancaria de Basilea.

[5.8.2.3] Todas las empresas del grupo económico de la procesadora de pagos,
incluyendo la subsidiaria local si la hubiera, apliquen programas basados en
estándares internacionales para la prevención del lavado de activos y del
financiamiento del terrorismo y, asimismo, cuenten con políticas y prácticas de
uso tendientes a garantizar que sus clientes no usen el sistema de
procesamiento de pagos para operaciones ilegales o inadecuadas.

[5.8.2.4] La empresa procesadora de pagos reciba los fondos exclusivamente a través
de la infraestructura financiera de cuentas en entidades financieras,
independientemente del medio de pago utilizado por el cliente pagador local
del exterior.

[5.8.2] (cierre)
Por los ingresos cursados que correspondan al cobro de exportaciones de bienes y
servicios, la entidad receptora de la transferencia emitirá, a pedido del exportador, una
certificación de ingreso y liquidación de divisas por los fondos recibidos en moneda
local.",,
12,EV2F-012,ext,Una deuda con el exterior por importación de bienes dejó de encuadrar como deuda comercial. ¿Cómo se cursa su cancelación por el mercado de cambios y con qué concepto se registra?,ext:10.8,Debe indicar que además de las condiciones de acceso aplicables se cumplen las normas de cancelación de deudas financieras. | Debe mencionar que la certificación de la entidad de seguimiento deja constancia de que el pago se cursa como deuda financiera. | Debe indicar el concepto del boleto de venta: pagos de principal de deudas financieras con el exterior originadas en importaciones de bienes.,"[10.8] Cancelación al exterior de deudas originadas en la importación argentina de bienes que no
encuadran como deudas comerciales.
La entidad interviniente podrá dar acceso al mercado de cambios para la cancelación al
exterior de deudas originadas en la importación argentina de bienes que no encuadran como
deudas comerciales en la medida que se cumplan conjuntamente las condiciones previstas en
los puntos 10.3.2. o 10.3.3., según corresponda, más las normas que sean aplicables a la
cancelación de deudas financieras.
En la certificación emitida por la entidad encargada del seguimiento de la oficialización de
importación deberá constar que el pago debe cursarse de acuerdo con las normas aplicables
a la cancelación de deudas financieras.
Estos pagos se cursarán con un boleto de venta a nombre del cliente por el concepto “P13.
Pagos de principal de deudas financieras con el exterior originadas en importaciones de
bienes”.",,
13,EV2F-019,cap,"Para las operaciones con derivados OTC de un banco, ¿cómo se determina la exposición al riesgo de crédito de contraparte bajo el enfoque estándar y qué papel juegan los márgenes de variación?",cap:4.2,"Debe indicar que la EAD se calcula por separado para cada conjunto de neteo. | Debe mencionar el factor alfa igual a 1,40. | Debe explicar que el cálculo del costo de reposición y de la exposición potencial futura difiere según haya o no intercambio de márgenes de variación. | Debe indicar el límite superior: la EAD con márgenes de variación no supera la EAD del mismo conjunto sin ellos.","[4.2] Exigencia de capital por riesgo de crédito de contraparte en operaciones con derivados
–OTC o negociados en mercados regulados– y con liquidación diferida.
La exigencia computada en este punto –basada en el Enfoque Estándar para la medición de
la exigencia por capital por riesgo de crédito de contraparte (“Standardised Approach for
measuring Counterparty Credit Risk”, SA-CCR)– se aplicará a operaciones con derivados
–OTC o negociados en mercados regulados– y con liquidación diferida, ya que las operacio-
nes de financiación con títulos valores (“Securities Financing Transactions”, SFT) –tales co-
mo operaciones de pase– cuyo valor depende de las valuaciones de mercado y están co-
múnmente sujetas a acuerdos de márgenes, se encuentran contempladas en la Sección 5.
Las operaciones de liquidación diferida son aquellas en las que la contraparte se comprome-
te a entregar un título valor, “commodity” o moneda extranjera contra efectivo, otro activo fi-
nanciero o “commodities” o viceversa, en una fecha contractual de liquidación o entrega su-
perior al plazo más corto entre el plazo habitual en el mercado para el vencimiento de ese ti-
po de instrumento y 5 días hábiles a partir de la fecha en que la entidad entró en la opera-
ción.

[4.2.1] Exposición al riesgo de crédito de contraparte.
La exposición al riesgo de crédito de contraparte (EAD) se calculará por separado para
cada conjunto de neteo (“netting set”, NS) y se determinará del siguiente modo:
donde:
α = 1,40.
CR: costo de reposición calculado de acuerdo con el punto 4.2.1.1.
EPF: exposición potencial futura calculado de acuerdo con el punto 4.2.1.2.
El cálculo del CR y de la EPF diferirá según que los conjuntos de neteo estén sujetos o
no al intercambio de márgenes de variación:
− Operaciones sin margen de variación: el CR representa la pérdida que ocurriría
ante el incumplimiento de la contraparte y la liquidación inmediata de sus opera-
ciones y la EPF adicionará el incremento probable de la exposición, calculado de
modo conservador, en el horizonte temporal de un año a partir de la fecha de
cálculo.
− Operaciones con margen de variación: el CR representa la pérdida que ocurriría
ante el incumplimiento de la contraparte –en el presente o en el futuro– si la liqui-
dación y reposición de las operaciones fueran instantáneas. Dado que puede ha-
ber un lapso –período de riesgo de margen (“MPOR”)– entre el último intercambio
de garantías antes del incumplimiento y la reposición, el adicional por la EPF re-
presenta el potencial cambio de valor de las operaciones durante ese período.
En ambos casos, y a los efectos de determinar el costo de reposición, el aforo de los
activos recibidos en garantía (excepto efectivo) representará el cambio potencial del
valor de dicha garantía durante el período relevante –un año, para las operaciones sin
márgenes, y el período de riesgo de margen, para las operaciones con márgenes–.
Además:
− La EAD para un conjunto de neteo con márgenes de variación tendrá como límite
superior la EAD que resultaría para el mismo conjunto si no los tuviera.
− La EAD de un conjunto de neteo que sólo comprende opciones vendidas podrá
ser cero cuando hayan sido cobradas todas las primas y en tanto dichas opciones
no estén comprendidas en acuerdos de neteo que incluyan otros productos o la
constitución de márgenes.

[4.2.1.1] Cálculo del CR.
i) El CR se calculará a nivel de conjunto de neteo.
ii) Criterios para tratar exposiciones en el marco de contratos de neteo bila-
teral admisibles.
Se define como conjunto de neteo (“netting set”, NS) al grupo de opera-
ciones con una misma contraparte que estén sujetas a un acuerdo de ne-
teo bilateral que tenga validez legal y respecto de las cuales el neteo es
admisible conforme a las disposiciones de estas normas.
Para determinar la exigencia de capital, las entidades podrán aplicar ne-
teo bilateral –es decir, podrán ponderar las posiciones netas, en vez de
brutas, con la misma contraparte– en los siguientes casos:
a) Operaciones sujetas a un acuerdo de novación en virtud del cual toda
obligación entre una entidad y su contraparte de entregar una moneda
determinada en una fecha dada se fusionará automáticamente con el
resto de las obligaciones en dicha moneda y fecha, de modo tal que
las obligaciones brutas anteriores quedarán reemplazadas legalmente
por una única cantidad.
b) Operaciones sujetas a toda otra forma legalmente válida de neteo bi-
lateral no comprendida en la definición precedente, incluida cualquier
otra forma de novación.
En ambos casos, las entidades deberán demostrar al BCRA que cuentan
con:
a) Un contrato o acuerdo de neteo con la contraparte por el que se crea-
rá una única obligación legal que abarcará a todas las operaciones in-
cluidas, en virtud del cual la entidad tendrá el derecho a recibir o la
obligación de pagar sólo el neto de los valores de mercado positivos y
negativos de las operaciones individuales en caso de que la contra-
parte incumpla su obligación debido a alguna de las siguientes cir-
cunstancias: incumplimiento, quiebra, liquidación o circunstancias si-
milares. El contrato de neteo no deberá contener cláusulas que, ante
el incumplimiento de una de las partes, permita a la parte cumplidora
hacer sólo pagos limitados o ningún pago al patrimonio en liquidación
de la parte incumplidora, incluso en el caso de que ésta fuera acree-
dora neta.
b) Opinión legal escrita y fundada que concluya que, de haber una dispu-
ta legal, los tribunales y autoridades administrativas competentes de-
cidirán que la exposición de la entidad es dicha suma neta:
− bajo la legislación de la jurisdicción en la que está constituida la
contraparte y, si está involucrada alguna sucursal en el extranjero
de una contraparte, también bajo la legislación en la que se halla
dicha sucursal;
− bajo la legislación que rige cada operación; y
− bajo la legislación que rige cualquier contrato o acuerdo necesario
para realizar el neteo.
El BCRA deberá quedar conforme con la conclusión acerca de la exi-
gibilidad legal del neteo en cada una de las jurisdicciones relevantes,
a cuyo efecto podrá consultar a otros supervisores competentes.
c) Procedimientos para asegurar que las características jurídicas de los
acuerdos de neteo serán revisadas ante posibles cambios en la legis-
lación pertinente.
iii) El cálculo del CR dependerá de si las operaciones están o no sujetas a
acuerdos de margen de variación. En caso de haber un acuerdo, la fór-
mula prevista en el acápite v) de este punto se podrá aplicar tanto a las
operaciones bilaterales como a las que se cursen a través de una CCP.
La fórmula contempla también la forma en la que se constituye el margen
inicial.
iv) Tratamiento de las operaciones sin margen.
En el caso de las operaciones sin margen –a los efectos de estas normas,
comprenderán a todas aquellas en las que no se intercambie margen de
variación (“variation margin”, VM), aunque puedan existir otras garantías–,
el CR se define como:
donde:
V: valor actual de mercado de las operaciones con derivados en el con-
junto de neteo.
C: valor neto de los activos recibidos y dados en garantía, aplicando los
aforos correspondientes, el cual deberá calcularse con la metodología
NICA definida en el acápite v). A tal efecto, mediante el uso de aforos
se incrementará el valor de los activos en garantía (excepto efectivo)
dados por la entidad a su contraparte y se reducirá el valor de los reci-
bidos. Los aforos serán los mismos que se aplican a las transacciones
de tipo REPO –previstos en el punto 5.3.2.3.– y se calcularán para los
períodos correspondientes –un año para las operaciones sin margen, y
el período de riesgo para las operaciones con margen–.
CR: exposición presente respecto de la contraparte, que no puede tener un
valor negativo. Si la entidad tuviera una mayor protección de sus expo-
siciones, por contar con garantías en exceso –incluso en ausencia de
un acuerdo de margen de variación– o por estar sus operaciones out-
of-the-money, el CR no se verá afectado, pero sí se reducirá la EPF,
conforme a lo dispuesto en el punto 4.2.1.2.
VM: margen de variación. Protege a las partes contratantes de la exposi-
ción en la que ya ha incurrido una de ellas por los cambios en el valor
de mercado del contrato luego de su celebración. Su importe depende
del valor de mercado de los derivados y se modifica permanentemen-
te.
Las operaciones bilaterales con un acuerdo de margen de variación unidi-
reccional a favor de la contraparte de la entidad –es decir, la entidad finan-
ciera entrega pero no recibe la garantía– se tratarán como operaciones sin
márgenes.
v) Tratamiento de las operaciones con margen.
El CR para las operaciones con margen se define como la mayor exposi-
ción que no alcanza a activar un aumento del VM, en función de las condi-
ciones –tales como umbrales y montos mínimos de transferencia– para el
intercambio de garantías previstas en los correspondientes acuerdos, y se
determinará aplicando la siguiente expresión:
CR = máx. (V - C; TH + MTA - NICA; 0)
donde:
TH (positive threshold): umbral positivo antes de que la contra-
parte deba aportarle garantías a la en-
tidad.
MTA (minimum transfer amount): monto mínimo de transferencia aplica-
ble a la contraparte.
TH + MTA - NICA: la mayor exposición que se podría al-
canzar sin activar un VM; representa
el nivel de activos que es necesario
mantener en todo momento.
NICA (“Net Independent Collateral Amount”): monto neto de garantía in-
dependiente.
El NICA es el monto de la garantía que la entidad podrá utilizar para com-
pensar su exposición en caso de incumplimiento de la contraparte, que
estará constituido por todo activo –segregado o no– aportado por la con-
traparte menos los activos no segregados aportados por la entidad; es
decir, no disminuirá por la garantía aportada por la entidad a una cuenta
segregada, fuera del alcance del procedimiento de quiebra y que se pre-
sume será devuelta en caso de quiebra de la contraparte. Tomará en
cuenta la diferencia entre el IA requerido por la entidad y el IA requerido
por la contraparte.
El monto de garantía independiente (“Independent Collateral Amount”,
ICA) representa:
a) el activo (excepto el VM) recibido en garantía y que la entidad puede
ejecutar en caso de incumplimiento de la contraparte, cuyo importe no
varía en respuesta al valor de las operaciones que garantiza; y/o
b) el parámetro Monto Independiente (“Independent Amount”, IA), tal
como se lo define en la documentación usual para este tipo de opera-
toria.
El ICA puede variar en respuesta a factores tales como el valor de los ac-
tivos en garantía o a cambios en la cantidad de operaciones en el conjun-
to de neteo.
Se establece un mínimo de 0, al efecto de evitar que el costo de reposi-
ción sea negativo cuando una entidad financiera tenga un NICA mayor
que TH + MTA.
vi) Los contratos con cláusulas de abandono o ruptura (“walkaway clauses”)
–es decir, cláusulas que permiten que la parte que no ha incumplido sus
obligaciones realice sólo pagos limitados, o que no realice ningún pago en
absoluto, a la parte que sí ha incumplido, incluso cuando esta última sea
acreedora neta– no podrán computarse en términos netos al efecto del
cómputo de la exigencia de capital.

[4.2.1.2] Cálculo de la EPF.
Resultará del producto entre:
- la suma de los adicionales correspondientes a cada clase de activos; y
- un multiplicador que permite reconocer la garantía en exceso o el valor de
mercado negativo de las operaciones, conforme a la siguiente expresión:
EPF = multiplicador x AdicionalTotal
donde:
es la suma de los adicionales correspondientes a cada clase de activos
–no se reconocen beneficios por diversificación–, calculados de acuerdo con
la metodología expuesta en los acápites viii) a xii) de este punto, y el multi-
plicador se define como:
El multiplicador se reduce a medida que se incrementa la tenencia de garan-
tías en exceso –sujeto a un mínimo de 5 % de la EPF– y operará de la si-
guiente manera:
− Cuando el costo de reposición corriente sea positivo –esto es, cuando el
valor de los activos en garantía sea inferior al valor de mercado neto de los
contratos de derivados– el multiplicador será igual a uno –esto es, el com-
ponente EPF será igual al valor del AdicionalTotal–.
− Cuando el valor de los activos en garantía supere el valor de mercado neto
de los contratos de derivados –garantías en exceso–, el multiplicador será
inferior a la unidad –esto es, el componente EPF será menor que el valor
del AdicionalTotal –.
− El multiplicador se activará –es decir, tomará un valor inferior a la unidad–
también cuando el valor corriente de las operaciones con derivados sea
negativo.
Para determinar el cálculo de la EPF, las operaciones se ajustarán a lo si-
guiente:
− Cada derivado se asignará a una clase de activo sobre la base de su factor
de riesgo principal –que en la mayoría de los casos será el único, definido
por la referencia a un instrumento subyacente, tal como una curva de tasas
de interés en el caso de un “swap” de tasas de interés o un tipo de cambio
para una opción sobre monedas–, conforme a lo siguiente:
 Cuando sea posible identificar claramente el factor principal, la operación
se imputará a una de las siguientes clases de activos: tasa de interés, ti-
po de cambio, crédito, acciones y productos básicos
–“commodities”–.
 Cuando se trate de operaciones más complejas –tales como derivados hí-
bridos– en las que exista más de un factor de riesgo, las entidades deberán
tomar en consideración la sensibilidad y volatilidad de los subyacentes para
determinar el factor de riesgo principal.
El área de Supervisión y Seguimiento de la SEFyC podrá requerir que las ope-
raciones más complejas se asignen a más de una clase de activos, en cuyo
caso se deberá asignar la posición a múltiples clases y determinar, para cada
una, el signo y el ajuste delta para el factor de riesgo relevante.
− El adicional para cada clase de activo se computará usando fórmulas específi-
cas que calculan la correspondiente EPE efectiva. Independientemente de la
clase de activo de que se trate, las operaciones se ajustarán conforme a lo si-
guiente:
a) A partir del nocional real o del precio de cada operación se calculará un no-
cional ajustado. Para los derivados sobre tasas de interés y créditos, el
monto nocional ajustado incorporará una medición del plazo –“duration”–
establecida en el acápite ii) del presente punto.
b) También para cada operación se calculará un factor plazo (“maturity factor”)
MF(tipo) para reflejar el horizonte temporal adecuado al tipo de la operación
i
–acápite vi)– que se aplicará al nocional ajustado, de los cuales hay dos ti-
pos: uno para operaciones con márgenes MF(con margen) y otro para operacio-
i
nes sin márgenes MF(sin margen).
i
c) Al efecto de obtener el nocional efectivo se aplicará al nocional ajustado de
cada operación un ajuste delta –acápite iii)– según el tipo de posición –larga
o corta– y dependiendo de si se trata de una opción, de un segmento de
una titulización estructurada de deudas (“Collateralized Debt Obligation”,
CDO) o de otro tipo.
d) A cada nocional efectivo se le aplicará un factor que refleja su volatilidad
–acápite iv)–.
e) Las operaciones dentro de cada clase de activo se separarán por conjunto
de cobertura –acápite v)–. Seguidamente, se aplicará un método para su-
mar los datos de las operaciones dentro de cada conjunto y, luego, los da-
tos de cada conjunto para obtener un total por clase de activo. En este pro-
ceso, cuando se trate de derivados de crédito, acciones y productos bási-
cos, se emplearán parámetros de correlación a fin de capturar el efecto de
los riesgos de base (“basis risks”) y de la diversificación.
i) Parámetros de tiempo.
Se emplearán cuatro parámetros para representar períodos de tiempo conta-
dos desde el presente –la fecha de cálculo de la exigencia por riesgo de crédi-
to de contraparte–:
a) M: vencimiento. Para todas las clases de activos, será la última fecha hasta
i
la que podría estar activo el contrato. Esta fecha se utiliza en el factor plazo
–definido en el acápite vi)– para reducir el nocional ajustado de las opera-
ciones sin márgenes de todas las clases de activos. Si un contrato de deri-
vados tiene por subyacente otro contrato de derivados –tal es el caso de un
“swaption”; es decir, una opción cuyo subyacente es un “swap”– y se puede
ejercer entrando en el contrato subyacente –esto es, de ejercer la opción la
entidad financiera asumiría una posición en el contrato subyacente– el ven-
cimiento del contrato será la fecha de liquidación final del contrato derivado
subyacente.
b) S:en los derivados sobre tasas de interés y créditos, será la fecha de inicio
i
del período referenciado por el contrato. Si el derivado hace referencia al
valor de otro instrumento de crédito o a tasa de interés –tal como un “swap-
tion” o “bond option”– el período se determinará en base al instrumento
subyacente. Esta fecha se utilizará en la definición del plazo regulatorio de-
finido en el acápite ii).
c) E:en los derivados sobre tasas de interés y créditos, será la fecha de finali-
i
zación del período referenciado por el contrato. Si el derivado hace referen-
cia al valor de otro instrumento de crédito o a tasa de interés, el período se
determinará en base al instrumento subyacente. Esta fecha se utilizará en
la definición del plazo regulatorio definido en el acápite ii) y para determinar
la categoría de los contratos a tasa de interés en función de sus plazos que
se especifica en el acápite viii).
d) T: para las opciones, cualquiera sea la clase del activo, será la última fecha
i
de ejercicio según se estipula en el contrato. Se utilizará en el acápite iii)
para determinar el delta de la opción.
ii) Nocional ajustado a nivel de operación (para la operación i de la clase de acti-
vo a): d(a)
i
a) Para los derivados de tasa de interés y créditos, el nocional ajustado a nivel
de operación será el producto del nocional de la operación, convertido a
pesos, y el plazo regulatorio (“supervisory duration”, SD). El SD estará da-
i i
do por la siguiente expresión:
donde:
S: fecha de inicio del período referenciado por el derivado.
i
E: fecha de finalización del período referenciado por el derivado.
i
Cuando el derivado haga referencia al valor de otro instrumento de tasa de
interés o crédito, el período se determinará en base al instrumento subya-
cente. Si la fecha de inicio ya ha tenido lugar –tal como el caso de un
“swap” de tasa de interés en curso–, S será igual a cero.
i
El período no podrá ser menor que 10 días hábiles.
b) Para los derivados de tipo de cambio, el nocional ajustado se definirá
como el nocional del lado “leg” del contrato expresado en moneda ex-
tranjera, convertido a pesos. Si ambos lados del derivado están denomi-
nados en monedas extranjeras, se tomará el mayor de ambos nocionales
una vez convertidos a pesos.
c) Para los derivados sobre acciones y “commodities”, el nocional ajustado
será el producto del precio corriente de una unidad de la acción o pro-
ducto por el número de unidades referenciado por la operación. En el ca-
so de las operaciones sobre la volatilidad de las acciones y productos
básicos –tal como “equity volatility swaps”– mencionadas en el apartado
c) del acápite v) del presente punto el nocional ajustado será el producto
de la volatilidad o la varianza referenciadas en la operación y el nocional
contractual.
d) Cuando se trate de operaciones en las que el nocional no está claramen-
te definido o no se mantiene fijo hasta el vencimiento, para determinarlo
se deberá observar lo siguiente:
- Para las operaciones con retribuciones (“payoff”) múltiples y contin-
gentes respecto de un estado o situación –tal como las opciones digi-
tales (“digital option”)– se calculará un nocional para cada estado y
tomará el que resulte mayor. A tal efecto, la mayor retribución (equi-
valente a la EPF máxima) se convertirá en nocional regulatorio em-
pleando los factores definidos en el acápite xiii) y los ajustes MF y
delta.
- Cuando el nocional sea una fórmula en base a valores de mercado,
se tomarán los valores de mercado corrientes para determinar el no-
cional de la operación.
- En el caso de los derivados de tasa de interés o crédito con nociona-
les variables –tales como los “swaps” de nocional variable (“amorti-
sing swaps” y “accreting swaps”)–, se empleará el promedio, ponde-
rado por el tiempo, del nocional durante la vida residual del instru-
mento. Esta regla no será aplicable a las operaciones en las que el
nocional varía debido a cambios en los precios –tales como los deri-
vados FX, y sobre acciones o “commodities”–.
- Los “swaps” apalancados se convertirán a los nocionales de “swaps”
no apalancados equivalentes. Cuando todas las tasas en un “swap”
se multipliquen por un factor, el nocional establecido también se mul-
tiplicará por ese factor para determinar el nocional de la operación.
- En el caso de un derivado con intercambios múltiples del principal, el
nocional se multiplicará por el número de intercambios previstos en el
contrato.
- Cuando un derivado esté estructurado de tal manera que en las fe-
chas predeterminadas se cancele la exposición vigente y se reformu-
len las condiciones de modo que el valor razonable (“fair value”) del
contrato sea cero, el plazo residual será el plazo hasta la próxima fe-
cha de reformulación.
iii) Ajustes delta regulatorios: .
i
El parámetro  se aplicará a los correspondientes nocionales ajustados de
i
cada operación y se calculará conforme a lo siguiente:
a) Posiciones en instrumentos derivados que no son opciones ni segmentos
de CDO.
Posición Posición
Larga* Corta**
en el factor de riesgo primario
 + 1 - 1
i
* El valor de mercado del instrumento crece cuando aumenta el valor del factor de
riesgo principal y viceversa.
** El valor de mercado del instrumento decrece cuando aumenta el valor del factor de
riesgo principal y viceversa.
b) Posiciones en opciones.
 Comprada* Vendida*
i
“call”
“put”
* El símbolo ᶲ representa la función de distribución normal estándar.
Las entidades calcularán los siguientes parámetros:
P: precio del subyacente –contado, “forward”, promedio, etc.–. Cuando
i
sea posible, se empleará el precio “forward” y no el precio contado
del subyacente, a fin de tomar en consideración el efecto tanto de la
tasa de interés libre de riesgo como de los flujos de efectivo –tales
como los dividendos– anteriores a la expiración de la opción.
K: precio de ejercicio.
i
T: última fecha contractual para el ejercicio de la opción.
i
La volatilidad  de la opción se especificará en base al factor regulatorio
i
aplicable a la operación, conforme a la tabla del acápite xiii).
c) Posiciones en segmentos de CDO.
Comprada Vendida
(cobertura larga) (cobertura corta)

i
Las entidades calcularán los siguientes parámetros:
A: punto de unión del segmento CDO.
i
D: punto de separación del segmento CDO.
i
iv) Factores regulatorios: SF(a)
i
En base a la medición de la volatilidad de cada clase de activo, se aplicarán
uno o más factores específicos –acápite xiii)– al nocional efectivo a fin de
obtener la EPE efectiva.
v) Conjuntos de cobertura (“hedging sets”, HS).
a) Los conjuntos de cobertura en las diferentes clases de activos se defini-
rán conforme al siguiente criterio (excepto por lo establecido en los apar-
tados b) y c) de este mismo acápite):
- Derivados sobre tasas de interés: un conjunto de cobertura para
cada moneda.
- Derivados FX: un conjunto de cobertura para cada par de mone-
das.
- Derivados de crédito: un único conjunto de cobertura.
- Derivados sobre acciones: un único conjunto de cobertura.
- Derivados sobre “commodities”: cuatro conjuntos de cobertura,
uno para cada categoría: energía, metales, productos agrícolas y
otros productos básicos.
b) Los derivados que referencian la base (“basis”) entre dos factores de
riesgo y están denominados en una sola moneda (operaciones sobre
base, “basis transactions”) se deberán asignar a conjuntos de cobertura
específicos dentro de la clase de activo correspondiente. Este tratamien-
to no se aplicará a los derivados con dos lados flotantes denominados en
monedas diferentes –tales como los “cross-currency swaps”: acuerdos
para intercambiar pagos de principal e intereses de préstamos denomi-
nados en dos monedas diferentes–, los que recibirán el tratamiento apli-
cable a los contratos FX ordinarios. Hay un conjunto de cobertura para
cada par de factores de riesgo –para cada base específica– dentro del
cual las posiciones se clasificarán en largas o cortas respecto de dicha
base. Cuando se aplique a conjuntos de cobertura de derivados sobre
bases, el SF correspondiente a la clase se multiplicará por 0,5.
c) Los derivados referidos a la volatilidad de un factor de riesgo
–operaciones sobre la volatilidad, tales como los “swaps” de varianza y
volatilidad y las opciones sobre la volatilidad real o implícita– se asigna-
rán a conjuntos específicos dentro de la clase de activo correspondiente.
Los conjuntos de cobertura de volatilidades se formarán siguiendo lo
previsto en el punto a) de este acápite. Cuando se aplique a conjuntos
de cobertura de operaciones sobre la volatilidad, el SF correspondiente a
la clase se multiplicará por 5.
vi) Factor de plazo.
a) Operaciones sin margen de variación: su horizonte temporal mínimo será
el menor entre un año y el plazo residual del contrato de derivados, con
un mínimo de 10 días hábiles.
El nocional ajustado a nivel de operación se multiplicará por un factor de
plazo (“maturity factor”):
donde el numerador es el horizonte temporal mínimo y M es el plazo re-
i
sidual de la operación i –con un mínimo de 10 días hábiles–.
Las unidades del numerador y denominador se expresarán en la misma
unidad de tiempo.
b) Operaciones con margen de variación: el período de riesgo de margen
(“MPOR”) mínimo será el que corresponda conforme a lo siguiente:
− Al menos 10 días hábiles para las operaciones de derivados que no
se liquidan en forma centralizada y están sujetas a acuerdos de már-
genes diarios.
− 5 días hábiles para las operaciones de derivados que se liquidan en
forma centralizada y están sujetas a acuerdos de márgenes diarios
entre el miembro compensador y sus clientes.
− 20 días hábiles para los conjuntos de neteo –excepto aquellos con
una contraparte central– cuyo número de operaciones supere las
5.000 en cualquier momento del trimestre calendario anterior.
− El doble del período de riesgo de margen para los conjuntos de neteo
con disputas pendientes. Si la entidad ha experimentado más de dos
disputas sobre requerimientos de márgenes (“margin calls”) respecto
de algún conjunto de neteo durante los dos trimestres calendario an-
teriores, que se hayan prolongado durante períodos más extensos
que el período de riesgo de margen –que hubiera correspondido sin
tomar en consideración esta regla–, deberá reflejar este antecedente
mediante el uso, durante los dos trimestres calendario posteriores,
de un período de riesgo de margen que sea por lo menos el doble
que el mínimo establecido para ese conjunto de neteo.
El nocional ajustado a nivel de operación se multiplicará por:
donde:
MPOR: período de riesgo de margen correspondiente al acuerdo sobre
i
márgenes aplicable a la operación i. Los mínimos referidos en
este apartado se deberán incrementar cuando la frecuencia de
reposición de márgenes no sea diaria: MPOR = mínimo + N - 1,
i
donde N es la cantidad de días entre reposiciones.
Las unidades del numerador y denominador se deberán expre-
sar en la misma unidad de tiempo. La cantidad de días hábiles
en un año se deberá determinar en función de las convenciones
en el mercado relevante.
vii) Parámetros de correlación regulatorios: (a)
i
Se utilizan sólo en el cálculo de la EPF de los derivados sobre acciones,
créditos y “commodities” –no se aplican a los derivados de tasa de interés o
tipo de cambio– para ponderar los componentes sistemáticos e idiosincrási-
cos y, de esa forma, determinar el grado de compensación entre las opera-
ciones individuales, ya que las coberturas imperfectas sólo permiten una
compensación parcial de los riesgos –acápite xiii)–.
viii) Adicional para los derivados de tasa de interés.
Este adicional captura el riesgo que surge de la correlación imperfecta entre
derivados con plazos diferentes.
Para su cómputo, los derivados se dividirán en tres categorías de plazo
–bandas temporales o “buckets”– sobre la base de la fecha de finalización
de las operaciones, conforme a lo dispuesto en los acápites i) y ii): menos de
un año, entre uno y cinco años y más de cinco años. Se permitirá la com-
pensación total de las posiciones dentro de cada categoría y una compen-
sación parcial entre categorías.
El adicional para los derivados de tasa de interés será la suma del adicional
para cada conjunto de cobertura de derivados sobre tasa de interés con una
contraparte dentro de un conjunto de neteo. El adicional para un conjunto de
cobertura de derivados sobre tasa de interés se computará en dos pasos:
1. Se calculará un nocional efectivo D (IR) por banda temporal k dentro del
jk
conjunto de cobertura (moneda) j:
Donde i{Ccy, MB } se refiere a las operaciones en la moneda j incluidas
j k
en la banda temporal k. El nocional efectivo por banda temporal y mone-
da es la suma de los nocionales ajustados a nivel de operación –acápite
ii)– multiplicados por los ajustes delta regulatorios –acápite iii)– y el factor
por plazo residual –acápite vi)–.
2. La suma entre bandas temporales de un mismo conjunto de cobertura se
calculará conforme a la siguiente expresión:
Las entidades podrán no reconocer las compensaciones entre bandas
temporales, en cuyo caso la fórmula se reducirá a:
El adicional a nivel de conjunto de cobertura será el producto del nocional
efectivo y el factor regulatorio para tasas de interés:
El adicional para todos los conjuntos de cobertura se obtendrá por suma
simple:
ix) Adicional para los derivados de tipo de cambio.
El nocional efectivo de un conjunto de cobertura se computará como la su-
ma de todos los nocionales ajustados a nivel de operación multiplicados por
sus deltas regulatorios.
El adicional para un conjunto de cobertura será el producto de:
- el valor absoluto de su nocional efectivo; y
- el factor regulatorio –que es idéntico para todos los conjuntos de cober-
tura de tipo de cambio–.
El nocional ajustado estará dado por la cantidad de moneda extranjera a la
que hace referencia el contrato, expresada en pesos, conforme a la siguien-
te expresión:
donde se suman todos los conjuntos de cobertura HS incluidos en el conjun-
j
to de neteo. El adicional y el nocional efectivo de cada conjunto de cobertura
HS estarán dados, respectivamente, por:
j
donde iHS refiere a las operaciones en el conjunto de cobertura HS. El
j j
nocional efectivo para cada par de monedas será la sumatoria de los nocio-
nales ajustados a nivel de operación –acápite ii)– multiplicados por los ajus-
tes delta regulatorios –acápite iii)– y el factor plazo –acápite vi)–.
x) Adicional para los derivados de crédito.
Las exposiciones originadas en derivados de crédito estarán sujetas a dos
niveles de compensación:
1. Todos los derivados de crédito que hagan referencia a una misma enti-
dad (un único deudor o un índice) se compensarán plenamente entre sí
y determinarán un nocional efectivo único a nivel de entidad.
donde iEntidad refiere a las operaciones respecto de la entidad k. El
k
nocional efectivo para cada entidad será la sumatoria de los nocionales
ajustados a nivel de operación –acápite ii)– multiplicados por los ajustes
delta regulatorios –acápite iii)– y el factor plazo –acápite vi)–.
El adicional para todas las posiciones que hagan referencia a esta enti-
dad será el producto del nocional efectivo y el factor regulatorio
SF (Crédito):
k
Cuando se referencie a un único deudor, SF (Crédito) se determinará en
k
función de su calificación crediticia. Cuando se trate de un índice,
SF (Crédito) dependerá de si el índice es grado de inversión o especulativo.
k
2. Los adicionales de todas las entidades se agruparán en un único conjun-
to de cobertura –excepto los que correspondan a operaciones sobre ba-
ses y volatilidades– dentro del cual los adicionales de entidades diferen-
tes no se podrán compensar totalmente. Se permitirá una compensación
parcial de los adicionales a nivel de entidad, en base a un modelo de
factor único que permitirá separar el riesgo de esta clase de derivados
en sus componentes sistemático e idiosincrásico.
Los componentes sistemáticos de los adicionales a nivel de entidad se
podrán compensar íntegramente entre sí pero la compensación no esta-
rá disponible para los componentes idiosincrásicos. Ambos componen-
tes se ponderarán por un factor de correlación que determinará el grado
de compensación/cobertura dentro de esta clase de activo. Los deriva-
dos que hagan referencia a índices de crédito se considerarán como si
hicieran referencia a entidades determinadas (“single names”) pero se
les aplicará un mayor factor de correlación:
donde  (Crédito) es el factor de correlación correspondiente a la entidad k.
k
xi) Adicional para los derivados sobre acciones.
Se utilizará un modelo de factor único para dividir el riesgo de cada entidad
de referencia (entidad o índice) en sus componentes sistemático e idiosin-
crásico. Los derivados que hagan referencia a un índice de acciones se tra-
tarán como si hicieran referencia a entidades determinadas pero con un fac-
tor de correlación más alto para el componente sistemático.
Aunque se permitirá la compensación íntegra de las operaciones correspon-
dientes a una entidad, sólo se permitirá la compensación del componente
sistemático del adicional de diferentes entidades. Los adicionales a nivel de
entidad serán proporcionales al producto entre el nocional efectivo y el SF
que corresponde a cada entidad.
donde  (Acción) será el factor de correlación correspondiente a la entidad k. El
k
adicional para todas las posiciones que hagan referencia a la entidad k y su
nocional efectivo estarán dados, respectivamente, por:
y
donde iEntidad referirá a las operaciones respecto de la entidad k. El no-
k
cional efectivo para cada entidad será la sumatoria de los nocionales ajusta-
dos a nivel de operación –acápite ii)–, multiplicados por los ajustes delta re-
gulatorios –acápite iii)– y el factor plazo –acápite vi)–.
xii) Adicional para los derivados sobre “commodities”.
El adicional será la suma para todos los HS:
Se empleará un modelo de un único factor dentro de cada conjunto de co-
bertura para dividir el riesgo correspondiente a un mismo tipo de “commo-
dity” en sus componentes sistemático e idiosincrásico. La compensación o
cobertura total estarán permitidas entre todas las operaciones de derivados
que hagan referencia al mismo tipo de “commodity” –tal como las que se re-
fieran al “petróleo crudo” dentro del conjunto de cobertura “energía”– a fin de
determinar un nocional efectivo a nivel de tipo de “commodity”. La compen-
sación o la cobertura parciales estarán permitidas entre los tipos de “com-
modities” que integran cada conjunto de cobertura –por ejemplo, entre petró-
leo, gas natural, carbón y electricidad– pero se definirán factores regulato-
rios para cada uno. No se permitirá la compensación o cobertura entre con-
juntos de cobertura –tal como energía, metales y productos agrícolas–:
donde (Com) será el factor de correlación correspondiente al conjunto de co-
j
bertura j. El adicional y el nocional efectivo del tipo k de “commodity” estarán
dados, respectivamente, por:
y
donde iTipoj referirá a las operaciones respecto del tipo k de “commodity”
k
dentro del conjunto j. El nocional efectivo para cada tipo de “commodity” se-
rá la suma de los nocionales ajustados a nivel de operación –acápite ii)–,
multiplicados por los ajustes delta regulatorios –acápite iii)– y el factor plazo
–acápite vi)–.
No se podrán hacer coberturas entre las cuatro grandes categorías de deri-
vados sobre “commodities”.
La definición de los conjuntos de cobertura por tipo de “commodity” no toma-
rá en consideración características tales como la calidad o la ubicación. No
obstante, el área de Supervisión y Seguimiento de la SEFyC podrá requerir
el uso de definiciones más precisas si alguna entidad tuviera una exposición
muy significativa al riesgo de base de productos diferentes dentro de deter-
minado tipo de “commodity”.
xiii) Factores regulatorios, correlaciones y adicionales regulatorios por la volatili-
dad de las opciones.
Factor
Volatilidad
Clase aplicable Correlación
Subclase opción
de activo (a)
i
SF (a) σ (a)
i i
tasa de
0,50 % N/A 50 %
interés
tipo de
4 % N/A 15 %
cambio
AAA 0,38 % 50 % 100 %
AA 0,38 % 50 % 100 %
crédito, único A 0,42 % 50 % 100 %
deudor BBB 0,54 % 50 % 100 %
BB 1,06 % 50 % 100 %
B 1,6 % 50 % 100 %
CCC 6 % 50 % 100 %
crédito grado de
0,38 % 80 % 80 %
inversión
índice especulativo 1,06 % 80 % 80 %
acción, único
32 % 50 % 120 %
emisor
acción,
20 % 80 % 75 %
índice
“commodity” electricidad 40 % 40 % 150 %
petróleo/gas 18 % 40 % 70 %
metales 18 % 40 % 70 %
prod. agrícolas 18 % 40 % 70 %
otros 18 % 40 % 70 %
El SF a aplicar a un conjunto de cobertura de operaciones sobre bases será
el que corresponda a la clase de activo pertinente multiplicado por 0,5. El
factor a aplicar a un conjunto de operaciones sobre volatilidades será el que
corresponda a la clase de activo multiplicado por 5 –acápite v)–.

[4.2.1.3] Tratamiento de acuerdos de márgenes y de conjuntos de neteo múltiples.
i) Si a un único conjunto de neteo le aplican múltiples acuerdos sobre márge-
nes, el conjunto se dividirá en subconjuntos de neteo para alinearlos con sus
respectivos acuerdos. Se deberá aplicar este tratamiento tanto al CR como a
la EPF.
ii) Si un único acuerdo sobre márgenes aplica a múltiples conjuntos de neteo, el
CR será igual a la suma de las exposiciones dentro del conjunto sin conside-
rar las garantías (“unmargined exposures”) menos los activos en garantía dis-
ponibles al momento de medir el costo, incluyendo el VM y el NICA. El CR
aplicable a todo el acuerdo sobre márgenes será:
donde:
la suma NSMA comprende a todos los conjuntos de neteo cubiertos por el
acuerdo sobre márgenes (“margin agreement”, MA).
V : valor de mercado presente del conjunto de neteo NS.
NS
C : equivalente en efectivo de todos los activos en garantía disponibles
MA
en el marco de dicho acuerdo.
iii) Cuando un único acuerdo sobre márgenes sea aplicable a varios conjuntos
de neteo, las garantías se intercambiarán en base al valor de mercado neto
de todas las transacciones cubiertas por el acuerdo, sin importar los conjun-
tos de neteo que les den origen. Si las garantías intercambiadas no fueran
suficientes para cubrir a la EPF, para calcular el adicional EPF se usará la
metodología para los conjuntos sin márgenes. Luego se agregarán las EPF
calculadas a nivel de conjunto de neteo conforme a lo siguiente:
donde:
EPF (sin margen): adicional por EPF para el conjunto de neteo NS calculado de
NS
acuerdo con los requisitos aplicables cuando no haya márge-
nes.

[4.2.2] Ajuste de valuación del crédito (CVA).
Además de la exposición al riesgo de incumplimiento determinada en el punto 4.2.1.,
las entidades financieras deberán observar una exigencia de capital por el riesgo de
pérdidas derivadas de valuar a precios de mercado el riesgo de contraparte esperado
–pérdidas conocidas como “ajustes de valuación del crédito”, CVA–.
Las entidades no observarán esta exigencia de capital cuando se trate de operaciones
de financiación con títulos valores –tales como las operaciones de pase– y en las ope-
raciones celebradas con una entidad de contraparte central (CCP).
La exigencia de capital por CVA correspondiente a la totalidad de contrapartes se de-
terminará según la siguiente expresión para un horizonte de riesgo de un año:
2
   
0,5 EADTotal Mcobertura w
w M B M B  
x x x x x x
i i i i i ind ind ind
 
K(CVA)2,33 i ind
x
 2
0,75 w2 EADTotal Mcobertura
M B
x x x x
i i i i i
i
donde:
- w: ponderador aplicable a la contraparte i, que se establece en 0 % para el sector
i
público no financiero y Banco Central, y en 3 % para el resto de las contrapar-
tes –excepto que se trate de entidades del exterior que no cumplan con lo pre-
visto en el punto 3.1. o 3.2., según corresponda, de las normas sobre “Evalua-
ciones crediticias”, en cuyo caso se les aplicará un ponderador del 10 %–. A los
efectos del cumplimiento de los citados puntos de las normas sobre “Evalua-
ciones crediticias” se deberá contar con calificación internacional de riesgo “in-
vestment grade”.
- EADTotal: exposición al incumplimiento de la contraparte i –agregada para todos los
i
conjuntos de neteo, de corresponder, e incluido el efecto del activo en ga-
rantía–, a cuyo valor se le aplica el factor de descuento (1-exp (-0,05 x
M:))/(0,05 x M:).
i i
- B: valor nocional de las coberturas provistas por los “swaps” de incumpli-
i
miento crediticio contratados –agregados, si hubiera más de una exposi-
ción– que tienen como referencia a la contraparte i, utilizados para cubrir
el riesgo de CVA, a cuyo importe se le aplica el factor de descuento (1-
exp(-0,05 x MCobertura)) / (0,05 x MCobertura).
i i
- B : valor nocional íntegro de uno o más “swaps” de incumplimiento crediticio
ind
sobre índices (“index CDS”) contratados, utilizados para cubrir el riesgo de
CVA, a cuyo importe se aplica el factor de descuento (1-exp(-0,05 x M ))
ind
/ (0,05 x M ).
ind
- w : ponderador aplicable a las coberturas provistas por “swaps” de incumpli-
ind
miento crediticio sobre índices, que se establece en 0 % para el sector
público no financiero y Banco Central, y en 3 % para el resto de las con-
trapartes –excepto que se trate de entidades del exterior que no cumplan
con lo previsto en el punto 3.1. o 3.2., según corresponda, de las normas
sobre “Evaluaciones crediticias”, en cuyo caso el ponderador será del
10 %–. A los efectos del cumplimiento de los citados puntos de las nor-
mas sobre “Evaluaciones crediticias” se deberá contar con calificación in-
ternacional de riesgo “investment grade”.
- M: plazo residual promedio (medido en años) ponderado de los nocionales
i
en las transacciones con la contraparte i.
- Mcobertura: plazo residual (medido en años) del instrumento de cobertura con nocio-
i
nal B (si se tratase de varias exposiciones, deberán sumarse las cantida-
i
des Mcobertura x B).
i i
- M : plazo residual (medido en años) del índice (“index CDS”) utilizado como
ind
cobertura. Cuando hubiese más de una posición de cobertura, será el
plazo residual promedio ponderado de los nocionales.
Sólo las coberturas utilizadas con el propósito de mitigar el riesgo de CVA y gestiona-
das como tales son elegibles para ser consideradas en el cómputo de la exigencia de
capital descripta en este punto.
Las únicas coberturas admisibles para el cálculo de la exigencia de capital por riesgo
de CVA son los “swaps” de incumplimiento crediticio de referencia única (“single-
name CDS”), los “swaps” de incumplimiento crediticio contingentes de referencia úni-
ca, otros instrumentos de cobertura equivalentes cuya referencia directa sea la con-
traparte y “swaps” de incumplimiento crediticio sobre índices.
No deberán considerarse en el cálculo del K(CVA) otros tipos de cobertura del riesgo
de contraparte, debiendo recibir el mismo tratamiento que cualquier otro instrumento
de la cartera de la entidad financiera a los fines de la determinación de la exigencia de
capital. En particular, no constituyen coberturas de CVA admisibles los “swaps” de in-
cumplimiento crediticio por tramos o de enésimo incumplimiento.

[4.2.3] EAD vigente para una contraparte.
Es el mayor valor entre cero y la EAD con la contraparte, neta de los ajustes de va-
luación del crédito correspondientes a esa contraparte (CVA) que la entidad ya hubie-
ra imputado a resultados –es decir, cargos por CVA–. Esta pérdida por CVA se calcu-
la sin compensar con los ajustes de valuación del débito –DVA– que se hubiesen
imputado a resultados. Si el DVA no se hubiese imputado a resultados en forma sepa-
rada del CVA, al determinar la EAD vigente se computará la pérdida incurrida por
CVA neta del DVA.
Esta reducción de la EAD por las pérdidas por CVA incurridas no se aplica para la de-
terminación de la exigencia de capital por riesgo de CVA.

[4.2.4] Cómputo de la exigencia de capital.
El requerimiento de capital por riesgo de crédito de contraparte en operaciones con
derivados –OTC o negociados en mercados regulados– y con liquidación diferida
(RCD) equivaldrá a la suma de (i) el requerimiento correspondiente a la EAD vigente
de todas las contrapartes y (ii) el requerimiento de capital por el ajuste de valuación
del crédito –K(CVA)– que se determine de acuerdo con lo establecido en el punto
4.2.2.:
donde:
p: ponderador de riesgo de cada contraparte i, en tanto por uno.
EAD vigente: exposición al riesgo de crédito de contraparte i vigente, ajustada por el
valor del activo en garantía.
K(CVA): capital requerido por el ajuste de valuación del crédito.",,
14,EV2F-033,ric,"Desde el período de información de abril de 2024, ¿qué cambió en el envío de información consolidada con código de consolidación 3 y qué tratamiento particular recibe el ratio de apalancamiento?",ric:12.4,Debe indicar la suspensión del envío de informaciones con código de consolidación 3. | Debe mencionar la excepción prevista para el ratio de apalancamiento. | Debe indicar que marzo/24 fue el último período trimestral informado con ese nivel de consolidación. | Debe indicar que el ratio de apalancamiento mantiene su frecuencia trimestral.,"[12.4] Suspensión de la observancia de las regulaciones técnicas sobre base consolidada
trimestral (punto 6.1. de las normas sobre “Supervisión consolidada”).
A partir del período de información abril/24:
- Se suspende el envío de informaciones con código de consolidación 3 -con la ex-
cepción prevista para Ratio de apalancamiento-, siendo marzo/24 el último período
trimestral que corresponde informar con este nivel de consolidación;
- En la información sobre base consolidada mensual (códigos de consolidación 2 ó 9)
se incluirán -de corresponder- las operaciones de los entes a que refieren los incisos
i), ii) y iii) del primer párrafo del punto 6.2. de las normas sobre “Supervisión conso-
lidada.
- Las entidades financieras que hasta el 31/03/24 informaban únicamente códigos de
consolidación 1 y 3, de mantenerse esta situación de consolidación, pasarán a in-
formar:
a) códigos 1 y 9 sólo si consolidan con alguno de los entes a que refieren los incisos
i), ii) y iii) del punto 6.2. de las normas citadas;
b) en caso contrario, código 0.
- Ratio de apalancamiento (Sección 10.)
a) Conforme a lo dispuesto en el punto 6.2. último párrafo de las normas sobre
“Supervisión consolidada”, mantendrá su frecuencia trimestral (datos del mes
de cierre de trimestre) y su vencimiento según punto 1.1. del Régimen Informa-
tivo para Supervisión;
b) Se continuará informando código de consolidación 3; no obstante, las opera-
ciones a incluir serán las que correspondan al perímetro de consolidación men-
sual, considerando de corresponder, los sujetos previstos en el punto 6.2. de
las normas citadas.
(Sección 11.)
De corresponder, la consolidación mensual (código 2) considerará las operaciones
de los entes a que refieren los incisos i), ii) y iii) del primer párrafo del punto 6.2. de
las normas sobre “Supervisión consolidada”.",,
15,EV2F-021,cap,"Una entidad financiera planea un aumento de capital. ¿En qué forma deben efectuarse los aportes, qué excepciones se admiten y cómo se computan hasta su aprobación?",cap:8.6,"Debe indicar la regla general: los aportes deben ser efectuados en efectivo. | Debe mencionar que excepcionalmente, con autorización previa de la SEFyC, se admiten otros aportes. | Debe incluir entre las excepciones los títulos valores públicos nacionales. | Debe indicar que esos aportes se registran a su valor de mercado. | Debe señalar que hasta la notificación de la aprobación los aportes contabilizados se deducen del componente de la RPC.","[8.6] Aportes de capital.
A los fines de todas las reglamentaciones vinculadas al capital, su integración y aumento, in-
clusive los referidos a planes de regularización y saneamiento y sin perjuicio de lo previsto en
los puntos 5.1. a 5.3. de las normas sobre “Autorización y composición del capital de entidades
financieras” en materia de negociación de acciones o de aportes irrevocables para futuros au-
mentos de capital, los aportes deben ser efectuados en efectivo.
Excepcionalmente, mediando autorización previa de la SEFyC, podrán admitirse aportes en:

[8.6.1] títulos valores públicos nacionales;

[8.6.2] instrumentos de regulación monetaria del BCRA;

[8.6.3] depósitos y otras obligaciones por intermediación financiera de la entidad.

[8.6] (cierre)
En los casos comprendidos en los puntos 8.6.1. y 8.6.2., los aportes deberán registrarse a su
valor de mercado. Se entenderá que los instrumentos cuentan con valor de mercado cuando
tengan cotización habitual en las bolsas y mercados regulados del país o del exterior en los
que se negocien, con transacciones relevantes en cuyo monto, la eventual liquidación de las
tenencias no pueda distorsionar significativamente su cotización.
En los casos del punto 8.6.3., los aportes deberán registrarse a su valor de mercado –con el al-
cance definido en el párrafo anterior– o, cuando se trate de entidades financieras que realicen
oferta pública de sus acciones, al precio que fije la autoridad de contralor competente del co-
rrespondiente mercado. No se admitirán los aportes de esta clase de instrumentos cuando no
se verifique el cumplimiento de las condiciones mencionadas precedentemente.
Cuando se trate de depósitos y otras obligaciones por intermediación financiera de la entidad
financiera que no cuenten con autorización para ser negociados en mercados secundarios re-
gulados del país o del exterior, los aportes se admitirán a su valor contable –capital, intereses,
ajustes, diferencias de cotización por moneda extranjera y, de corresponder, descuentos de
emisión–, conforme a las normas del BCRA. En el caso de los instrumentos de deuda compu-
tables como CA o PNc, al admitir los aportes, se deberá tener en cuenta lo dispuesto en el
n1
punto 8.3.4.
En ningún caso la capitalización de deuda podrá implicar una limitación o suspensión al dere-
cho de preferencia establecido en el artículo 194 de la Ley General de Sociedades, por lo que
no será aplicable lo dispuesto en el artículo 197 de dicha ley.
La decisión de capitalización de los conceptos indicados en los puntos 8.6.1. a 8.6.3. por parte
de la Asamblea (o autoridad equivalente) será “ad referéndum” de su aprobación por parte de
la SEFyC o, en su caso, del BCRA –puntos 5.1. a 5.3. en las normas sobre “Autorización y
composición del capital de entidades financieras”–, circunstancia que deberá ser expuesta en
nota a los estados contables de los períodos siguientes –trimestral o anual, según correspon-
da–, en los términos que establezca la SEFyC.
Hasta tanto se le haya notificado la aprobación de los aportes y en la medida en que éstos
hayan sido contabilizados, se deducirán del respectivo componente de la RPC de la entidad
financiera. Cuando los aportes contabilizados provengan de la capitalización de deuda subor-
dinada o de instrumentos representativos de deuda que puedan ser considerados –total o par-
cialmente– como parte integrante de la RPC, se mantendrá el tratamiento que corresponda
aplicar en la materia de haber permanecido registrados contablemente como pasivos.",,
16,EV2F-036,pro,"¿Cómo se articulan las normas de protección de usuarios de servicios financieros con la legislación general de defensa del consumidor, y a quiénes se aplican?",pro:1.3,"Debe indicar que las normas son complementarias de la legislación aplicable a las relaciones de consumo. | Debe mencionar el Código Civil y Comercial, la Ley 24.240 de Defensa del Consumidor y la Ley 25.065 de Tarjetas de Crédito. | Debe indicar que se aplican a los sujetos obligados de acuerdo a los tipos y funcionalidades de su operatoria particular.","[1.3] Encuadre y alcance normativo.
Estas normas son de aplicación a todos los sujetos obligados enumerados en el punto 1.1.2. de
acuerdo a los tipos y funcionalidades de su operatoria particular y a las modalidades de
transacciones, relaciones y contratos que celebren con los usuarios de servicios financieros.
Las normas sobre “Protección de los usuarios de servicios financieros” son complementarias de
las disposiciones contenidas en la legislación y regulaciones aplicables a las relaciones de
consumo, en especial de lo previsto en el Código Civil y Comercial de la Nación, en la Ley
24.240 de Defensa del Consumidor, en la Ley 25.065 de Tarjetas de Crédito, y de las normas
emitidas por la Autoridad Nacional de Aplicación de estas leyes y, si correspondiese, de la de-
más legislación y regulaciones emitidas por las autoridades provinciales en cuanto resulte de
su jurisdicción y competencia.",,
17,EV2F-026,cla,¿A quién puede encomendar una entidad financiera la tarea de clasificar a sus deudores y qué recaudos exige cada alternativa?,cla:3.5,"Debe mencionar la opción de un área independiente del sector de otorgamiento de créditos y garantías. | Debe indicar que si clasifica el propio sector de créditos, una oficina independiente revisa las clasificaciones asignadas. | Debe indicar que la revisión debe estar concluida antes de la presentación del Estado de situación de deudores. | Debe mencionar la opción de profesionales externos, sin que ello releve a la entidad de su responsabilidad.","[3.5] Responsabilidad de la tarea de clasificación.
La tarea de clasificación podrá ser encomendada:

[3.5.1] A un área independiente del sector encargado del otorgamiento de créditos y garantías.

[3.5.2] Al sector encargado del otorgamiento de créditos y garantías.
De optar por esta posibilidad, la entidad financiera deberá contar con una oficina inde-
pendiente que tendrá como función efectuar la revisión de las clasificaciones asignadas a
los clientes por el sector de créditos.
Dicha revisión –que podrá estar a cargo de la auditoría interna de la entidad– deberá
comprender obligatoriamente a los clientes cuyo endeudamiento total en pesos y en mo-
neda extranjera (por las financiaciones comprendidas) supere el 1 % de la responsabili-
dad patrimonial computable de la entidad del mes anterior al de la clasificación o el equi-
valente al importe de referencia establecido en el punto 3.7., de ambos el menor, y alcan-
zar como mínimo el 20 % de la cartera activa total, que se completará, en caso de co-
rresponder, incorporando a clientes cuyo endeudamiento total –en orden decreciente–
sea inferior a aquellos márgenes.
La revisión deberá estar concluida antes de presentarse a la Superintendencia de Enti-
dades Financieras y Cambiarias el “Estado de situación de deudores” cuya información
incluya la clasificación de los mencionados clientes.

[3.5.3] A profesionales externos.
La intervención de terceros, que deberá estar prevista en el “Manual de procedimientos
de clasificación y previsión”, no releva a la entidad de su responsabilidad por la clasifica-
ción finalmente asignada ni de la obligación de conservar los legajos con toda la informa-
ción requerida.",,
18,EV2F-025,cla,¿Qué financiaciones quedan comprendidas a los fines de la clasificación de deudores?,cla:2.1,"Debe incluir los préstamos con capitales, diferencias de cotización e intereses devengados, sin deducir previsiones. | Debe incluir los créditos por arrendamientos financieros sin deducir previsiones. | Debe incluir responsabilidades eventuales como los avales otorgados sobre cheques de pago diferido. | Debe incluir las obligaciones negociables, incluso las subordinadas.","[2.1] Conceptos incluidos.

[2.1.1] Préstamos (capitales, diferencias de cotización e intereses devengados a cobrar) sin
deducir las previsiones por riesgos de incobrabilidad y de desvalorización.

[2.1.2] Otros créditos por intermediación financiera (capitales, primas e intereses devengados
a cobrar) sin deducir las previsiones por riesgos de incobrabilidad y de desvalorización.

[2.1.3] Créditos por arrendamientos financieros sin deducir las correspondientes previsiones.

[2.1.4] Créditos diversos (capitales e intereses devengados a cobrar) vinculados a la venta de
activos inmovilizados, inclusive los tomados en defensa o en pago de créditos, sin de-
ducir las previsiones por riesgo de incobrabilidad.

[2.1.5] Responsabilidades eventuales.

[2.1.5.1] Garantías otorgadas.

[2.1.5.2] Avales otorgados sobre cheques de pago diferido.

[2.1.5.3] Adelantos en cuenta corriente, créditos documentarios y otros créditos acorda-
dos (saldos no utilizados).

[2.1.5.4] Créditos documentarios utilizados y letras aceptadas, de pago diferido.

[2.1.5.5] Documentos redescontados en otras entidades financieras.

[2.1.6] Obligaciones negociables –incluye las subordinadas– y títulos de deuda de fideicomisos
financieros no alcanzados por las normas sobre “Fideicomisos financieros comprendi-
dos en la Ley de Entidades Financieras”, valuados a costo amortizado y/o a valor razo-
nable con cambios en otros resultados integrales.",,
19,EV2F-006,ext,Un exportador quiere precancelar una prefinanciación de exportaciones otorgada por un banco local sin aplicar cobros de exportaciones. ¿Cuál es la regla general para cancelar estas financiaciones y bajo qué condiciones puede acceder al mercado de cambios?,ext:7.7,Debe indicar la regla general: estas operaciones se cancelan con fondos originados en el cobro de exportaciones de bienes. | Debe mencionar la excepción cuando el cliente demuestra que no puede hacerlo por causas ajenas a su voluntad. | Debe señalar que la precancelación de financiaciones otorgadas por entidades locales queda sujeta a conformidad previa del BCRA. | Debe indicar que el requisito se considera cumplido si el cliente registra liquidaciones de cobros de exportaciones por un monto igual o mayor al precancelado.,"[7.7] Cancelación de anticipos u otras financiaciones de exportación sin aplicación de divisas por
cobros de exportaciones de bienes.
Dadas las características que definen a los anticipos, prefinanciaciones de exportaciones -
locales o externas- y otras financiaciones de exportación, estas operaciones deberán ser
canceladas con fondos originados en el cobro de exportaciones de bienes, salvo que el cliente
pueda demostrar que no puede hacerlo de dicha forma por causas ajenas a su voluntad (por
ejemplo: desistimiento de la operación por parte del comprador externo, falta de pago por
parte del comprador externo, etc.).
El acceso al mercado local de cambios para cancelar anticipos u otras financiaciones de
exportaciones del exterior sin aplicación de divisas de cobros de exportaciones de bienes se
regirá por las normas para la cancelación de servicios de capital de préstamos financieros.
El acceso al mercado de cambios por parte de clientes para la precancelación de
financiaciones de exportación otorgadas por entidades financieras locales quedará sujeto a la
conformidad previa del BCRA. Este requisito se considerará cumplimentado en la medida que
el cliente registre, en la fecha de acceso al mercado, liquidaciones por cobros de
exportaciones de bienes por un monto igual o mayor al que se precancela a la entidad
financiera local.
En el caso de operaciones comprendidas en el “Seguimiento de anticipos y otras
financiaciones de exportación de bienes” (Sección 9.), la entidad para dar acceso al mercado
de cambios deberá contar con la correspondiente certificación por parte de la entidad
encargada del seguimiento de la financiación.
Los exportadores que registren anticipos u otras financiaciones de exportación comprendidas
en el “Seguimiento de anticipos y otras financiaciones de exportación de bienes”, por deudas
directas no garantizadas por entidades financieras locales, deberán notificar a la entidad
encargada de su seguimiento cualquier disminución del monto del capital adeudado que no se
origine en la aplicación de cobros de exportaciones.",,
20,EV2F-014,ext,Un banco emitió una carta de crédito para garantizar una importación de servicios y ahora debe afrontar el pago. ¿Qué condiciones tiene que verificar para su propio acceso al mercado de cambios?,ext:13.5,Debe indicar que las entidades tienen acceso para pagos propios por cartas de crédito o letras avaladas que garantizan importaciones de servicios. | Debe señalar que se verifica el cumplimiento de las condiciones aplicables según la fecha de emisión u otorgamiento. | Debe indicar que para instrumentos emitidos desde el 13/12/23 la operación garantizada debía ser un servicio prestado o devengado a partir de esa fecha. | Debe mencionar la regla de plazo: el plazo del servicio más otros 15 días corridos desde la fecha estimada de prestación o devengamiento.,"[13.5] Cancelación de cartas de crédito o letras avaladas emitidas u otorgadas por entidades
financieras para garantizar importaciones de servicios.
Las entidades financieras tendrán acceso al mercado de cambios para cursar pagos propios
por cartas de crédito o letras avaladas emitidas u otorgadas para garantizar operaciones de
importaciones de servicios, en la medida que se verifique que cumplían las condiciones que
resultaban aplicables según la fecha en que se emitió u otorgó la carta de crédito o letra
avalada.
En particular, en el caso de cartas de crédito o letras avaladas emitidas u otorgadas a partir
del 13/12/23, la entidad deberá contar con la documentación que demuestre que, al
momento de la apertura o emisión, la operación garantizada correspondía a un servicio
prestado o devengado a partir del 13/12/23 y el pago garantizado debía ser concretado por
el cliente a partir de la fecha que resultaba de adicionar el plazo en días corridos que le
corresponde al servicio por el punto 13.2. más otros 15 (quince) días corridos a la fecha
estimada de prestación o devengamiento del servicio.
En caso de tratarse una operación del concepto “S30. Servicios de fletes por operaciones de
importaciones de bienes” que encuadra en lo previsto en el punto 10.10.2.1., debía ser
concretado por el cliente a partir de la fecha que resultaba de adicionar 15 (quince) días
corridos a la fecha estimada de embarque de los bienes en origen.",,
21,EV2F-040,pro,¿En qué casos inicia el BCRA actuaciones de oficio en materia de protección de usuarios de servicios financieros?,pro:4.4,Debe indicar que el BCRA inicia de oficio acciones correctivas en casos que revistan urgencia o gravedad. | Debe mencionar las cuestiones detectadas en su actuación como supervisor que puedan afectar a los usuarios en forma general.,"[4.4] Actuaciones de oficio.
El BCRA iniciará de oficio acciones correctivas en aquellos casos que revistan urgencia o gra-
vedad y en las cuestiones que, detectadas como consecuencia de lo previsto en los puntos
precedentes o en el marco de su actuación como autoridad de supervisión, considere puedan
afectar a los usuarios en forma general.",,
22,EV2F-007,ext,Un importador necesita pagar un servicio prestado por un no residente después del 13/12/23 antes de los plazos generales de acceso. ¿En qué situaciones se admite ese acceso anticipado al mercado de cambios?,ext:13.3,Debe mencionar el acceso con fondos de una financiación en moneda extranjera por importaciones de servicios otorgada por una entidad financiera local. | Debe mencionar el acceso simultáneo con la liquidación de anticipos o prefinanciaciones de exportaciones del exterior. | Debe mencionar el acceso simultáneo con la liquidación de un endeudamiento financiero con el exterior. | Debe mencionar la certificación de los regímenes de acceso a divisas para la producción incremental de petróleo y/o gas natural. | Debe mencionar la cancelación de deudas financiadas o garantizadas antes del 13/12/23 por entidades financieras locales o del exterior.,"[13.3] Pagos de servicios que fueron o serán prestados o devengados a partir del 13/12/23 con
anterioridad a lo previsto en los puntos 13.2.3. a 13.2.7.
También será admisible el acceso para el pago de servicios que fueron o serán prestados o
devengados a partir del 13/12/23 con antelación a los plazos previstos en los puntos 13.2.3.
a 13.2.7., cuando adicionalmente a los restantes requisitos normativo, se verifique el
encuadre en alguna de las siguientes situaciones:

[13.3.1] el cliente accede al mercado de cambios con fondos originados en una
financiación en moneda extranjera por importaciones de servicios otorgada
por una entidad financiera local en la medida que las fechas de vencimiento
y los montos de capital a pagar de la financiación otorgada sea compatible
con aquellos previstos en el punto 13.2.
Si el otorgamiento de la financiación es anterior de la fecha de prestación o
devengamiento del servicio, los plazos previstos en el punto 13.2. se
computarán a partir de la fecha estimada de prestación o devengamiento
más 15 (quince) días corridos.
En caso de tratarse una operación del concepto “S30. Servicios de fletes
por operaciones de importaciones de bienes” que encuadra en lo previsto
en el punto 10.10.2.1., deberá financiarse hasta la fecha estimada de
embarque de los bienes en origen más un plazo adicional de 15 (quince)
días corridos.
Si el otorgamiento de la financiación es posterior a la fecha de prestación o
devengamiento del servicio, los plazos previstos en el punto 13.2. se
computarán desde esta última fecha.

[13.3.2] El cliente accede al mercado de cambios en forma simultánea con la
liquidación de fondos en concepto de anticipos o prefinanciaciones de
exportaciones del exterior o prefinanciaciones de exportaciones otorgadas
por entidades financieras locales con fondeo en líneas de crédito del
exterior, en la medida que se cumplan lo estipulado en el punto 13.3.1. en
materia de fechas de vencimiento y los montos de capital a pagar de la
financiación.
La entidad adicionalmente deberá contar con una declaración jurada del
importador en la cual deja constancia de que será necesaria la conformidad
previa del BCRA para la aplicación de divisas de cobros de exportaciones
con anterioridad a la fecha de vencimiento que surge de las condiciones de
plazo estipuladas para situaciones asociadas a un financiamiento.

[13.3.3] El cliente accede al mercado de cambios en forma simultánea con la
liquidación de fondos originados en un endeudamiento financiero
comprendido en el punto 3.5., en la medida que se cumplan lo estipulado
en el punto 13.3.1. en materia de fechas de vencimiento y los montos de
capital a pagar de la financiación.
La porción del endeudamiento financiero que sea utilizada en virtud de lo
dispuesto en el presente punto no podrá ser computada a los efectos de
otros mecanismos específicos que habiliten el acceso al mercado de
cambios a partir del ingreso y/o liquidación de este tipo de operaciones.

[13.3.4] Se trata de un pago de importaciones de servicios enmarcado en el
mecanismo previsto en el punto 7.11.

[13.3.5] El cliente cuenta por el equivalente al valor que abona con una
“Certificación por los regímenes de acceso a divisas para la producción
incremental de petróleo y/o gas natural (Decreto 277/22)” emitida en el
marco de lo dispuesto en el punto 3.17.; o

[13.3.6] el pago corresponda a la cancelación de deudas por operaciones
financiadas o garantizadas con anterioridad al 13/12/23 por entidades
financieras locales o del exterior; o

[13.3.7] el pago corresponda a la cancelación de deudas por operaciones
financiadas o garantizadas con anterioridad al 13/12/23 por organismos
internacionales y/o agencias oficiales de crédito.
Las entidades podrán considerar también como operación garantizada por
una agencia oficial de crédito a aquella que se encuentre cubierta por una
garantía emitida por una aseguradora privada por cuenta y orden de un
gobierno nacional de otro país. En todos los casos, la entidad interviniente
deberá contar con documentación en la que conste explícitamente tal
situación.

[13.3.8] el pago se concrete a la fecha de cierre de una operación de recompra y/o
rescate de deudas encuadradas en los puntos 3.5.3.1. o 3.6.4.4. y
corresponda a los servicios prestados por no residentes derivados a la
emisión de los nuevos títulos de deuda y/o la operación de recompra y/o
rescate.

[13.3.9] el pago sea a una contraparte no vinculada al cliente y se concrete
mediante la realización de un canje y/o arbitraje con los fondos depositados
en una cuenta en moneda extranjera en una entidad financiera local.",,
23,EV2F-003,ext,¿Qué debe constar obligatoriamente en un boleto de cambio y qué le corresponde verificar a la entidad que interviene en la operación?,ext:5.3,Debe indicar que el boleto tiene carácter de declaración jurada del ordenante sobre todos los datos contenidos. | Debe mencionar que la declaración incluye el concepto de la operación y el cumplimiento de límites y requisitos. | Debe señalar que la entidad interviniente constata el carácter genuino de la operación y los límites aplicables. | Debe indicar que en el boleto consta la firma del cliente que realiza la operación.,"[5.3] Boletos de cambio.
En el boleto de cambio deberá constar el carácter de declaración jurada del ordenante de la
operación de cambio sobre todos los datos contenidos en el mismo, incluyendo el concepto de
la operación y el cumplimiento de los límites y requisitos establecidos por estas normas. La
entidad interviniente deberá constatar el carácter genuino de la operación y el cumplimiento
de los límites que fueran aplicables.
En los boletos deberá constar la firma del cliente que realiza la operación de cambio, quien
deberá ser identificado por la entidad de acuerdo con lo previsto en el punto 5.4.",,
24,EV2F-004,ext,Una empresa de software inscripta en el registro de beneficiarios de la economía del conocimiento quiere quedar exceptuada de liquidar los cobros de sus exportaciones. ¿Qué condiciones debe cumplir y cómo funciona la certificación que lo habilita?,ext:2.6,Debe indicar que los cobros tienen que haber ingresado por el mercado de cambios en los plazos establecidos. | Debe mencionar la exigencia de contar con la certificación de incremento de exportaciones asociadas a la economía del conocimiento. | Debe señalar que el beneficiario nomina una única entidad financiera local responsable de emitir las certificaciones. | Debe indicar el tope del 30 % del incremento de los cobros de exportaciones respecto de igual trimestre de 2021.,"[2.6] Excepción de liquidación de cobros de exportaciones de bienes y servicios para los
beneficiarios del “Régimen de fomento para las exportaciones de la economía
del conocimiento”.

[2.6.1] Las personas jurídicas inscriptas en el Registro Nacional de Beneficiarios del Régimen
de Promoción de la Economía del Conocimiento y que sean beneficiarios de lo
dispuesto en el Capítulo II del Decreto 679/22 quedarán exceptuados de la obligación
de liquidación de los cobros de exportaciones de bienes y servicios que correspondan
a actividades de la economía del conocimiento, en la medida que se cumpla la
totalidad de las siguientes condiciones:

[2.6.1.1] hayan ingresado por el mercado de cambios en los plazos establecidos en
cada caso;

[2.6.1.2] cuenten con una “Certificación de incremento de exportaciones asociadas a
la economía del conocimiento (Decreto 679/22)” en los términos previstos en
el punto 2.6.2.;

[2.6.1.3] se den cumplimiento a los restantes requisitos establecidos en los puntos
2.2.2.2. o 7.8.4., según corresponda.

[2.6.1] (cierre)
Los montos de las divisas a ser afectadas en el marco de lo dispuesto en el Capítulo II
del Decreto 679/22 no pueden resultar alcanzadas por ningún otro tratamiento
cambiario diferencial que no sea aquel previsto en dicho capítulo.

[2.6.2] El beneficiario deberá nominar una única entidad financiera local que será la
responsable de emitir las “Certificaciones de incremento de exportaciones asociadas a
la economía del conocimiento (Decreto 679/22)” y remitirlas a las entidades por las
cuales el cliente desee concretar los ingresos de sus cobros de exportaciones de
bienes o servicios.
La entidad nominada podrá emitir estas certificaciones para cada periodo trimestral de
referencia posterior a la inscripción del cliente en el registro, cuando se verifiquen la
totalidad de los siguientes requisitos:

[2.6.2.1] el monto de las certificaciones obtenidas para el periodo trimestral de
referencia, incluyendo la que se solicita emitir, no supera al equivalente en
dólares estadounidenses al 30% (treinta por ciento) del incremento de los
cobros de exportaciones de bienes y servicios ingresados por el mercado de
cambios en el trimestre de referencia respecto a aquellos en igual trimestre
del 2021.
La entidad deberá, antes de la emisión de cada certificación, constatar el
valor del monto indicado en la información suministrada por el BCRA.
En caso de que el trimestre de referencia sea el cuarto de 2022, del monto
disponible deberá deducirse la suma de las certificaciones que se hubieran
emitido oportunamente por operaciones posteriores al 30/09/22 en el marco
de lo dispuesto en el punto 3.18. y/o en el punto 3. de la Comunicación A
7518.
A los efectos del cómputo de los cobros de exportaciones de servicios se
tomarán en consideración las operaciones que correspondan a los
conceptos detallados en el punto 2.2.2.1.i).

[2.6.2.2] la entidad cuente con una declaración jurada del exportador en la que se
deja constancia que:
i) el monto de las certificaciones solicitadas para el periodo trimestral de
referencia, incluyendo la que se solicita emitir, corresponde al
incremento de los cobros de exportaciones por actividades relacionadas
con la economía del conocimiento.
ii) se compromete a que los fondos no liquidados en virtud de este
mecanismo serán utilizados para el pago en moneda extranjera de las
remuneraciones de personal en relación de dependencia, debidamente
registrado y afectado a las actividades de la economía del conocimiento,
conforme los criterios establecidos en el Decreto 679/22 y la Resolución
234/22 del Ministerio de Economía.
iii) a la fecha de emisión no registra incumplimientos en materia de ingreso
y liquidación de cobros de exportaciones de bienes o servicios.
iv)cumple lo previsto en el punto 3.16.3.1. tomando como referencia el día
en que solicita la certificación en reemplazo del día de acceso al
mercado de cambios.
v) se compromete a cumplir lo previsto en el punto 3.16.3.2. tomando
como referencia el día en que solicita la certificación en reemplazo del
día de acceso al mercado de cambios.

[2.6.2.3] Los cobros de exportaciones que pretenden enmarcarse en este mecanismo
no fueron alcanzados por ningún otro tratamiento cambiario diferencial.

[2.6.3] El BCRA considerará inicialmente como entidad nominada por el exportador a aquella
entidad que haya acumulado el mayor monto de liquidaciones por los conceptos de
servicios comprendidos entre el 02/01/22 y el 31/05/22.
Si el exportador realizó su primer ingreso de cobros de exportaciones computables a
partir de esa última fecha se seleccionará a la entidad por la cual se hizo ese ingreso.
Cuando el exportador desee modificar la entidad nominada para la emisión de las
certificaciones, la entidad a cargo del seguimiento deberá notificarle la voluntad del
exportador a la nueva entidad. En el caso de aceptar, la nueva entidad quedará
habilitada para emitir nuevas certificaciones una vez que el cambio de entidad haya
quedado registrado en el BCRA y la entidad previa le haya remitido el detalle de las
certificaciones emitidas a nombre del exportador hasta ese momento.",,
25,EV2F-013,ext,Una petrolera beneficiaria del régimen de acceso a divisas por producción incremental obtuvo la certificación correspondiente. ¿Qué operaciones puede cursar con esa certificación y quién es responsable de emitirla?,ext:3.17,Debe indicar que el acceso es por hasta el monto de la certificación. | Debe mencionar los pagos de capital de deudas por importación de bienes con registro aduanero hasta el 12/12/23. | Debe mencionar los pagos de utilidades y dividendos a accionistas no residentes. | Debe indicar que el beneficiario nomina una única entidad financiera local responsable de emitir las certificaciones.,"[3.17] Acceso con “Certificación por los regímenes de acceso a divisas para la producción
incremental de petróleo y/o gas natural (Decreto 277/22)”.

[3.17.1] El cliente que cuente con una “Certificación por los regímenes de acceso a divisas
para la producción incremental de petróleo y/o gas natural (Decreto 277/22)” podrá
acceder al mercado de cambios por hasta el monto de la certificación para realizar:

[3.17.1.1] Pagos de capital de deudas originadas en la importación de bienes con
registro de ingreso aduanero hasta el 12/12/23.

[3.17.1.2] Pagos de capital de deudas originadas en la importación de servicios
prestados o devengados a partir del 13/12/23 antes del plazo previsto en el
punto 13.2. y/o prestados o devengados hasta el 12/12/23.

[3.17.1.3] Pagos de intereses de deudas comerciales por la importación de bienes y
servicios cuyo acreedor sea una contraparte vinculada al deudor sin la
conformidad previa requerida en el punto 3.3.3.

[3.17.1.4] Pagos de utilidades y dividendos a accionistas no residentes en la medida
que se verifiquen los requisitos previstos en los puntos 3.4.1. a 3.4.3.

[3.17.1.5] Pagos de capital e intereses de endeudamientos financieros con el exterior
cuyo acreedor sea una contraparte vinculada al deudor sin la conformidad
previa requerida en el punto 3.5.6.

[3.17.1.6] Repatriaciones de inversiones directas de no residentes en empresas que
no sean controlantes de entidades financieras locales en el marco de lo
dispuesto en el punto 3.13.

[3.17.1] (cierre)
En todos los casos, se deberá acreditar el cumplimiento de los restantes requisitos
generales y específicos que sean aplicables a la operación en virtud de la normativa
cambiaria vigente.
En caso de que el cliente haya obtenido el beneficio en virtud de una cesión del
beneficiario original en el marco del Decreto 277/22, la entidad deberá contar con una
certificación de la entidad encargada del seguimiento de los beneficios del Decreto
277/22 para el beneficiario original en la cual deje constancia de que ha tomado
conocimiento de la cesión y que ésta es consistente con lo previsto en el punto
3.17.3.

[3.17.2] Los beneficiarios del Régimen de acceso a divisas para la producción incremental de
petróleo (RADPIP) y/o Régimen de acceso a divisas para la producción incremental
de gas natural (RADPIGN) deberán nominar una única entidad financiera local que
será la responsable de emitir las “certificaciones por los regímenes de acceso a
divisas para la producción incremental de petróleo y/o gas natural (Decreto 277/22)”
y remitirlas a las entidades por las cuales el cliente desee acceder al mercado de
cambios.
En caso de que el cliente sea un beneficiario directo del Decreto 277/22, para quedar
habilitada para emitir las certificaciones la entidad también deberá estar nominada
por el cliente como responsable de:

[3.17.2.1] la emisión de las “Certificaciones de aumento de las exportaciones de
bienes” en el marco del punto 3.18.

[3.17.2.2] el seguimiento de todas las operaciones que queden comprendidas en los
puntos 7.9. y 7.10.

[3.17.2] (cierre)
Si fuese necesario modificar la entidad nominada responsable de lo indicado en los
puntos 3.17.2.1. y/o 3.17.2.2., la nueva entidad será considerada responsable una
vez que el cambio de entidad haya quedado registrado en el BCRA y la entidad
previa le haya remitido el detalle de las certificaciones emitidas a nombre del cliente
hasta ese momento.

[3.17.3] La entidad nominada deberá tomar registro de los montos de los beneficios
reconocidos por la Secretaría de Energía en el marco del Decreto 277/22 a favor del
cliente, dejando constancia del período al que corresponde el beneficio y el monto
total del beneficio en dólares estadounidenses obtenido para el período.
En el caso de que el cliente sea un beneficiario directo del Decreto 277/22, la entidad
podrá emitir “certificaciones de los regímenes de acceso a divisas para la producción
incremental de petróleo y/o gas natural (Decreto 277/22)” por hasta el monto que
surge de considerar el monto acumulado de los beneficios totales reconocidos al
cliente por la Secretaría de Energía neto de los montos acumulados por los
conceptos detallados a continuación:

[3.17.3.1] los beneficios obtenidos por el cliente en el marco del Decreto 277/22 que
hayan sido cedidos a proveedores directos con la convalidación de la
Secretaría de Energía.

[3.17.3.2] el monto de las aplicaciones de divisas de cobros de exportaciones de
bienes a la cancelación de capital de endeudamientos financieros
comprendidos en el punto 3.5. y/o la repatriación de inversiones directas,
contempladas en el marco de lo dispuesto en los puntos 7.9. y/o 7.10.,
registradas a partir del 01/07/22.

[3.17.3.3] el monto de los vencimientos de capital que, registrarán en los siguientes
365 (trescientos sesenta y cinco) días corridos, aquellos endeudamientos
financieros comprendidos en el punto 3.5. que deban ser atendidos con la
aplicación de cobros de exportaciones de bienes en el marco de lo
dispuesto en los puntos 7.9. y/o 7.10.

[3.17.3.4] el monto de las “Certificaciones de aumento de exportaciones de bienes”,
emitidas a nombre del beneficiario en el marco del punto 3.18. a partir del
01/07/22.

[3.17.3.5] el monto equivalente de los pagos realizados desde el 01/07/22 por el
beneficiario en el marco de lo dispuesto en los puntos 3.4.4.4. y/o 3.4.4.5.,
por utilidades y dividendos generados por aportes de inversión directa
liquidados a partir del 17/01/20 y/o por proyectos enmarcados en el “PLAN
GAS”, respectivamente.

[3.17.4] La entidad financiera designada por el beneficiario para la emisión de las
“Certificaciones por los regímenes de acceso a divisas para la producción
incremental de petróleo y/o gas natural (Decreto 277/22)” deberá:

[3.17.4.1] notificar su nombramiento a la Gerencia Principal de Exterior y Cambios
del BCRA dentro de los 10 (diez) días corridos de ocurrido.

[3.17.4.2] mantener a disposición de la SEFyC un registro de los beneficios
obtenidos por el cliente, las certificaciones emitidas y los montos que
correspondan a lo previsto en los puntos 3.17.3.1. a 3.17.3.5.

[3.17.4.3] cumplimentar los requerimientos de información que establezca el BCRA
respecto a este mecanismo.

[3.17.5] Cuando el beneficiario desee modificar la entidad nominada para la emisión de las
certificaciones, la entidad a cargo del seguimiento deberá notificarle la voluntad del
beneficiario a la nueva entidad.
En el caso de aceptar, la nueva entidad quedará habilitada para emitir nuevas
certificaciones una vez que el cambio de entidad haya sido notificado al BCRA y la
entidad previa le haya remitido el detalle de las certificaciones emitidas a nombre del
beneficiario hasta ese momento.",,
26,EV2F-034,ric,¿Qué exigencias componen el modelo de información de riesgo de mercado del régimen informativo mensual y con qué apertura se informa el riesgo de tasa?,ric:4.2,"Debe incluir la exigencia por riesgo de tasa con apertura total/específico/general. | Debe incluir la exigencia por riesgo de acciones, con el adicional por derivados. | Debe incluir la exigencia por riesgo de tipo de cambio. | Debe incluir la exigencia por riesgo de posiciones en opciones. | Debe incluir la exigencia por riesgo de posiciones en productos básicos (commodities).","[4.2] Modelos de información
Cuadro 4.2.1. Exigencia
Código Concepto
311000/xx Exigencia por riesgo de tasa - Total
311100/xx Exigencia por riesgo de tasa - Específico
311200/xx Exigencia por riesgo de tasa - General
312000/xx Exigencia por riesgo de acciones - Total
312100/xx Exigencia por riesgo de acciones - Específico
312200/xx Exigencia por riesgo de acciones - General
312300/xx Exigencia por riesgo de acciones - Adicional por derivados
313000/xx Exigencia por riesgo de tipo de cambio
315000/xx Exigencia por riesgo de posiciones en productos básicos
– commodities -
314000/xx Exigencia por riesgo de posiciones en opciones
xx = día del mes a que corresponde la información",,
27,EV2F-017,cap,"Antes de computar una cobertura para reducir la exigencia de capital por riesgo de crédito, ¿qué requisitos generales deben cumplir las técnicas de cobertura utilizadas?",cap:5.2.1,"Debe indicar que la documentación de la cobertura observa los requisitos legales vigentes y obliga a todas las partes en todas las jurisdicciones. | Debe mencionar que no puede existir correlación positiva sustancial entre la calidad crediticia de la contraparte y el valor de la garantía. | Debe indicar que una exposición con cobertura no puede originar un requerimiento de capital mayor que una idéntica sin cobertura. | Debe señalar que con múltiples técnicas sobre una misma exposición se divide la exposición y se calculan los activos ponderados por separado. | Debe advertir que el uso de coberturas puede incrementar riesgos residuales (legal, operacional, de liquidez, de mercado, de concentración y estratégico).","[5.2.1] Requisitos generales.

[5.2.1.1] La documentación vinculada con la CRC deberá observar los requisitos legales
vigentes en la materia –obligando a todas las partes en todas las jurisdicciones
pertinentes–, debiendo las entidades financieras realizar el seguimiento nece-
sario con el objeto de garantizar su cumplimiento.

[5.2.1.2] Las entidades financieras deberán observar los requisitos de divulgación –en
caso de corresponder– pertinentes a las técnicas de CRC que empleen, al obje-
to de obtener la correspondiente reducción en la exigencia de capital.

[5.2.1.3] No deberá existir una correlación positiva sustancial entre la calidad crediticia
de la contraparte y el valor de la garantía –por ejemplo, los títulos valores emiti-
dos por la contraparte o un vinculado a ella, no son admisibles–.

[5.2.1.4] Ninguna exposición crediticia –incluyendo créditos, títulos valores y responsabi-
lidades eventuales que den lugar a posiciones de titulización– en la que se utili-
cen CRC reconocidas en esta sección originará un requerimiento de capital su-
perior al asignado a otra operación idéntica que no cuente con tales coberturas.

[5.2.1.5] La entidad financiera que cuente con múltiples técnicas de CRC para cubrir una
única exposición –tales como activos admitidos y garantías personales cubrien-
do parcialmente una exposición–, deberá dividir la exposición en las partes cu-
biertas por cada tipo de técnica y calcular por separado los activos ponderados
por riesgo que correspondan a cada una de ellas. Cuando la protección crediti-
cia proporcionada por un mismo proveedor tenga plazos de vencimiento distin-
tos, la entidad deberá subdividir esa parte y tratar los distintos plazos de venci-
miento como protecciones separadas.

[5.2.1.6] La reducción o transferencia del riesgo de crédito a través del uso de técnicas
de CRC puede incrementar –al mismo tiempo– otros riesgos residuales, tales
como el riesgo legal, operacional, de liquidez, de mercado, de concentración y
estratégico. Consecuentemente, las entidades deben utilizar políticas, procedi-
mientos y procesos adecuados para controlar esos riesgos residuales, de
acuerdo con lo previsto en el TO sobre Lineamientos para la Gestión de los
Riesgos en las Entidades Financieras.",,
28,EV2F-010,ext,Para imputar una donación recibida desde el exterior necesito entender la categoría cambiaria de transferencias corrientes: ¿cómo se define y qué operaciones incluye?,ext:6.10,"Debe dar la definición: un residente provee bienes, servicios o activos a un residente de otra economía sin contraprestación con valor económico. | Debe explicar que afectan el ingreso disponible y el consumo del donante y del receptor. | Debe mencionar que incluyen transferencias personales, donaciones, jubilaciones y pensiones. | Debe precisar que las transferencias personales son entre personas humanas, residentes y no residentes, independientemente de su relación.","[6.10] Transferencias corrientes (ingreso secundario).
Existe una transferencia entre dos economías cuando un residente de una economía provee
bienes, servicios, activos financieros u otros activos no producidos a un residente de otra
economía, sin recibir a cambio una contraprestación con valor económico.
Las transferencias corrientes afectan el nivel de ingreso disponible e influyen en el consumo
de bienes y servicios, reduciéndolos en el caso del donante y aumentándolos en el caso del
receptor. Incluye entre otras las transferencias personales, donaciones, jubilaciones y
pensiones.
Las transferencias personales corresponden a transferencias entre personas humanas,
residentes y no residentes, independientemente de la relación entre ellas.",,
29,EV2F-024,cap,¿Cómo deben clasificar los bancos sus exposiciones a instrumentos y con qué criterios se determina si un instrumento se trata como una acción?,cap:2.11,"Debe mencionar que la clasificación del grupo 1 incluye la deuda subordinada emitida por empresas y/o entidades financieras. | Debe indicar que para tratar una exposición como acción se tiene en cuenta la realidad económica del instrumento. | Debe incluir las participaciones directas e indirectas en el patrimonio y las utilidades, con o sin derecho a voto. | Debe mencionar la condición de representar un derecho residual sobre los activos o utilidades del emisor.","[2.11] Exposiciones a instrumentos.

[2.11.1] Las entidades financieras del grupo 1 deberán clasificar las exposiciones a instrumen-
tos en:
i) Deuda subordinada emitida por empresas y/o entidades financieras.
ii) Acciones –definidas conforme a los criterios establecidos en el punto 2.11.3.–.
iii) Demás instrumentos de capital emitidos por empresas y/o entidades financieras.

[2.11.2] Las entidades financieras del grupo 2 deberán clasificar las exposiciones a instrumen-
tos en:
i) Deuda subordinada emitida por empresas y/o entidades financieras.
ii) Participaciones en el capital emitido por empresas y/o entidades financieras.

[2.11.3] Criterios para considerar una exposición a instrumentos como una acción.
A los fines de determinar si una exposición debe ser tratada como una acción, las en-
tidades financieras del grupo 1 deberán tener en cuenta la realidad económica del ins-
trumento.
Quedan comprendidas:

[2.11.3.1] Participaciones directas e indirectas en el patrimonio y las utilidades de las
entidades financieras y las empresas, con o sin derecho a voto. Las partici-
paciones indirectas incluyen, entre otras, a la tenencia de instrumentos deri-
vados vinculados a acciones y a las acciones, cuotas o partes de interés en
sociedades comerciales cuya principal actividad sea la inversión en accio-
nes.

[2.11.3.2] Instrumentos, en la medida que cumplan las siguientes condiciones:
i) No puedan amortizarse. Los resultados de la inversión se pueden reali-
zar solo a través de la venta del instrumento o de los derechos sobre la
inversión o mediante la liquidación del emisor.
ii) No representan obligación alguna para el emisor.
iii) Representan un derecho residual sobre los activos o las utilidades del
emisor.

[2.11.3.3] Instrumentos que tengan la misma estructura que los admitidos como capital
ordinario de nivel uno (COn1) de las entidades financieras.

[2.11.3.4] Todo instrumento que incorpore una obligación para el emisor y tenga algu-
na de las siguientes características:
i) El emisor puede diferir indefinidamente el pago de la obligación.
ii) El contrato establece u otorga al emisor el ejercicio de la opción de can-
celar la obligación mediante la emisión de:
a) una cantidad fija de sus acciones; y/o
b) una cantidad variable de sus acciones y –manteniendo los demás
factores constantes– cualquier cambio del valor de la obligación es
atribuible y proporcional al cambio del valor de mercado de un nú-
mero fijo de acciones del emisor multiplicado por un factor prede-
terminado.
iii) El tenedor cuenta con la opción de exigir el pago de la obligación con
acciones.

[2.11.3.5] Los títulos de deuda y otros valores, los derivados y los vehículos estructu-
rados con el fin de replicar la realidad económica de una acción.
Se incluyen las obligaciones cuyo rendimiento esté vinculado al de las ac-
ciones, y las acciones contabilizadas como un préstamo que se originen en
un canje de deuda por acciones realizado en un proceso de reestructuración
de deudas. El requisito de capitales mínimos que se determine para estos úl-
timos instrumentos no puede ser menor al que le hubiera correspondido de
haber permanecido en la cartera de créditos.
A los fines del cumplimiento de estas disposiciones, la SEFYC podrá recate-
gorizar las posiciones de deuda como posiciones en acciones si advierte que
no se cumplen las condiciones y requisitos que aseguren el adecuado trata-
miento de las tenencias.
Las inversiones en acciones estructuradas con el objeto de replicar la reali-
dad económica de las exposiciones crediticias o de titulizaciones no se con-
siderarán acciones.",,
30,EV2F-005,ext,Una empresa local tiene dividendos aprobados por asamblea que siguen pendientes de pago a su accionista del exterior y evalúa suscribir bonos BOPREAL por esa deuda. ¿Qué debe verificar la entidad que concreta la suscripción y con qué tope?,ext:4.6.1,"Debe indicar el tope: hasta el equivalente en moneda local de las utilidades y dividendos pendientes de pago según la distribución de la asamblea. | Debe mencionar la documentación que avale que la deuda corresponde a utilidades y dividendos de balances cerrados y auditados. | Debe incluir la declaración de la operación en el Relevamiento de activos y pasivos externos, de corresponder. | Debe mencionar la declaración jurada del cliente de que no utilizó ya este mecanismo por esa deuda. | Debe indicar el boleto de venta de cambio por el concepto de registro de utilidades y dividendos por adjudicación de bonos BOPREAL.","[4.6.1] Suscripción de bonos BOPREAL por utilidades y dividendos pendientes de pago a no
residentes a partir de la distribución determinada por la asamblea de accionistas.
Los clientes podrán suscribir Bonos para la Reconstrucción de una Argentina Libre
(BOPREAL) por hasta el equivalente al monto en moneda local de las utilidades y
dividendos pendientes de pago a accionistas no residentes a partir de la distribución
determinada por la asamblea de accionistas.
La entidad que concrete la oferta de suscripción en nombre del cliente deberá verificar
el cumplimiento de los siguientes requisitos:

[4.6.1.1] Cuenta con la documentación que le permite avalar que la deuda pendiente
corresponde a utilidades y dividendos de balances cerrados y auditados.

[4.6.1.2] La operación se encuentra declarada, en caso de corresponder, en la última
presentación vencida del ""Relevamiento de activos y pasivos externos"".

[4.6.1.3] El cliente cumple los requisitos complementarios previstos en los puntos
3.16.1. a 3.16.4.

[4.6.1.4] Cuenta con una declaración jurada del cliente en la que deja constancia de
que:
i) las utilidades y dividendos por las cuales solicita la suscripción se
encuentran pendientes de pago;
ii) no ha utilizado ya este mecanismo por esta deuda; y
iii) toma conocimiento de que no tendrá acceso al mercado de cambios
para pagar el equivalente de la deuda por la cual se suscribió excepto
que el pago se concrete a partir de un canje y arbitraje con los fondos
depositados en una cuenta local y originados en cobros de capital e
intereses en moneda extranjera de los bonos BOPREAL.
La declaración jurada deberá estar firmada por el representante legal de la
empresa residente o un apoderado con facultades suficientes para asumir
este compromiso en nombre de la empresa.

[4.6.1] (cierre)
Adicionalmente, la mencionada entidad deberá realizar un boleto de venta de cambio a
nombre del cliente por el código de concepto ""I09. Registro de utilidades y dividendos
por adjudicación de bonos BOPREAL""; consignando el valor nominal en moneda
extranjera de los bonos BOPREAL adjudicado al cliente.",,
31,EV2F-001,ext,"Un cliente cerró la venta al exterior del pase de un jugador y de una marca registrada de su empresa. Para imputar correctamente estas operaciones de cambio, ¿qué comprende la definición cambiaria de activos no financieros no producidos?",ext:6.11,"La respuesta debe indicar que se trata de transacciones con traspaso de activos intangibles asociados a derechos de propiedad económica. | Debe mencionar ejemplos como derechos de pesca, derechos minerales y espacio aéreo y electromagnético. | Debe incluir los pases de deportistas, incluso los derechos de formación percibidos por operaciones entre terceros. | Debe aclarar que patentes, derechos de autor, concesiones, marcas y dominios quedan comprendidos cuando se venden por separado de la empresa propietaria.","[6.11] Activos no financieros no producidos.
Las adquisiciones o enajenaciones de activos no financieros no producidos comprenden
aquellas transacciones en las que tiene lugar el traspaso de activos intangibles asociados con
los derechos de propiedad económica de, entre otros, derechos de pesca, derechos minerales
y espacio aéreo y electromagnético, los pases de deportistas –incluyendo los derechos de
formación de deportistas percibidos a partir de operaciones entre terceros– y, en caso de que
se vendan por separado de la empresa propietaria: patentes, derechos de autor, concesiones,
arrendamientos, marcas registradas, logotipos y dominios de Internet.",,
32,EV2F-035,ric,"Para la exigencia por riesgo operacional del régimen informativo mensual, ¿qué se informa del indicador de negocio y qué componentes lo integran?",ric:5.2,"Debe indicar que se informa el BIC calculado. | Debe incluir el componente de intereses, arrendamientos y dividendos (ILDC). | Debe incluir el componente de servicios (SC). | Debe incluir el componente financiero (FC). | Debe incluir el resultado monetario total (RM).","[5.2] Modelo de información

[5.2.1] Indicador de negocio (BI)
Código Concepto Observaciones
33000000 BIC Se informará el BIC calculado

[5.2.2] Componentes del Indicador de negocio (BI)
Código Concepto
34000000 BI
34100000 ILDC - Componente de intereses, arrendamientos y dividendos
(Prom)
3411000X Ingresos por intereses
3412000X Egresos por intereses
3413000X Activos que devengan intereses
3414000X Ingresos por dividendos
34200000 SC - Componente de servicios
(Prom)
3421000X Otros ingresos por operaciones
3422000X Otros egresos por operaciones
3423000X Ingresos por honorarios y comisiones
3424000X Egresos por honorarios y comisiones
34300000 FC - Componente financiero
(Prom)
3431000X Resultado neto de cartera de negociación
3432000X Resultado neto de cartera de inversión
34400000 RM - Resultado Monetario total
(Prom)
3440000X RM - Resultado Monetario total

[5.2.3] Ingresos Brutos
Código Concepto Observaciones
3500000X Ingreso bruto Se informará el ingreso bruto del período X

[5.2.4] Correlación con partidas del Balance de Saldos
Código Concepto Cuentas Contables
3510000X Ingresos financieros 510000 excepto parte pertinente de 511102 / 515102 / 511099 / 511106 / 515099 / 515106 / 511541 / 515541
520000 excepto 521023 / 521036 / 521074 / 525004 y parte pertinente de 521103 / 525103 / 521107 / 521101
3520000X Egresos financieros
/ 525107 / 525101 / 521541 / 525541
3530000X Ingresos por servicios 540000 excepto parte pertinente de 541018 / 545018
3540000X Egresos por servicios 550000 excepto parte pertinente de 551018 / 555018
3550000X Utilidades diversas 570000 excepto 570006 / 570009 / 570021 / 570024 y parte pertinente de 570003 / 570025 / 570045 / 570034
580000 excepto 580006 / 580009 / 580018 / 580021 / 580027 / 580031 / 580033 y parte pertinente de 580003
3560000X Pérdidas diversas
/ 580035 / 580045 / 580041 / 580046 / 580047 / 580048 / 580050 / 580056
3570000X Resultado Monetario total 620000

[5.2.5] Reducción de exigencia para entidades de los Grupos “A”, “B” y “C”.
Código Concepto
3600000Y Reducción de exigencia
Referencias:
X = 1 a 3, donde:
1 = meses 1 a 12
2 = meses 13 a 24
3 = meses 25 a 36
Y = 1 a 6, donde:
1 = reducción por aplicación del límite del 20 %, entidades A.
1 = reducción por aplicación del límite del 17 %
2 = reducción por aplicación del límite del 11 %
3 = reducción por aplicación del límite del 7 %
4 = reducción por aplicación del límite del 14%
5 = reducción por aplicación del límite del 8 %
6 = reducción por aplicación del límite del 5 %",,
33,EV2F-037,pro,"¿Qué derechos básicos tiene un usuario de servicios financieros en toda relación de consumo, y qué deben hacer los sujetos obligados para garantizarlos?",pro:2.1,"Debe incluir la protección de su seguridad e intereses económicos. | Debe incluir el derecho a recibir información clara, suficiente, veraz y de fácil acceso. | Debe incluir la libertad de elección. | Debe incluir condiciones de trato equitativo y digno. | Debe indicar que los sujetos obligados aseguran condiciones igualitarias de acceso a los servicios.","[2.1] Concepto.
Los usuarios de servicios financieros tienen derecho, en toda relación de consumo, a:
− la protección de su seguridad e intereses económicos;
− recibir información clara, suficiente, veraz y de fácil acceso y visibilidad acerca de los pro-
ductos y/o servicios que contraten –incluyendo sus términos y condiciones–, así como co-
pia de los instrumentos que suscriban;
− la libertad de elección; y
− condiciones de trato equitativo y digno.
Los sujetos obligados deberán adoptar las acciones necesarias para garantizar estos dere-
chos a todos los actuales y potenciales usuarios de los servicios que ofrecen y prestan, de
manera de asegurarles condiciones igualitarias de acceso a tales servicios.",,
34,EV2F-016,ext,¿Qué información mínima debe contener la certificación de aplicación de cobros de exportaciones que emite la entidad encargada del seguimiento y en qué moneda se expresan los montos?,ext:9.5,"Debe incluir CUIT y denominación del exportador y fecha de emisión de la certificación. | Debe incluir el permiso de embarque al que corresponden los cobros aplicados y la fecha de aplicación. | Debe incluir el tipo de operación cancelada, el concepto (capital y/o interés), la moneda y el monto imputado. | Debe indicar que los montos se expresan en la moneda oportunamente liquidada por el mercado de cambios.","[9.5] Datos mínimos que conforman la certificación.
La certificación de aplicación deberá contener, como mínimo, la siguiente información: CUIT y
denominación del exportador, fecha de emisión de la certificación, permiso de embarque al
cual corresponden los cobros aplicados, fecha de aplicación, tipo de operación cancelada,
concepto que se canceló (capital y/o interés), moneda y monto de la aplicación imputada al
mismo.
Los montos deberán estar expresados en la moneda que oportunamente fue liquidada por el
mercado de cambios.",,
35,EV2F-023,cap,¿Qué requisitos deben cumplir los instrumentos de deuda para computar como capital adicional de nivel uno de una entidad financiera?,cap:8.3.2,"Debe indicar que deben estar totalmente suscriptos e integrados. | Debe mencionar la subordinación a depositantes, acreedores quirografarios y deuda subordinada. | Debe indicar que no pueden estar asegurados ni cubiertos por garantías del emisor o de un vinculado. | Debe mencionar que el rescate es posible recién a los cinco años de la emisión y con condiciones (autorización previa de la SEFyC entre ellas). | Debe indicar la discrecionalidad para cancelar pagos de dividendos o intereses en todo momento.","[8.3.2] Los instrumentos incluidos en el CA deberán observar los siguientes requisitos:
n1

[8.3.2.1] Estar totalmente suscriptos e integrados.

[8.3.2.2] Estar subordinados a depositantes, acreedores quirografarios y a deuda subor-
dinada de la entidad financiera.
Deberán prever que, en caso de quiebra de la entidad y una vez satisfecha la
totalidad de las deudas con los demás acreedores –incluyendo deuda contrac-
tualmente subordinada–, los tenedores de instrumentos computables en este
nivel de capital tendrán prelación en la distribución de fondos sólo y exclusiva-
mente con respecto a los accionistas ordinarios –tenedores de acciones sin
preferencia patrimonial– con expresa renuncia a cualquier privilegio general o
especial.

[8.3.2.3] No estar asegurados ni cubiertos por alguna garantía del emisor o de un vincu-
lado, ni ser objeto de cualquier otro acuerdo que mejore jurídica o económica-
mente el orden de prelación en el cobro para el caso de quiebra de la entidad.

[8.3.2.4] No prever pago de ningún tipo en concepto de capital, excepto en caso de li-
quidación de la entidad, cuando así correspondiese. No podrán tener cláusulas
de remuneración escalonada creciente ni otros incentivos para su amortización
anticipada.

[8.3.2.5] La entidad financiera podrá rescatarlos –transcurridos un mínimo de cinco años
desde su emisión–, siempre que:
i) cuente con autorización de la SEFyC en forma previa al ejercicio de la op-
ción de compra;
ii) se abstenga de generar expectativas de que ejercitará la opción de com-
pra; y
iii) sustituya el instrumento con capital regulatorio de igual o mayor calidad y
en condiciones que sean sostenibles para su capacidad de generación de
ingresos, o demuestre que –una vez ejercida la opción de compra– su RPC
supera ampliamente –al menos en un 20 %– los requerimientos mínimos
de capital.

[8.3.2.6] Cualquier restitución de capital requerirá la autorización previa de la SEFyC y la
entidad financiera no deberá tener la expectativa ni crearla en el mercado de
que obtendrá dicha autorización.

[8.3.2.7] Discrecionalidad en el pago de dividendos/cupones de interés:
i) la entidad financiera podrá –en todo momento y a su entera discreción–
cancelar pagos en concepto de dividendos o intereses;
ii) lo señalado en el acápite anterior no deberá constituir de por sí un incum-
plimiento, ni facultar a los tenedores a exigir la conversión en acciones or-
dinarias. Asimismo, no debe imponer restricciones a la entidad financiera,
salvo en relación con las distribuciones de dividendos a los titulares de ac-
ciones ordinarias.

[8.3.2.8] El pago de dividendos/cupones se efectuará con cargo a partidas distribuibles,
en los términos de la Sección 3. de las normas sobre “Distribución de resulta-
dos”.

[8.3.2.9] No incorporar un dividendo/cupón que se reajuste periódicamente en función,
en todo o en parte, del riesgo de crédito de la entidad financiera.

[8.3.2.10] No haber sido comprados por la entidad financiera –ni por alguna entidad que
ella controle o sobre la que ejerza influencia significativa–.

[8.3.2.11] No haber sido comprados con la financiación directa o indirecta de la entidad
financiera.

[8.3.2.12] No poseer características que dificulten la recapitalización, tales como requerir
que la entidad financiera compense al inversor si se emite un nuevo instru-
mento a un precio menor durante un período de tiempo especificado.
Los instrumentos que son parte del pasivo deberán absorber pérdidas cuando el coefi-
ciente de CO sea inferior al 5,125 % de los APR –evento desencadenante prefijado–,
n1
aún en el caso de que la entidad financiera no se encuentre en alguna de las situacio-
nes previstas en el punto 8.3.4.4., a través de:
i) su conversión en acciones ordinarias; o
ii) un mecanismo que asigne pérdidas en forma definitiva al instrumento, con los si-
guientes efectos:
a) reducir la deuda representada por el instrumento en caso de liquidación de la
entidad;
b) reducir el importe a reintegrar en caso de ejercerse una opción de compra; y
c) reducir total o parcialmente los pagos de dividendos/cupones de interés del ins-
trumento.
El monto de la conversión o quita deberá ser, como mínimo, aquel que le permita a la
entidad restaurar el citado coeficiente CO al nivel del 5,125 % de los APR.
n1",,
36,EV2F-027,cla,¿Sobre qué información se practica la revisión de la cartera comercial para clasificar a los deudores?,cla:6.1,"Debe indicar que la revisión se basa en información financiera actualizada. | Debe mencionar estados financieros o contables e información complementaria (proyectos de inversión, etc.). | Debe indicar que la información la proporcionan los clientes ante requerimiento de las entidades. | Debe mencionar la aplicación de parámetros válidos para cada sector y otras circunstancias de la actividad económica.","[6.1] Información básica.
La revisión de la cartera comercial se practicará sobre la base de la información financiera ac-
tualizada (estados financieros o contables –según corresponda– e información complementaria,
proyectos de inversión, etc.) que deberán proporcionar los clientes ante requerimiento de las
entidades, aplicando parámetros válidos para cada sector y considerando otras circunstancias
de la actividad económica.",,
37,EV2F-029,cla,¿Con qué lógica se estructuran los niveles en los que se agrupa a los clientes al clasificarlos como deudores?,cla:4.1,Debe indicar que los niveles agrupan a los clientes en orden decreciente de calidad. | Debe indicar que el orden está en razón directa al riesgo de incobrabilidad derivado de las situaciones que presentan.,"[4.1] Niveles de clasificación.
Se han previsto niveles de agrupamiento de los clientes en orden decreciente de calidad, en ra-
zón directa al riesgo de incobrabilidad que se deriva de las situaciones que presentan.",,
38,EV2F-009,ext,"¿Cuándo debe registrar una entidad ante el BCRA sus operaciones de cambio con clientes, y con qué identificación se registra la operación de un turista extranjero o de un fondo común de inversión?",ext:5.7,"Debe indicar que se registra ante el BCRA toda operación realizada en el mercado de cambios. | Debe indicar que el registro se realiza en la fecha de concertación. | Debe mencionar los identificadores generales (CUIT, CUIL, CDI, CIE o DNI del cliente). | Debe indicar que para personas humanas no residentes se admite el pasaporte u otro documento habilitante para el ingreso al país. | Debe indicar que para un fondo común de inversión se usa el código asignado por la Comisión Nacional de Valores.","[5.7] Registro de las operaciones con clientes ante el BCRA.

[5.7.1] La entidad deberá registrar ante el BCRA toda operación que realice en el mercado de
cambios.

[5.7.2] El registro de esas operaciones se deberá realizar en la fecha de su concertación en el
mercado de cambios.

[5.7.3] A esos efectos se utilizará CUIT, CUIL, CDI, CIE o DNI del cliente que realiza la
operación. En las situaciones que se detallan a continuación se admitirá también la
utilización del:

[5.7.3.1] Número de pasaporte u otro documento habilitante para el ingreso al país
cuando se trate de personas humanas no residentes o de personal
diplomático acreditado en el país, debiéndose consignar el nombre y apellido
completo del no residente (tal cual consta en el documento considerado) y el
país emisor del instrumento.

[5.7.3.2] Código asignado por la Comisión Nacional de Valores cuando se trate de un
fondo común de inversión.

[5.7.3.3] CUIT de la entidad financiera local cuando accede al mercado de cambios
en carácter de apoderado de un no residente o en el marco de operaciones
por los servicios de renta y capital, rescates y ventas de títulos valores para
los cuales sea custodio de la tenencia de no residentes. En el registro de la
operación deberá consignarse el nombre y apellido completos o
denominación social (sin abreviaturas), según corresponda, del no residente
que sea beneficiario final de la operación.

[5.7.3.4] CUIT o CUIL de la persona humana residente que actúe en carácter de
apoderado de un no residente. En el registro de la operación deberá
consignarse el nombre y apellido completos o denominación social (sin
abreviaturas), según corresponda, del no residente que sea beneficiario final
de la operación.",,
39,EV2F-018,cap,¿Cómo se mide la exposición para la exigencia de capital por riesgo de posiciones en commodities y qué compensaciones entre posiciones se admiten?,cap:6.5,Debe dar la definición de producto básico: todo producto físico negociado o negociable en un mercado secundario. | Debe indicar que las posiciones cortas y largas se netean solo si se trata del mismo producto básico. | Debe aclarar que no se admite compensación entre productos básicos distintos ni entre subcategorías diferentes del mismo producto. | Debe indicar que cada posición se expresa en la unidad estándar de medida correspondiente. | Debe indicar que la posición neta se convierte a pesos con el precio al contado.,"[6.5] Exigencia de capital por riesgo de posiciones en productos básicos –“commodities”–.
Cubre el riesgo de mantener posiciones en productos básicos, incluidos metales preciosos ex-
cepto el oro (tratado en el punto 6.4.). A los fines de estas normas, se define como producto
básico (o materia prima) –“commodities”– a todo producto físico negociado o negociable en un
mercado secundario.

[6.5.1] Además de estar expuestas a cambios en los precios de contado –riesgo direccional–,
las entidades financieras que utilizan “forwards” y demás derivados están expuestas a
los siguientes riesgos:
− riesgo de base –riesgo de que el precio relativo entre productos básicos similares
cambie en el tiempo–;
− riesgo de tasa de interés –riesgo de que cambie el costo de mantener posiciones a
plazo y opciones–;
− riesgo de brecha a futuro –riesgo de que el precio a futuro cambie por motivos distin-
tos a un cambio en las tasas de interés–.
Si para financiar sus posiciones en productos básicos la entidad financiera estuviera ex-
puesta al riesgo de tasa de interés y/o de tipo de cambio, deberá incluir las posiciones
pertinentes en los cómputos previstos en los puntos 6.2. –exigencia de capital por riesgo
de tasa de interés– y/o 6.4. –exigencia de capital por riesgo de tipo de cambio–, respec-
tivamente. De la misma forma, cuando un producto básico forme parte de un contrato a
plazo –hubiera que entregar o recibir cierta cantidad de ese producto–, cualquier exposi-
ción al riesgo de tasa de interés y/o de tipo de cambio proveniente del otro tramo del
contrato deberá tratarse conforme a los puntos 6.2. y 6.4., respectivamente.

[6.5.2] Medición de la exposición.
Las posiciones cortas y largas podrán netearse a efectos de calcular las posiciones
abiertas, siempre que se trate de un mismo producto básico. No se admite la compen-
sación entre posiciones en diferentes productos básicos ni entre subcategorías diferen-
tes del mismo producto básico.
Para calcular los requerimientos de capital se deberá expresar cada posición en un pro-
ducto básico (al contado y a plazo) en términos de la correspondiente unidad estándar
de medida (barriles, kilos, gramos, etc.). La posición neta de cada producto básico se
convertirá a pesos utilizando su precio al contado y, si estuviera expresado en moneda
extranjera, convirtiéndolo al tipo de cambio de referencia del dólar estadounidense di-
fundido por el BCRA vigente al cierre de las operaciones del día. De tratarse de mone-
das extranjeras distintas del dólar estadounidense, se convertirán a esta moneda utili-
zando los tipos de pase comunicados por la mesa de operaciones del BCRA.
Los instrumentos derivados –tales como futuros, “forwards”, “swaps” y las opciones tra-
tadas conforme al punto 6.6.3. (luego de aplicar el método delta-plus)– sobre productos
básicos y las posiciones fuera de balance a las que les afecten los cambios en los pre-
cios de los productos básicos deberán convertirse en posiciones nocionales de esos
productos conforme a lo siguiente:
− Los futuros y “forwards” deberán expresarse como cantidades nocionales de barriles,
kilos, etc.
− Los “swaps” en los que un tramo sea un precio fijo y el otro el precio de mercado vi-
gente se tratarán como una posición larga si la entidad financiera paga precio fijo y
recibe variable, y corta en el caso contrario.
− Los “swaps” referidos a diferentes productos básicos no podrán compensarse.

[6.5.3] Determinación de la exigencia.

[6.5.3.1] Por riesgo direccional: el requerimiento de capital será el 15 % de la posición
neta, ya sea corta o larga, en cada producto básico.

[6.5.3.2] Por los riesgos de base, de tasa de interés y de brecha a futuro: las entida-
des financieras deberán observar un requerimiento de capital adicional del
3 % de la posición bruta (largas más cortas) en cada producto básico.",,
40,EV2F-038,pro,"¿Qué obligaciones de publicidad y de entrega de información tienen los bancos frente a los usuarios respecto de comisiones, contratos de adhesión y copia de los instrumentos suscriptos?",pro:2.4,Debe indicar la entrega en casas operativas de un detalle de productos y servicios precisando la totalidad de comisiones y cargos. | Debe mencionar la publicación en el sitio de Internet institucional de los modelos de contrato de adhesión de todos los productos y/o servicios. | Debe indicar que el acceso es por un único hipervínculo en lugar destacado de la página de inicio. | Debe mencionar la entrega de copia íntegra de los instrumentos suscriptos y la consulta y descarga del contrato por home banking.,"[2.4] Publicidad de la información.
Las entidades financieras, las empresas no financieras emisoras de tarjetas de crédito y los
otros proveedores no financieros de crédito deberán dar cumplimiento a las siguientes condi-
ciones en cuanto al acceso a la información por parte de los usuarios de servicios financieros
que revistan el carácter de consumidores finales o de micro, pequeñas y medianas empresas
(Mipyme), en este último caso de acuerdo con el TO sobre Determinación de la Condición de
Micro, Pequeña y Mediana Empresa.

[2.4.1] Todas las casas operativas de estos sujetos obligados deberán entregar a los referidos
usuarios de servicios financieros que lo soliciten un detalle con las características de los
productos y servicios que ofrecen, precisando especialmente la totalidad de las comisio-
nes y cargos asociados a ellos.
En el caso de préstamos hipotecarios en pesos ofrecidos por entidades financieras para
la compra de vivienda y que permitan aplicar esos fondos al pago de los inmuebles en
moneda extranjera a través de una operación de compraventa de títulos valores con li-
quidación en moneda extranjera (dólar MEP), se deberá informar en forma clara y preci-
sa su respectiva comisión.

[2.4.2] Exhibidos bajo el nombre “Contratos de adhesión – Ley 24.240 de Defensa del Consu-
midor”, deberán publicar en su sitio de Internet institucional los modelos de contrato de
adhesión de todos los productos y/o servicios ofrecidos –discriminando por cada moda-
lidad, plan, producto y/o servicio–, así como toda otra condición general y/o particular de
adhesión establecida mediante los que se instrumenten derechos y obligaciones vigen-
tes con sus usuarios y las promociones y bonificaciones –con indicación precisa de las
fechas de comienzo y de finalización, así como sus modalidades, condiciones y limita-
ciones–.
El acceso a la citada información deberá ser fácil y directo desde la página de inicio de
su sitio de Internet institucional a través de un único hipervínculo y ocupar un lugar des-
tacado, en cuanto a visibilidad y tamaño, en esa página.

[2.4.3] En todos los casos se deberá entregar a los usuarios de servicios financieros copia ínte-
gra de los instrumentos que suscriben al momento de solicitar productos o servicios fi-
nancieros y habilitar, a través del servicio de banca por Internet
–home banking– o, en su defecto, a través de su sitio de Internet –sujeto al cumplimiento
de procedimientos para el acceso y autenticación de los usuarios–, la consulta y descar-
ga del contrato suscripto y de las ofertas o promociones especiales que se hubieran
ofertado, pactado y que se encuentren vigentes para el usuario.

[2.4] (cierre)
En toda publicidad que realicen de sus productos y/o servicios –independientemente del medio
utilizado e incluso cuando se dirija a personas humanas que no revistan el carácter de usuarias
de servicios financieros–, los sujetos obligados deberán evitar prácticas o acciones que reflejen
o promuevan visiones estereotipadas y jerarquizantes de los géneros, androcentrismo, lengua-
je sexista, violencia mediática y/o simbólica contra mujeres y personas LGBTTIQ+. Entre otras,
deberán evitar la condescendencia masculina –conocida como mansplaining–, utilizar la ima-
gen de la mujer como mero objeto desvinculado del producto que se pretende promocionar o
asociada a comportamientos estereotipados, o reproducir mensajes homofóbicos, lesbofóbicos
y transfóbicos.",,
