id_lectura,par,chunk_id,origen_id,origen_descripcion,destino_id,destino_tipo,destino_descripcion,texto_e0_propio,texto_e0_heredado,veredicto,mal_tipado,justificacion,revision_autora
EO01,condicion_de -> Operacion,ext::7.9.1.11,Condicion_alcance_de_parametros_de_refinanciacion__hayan_permitido_alcanzar_los_parametros_a86235,Hayan permitido alcanzar los parámetros de refinanciación previstos en el punto 7.9.1.9,Operacion_pago_capital_e_intereses_titulos_deuda_registrados_49a664,Operacion,"Pago de capital e intereses de emisiones de títulos de deuda con registro público en el país, denominados y suscriptos en moneda extranjera y con servicios pagaderos en moneda extranjera en el país, cuyos fondos hayan sido liquidados en el mercado de cambios entre el 16/10/20 y el 31/12/23 y hayan permitido alcanzar los parámetros de refinanciación previstos en el punto 7.9.1.9","7.9.1.11. Pago de capital e intereses de emisiones de títulos de deuda con registro
público en el país, denominados y suscriptos en moneda extranjera y con
servicios pagaderos en moneda extranjera en el país, cuyos fondos hayan
sido liquidados en el mercado de cambios entre el 16/10/20 y el 31/12/23 y
hayan permitido alcanzar los parámetros de refinanciación previstos en el
punto 7.9.1.9.","[encabezado S7] Sección 7. Cobros de exportaciones de bienes.
[encabezado 7.9] 7.9. Operaciones financieras habilitadas para aplicar cobros de exportaciones de bienes y
[intro 7.9] servicios.
[encabezado 7.9.1] 7.9.1. La aplicación de cobros de exportaciones y servicios estará habilitada, en la medida
[intro 7.9.1] que se cumplan las condiciones consignadas en cada caso, en los siguientes casos:",correcta,,"7.9.1: «estará habilitada, en la medida que se cumplan las condiciones consignadas en cada caso»; «…y hayan permitido alcanzar los parámetros de refinanciación previstos en el punto 7.9.1.9.» es condición del pago habilitado",
EO02,condicion_de -> Operacion,ext::5.8.1,Condicion_organismo_oficial_o_privado_de_fondos_jubilatorios__que_la_transferencia_sea_efe_2f71fd,Que la transferencia sea efectuada por organismos oficiales o privados de fondos de jubilaciones y pensiones o fondos compensadores de previsión.,Operacion_cobros_y_pagos_de_jubilaciones_y_pensiones_a29bca,Operacion,"Transferencias efectuadas por organismos oficiales o privados de fondos de jubilaciones y pensiones o fondos compensadores de previsión, a personas humanas residentes en el país (compras de cambio) o en el exterior (ventas de cambio), identificando el pago a nivel de cada beneficiario.","5.8.1. Operaciones por cobros y pagos de jubilaciones y pensiones.
Deben corresponder a transferencias efectuadas por organismos oficiales o privados
de fondos de jubilaciones y pensiones o fondos compensadores de previsión, a
personas humanas residentes en el país (compras de cambio) o en el exterior (ventas
de cambio) e identificar el pago a nivel de cada beneficiario del país o del exterior.
El boleto deberá ser confeccionado a nombre de la entidad que cursa la operación.","[encabezado S5] Sección 5. Pautas operativas.
[encabezado 5.8] 5.8. Boletos globales diarios.
[intro 5.8] Las entidades podrán elaborar un boleto global diario para las situaciones que se detallan a
continuación, en la medida que se verifiquen todas las condiciones indicadas en cada caso.
En todos los casos, se deberá requerir una lista detallada de los beneficiarios/ordenantes de
los pagos comprendidos en dicho boleto, debiendo como mínimo informar respecto de ellos:
nombres y apellidos completos o denominación social (según corresponda), CUIT, CUIL o CDI
y el monto que le corresponde.",correcta,,5.8: boleto global «en la medida que se verifiquen todas las condiciones indicadas en cada caso»; «Deben corresponder a transferencias efectuadas por organismos… de jubilaciones y pensiones…» restringe la operación comprendida,
EO03,condicion_de -> Operacion,polcre::2.1.3.2,Condicion_actividad_principal_produccion_procesamiento_acopio_de_mercaderias_fungibles__su_44d25c,"Su actividad principal sea la producción, procesamiento y/o acopio de mercaderías fungibles con cotización, en moneda extranjera, normal y habitual en los mercados del exterior, de amplia difusión y fácil acceso al conocimiento público",Operacion_financiacion_de_proveedores_de_servicios_de_exportacion_71f51a,Operacion,"Operaciones que tengan por destino financiar a proveedores de servicios directamente utilizados en el proceso de exportación de bienes (tales como los que se presten en terminales portuarias, los servicios internacionales de carga y descarga, el arrendamiento de contenedores o depósitos en puerto, fletes internacionales)","2.1.3.2. Su actividad principal sea la producción, procesamiento y/o acopio de mercade-
rías fungibles con cotización, en moneda extranjera, normal y habitual en los
mercados del exterior, de amplia difusión y fácil acceso al conocimiento público,
y se constate, en el año previo al otorgamiento de la financiación, una factura-
ción total de esas mercaderías por un importe que guarde razonable relación
con esa actividad y con su financiación.
También quedan comprendidas las operaciones que tengan por destino financiar a pro-
veedores de servicios directamente utilizados en el proceso de exportación de bienes
(tales como los que se presten en terminales portuarias, los servicios internacionales de
carga y descarga, el arrendamiento de contenedores o depósitos en puerto, fletes inter-
nacionales). Ello, siempre que se verifique que el flujo de ingresos futuros vin-
culados a ventas a exportadores registre una periodicidad y magnitud tal que sea sufi-
ciente para la cancelación de las financiaciones y se constate, en el año previo al otor-
gamiento de la financiación, una facturación a exportadores por un importe que guarde
razonable relación con esa actividad y con su financiación.","[encabezado S2] Sección 2. Aplicación de la capacidad de préstamo de depósitos en moneda extranjera.
[encabezado 2.1] 2.1. Destinos.
[intro 2.1] La capacidad de préstamo de los depósitos en moneda extranjera deberá aplicarse, en la co-
rrespondiente moneda de captación, en forma indistinta, a los siguientes destinos:
[cierre 2.1] La aplicación de la capacidad de préstamo de depósitos en moneda extranjera a los destinos
vinculados a operaciones de importación (previstos en los puntos 2.1.6., 2.1.7. y la parte atri-
buible a éstos por aplicación de los puntos 2.1.8. y 2.1.9.), no podrá superar el valor que resulte
de la siguiente expresión:
C max (F / C ; 0,05)
[cierre 2.1] x
[cierre 2.1] t base base
[cierre 2.1] Siendo:
C: capacidad de préstamo del mes al que corresponda.
[cierre 2.1] t
[cierre 2.1] F : financiación de importaciones comprendidas, correspondientes al trimestre agos-
base
[cierre 2.1] to/octubre de 2008.
[cierre 2.1] C : capacidad de préstamo que corresponda al trimestre agosto/octubre de 2008.
[cierre 2.1] base
[cierre 2.1] Las financiaciones y capacidad de préstamo deberán ser computadas de acuerdo con lo esta-
blecido en el punto 2.5.
[encabezado 2.1.3] 2.1.3. Financiaciones a productores, procesadores o acopiadores de bienes, siempre que:",incorrecta,,"«Su actividad principal sea la producción, procesamiento y/o acopio…» es condición de las financiaciones a productores, procesadores o acopiadores (2.1.3); las de proveedores de servicios («También quedan comprendidas…») tienen su propia condición («siempre que se verifique que el flujo de ingresos futuros…»)",
EO04,condicion_de -> Operacion,ext::4.8.1.1,Condicion_elegibilidad_conforme_punto_4_4__que_resultaban_elegibles_de_acuerdo_con_lo_disp_4d1130,Que resultaban elegibles de acuerdo con lo dispuesto en el punto 4.4,Operacion_pago_deudas_comerciales_importacion_bienes_bopreal_3e02aa,Operacion,"Pago de deudas comerciales por importaciones de bienes con registro de ingreso aduanero hasta el 12/12/23, realizables mediante canje y/o arbitraje con fondos depositados en cuenta local originados en cobros de capital e intereses en moneda extranjera de los bonos BOPREAL, que resultaban elegibles de acuerdo con lo dispuesto en el punto 4.4","4.8.1.1. el pago de deudas comerciales por importaciones de bienes con registro de
ingreso aduanero hasta el 12/12/23, que resultaban elegibles de acuerdo con
lo dispuesto en el punto 4.4.","[encabezado S4] Sección 4. Otras disposiciones específicas.
[encabezado 4.8] 4.8. Disposiciones complementarias asociadas a los Bonos para la Reconstrucción de una
[intro 4.8] Argentina Libre (BOPREAL).
[encabezado 4.8.1] 4.8.1. Los clientes podrán, en la medida que se cumplan los requisitos aplicables, acceder al
[intro 4.8.1] mercado de cambios mediante la realización de un canje y/o arbitraje con los fondos
depositados en una cuenta local y originados en cobros de capital e intereses en
moneda extranjera de los bonos BOPREAL para concretar:
[cierre 4.8.1] También se podrán considerar comprendidos en los puntos 4.8.1.1. y 4.8.1.2. a
aquellos pagos elegibles que se cursen por el Sistema de Moneda Locales (SML) a
partir de la venta de fondos depositados en una cuenta local y originados en cobros de
capital e intereses en moneda extranjera de los bonos BOPREAL.",correcta,,«el pago de deudas comerciales por importaciones… que resultaban elegibles de acuerdo con lo dispuesto en el punto 4.4.»: la elegibilidad es condición del pago comprendido,
EO05,condicion_de -> Operacion,ext::13.5,Condicion_condicion_especial_para_fletes_de_importacion_de_bienes__en_caso_de_tratarse_una_ee7f4c,"En caso de tratarse una operación del concepto 'S30. Servicios de fletes por operaciones de importaciones de bienes' que encuadra en lo previsto en el punto 10.10.2.1., el pago debía ser concretado por el cliente a partir de la fecha que resultaba de adicionar 15 (quince) días corridos a la fecha estimada de embarque de los bienes en origen",Operacion_pago_por_cartas_de_credito_o_letras_23332b,Operacion,Acceso al mercado de cambios para cursar pagos propios por cartas de crédito o letras avaladas,"13.5. Cancelación de cartas de crédito o letras avaladas emitidas u otorgadas por entidades
financieras para garantizar importaciones de servicios.
Las entidades financieras tendrán acceso al mercado de cambios para cursar pagos propios
por cartas de crédito o letras avaladas emitidas u otorgadas para garantizar operaciones de
importaciones de servicios, en la medida que se verifique que cumplían las condiciones que
resultaban aplicables según la fecha en que se emitió u otorgó la carta de crédito o letra
avalada.
En particular, en el caso de cartas de crédito o letras avaladas emitidas u otorgadas a partir
del 13/12/23, la entidad deberá contar con la documentación que demuestre que, al
momento de la apertura o emisión, la operación garantizada correspondía a un servicio
prestado o devengado a partir del 13/12/23 y el pago garantizado debía ser concretado por
el cliente a partir de la fecha que resultaba de adicionar el plazo en días corridos que le
corresponde al servicio por el punto 13.2. más otros 15 (quince) días corridos a la fecha
estimada de prestación o devengamiento del servicio.
En caso de tratarse una operación del concepto “S30. Servicios de fletes por operaciones de
importaciones de bienes” que encuadra en lo previsto en el punto 10.10.2.1., debía ser
concretado por el cliente a partir de la fecha que resultaba de adicionar 15 (quince) días
corridos a la fecha estimada de embarque de los bienes en origen.",[encabezado S13] Sección 13. Pagos de servicios prestados por no residentes.,correcta,,«En caso de tratarse una operación del concepto “S30…”… debía ser concretado por el cliente a partir de la fecha que resultaba de adicionar 15 (quince) días corridos…»: requisito que se verifica para dar el acceso,
EO06,condicion_de -> Operacion,ext::3.6.4.3,Condicion_vida_promedio_nuevo_titulo_mayor_a_remanente__la_vida_promedio_de_los_nuevos_tit_4d607a,la vida promedio de los nuevos títulos de deuda es mayor a la vida promedio remanente del título canjeado,Operacion_precancelacion_de_intereses_en_canje_de_titulos_2b9be7,Operacion,"Precancelación de intereses que se concreta en el marco de un proceso de canje de títulos de deuda emitidos por el cliente, en el cual se entrega al acreedor un nuevo título con registro público en el país no comprendido en el punto 3.5.","3.6.4.3. Precancelación de intereses en el marco de un proceso de canje de títulos
de deuda.
i) la precancelación de intereses se concreta en el marco de un proceso
de canje de títulos de deuda emitidos por el cliente, en el cual se
entrega al acreedor un nuevo título con registro público en el país no
comprendido en el punto 3.5.
ii) el monto abonado antes del vencimiento corresponde a los intereses
devengados a la fecha de cierre del canje;
iii) la vida promedio de los nuevos títulos de deuda es mayor a la vida
promedio remanente del título canjeado; y
iv)el monto acumulado de los vencimientos de capital de los nuevos títulos
en ningún momento, hasta la fecha de vencimiento de la deuda que se
cancela, podrá superar el monto que hubieran acumulado los
vencimientos de capital del título canjeado.","[encabezado S3] Sección 3. Disposiciones específicas para los egresos por el mercado de cambios
[chapeau_seccion S3] Las entidades previamente a dar acceso al mercado de cambio por las operaciones comprendidas
en los puntos 3.1. a 3.15. –incluyendo aquellas que se concreten a través de canjes o arbitrajes–,
adicionalmente a los requisitos y condiciones específicas detalladas en cada punto, deberán
cumplimentar los requisitos complementarios que constan en el punto 3.16. que resulten aplicables.
[encabezado 3.6] 3.6. Pagos de títulos de deuda u otros valores representativos de deuda denominados y
[intro 3.6] pagaderos en moneda extranjera en el país y obligaciones en moneda extranjera entre
residentes.
[encabezado 3.6.4] 3.6.4. El acceso al mercado de cambios con anterioridad al vencimiento requerirá la
[intro 3.6.4] conformidad previa del BCRA excepto que la operación encuadre en alguna de las
siguientes situaciones y se cumplan la totalidad de las condiciones estipuladas en cada
caso:",correcta,,3.6.4: acceso anticipado sin conformidad previa si «se cumplan la totalidad de las condiciones estipuladas en cada caso»; «iii) la vida promedio de los nuevos títulos de deuda es mayor a la vida promedio remanente del título canjeado» es una de ellas,
EO07,condicion_de -> Operacion,cap::3.1.3::cierre,Condicion_incumplimiento_requisitos_debida_diligencia__cuando_no_se_cumpla_con_alguno_de_e_5e019c,cuando no se cumpla con alguno de estos requisitos de debida diligencia,Operacion_ponderacion_posicion_titulizacion_1250_ff9764,Operacion,ponderar la posición de titulización al 1250 %,"Cuando no se cumpla con alguno de estos requisitos de debida diligencia se deberá
ponderar la posición de titulización al 1250 %. De tratarse de una entidad originante, de-
berá considerarse lo dispuesto en el punto 3.1.12.","[encabezado S3] Sección 3. Capital mínimo por riesgo de crédito. Titulizaciones e inversiones en fon- dos.
[encabezado 3.1] 3.1. Tratamiento de las titulizaciones.
[encabezado 3.1.3] 3.1.3. Requisitos de debida diligencia.",correcta,"destino: «ponderar la posición de titulización al 1250 %» es una regla de cómputo, no una operación",«Cuando no se cumpla con alguno de estos requisitos de debida diligencia se deberá ponderar la posición de titulización al 1250 %.»,
EO08,condicion_de -> Operacion,ext::4.7::intro,Condicion_deuda_financiera_con_vinculadas_intereses_vencidos_hasta_31_12_24__intereses_com_74a2c9,Intereses compensatorios vencidos hasta el 31/12/24 por deudas financieras con contrapartes vinculadas,Operacion_suscripcion_de_bopreal_por_deuda_vencida_58fe7e,Operacion,Suscripción de Bonos para la Reconstrucción de una Argentina Libre (BOPREAL) por hasta la suma adeudada a la fecha de la suscripción,"contrapartes vinculadas sujetos a la conformidad previa del BCRA prevista en los puntos
3.3.3. y 3.5.6.
Los clientes podrán suscribir Bonos para la Reconstrucción de una Argentina Libre
(BOPREAL) por hasta la suma adeudada a la fecha de la suscripción por:
i) Intereses compensatorios vencidos hasta el 04/07/24 por deudas comerciales por
importaciones de bienes y servicios con contrapartes vinculadas.
ii) Intereses compensatorios vencidos hasta el 31/12/24 por deudas financieras con
contrapartes vinculadas.
iii) Capital vencido por deudas financieras con contrapartes vinculadas.
La entidad que concrete la oferta de suscripción en nombre del cliente deberá contar con la
documentación que permite avalar la existencia de la deuda, el monto adeudado a la fecha de
suscripción y verificar que:","[encabezado S4] Sección 4. Otras disposiciones específicas.
[encabezado 4.7] 4.7. Suscripción de bonos BOPREAL por parte de deudores de capital e intereses vencidos con",correcta,"origen: un tipo de deuda (objeto de la suscripción), no una condición enunciada",«Los clientes podrán suscribir… BOPREAL por hasta la suma adeudada… por: … ii) Intereses compensatorios vencidos hasta el 31/12/24 por deudas financieras con contrapartes vinculadas»: que la deuda sea de ese tipo es requisito de la suscripción,
EO09,condicion_de -> Operacion,docvig::1.2.1,Condicion_mayores_de_75_anos_al_31_12_14__mayores_de_75_anos_al_31_12_14__docvig_1_2_b797c0,Mayores de 75 años al 31.12.14,Operacion_presentacion_de_libreta_de_enrolamiento_9874e4,Operacion,Libreta de Enrolamiento como documento válido de identificación,1.2.1. Libreta de Enrolamiento.,"[encabezado S1] Sección 1. Para argentinos
[encabezado 1.2] 1.2. Mayores de 75 años al 31.12.14 y los incapaces declarados judicialmente.",correcta,"destino: la Libreta de Enrolamiento es un documento válido, no una operación",«1.2. Mayores de 75 años al 31.12.14…» / «1.2.1. Libreta de Enrolamiento.»: la edad es la condición para que ese documento sea válido,
EO10,condicion_de -> Operacion,ext::10.10.2.8,Condicion_cliente_cuenta_con_certificacion_regimenes_acceso_divisas_petroleo_gas__el_clien_26a3dd,el cliente cuenta por el equivalente al valor que abona con una 'Certificación por los regímenes de acceso a divisas para la producción incremental de petróleo y/o gas natural (Decreto 277/22)' emitida en el marco de lo dispuesto en el punto 3.17,Operacion_pago_de_capital_de_deudas_comerciales_por_importacion_bf8525,Operacion,El cliente accede para realizar un pago de capital de deudas comerciales por la importación de bienes según lo dispuesto en el punto 10.2.4,"10.10.2.8. El cliente accede para realizar un pago de capital de deudas
comerciales por la importación de bienes según lo dispuesto en el
punto 10.2.4. y el cliente cuenta por el equivalente al valor que abona
con una “Certificación por los regímenes de acceso a divisas para la
producción incremental de petróleo y/o gas natural (Decreto 277/22)”
emitida en el marco de lo dispuesto en el punto 3.17.","[encabezado S10] Sección 10. Pagos de importaciones y otras compras de bienes en el exterior.
[encabezado 10.10] 10.10. Disposiciones complementarias para importaciones de bienes que tuvieron o tendrán registro
[intro 10.10] de ingreso aduanero a partir del 13/12/23.
[encabezado 10.10.2] 10.10.2. Pagos de importaciones de bienes con registro de ingreso aduanero pendiente.
[intro 10.10.2] Las entidades podrán dar acceso al mercado de cambios para cursar pagos con
registro de ingreso aduanero pendiente por operaciones no comprendidas en el
punto 10.6.6. cuando, en adición a los restantes requisitos aplicables, se verifique
alguna de las siguientes situaciones:
[cierre 10.10.2] Se podrá considerar como importación de bienes de capital a: i) aquellas que
correspondan a bienes cuyas posiciones arancelarias se encuentren clasificadas
como BK en la Nomenclatura Común del MERCOSUR (Decreto 690/02 y
complementarias) y ii) aquellas que incluyan otros bienes en la medida que los
bienes clasificados como BK representen como mínimo el 90% (noventa por
ciento) del valor FOB total de la operación y la entidad cuente con una declaración
jurada del cliente en la cual deje constancia de que los restantes bienes son
repuestos, accesorios o materiales necesarios para el funcionamiento,
construcción o instalación de los bienes de capital que se están adquiriendo.",correcta,,«El cliente accede para realizar un pago… según lo dispuesto en el punto 10.2.4. y el cliente cuenta… con una “Certificación…(Decreto 277/22)”»: la certificación es condición del acceso,
EO11,condicion_de -> Operacion,ext::3.6.4.4,Condicion_pago_intereses_sin_liquidacion_fondos_equivalente__la_precancelacion_de_interese_52ac24,"la precancelación de intereses corresponde a los intereses devengados por la deuda refinanciada hasta la fecha de cierre de la operación de recompra y/o rescate, sin necesidad de que exista una liquidación de fondos por el monto equivalente",Operacion_pago_intereses_devengados_refinanciacion_229fe6,Operacion,pago de intereses devengados por la deuda refinanciada hasta la fecha de cierre de la operación de recompra y/o rescate,"3.6.4.4. Precancelación de capital e intereses de un título de deuda comprendido en
este punto 3.6. con la liquidación de fondos ingresados desde el exterior por
la emisión de un nuevo título de deuda comprendido en el punto 3.5.
i) la precancelación de capital sea efectuada en manera simultánea con la
liquidación de los fondos ingresados desde el exterior por la emisión de
un nuevo título de deuda comprendido en el punto 3.5. emitido en el
marco de una operación de refinanciación, recompra y/o rescate
anticipado del título de deuda.
a) el nuevo título de deuda contempla 1 (un) año de gracia para el
pago de capital y su vida promedio es al menos 2 (dos) años mayor
a la vida promedio remanente del título de deuda que se
precancela; y
b) el monto acumulado de los vencimientos de capital del nuevo
endeudamiento en ningún momento podrá superar, hasta la fecha
de vencimiento de la deuda que se cancela, el monto que hubieran
acumulado los vencimientos de capital de la deuda que se cancela.
ii) la precancelación de intereses corresponde a los intereses devengados
por la deuda refinanciada hasta la fecha de cierre de la operación de
recompra y/o rescate, sin necesidad de que exista una liquidación de
fondos por el monto equivalente;
Adicionalmente, la entidad podrá darle acceso al mercado de cambios al
cliente para:
iii) pagar en concepto de prima de recompra, de rescate anticipado o
similar hasta el equivalente del 5% (cinco por ciento) del monto del
capital del título de deuda recomprado y/o rescatado, en la medida que
el pago se concrete de manera simultánea con una liquidación de
fondos ingresados desde el exterior por el nuevo título de deuda que
exceda al monto de capital que se precancela, como mínimo, por un
monto equivalente al monto de la prima abonada.
iv)pagar a la fecha de cierre de la operación de recompra y/o rescate, sin
necesidad de que exista una liquidación de fondos por el monto
equivalente, los gastos de emisión u otros servicios prestados por no
residentes en el marco de la emisión de los nuevos títulos de deuda
emitidos y/o la operación de recompra y/o rescate.","[encabezado S3] Sección 3. Disposiciones específicas para los egresos por el mercado de cambios
[chapeau_seccion S3] Las entidades previamente a dar acceso al mercado de cambio por las operaciones comprendidas
en los puntos 3.1. a 3.15. –incluyendo aquellas que se concreten a través de canjes o arbitrajes–,
adicionalmente a los requisitos y condiciones específicas detalladas en cada punto, deberán
cumplimentar los requisitos complementarios que constan en el punto 3.16. que resulten aplicables.
[encabezado 3.6] 3.6. Pagos de títulos de deuda u otros valores representativos de deuda denominados y
[intro 3.6] pagaderos en moneda extranjera en el país y obligaciones en moneda extranjera entre
residentes.
[encabezado 3.6.4] 3.6.4. El acceso al mercado de cambios con anterioridad al vencimiento requerirá la
[intro 3.6.4] conformidad previa del BCRA excepto que la operación encuadre en alguna de las
siguientes situaciones y se cumplan la totalidad de las condiciones estipuladas en cada
caso:",incorrecta,,"origen y destino dicen lo mismo («la precancelación de intereses corresponde a los intereses devengados por la deuda refinanciada hasta la fecha de cierre…» / «pago de intereses devengados… hasta la fecha de cierre…»): la arista relaciona el inciso ii) consigo mismo, como C22 de U-ESTUDIO-MATRIZ",
EO12,condicion_de -> Operacion,ext::8.5.12,Condicion_existencia_gastos_genuinos_de_colocacion__que_los_gastos_sean_directamente_relac_bded28,"Que los gastos sean directamente relacionados con la colocación de los bienes en el exterior, que no estuvieran determinados a la fecha de embarque, y que resulten consistentes con los usos y costumbres de colocación del producto exportado en el país de destino",Operacion_imputacion_gastos_colocacion_bienes_exterior_2fd647,Operacion,"Imputación al permiso de embarque del valor de gastos directamente relacionados con la colocación de los bienes en el exterior y que no estaban determinados a la fecha de embarque, tales como gastos por promociones comerciales y descuentos debitados por el importador acorde a los usos y costumbres de colocación del producto exportado en el país de destino","8.5.12. Gastos relacionados con la colocación de los bienes en el exterior y no incorporados
en el permiso de embarque.
Por el valor de los gastos directamente relacionados con la colocación de los bienes
en el exterior y que no estaban determinados a la fecha de embarque de los bienes,
tales como gastos por promociones comerciales y descuentos debitados por el
importador acorde a los usos y costumbres de colocación del producto exportado en
el país de destino, en la medida que la entidad cuente con la declaración jurada del
exportador respecto al carácter genuino de la operación y con la documentación de la
cual surjan los montos correspondientes.
En la medida que el monto a imputar al permiso por este mecanismo supere el
equivalente a USD 25.000 (dólares estadounidenses veinticinco mil), la entidad
deberá contar con una certificación de auditor externo en la cual se deje constancia
que lo declarado por el exportador resulta consistente con la información que surge
de la revisión de los registros contables, extracontables y toda otra documentación
adicional aportada.","[encabezado S8] Sección 8. Seguimiento de las negociaciones de divisas por exportaciones de bienes
[encabezado 8.5] 8.5. Otras imputaciones admitidas en el cumplimiento del seguimiento.
[intro 8.5] La entidad podrá considerar cumplimentado parcial o totalmente el seguimiento de un permiso
de embarque cuando cuente con los elementos que le permitan considerar que la operación
se encuentra en alguna de las situaciones detalladas a continuación y se verifiquen las
condiciones previstas en cada caso.
La documentación utilizada para certificar el concepto y monto de las divisas imputado en
cada caso deberá quedar archivada en la entidad a disposición del BCRA.",correcta,,«Por el valor de los gastos directamente relacionados con la colocación de los bienes en el exterior y que no estaban determinados a la fecha de embarque…»: las características de los gastos condicionan la imputación,
EO13,condicion_de -> Operacion,ext::9.1.3,Condicion_liquidados_en_mercado_de_cambios__que_fueron_liquidados_en_el_mercado_de_cambios_84fbff,que fueron liquidados en el mercado de cambios,Operacion_anticipos_y_prefinanciaciones_de_exportacion_5d8ce2,Operacion,Anticipos y prefinanciaciones de exportaciones del exterior pendientes al 31/08/19 que fueron liquidados en el mercado de cambios y para los cuales el exportador solicite su aplicación a permisos de embarque oficializados a partir del 02/09/19,"9.1.3. Anticipos y prefinanciaciones de exportaciones del exterior pendientes al 31/08/19
que fueron liquidados en el mercado de cambios y para los cuales el exportador
solicite su aplicación a permisos de embarque oficializados a partir del 02/09/19.","[encabezado S9] Sección 9. Seguimiento de anticipos y otras financiaciones de exportación de bienes.
[encabezado 9.1] 9.1. Operaciones comprendidas.",correcta,,9.1. Operaciones comprendidas: «Anticipos y prefinanciaciones… pendientes al 31/08/19 que fueron liquidados en el mercado de cambios…»: la liquidación condiciona que la operación esté comprendida,
EO14,condicion_de -> Operacion,ext::10.5.5.2,Condicion_deudor_moroso_gestion_de_cobro_acreditada__el_importador_demuestre_en_forma_feha_6dd0d2,El importador demuestre en forma fehaciente su gestión de cobro a través de los reclamos efectuados al obligado de pago por compañías de seguro de crédito a la exportación o de entidades constituidas como agencias de recupero nacionales o del exterior contratadas por el importador. Esta alternativa solo será válida en la medida que el valor adeudado al importador por el no residente no supere el equivalente de USD 100.000.,Operacion_imputacion_de_pago_en_sepaimpo_como_gestion_de_cobro_e25208,Operacion,La entidad a cargo del seguimiento del pago realizado podrá imputarlo en el SEPAIMPO como 'gestión de cobro' cuando se dé alguna de las siguientes condiciones: (i) control de cambios en el país del exportador; (ii) insolvencia posterior del proveedor del exterior; (iii) deudor moroso.,"10.5.5.2. Operaciones en gestión de cobro por incumplimiento del proveedor.
La entidad a cargo del seguimiento del pago realizado, podrá imputarlo en
el SEPAIMPO como en “gestión de cobro” cuando se dé alguna de las
siguientes condiciones:
i) Control de cambios en el país del exportador.
El importador puede demostrar su gestión de cobro y que la falta de
ingreso obedece a que, en el país del proveedor del exterior, existen
demoras por restricciones a los giros de divisas. Lo cual será
acreditado mediante copia con legalización consular, de la normativa
que dispone dicho control cambiario.
ii) Insolvencia posterior del proveedor del exterior, no contándose con
garantías de devolución de los fondos.
En la medida que el importador argentino aporte la siguiente
documentación:
a) constancia de las publicaciones que hagan saber el inicio del
trámite falencial conforme a lo exigido por la legislación vigente en
el país en que tramite; y
b) constancia de la presentación efectuada para obtener el
reconocimiento y pago de su acreencia, certificada por la autoridad
interviniente en el proceso, conforme al procedimiento aplicable en
país donde haya debido efectuarla.
La documentación deberá estar legalizada por autoridad consular o
conforme a lo previsto por el Convenio de la Haya del 5 de octubre de
1961, cuando corresponda.
iii) Deudor moroso.
En la medida que se verifique alguna de las siguientes situaciones:
a) El importador demuestre en forma fehaciente su gestión de cobro
a través de los reclamos efectuados al obligado de pago por
compañías de seguro de crédito a la exportación o de entidades
constituidas como agencias de recupero nacionales o del exterior
contratadas por el importador a tal efecto. Esta alternativa solo
será válida en la medida que el valor adeudado al importador por
el no residente no supere el equivalente de USD 100.000 (dólares
estadounidenses cien mil); y/o
b) El importador argentino haya iniciado y mantenga acciones
judiciales contra el proveedor del exterior o contra quien
corresponda, acreditándolo con copia del escrito de iniciación de
demanda certificada por el juzgado interviniente en cuanto a su
fecha de inicio y radicación. La documentación deberá estar
legalizada por autoridad consular o conforme a lo previsto por el
Convenio de la Haya del 5 de octubre de 1961, cuando resultase
aplicable.
En todos los casos, la entidad deberá exigir, además de la documentación
señalada, una declaración jurada sobre el carácter genuino de lo
declarado, firmada por el importador o quien ejerza su representación legal
o un apoderado con facultades suficientes para asumir este compromiso en
nombre del importador.
Si el importador percibiera un monto en moneda extranjera, el mismo
deberá ser ingresado y liquidado en el mercado de cambios dentro de los
20 (veinte) días hábiles siguientes a la fecha de efectiva percepción.
En todos estos casos, la operación podrá permanecer en “gestión de
cobro” mientras se demuestre la vigencia del reclamo y de las condiciones
que explican la demora en la ejecución de la transferencia. A estos fines, la
entidad otorgará hasta cinco prórrogas sucesivas de hasta 180 (ciento
ochenta) días corridos.
Utilizados los plazos máximos con sus sucesivas renovaciones, la entidad
registrará la condición de no recupero total o parcial de los fondos en el
SEPAIMPO, dando por finalizado su seguimiento del pago. Esto es
independiente de la obligación del importador de ingresar por el mercado
de cambios dentro de los 20 (veinte) días hábiles de la fecha de cobro, todo
recupero en moneda extranjera que registre con relación a dicho pago.","[encabezado S10] Sección 10. Pagos de importaciones y otras compras de bienes en el exterior.
[encabezado 10.5] 10.5. Seguimiento de pagos de importaciones con registro de ingreso aduanero pendiente.
[intro 10.5] Todo pago de importaciones con registro de ingreso aduanero pendiente efectuado a partir del
02/09/19 estará sujeto a un seguimiento desde la fecha de acceso al mercado de cambios
hasta la fecha en que se produzca su regularización.
Se considerará regularizada la situación de estos pagos a los efectos cambiarios cuando se
demuestre ante la entidad encargada del seguimiento de ese pago, y por hasta el monto
girado, la existencia de:
[intro 10.5] i) el registro de ingreso aduanero a su nombre o a nombre de un tercero en la medida
[intro 10.5] que se cumplan las condiciones establecidas en la presente normativa; y/o
[intro 10.5] ii) la liquidación en el mercado de cambios de las divisas asociadas a la devolución del
[intro 10.5] pago efectuado; y/o
[intro 10.5] iii) otras formas de regularización previstas en la presente norma según las condiciones
[intro 10.5] y límites establecidos en cada caso; y/o
[intro 10.5] iv) la conformidad otorgada por el BCRA para dar por regularizada parte o el total de la
[intro 10.5] operación. El pedido solo podrá ser tramitado por la entidad encargada del
seguimiento del pago y deberá estar debidamente justificado por ésta.
[encabezado 10.5.5] 10.5.5. Prórrogas de plazos para la demostración del registro de ingreso aduanero.
[intro 10.5.5] Las prórrogas del plazo para la demostración del registro de ingreso aduanero de
importación serán concedidas por la entidad a cargo del seguimiento del pago
realizado sin registro de ingreso aduanero, dentro de las condiciones que establece la
presente normativa o con la previa conformidad del BCRA.
Estas prórrogas deberán ser registradas por la entidad encargada del seguimiento del
pago en el sistema SEPAIMPO.",correcta,,«podrá imputarlo en el SEPAIMPO como en “gestión de cobro” cuando se dé alguna de las siguientes condiciones: … iii) Deudor moroso… a) El importador demuestre en forma fehaciente su gestión de cobro…»,
EO15,condicion_de -> Operacion,polcre::2.1.4,Condicion_avales_o_garantias_totales_en_moneda_extranjera__cuenten_con_avales_o_garantias__bc364f,Cuenten con avales o garantías totales en moneda extranjera de dichos terceros,Operacion_financiaciones_a_productores_bienes_exportacion_984579,Operacion,"Financiaciones a productores de bienes para ser exportados, ya sea en el mismo estado o como parte integrante de otros bienes, por terceros adquirentes de ellos","2.1.4. Financiaciones a productores de bienes para ser exportados, ya sea en el mismo estado
o como parte integrante de otros bienes, por terceros adquirentes de ellos, siempre que
cuenten con avales o garantías totales en moneda extranjera de dichos terceros y/o con-
tratos de venta en firme en moneda extranjera y/o en bienes exportables.","[encabezado S2] Sección 2. Aplicación de la capacidad de préstamo de depósitos en moneda extranjera.
[encabezado 2.1] 2.1. Destinos.
[intro 2.1] La capacidad de préstamo de los depósitos en moneda extranjera deberá aplicarse, en la co-
rrespondiente moneda de captación, en forma indistinta, a los siguientes destinos:
[cierre 2.1] La aplicación de la capacidad de préstamo de depósitos en moneda extranjera a los destinos
vinculados a operaciones de importación (previstos en los puntos 2.1.6., 2.1.7. y la parte atri-
buible a éstos por aplicación de los puntos 2.1.8. y 2.1.9.), no podrá superar el valor que resulte
de la siguiente expresión:
C max (F / C ; 0,05)
[cierre 2.1] x
[cierre 2.1] t base base
[cierre 2.1] Siendo:
C: capacidad de préstamo del mes al que corresponda.
[cierre 2.1] t
[cierre 2.1] F : financiación de importaciones comprendidas, correspondientes al trimestre agos-
base
[cierre 2.1] to/octubre de 2008.
[cierre 2.1] C : capacidad de préstamo que corresponda al trimestre agosto/octubre de 2008.
[cierre 2.1] base
[cierre 2.1] Las financiaciones y capacidad de préstamo deberán ser computadas de acuerdo con lo esta-
blecido en el punto 2.5.",correcta,,«Financiaciones a productores de bienes para ser exportados… siempre que cuenten con avales o garantías totales en moneda extranjera de dichos terceros…»,
EO16,condicion_de -> Operacion,cap::6.6.3.6,Condicion_agrupamiento_subyacentes_acciones_indices__se_consideraran_como_un_mismo_subyace_2de7f9,Se considerarán como un mismo subyacente cada mercado nacional para acciones e índices bursátiles.,Operacion_calculo_de_exigencia_capital_riesgo_vega_25a414,Operacion,"Cálculo de la exigencia de capital por riesgo vega, obtenido multiplicando la suma de los coeficientes vega de todas las opciones sobre el mismo subyacente por un cambio proporcional de la volatilidad de ±25%. La exigencia total es la suma del valor absoluto de las exigencias individuales.","6.6.3.6. Las exigencias de capital para cubrir los riesgos gamma y vega se calcularán
por separado para cada posición en opciones –incluidas las posiciones para
cobertura–, en los siguientes términos:
i) El efecto gamma para cada opción:
efecto gamma = ½ gamma VU2
x
donde
VU = variación del precio del subyacente de la opción.
gamma: valor del coeficiente gamma de la opción, expresado como el
cambio en el coeficiente delta de la opción ante un cambio en 1 peso en
el precio del activo subyacente.
ii) VU se calculará de la siguiente forma:
a) Opciones sobre tasas de interés cuyo subyacente sea un bono: el valor
de mercado del subyacente se multiplicará por los ponderadores de
riesgo establecidos en el punto 6.2.2.4. Cuando el subyacente sea una
tasa de interés se empleará similar procedimiento, sobre la base de los
supuestos respecto de los cambios en los rendimientos previstos en el
punto 6.2.2.4.
b) Opciones sobre acciones, índices bursátiles, oro o monedas extranje-
ras: el valor de mercado del subyacente se multiplicará por 8 %.
iii) A los efectos del cálculo, las siguientes posiciones se considerarán como
un mismo subyacente:
a) Tasas de interés: cada banda temporal para cada tipo de moneda, se-
gún se establece en el punto 6.2.2.4.
b) Acciones e índices bursátiles: cada mercado nacional.
c) Moneda extranjera y oro: cada par de monedas que conforme la op-
ción –el oro se considerará como una moneda extranjera–.
d) Productos básicos, cada producto individual según lo previsto en el
punto 6.5.
iv) Cada opción sobre el mismo subyacente tendrá un efecto gamma que
puede ser positivo o negativo. La suma de los efectos individuales dará
como resultado un efecto gamma neto para cada subyacente, también po-
sitivo o negativo. Sólo se incluirán en el cálculo de capital los efectos
gamma netos que sean negativos.
v) La exigencia de capital total por el riesgo gamma será la suma del valor
absoluto de los efectos gamma negativos netos calculados conforme a lo
previsto precedentemente.
vi) Para el riesgo vega, la exigencia de capital se obtendrá multiplicando la
suma de los coeficientes vega de todas las opciones sobre el mismo sub-
yacente por un cambio proporcional de la volatilidad de ± 25 %.
vii) La exigencia total de capital por riesgo vega será la suma del valor absolu-
to de las exigencias de capital individual que se hayan calculado para di-
cho riesgo.","[encabezado S6] Sección 6. Capital mínimo por riesgo de mercado.
[encabezado 6.6] 6.6. Exigencia de capital por riesgo de posiciones en opciones.
[encabezado 6.6.3] 6.6.3. Método delta-plus.
[intro 6.6.3] El método delta-plus utiliza los parámetros de sensibilidad o “letras griegas” asociadas
a las opciones para determinar el equivalente delta de cada posición.
Al equivalente delta de la posición, se le aplicará la metodología estándar de los pun-
tos 6.2. a 6.4., al efecto de calcular la exigencia de capital por riesgo general de mer-
cado para las opciones, al que se agregan exigencias adicionales para la cobertura de
los riesgos gamma –que mide la tasa de cambio del coeficiente delta ante variaciones
en el precio del subyacente– y vega –que mide la sensibilidad del precio de la opción
a los cambios en la volatilidad del precio del subyacente–.
La exigencia por riesgo específico se determinará por separado, multiplicando el equi-
valente delta de cada opción por las ponderaciones de riesgo específico establecidas
en los puntos 6.2. y 6.3.",incorrecta,,"«iii) A los efectos del cálculo, las siguientes posiciones se considerarán como un mismo subyacente: … b) Acciones e índices bursátiles: cada mercado nacional»: es una regla de agrupamiento para el cálculo, no una condición del cálculo del riesgo vega",
EO17,condicion_de -> Operacion,ext::7.5.2,Condicion_posfinanciaciones_cubren_totalidad_sin_certificacion_puntos_9_3_4_y_9_3_5__en_ta_a927ae,"En tanto el exportador demuestre haber liquidado en el mercado de cambio, antes del vencimiento del plazo, posfinanciaciones de exportaciones que cubran la totalidad del monto pendiente de ingreso del permiso, sin que se verifiquen las condiciones previstas para los puntos 9.3.4. y 9.3.5. para la emisión de la correspondiente certificación de aplicación",Operacion_extension_plazo_liquidacion_divisas_posfinanciaciones_totales_091be3,Operacion,"Si el exportador demuestra haber liquidado en el mercado de cambio, antes del vencimiento del plazo, posfinanciaciones de exportaciones que cubran la totalidad del monto pendiente de ingreso del permiso, se podrá extender el plazo para la liquidación de divisas del embarque hasta la fecha en que venza el crédito de mayor plazo descontado y/o cedido por el exportador.","7.5.2. Exportaciones financiadas al comprador totalmente prefinanciadas y/o posfinanciadas
localmente o desde el exterior.
Cuando el monto pendiente de ingreso de las operaciones haya sido prefinanciado en
su totalidad y los fondos liquidados en el mercado de cambios en concepto de
prefinanciaciones de exportaciones locales y/o del exterior, se podrá extender el plazo
para la liquidación de divisas del embarque hasta la fecha de vencimiento de la
correspondiente financiación dada al comprador.
En tanto si el exportador demuestra haber liquidado en el mercado de cambio, antes
del vencimiento del plazo, posfinanciaciones de exportaciones que cubran la totalidad
del monto pendiente de ingreso del permiso, sin que se verifiquen las condiciones
previstas para los puntos 9.3.4. y 9.3.5. para la emisión de la correspondiente
certificación de aplicación, se podrá extender el plazo para la liquidación de divisas del
embarque hasta la fecha en que venza el crédito de mayor plazo descontado y/o
cedido por el exportador.
Esto último también será aplicable cuando el exportador haya prefinanciado
parcialmente la operación y demuestre haber liquidado en el mercado de cambio,
antes del vencimiento, posfinanciaciones de exportaciones que cubran el resto del
monto pendiente de ingreso.
Esta extensión del plazo también se podrá otorgar a exportaciones de bienes
comprendidas en lo dispuesto por los Decretos 492/23, 549/23, 597/23 y 28/23, en la
medida que el cliente demuestre que, durante sus respectivas vigencias y en las
condiciones estipuladas en los mencionados decretos, ingresó y liquidó divisas en el
mercado de cambios por un monto no menor al porcentaje mínimo requerido del
anticipo, prefinanciación o posfinanciación y la porción no liquidada concretó
operaciones de compraventa con títulos valores, en las cuales los títulos valores son
adquiridos con liquidación en moneda extranjera y vendidos con liquidación en moneda
local en el país.
En el caso de que la adquisición de títulos valores se haya concretado con liquidación
en el país de la moneda extranjera se deberá contar con la certificación de la entidad
que cursó la operación de canje y/o arbitraje por el ingreso de las divisas a través del
mercado de cambios.","[encabezado S7] Sección 7. Cobros de exportaciones de bienes.
[encabezado 7.5] 7.5. Ampliaciones del plazo para el ingreso y liquidación de divisas.
[intro 7.5] La entidad encargada del seguimiento del permiso podrá conceder extensiones en el plazo de
ingreso y liquidación en las siguientes circunstancias:",correcta,,«En tanto si el exportador demuestra haber liquidado en el mercado de cambio… posfinanciaciones… se podrá extender el plazo para la liquidación…»,
EO18,condicion_de -> Operacion,ext::4.6.2.3,Condicion_fondos_percibidos_en_cuenta_local_desde_01_09_19__siempre_que_el_monto_por_el_cu_25a9ea,Siempre que el monto por el cual solicita la suscripción provenga de fondos percibidos en una cuenta local a su nombre a partir del 01/09/19 por utilidades y dividendos cobrados en el país.,Operacion_suscripcion_de_bonos_bopreal_086e60,Operacion,Suscripción de Bonos para la Reconstrucción de una Argentina Libre (BOPREAL) por hasta el equivalente al monto en moneda local de las utilidades y dividendos pendientes de pago a accionistas no residentes según la distribución determinada por la asamblea de accionistas.,"4.6.2.3. Cuenta con una declaración jurada del cliente en la que deja constancia de
que:
i) el monto por el cual solicita la suscripción proviene de fondos percibidos
en una cuenta local a su nombre a partir del 01/09/19 por utilidades y
dividendos cobrados en el país, y que tales fondos no han sido remitidos
al exterior desde su fecha de cobro hasta la fecha de suscripción del
bono BOPREAL, y
ii) no ha utilizado ya este mecanismo por estos fondos cobrados en el país,
iii) toma conocimiento de que no tendrá acceso al mercado de cambios
para repatriar el equivalente de estos fondos cobrados en el país, por
los cuales suscribió bonos BOPREAL, excepto que la repatriación se
concrete a partir de un canje y/o arbitraje con los fondos depositados en
una cuenta local y originados en cobros de capital e intereses en
moneda extranjera de los bonos BOPREAL.
La declaración jurada deberá estar firmada por el cliente no residente o su
representante legal o un apoderado con facultades suficientes para asumir
este compromiso en nombre del cliente.","[encabezado S4] Sección 4. Otras disposiciones específicas.
[encabezado 4.6] 4.6. Suscripción de bonos BOPREAL por utilidades y dividendos de accionistas no residentes
[intro 4.6] pendientes de pago o ya percibidas en el país.
[encabezado 4.6.2] 4.6.2. Suscripción de bonos BOPREAL por parte de clientes no residentes por las utilidades y
[intro 4.6.2] dividendos cobrados desde el 01/09/19.
Los clientes no residentes podrán suscribir Bonos para la Reconstrucción de una
Argentina Libre (BOPREAL) por hasta el equivalente al monto en moneda local de las
utilidades y dividendos cobrados desde el 01/09/19 a partir de la distribución
determinada por la asamblea de accionistas, ajustado por el último Índice de Precios al
Consumidor (IPC) disponible a la fecha de suscripción.
La entidad que concrete la oferta de suscripción en nombre del cliente deberá verificar
los siguientes requisitos:
[cierre 4.6.2] Adicionalmente, la entidad deberá realizar un boleto de venta de cambio a nombre de
la empresa que hubiera abonado las utilidades y dividendos bajo el código ""P21.
Registro de fondos abonados en el país por utilidades y dividendos por adjudicación de
bonos BOPREAL""; consignando el valor nominal en moneda extranjera de los bonos
BOPREAL adjudicado al cliente.",duda,,"el texto (4.6.2.3) sostiene la condición para la suscripción de 4.6.2 («…por las utilidades y dividendos cobrados desde el 01/09/19»), pero el nodo de destino es un nodo fusionado (procedencias en ext 3.4, 4.4 y 4.6.2) cuya descripción guardada es la suscripción por utilidades «pendientes de pago» de otra modalidad; no alcanza para decidir",
EO19,condicion_de -> Operacion,pro::2.3.4,Condicion_especificacion_contractual_de_condiciones_modificables__en_el_contrato_deberan_e_f9823c,"En el contrato deberán encontrarse taxativamente especificadas las condiciones que pueden ser objeto de modificación, así como los parámetros o criterios objetivos para su concreción, ajustándose a lo señalado en el punto 2.3.2",Operacion_modificacion_condiciones_contratadas_61bd5f,Operacion,"La modificación de las condiciones pactadas en contratos de servicios financieros, incluyendo cambios en tasas de interés, comisiones y/o cargos","2.3.4. Cambios de condiciones pactadas.
A fin de modificar las condiciones pactadas debe darse la totalidad de las siguientes
condiciones:
i) En el contrato deberán encontrarse taxativamente especificadas las condiciones
que pueden ser objeto de modificación, así como los parámetros o criterios objeti-
vos para su concreción, ajustándose a lo señalado en el punto 2.3.2.
Los incrementos en las tasas de interés, comisiones y/o cargos, además, deben ser
justificados desde el punto de vista técnico y económico, en el marco de lo dispues-
to en el punto 2.3.2.1.
ii) La modificación no debe alterar el objeto del contrato ni importar un desmedro res-
pecto de los productos o servicios contratados.
iii) Consentimiento.
En el caso de que el sujeto obligado pretenda incorporar nuevos conceptos en cali-
dad de comisiones y/o cargos que no hubiesen sido previstos en el contrato o re-
ducir prestaciones contempladas en él, deberá previamente obtener el consenti-
miento expreso del usuario de servicios financieros.
Cuando se trate de modificaciones en los valores de comisiones y/o cargos debi-
damente aceptados por el usuario, su consentimiento al cambio podrá quedar con-
formado por la falta de objeción al mismo dentro del plazo establecido en el acápite
iv).
En los contratos de tarjeta de crédito el consentimiento a modificaciones en las
condiciones pactadas (nuevas comisiones y/o cargos) sólo puede ser dado por el ti-
tular de la cuenta.
iv) Notificaciones. Forma, plazos y efectos.
El usuario de servicios financieros debe ser notificado de las modificaciones que
aplicará el sujeto obligado con una antelación mínima de sesenta (60) días corridos
a su entrada en vigencia. Las modificaciones que resulten económicamente más
beneficiosas para el usuario –por una reducción de los valores pactados– no re-
quieren notificación anticipada.
Las notificaciones por cambios de condiciones pactadas (nuevos conceptos y/o va-
lores o reducción de prestaciones del servicio) serán en todos los casos gratuitas
para el usuario de servicios financieros. Deberán efectuarse mediante documento
escrito dirigido al domicilio real del usuario de servicios financieros –en forma sepa-
rada de cualquier otra información que remita el sujeto obligado (resúmenes de
cuenta, boletines informativos, etc.), aun cuando forme parte de la misma remesa–
o por vía electrónica en aquellos casos en que ésta fuera la forma de comunica-
ción. En este último caso, la notificación deberá ser clara, de fácil acceso para el
usuario e incluir la fecha de emisión.
En el cuerpo de estas notificaciones deberán incluirse las siguientes leyendas:
- “Usted podrá optar por rescindir el contrato en cualquier momento antes de la
entrada en vigencia del cambio y sin cargo alguno, sin perjuicio de que deberá
cumplir las obligaciones pendientes a su cargo”.
- “Usted puede consultar el “Régimen de Transparencia” elaborado por el
BCRA sobre la base de la información proporcionada por los sujetos
obligados a fin de comparar los costos, características y requisitos de
los productos y servicios financieros, ingresando a
https://www.bcra.gob.ar/regimen-de-transparencia/
Asimismo, cuando se modifique el valor de las comisiones que se detallan a con-
tinuación, el cuerpo de las notificaciones deberá exhibir un cuadro comparativo
para esos importes que será elaborado y oportunamente puesto a disposición por
la Superintendencia de Entidades Financieras y Cambiarias (SEFYC) en el sitio
https://www.bcra.gob.ar/primeras-10-entidades/ :
- Caja de ahorros: emisión de tarjetas de débito adicionales; reposición de tarje-
tas de débito por robo o extravío y uso de cajeros automáticos (fuera de casas
operativas de la entidad, de otra entidad y en el exterior).
- Tarjetas de crédito: servicio de emisión, renovación, administración o mante-
nimiento de cuenta; reposición o reimpresión de tarjeta por robo o extravío y
tarjetas adicionales.
- Específicas de la cuenta corriente: mantenimiento de cuenta y talonario de
cheques.
- Paquete destinado a beneficiarios de prestaciones de la seguridad social que
incluyan el servicio de adelanto de haberes jubilatorios.
- Servicio de mantenimiento de paquetes.","[encabezado S2] Sección 2. Derechos básicos de los usuarios de servicios financieros.
[encabezado 2.3] 2.3. Recaudos mínimos de la relación de consumo.",correcta,,«A fin de modificar las condiciones pactadas debe darse la totalidad de las siguientes condiciones: i) En el contrato deberán encontrarse taxativamente especificadas las condiciones…»,
EO20,condicion_de -> Operacion,cla::6.5.4.10,Condicion_ubicacion_muy_por_debajo_de_media_del_sector__se_encuentre_ubicado_muy_por_debaj_025739,Se encuentre ubicado muy por debajo de la media del sector con muy serios problemas para enfrentar la competencia y cuente con una tecnología que requiera urgente modernización.,Operacion_clasificacion_de_deudor_con_alto_riesgo_059d6e,Operacion,Asignación de clasificación de alto riesgo de insolvencia al cliente cuando cumple los supuestos indicados en el punto 6.5.4.,"6.5.4.10. Se encuentre ubicado muy por debajo de la media del sector con muy serios
problemas para enfrentar la competencia y cuente con una tecnología que re-
quiera urgente modernización. Se observen dificultades graves en su relación
con clientes y proveedores.","[encabezado S6] Sección 6. Clasificación de los deudores de la cartera comercial.
[encabezado 6.5] 6.5. Niveles de clasificación.
[intro 6.5] Cada cliente, y la totalidad de sus financiaciones comprendidas, se incluirá en una de las si-
guientes cinco categorías, las que se definen teniendo en cuenta las condiciones que se deta-
llan en cada caso.
Los clientes que no registren asistencia crediticia de la entidad y que posteriormente reciban fi-
nanciaciones de ésta que no superen el importe resultante de aplicar sobre el saldo de deuda
registrado en el sistema financiero, según la última información disponible en la “Central de
deudores” a la fecha de su otorgamiento, el porcentaje establecido en el punto 2.2.5. de las
normas sobre “Previsiones mínimas por riesgo de incobrabilidad” correspondiente a la peor cla-
sificación asignada, podrán ser clasificados por la entidad teniendo en cuenta únicamente el
análisis del flujo de fondos proyectado. Las asistencias así otorgadas no serán consideradas a
los fines a que se refiere el punto 6.6.
A fin de verificar el cumplimiento de las obligaciones sin recurrir a nueva financiación directa o
indirecta o a refinanciaciones, no se considerarán refinanciaciones las facilidades adicionales
que se otorguen respecto de los márgenes vigentes acordados, siempre que el nuevo apoyo
crediticio implique nuevos desembolsos de fondos y no supere el 10 % del cupo asignado en
oportunidad de la última evaluación crediticia del cliente, en la medida en que éstas sean con-
sistentes con el curso normal de los negocios y exista capacidad para atender el resto de las
obligaciones financieras, ni las nuevas financiaciones y las refinanciaciones asociadas a una
mayor inversión derivada de la expansión de las actividades, y siempre que pueda demostrarse
que el flujo de fondos proyectado permitirá afrontar la totalidad de sus obligaciones.
Tampoco se considerarán dentro de ese concepto las refinanciaciones otorgadas a los produc-
tores agropecuarios cuando ello resulte de la aplicación de disposiciones vinculadas a la Ley de
Emergencia Agropecuaria, sin perjuicio de lo cual, a los fines de la clasificación, deberá tenerse
en cuenta el flujo de fondos proyectado para el momento en que concluya la vigencia de la
emergencia declarada. El tratamiento que se dispense en ese marco no podrá implicar mejora-
miento de la clasificación asignada al cliente en función de su situación individual, preexistente
a la emergencia, ni su aplicación extenderse más allá de la vigencia fijada para ella.
[encabezado 6.5.4] 6.5.4. Con alto riesgo de insolvencia.
[intro 6.5.4] El análisis del flujo de fondos del cliente demuestra que es altamente improbable que
pueda atender la totalidad de sus compromisos financieros.
Entre los indicadores que pueden reflejar esta situación se destacan que el cliente:",correcta,,6.5.4: «Entre los indicadores que pueden reflejar esta situación se destacan que el cliente: … Se encuentre ubicado muy por debajo de la media del sector…»: indicador de la clasificación en alto riesgo de insolvencia,
EP01,condicion_de -> Potestad,ctacte::1.3.1::cierre,Condicion_aplicacion_normas_comunicacion_electronica__cuando_se_utilicen_medios_electronic_01c019,"Cuando se utilicen medios electrónicos de comunicación, se aplica lo previsto en el punto 12.10",Potestad_medios_de_presentacion_presencial_o_electronico__las_presentaciones_o_actualizac_ebcf37,Potestad,Las presentaciones o actualizaciones podrán ser realizadas presencialmente o a través de medios electrónicos de comunicación,"Las presentaciones o actualizaciones de los datos detallados en los puntos 1.3.1.1. a
1.3.1.5. y 1.3.1.7., y de la declaración jurada prevista en el punto 1.3.1.8., podrán ser
realizadas presencialmente o a través de medios electrónicos de comunicación, siendo
de aplicación en este último caso lo previsto en el punto 12.10.","[encabezado S1] Sección 1. Funcionamiento.
[encabezado 1.3] 1.3. Identificación de los titulares de cuentas corrientes y de las personas autorizadas a operar en
[encabezado 1.3.1] 1.3.1. Personas humanas (titulares, cada una de las personas a cuya orden quedará la cuenta",incorrecta,,"«…podrán ser realizadas presencialmente o a través de medios electrónicos de comunicación, siendo de aplicación en este último caso lo previsto en el punto 12.10.»: lo que depende del medio electrónico es la aplicación del 12.10, no la facultad de presentar",
EP02,condicion_de -> Potestad,ext::3.11.2.3,Condicion_acceso_dentro_de_5_dias_habiles_monto_diario_maximo_20__se_concreta_dentro_de_lo_6a1a6e,se concreta dentro de los 5 (cinco) días hábiles previos al plazo normativo admitido en cada caso por un monto diario que no supere el 20% (veinte por ciento) del monto que se cancelará,Potestad_otorgar_acceso_al_mercado_de_cambios_residentes_con_aplicacion_especifica__las_e_0f7141,Potestad,"las entidades podrán dar acceso al mercado de cambios a los residentes que deban realizar pagos de servicios de deudas financieras o de títulos valores con acceso al mercado de cambios, para la compra de moneda extranjera con anterioridad al plazo admitido por la normativa","3.11.2.3. el acceso del cliente encuadra en alguna de las siguientes situaciones:
i) se concreta dentro de los 60 (sesenta) días corridos previos a la fecha
de vencimiento por un monto diario que no supere el 10% (diez por
ciento) del monto que se cancelará; o
ii) se concreta dentro de los 5 (cinco) días hábiles previos al plazo
normativo admitido en cada caso por un monto diario que no supere el
20% (veinte por ciento) del monto que se cancelará.","[encabezado S3] Sección 3. Disposiciones específicas para los egresos por el mercado de cambios
[chapeau_seccion S3] Las entidades previamente a dar acceso al mercado de cambio por las operaciones comprendidas
en los puntos 3.1. a 3.15. –incluyendo aquellas que se concreten a través de canjes o arbitrajes–,
adicionalmente a los requisitos y condiciones específicas detalladas en cada punto, deberán
cumplimentar los requisitos complementarios que constan en el punto 3.16. que resulten aplicables.
[encabezado 3.11] 3.11. Otras compras de moneda extranjera por parte de residentes con aplicación específica.
[encabezado 3.11.2] 3.11.2. Las entidades podrán dar acceso al mercado de cambios a los residentes que deban
[intro 3.11.2] realizar pagos de servicios de deudas financieras comprendidas en el punto 3.5. o de
títulos valores con acceso al mercado de cambios en función de lo dispuesto en los
puntos 3.6.1.3. a 3.6.1.5., para la compra de moneda extranjera con anterioridad al
plazo admitido por la normativa para cada caso, en las siguientes condiciones:",correcta,,3.11.2: «podrán dar acceso… en las siguientes condiciones»; «ii) se concreta dentro de los 5 (cinco) días hábiles previos al plazo normativo… por un monto diario que no supere el 20 %…»,
EP03,condicion_de -> Potestad,ext::2.9,Condicion_operacion_concertada_en_entidad_distinta_a_la_del_cliente__en_caso_de_que_la_ope_3caa76,En caso de que la operación sea concertada en una entidad que no sea aquella en la que el cliente tiene abierta su cuenta.,Potestad_opcion_de_instrumentacion_de_fondos_transferencia_o_cheque__los_movimientos_de_f_9b7680,Potestad,"Los movimientos de fondos a la cuenta local del cliente podrán ser instrumentados mediante una transferencia directa desde una cuenta operativa de la entidad o un cheque no a la orden, emitido por la propia entidad.","2.9. Operaciones comprendidas en el artículo 3° del Decreto 616/05.
El resultado de la liquidación de cambios deberá acreditarse en una cuenta local. En caso de
que la operación sea concertada en una entidad que no sea aquella en la que el cliente tiene
abierta su cuenta, los movimientos de fondos a la cuenta local del cliente podrán ser
instrumentados mediante una transferencia directa desde una cuenta operativa de la entidad o
un cheque no a la orden, emitido por la propia entidad.
Con relación a los restantes requisitos previstos en el artículo 4° del mencionado decreto, re-
sulta aplicable lo dispuesto por la Resolución 3/15 del ex Ministerio de Hacienda y Finanzas
Públicas y la Resolución 1/17 del Ministerio de Hacienda.",[encabezado S2] Sección 2. Disposiciones específicas para los ingresos por el mercado de cambios.,correcta,,"«En caso de que la operación sea concertada en una entidad que no sea aquella en la que el cliente tiene abierta su cuenta, los movimientos de fondos… podrán ser instrumentados mediante una transferencia directa…»",
EP04,condicion_de -> Potestad,cap::3.1.13.1,Condicion_cumplimiento_de_condiciones_para_reconocimiento__se_cumplan_las_condiciones_prev_bc3e60,Se cumplan las condiciones previstas en los acápites i) y ii) precedentes (requisitos sobre activos admitidos como garantía y sobre proveedores de protección crediticia),Potestad_reconocimiento_de_cobertura_por_comprador__la_entidad_financiera_compradora_de_l_2d8c78,Potestad,"La entidad financiera compradora de la protección crediticia, sea total o proporcional, podrá reconocer la cobertura del riesgo de crédito para la posición de titulización siempre que se cumplan las condiciones previstas en los acápites i) y ii) precedentes","3.1.13.1. Cobertura total o proporcional.
Cuando una entidad provea protección crediticia total o proporcional –punto
5.4.2.– a una posición de titulización, la entidad proveedora deberá calcular
su exigencia de capital como si mantuviera directamente en su activo la parte
de la posición de titulización sobre la cual ha provisto la protección, de acuer-
do con la definición del vencimiento del tramo establecido en el punto 3.1.1.9.
La entidad financiera compradora de la protección crediticia, sea total o pro-
porcional, podrá reconocer la cobertura del riesgo de crédito para la posición
de titulización siempre que se cumplan las condiciones previstas en los acá-
pites i) y ii) precedentes.","[encabezado S3] Sección 3. Capital mínimo por riesgo de crédito. Titulizaciones e inversiones en fon- dos.
[encabezado 3.1] 3.1. Tratamiento de las titulizaciones.
[intro 3.1] Se denomina “posición de titulización” a la exposición a una titulización (o retitulización), tradi-
cional o sintética, o a una estructura con similares características.
La exposición a los riesgos de una titulización puede surgir, entre otros, de los siguientes con-
ceptos: tenencia de títulos valores emitidos en el marco de la titulización –es decir, títulos de
deuda y/o certificados de participación, tales como bonos de titulización de activos (“Asset-
Backed Securities”, ABS) y bonos de titulización hipotecaria (“Mortgage-Backed Securities”,
MBS)–, mejoras crediticias, facilidades de liquidez, “swaps” de tasa de interés o de monedas y
derivados de crédito. Las reservas (“reserve accounts”), tales como las cuentas de garantía en
efectivo, se considerarán como un activo para la entidad financiera originante, recibiendo tam-
bién el tratamiento de posiciones de titulización.
Dado que las titulizaciones pueden estructurarse de diferentes formas, la exigencia de capital
para una posición de titulización se determinará teniendo en cuenta su realidad o finalidad eco-
nómica y no su forma jurídica. En los casos en que exista incertidumbre acerca de si una de-
terminada operación debe considerarse como titulización, la entidad deberá aplicar el criterio
que estime mejor se ajusta a la realidad económica de la operación e informar a la SEFyC los
fundamentos que lo sustenten.
[encabezado 3.1.13] 3.1.13. Tratamiento de las posiciones con cobertura de riesgo admisible.
[intro 3.1.13] Al calcular la exigencia de capital, se podrá reconocer la protección crediticia recibida
respecto de una posición de titulización siempre que:
i) Se trate de alguno de los activos admitidos como garantía en los puntos 5.3.1.2. y
[intro 3.1.13] 5.3.2.2. o de garantías personales o de derivados de crédito que cumplan con los
requisitos operativos especificados en el punto 5.2.3.
Se podrán reconocer los activos dados en garantía por los SPE.
[intro 3.1.13] ii) La protección sea provista por alguna de las entidades detalladas en el punto 5.4.1.
[intro 3.1.13] No podrán reconocerse los SPE como garantes admisibles.",correcta,,«…podrá reconocer la cobertura del riesgo de crédito para la posición de titulización siempre que se cumplan las condiciones previstas en los acápites i) y ii) precedentes.»,
EP05,condicion_de -> Potestad,ext::7.5.4.2,Condicion_verificacion_errada_declaracion_destinacion_exportacion__cuando_la_entidad_haya__cd5fdd,Cuando la entidad haya verificado que la destinación de exportación fue declarada erróneamente ante la Aduana como una operación con contraparte vinculada,Potestad_extension_plazo_operaciones_contraparte_vinculada__se_podra_extender_el_plazo_ha_79369a,Potestad,Se podrá extender el plazo hasta aquel que resulte aplicable a los productos de acuerdo con el punto 7.1.1,"7.5.4.2. Cuando la entidad haya verificado que la destinación de exportación fue
declarada erróneamente ante la Aduana como una operación con
contraparte vinculada, se podrá extender el plazo hasta aquel que resulte
aplicable a los productos de acuerdo con el punto 7.1.1.","[encabezado S7] Sección 7. Cobros de exportaciones de bienes.
[encabezado 7.5] 7.5. Ampliaciones del plazo para el ingreso y liquidación de divisas.
[intro 7.5] La entidad encargada del seguimiento del permiso podrá conceder extensiones en el plazo de
ingreso y liquidación en las siguientes circunstancias:
[encabezado 7.5.4] 7.5.4. Operaciones con contrapartes vinculadas elegibles para una extensión.",correcta,,«Cuando la entidad haya verificado que la destinación de exportación fue declarada erróneamente… se podrá extender el plazo hasta aquel que resulte aplicable…»,
EP06,condicion_de -> Potestad,ext::8.5.8,Condicion_imputaciones_previas_en_permiso_original__cuando_se_hayan_imputado_cobros_de_exp_24bea7,Cuando se hayan imputado cobros de exportaciones y/o aplicaciones de divisas al permiso original por la porción faltante de bienes con mermas y/o deficiencias,Potestad_opcion_de_imputar_diferencia_en_reembarque__podra_imputarse_al_embarque_por_el_c_e5c420,Potestad,Podrá imputarse al embarque por el cual se enviaron los bienes en reemplazo del original el monto que surge de la utilización de este mecanismo de imputación de cobros previos,"8.5.8. Faltantes, mermas y deficiencias registrados en los permisos de embarque.
Por el valor que se correspondan las deducciones en el precio acordadas con el cliente
del exterior originadas en diferencias entre las cantidades o volúmenes de bienes
embarcados y los arribados a destino o en el arribo de bienes defectuosos o que no
cumplían las condiciones de calidad previstas.
En aquellos casos en que el importador original de la mercadería haya rechazado los
bienes en virtud de la existencia de deficiencias y el exportador haya revendido la
mercadería a otro comprador del exterior a un valor menor, se podrá imputar el monto
que surge de la diferencia entre el monto facturado a ambos compradores.
Si el monto total a imputar al permiso no supera el equivalente de USD 25.000
(dólares estadounidenses veinticinco mil), será suficiente que la entidad cuente con la
declaración jurada del exportador y copia certificada de la documentación
intercambiada con el importador de la cual surja el concepto y el monto no ingresado.
En caso de que el monto a imputar sea superior al valor indicado, la entidad deberá
contar con documentación adicional que le permita certificar el carácter genuino de la
operación y que el monto no ingresado corresponde a los conceptos señalados.
En caso de haberse imputado cobros de exportaciones y/o aplicaciones de divisas al
permiso original por la porción faltante de los bienes, con mermas y/o deficiencias, el
monto que surge de la utilización de este mecanismo podrá ser imputado al
embarque por el cual se enviaron los bienes en reemplazo de aquellos con
problemas.","[encabezado S8] Sección 8. Seguimiento de las negociaciones de divisas por exportaciones de bienes
[encabezado 8.5] 8.5. Otras imputaciones admitidas en el cumplimiento del seguimiento.
[intro 8.5] La entidad podrá considerar cumplimentado parcial o totalmente el seguimiento de un permiso
de embarque cuando cuente con los elementos que le permitan considerar que la operación
se encuentra en alguna de las situaciones detalladas a continuación y se verifiquen las
condiciones previstas en cada caso.
La documentación utilizada para certificar el concepto y monto de las divisas imputado en
cada caso deberá quedar archivada en la entidad a disposición del BCRA.",correcta,,«En caso de haberse imputado cobros de exportaciones y/o aplicaciones de divisas al permiso original por la porción faltante de los bienes… el monto que surge de la utilización de este mecanismo…» podrá imputarse al embarque de reemplazo,
EP07,condicion_de -> Potestad,ext::9.3.9,Condicion_condiciones_punto_9_3_1__verificacion_de_las_condiciones_indicadas_en_el_punto_9_ed6e8e,Verificación de las condiciones indicadas en el punto 9.3.1,Potestad_facultad_de_emitir_certificaciones__la_entidad_podra_emitir_las_certificaciones__e6d93d,Potestad,La entidad podrá emitir las certificaciones de aplicación de las divisas a la cancelación,"9.3.9. Títulos de deuda con registro público en el país denominados en moneda extranjera
admitidos en el punto 7.9.
La entidad podrá emitir las certificaciones de aplicación de las divisas a la
cancelación a partir del vencimiento del capital, intereses y otros conceptos
admitidos, en la medida que verifique las condiciones indicadas en el punto 9.3.1.,
constate que la cancelación tuvo lugar a partir de la fecha de vencimiento y cuente
con la documentación que verifican el cumplimiento de los requisitos establecidos en
el punto 7.9.","[encabezado S9] Sección 9. Seguimiento de anticipos y otras financiaciones de exportación de bienes.
[encabezado 9.3] 9.3. Certificaciones de aplicación de cobros de exportaciones.
[intro 9.3] A solicitud del exportador, la entidad encargada del seguimiento emitirá las certificaciones de
aplicación en la medida que se verifiquen las condiciones previstas en los puntos 9.3.1. al
9.3.13.
La entidad deberá dejar registradas las certificaciones de aplicación emitidas para cada una
de las operaciones bajo su seguimiento.",correcta,,«La entidad podrá emitir las certificaciones de aplicación… en la medida que verifique las condiciones indicadas en el punto 9.3.1.…»,
EP08,condicion_de -> Potestad,ext::8.5.22,Condicion_proyecto_en_regimen_promocion_decreto_929_13__el_cliente_posea_un_proyecto_inclu_6e094e,El cliente posea un proyecto incluido en el Régimen de Promoción de Inversión para la Explotación de Hidrocarburos establecido por el Decreto 929/13.,Potestad_aceptar_certificado_acreditacion_hidrocarburos__la_entidad_podra_considerar_cump_b98393,Potestad,La entidad podrá considerar cumplimentado el seguimiento cuando el permiso esté amparado por un Certificado DECRETO 929/13.,"8.5.22. Exportación alcanzada por los beneficios cambiarios del Régimen de Promoción de
Inversión para la Explotación de Hidrocarburos (Decreto 929/13).
A pedido de un cliente que posea un proyecto incluido en el Régimen de Promoción de
Inversión para la Explotación de Hidrocarburos establecido por el Decreto 929/13, la
entidad podrá considerar cumplimentado el seguimiento de un permiso de embarque
por la parte del permiso que se encuentre amparado por un “Certificado DECRETO
929/13” emitido a partir de lo dispuesto por la Resolución 26/23 de la Secretaría de
Energía.","[encabezado S8] Sección 8. Seguimiento de las negociaciones de divisas por exportaciones de bienes
[encabezado 8.5] 8.5. Otras imputaciones admitidas en el cumplimiento del seguimiento.
[intro 8.5] La entidad podrá considerar cumplimentado parcial o totalmente el seguimiento de un permiso
de embarque cuando cuente con los elementos que le permitan considerar que la operación
se encuentra en alguna de las situaciones detalladas a continuación y se verifiquen las
condiciones previstas en cada caso.
La documentación utilizada para certificar el concepto y monto de las divisas imputado en
cada caso deberá quedar archivada en la entidad a disposición del BCRA.",correcta,,"«A pedido de un cliente que posea un proyecto incluido en el Régimen… Decreto 929/13, la entidad podrá considerar cumplimentado el seguimiento…»",
EP09,condicion_de -> Potestad,ext::14.2.1::intro,Condicion_marco_de_puntos_3_3_3_5_3_6_y_10_3_2__en_el_marco_de_lo_dispuesto_en_los_puntos__2b95b4,"En el marco de lo dispuesto en los puntos 3.3., 3.5., 3.6. y 10.3.2.",Potestad_acceso_a_cliente_para_pago_intereses_y_capital_sin_conformidad_bcra__las_entidad_18b444,Potestad,"Las entidades podrán darle acceso al cliente para pagar, incluso antes de la fecha de vencimiento, los intereses devengados hasta la fecha de acceso que se encuentren impagos y/o el capital pendiente, sin necesidad de contar con la conformidad previa del BCRA si tal requisito estuviese vigente","corresponda, sin necesidad de contar con la conformidad previa del BCRA si tal
requisito estuviese vigente, las entidades podrán darle acceso al cliente para pagar,
incluso antes de la fecha de vencimiento, los intereses devengados hasta la fecha
de acceso que se encuentren impagos y/o el capital pendiente de:","[encabezado S14] Sección 14. Disposiciones complementarias asociadas al Régimen de Incentivo para Grandes Inversiones (RIGI).
[encabezado 14.2] 14.2. Beneficios relacionados con el acceso al mercado de cambios para operaciones de egreso.
[encabezado 14.2.1] 14.2.1. En el marco de lo dispuesto en los puntos 3.3., 3.5., 3.6. y 10.3.2., según",duda,,"«14.2.1. En el marco de lo dispuesto en los puntos 3.3., 3.5., 3.6. y 10.3.2., según corresponda… las entidades podrán darle acceso…»: «en el marco de» puede leerse como sujeción a esos puntos (condición) o como remisión al régimen; el texto no alcanza para decidir",
EP10,condicion_de -> Potestad,cap::4.3.3.1,Condicion_ccp_jurisdiccion_con_validez_liquidacion_neta__en_las_operaciones_con_ccp_radica_85b458,En las operaciones con CCP radicadas en jurisdicciones en las cuales la liquidación por saldos netos en caso de incumplimiento tenga validez legal y con independencia de si la contraparte es insolvente o se ha declarado en quiebra,Potestad_calcular_costo_reposicion_como_costo_reposicion_neto__el_costo_de_reposicion_tot_ef191a,Potestad,"El costo de reposición total de todos los contratos relevantes para determinar la exposición por operaciones podrá calcularse como un costo de reposición neto, siempre que el conjunto de operaciones compensables aplicable a dicha liquidación cumpla con los requisitos que en materia de validez legal se establecen en: i. el punto 5.3.2.5. para las SFT y ii. el acápite ii) del punto 4.2.1.1. en el caso de las operaciones con derivados","4.3.3.1. Exposiciones por operaciones de negociación.
i) Exposiciones de los miembros compensadores con las CCP.
a) La entidad financiera que actúe en carácter de miembro compensa-
dor de una CCP por operaciones propias deberá aplicar un pondera-
dor de riesgo del 2 % a sus exposiciones con la CCP originadas en
operaciones de derivados –OTC o negociados en mercados de valo-
res–, de financiación con títulos valores (SFT) y de liquidación diferi-
da. Cuando la entidad financiera preste servicios de compensación a
clientes, aplicará el ponderador de riesgo del 2 % a la exposición con
la CCP que se origina si, en caso de incumplimiento de la CCP, la
entidad financiera se viera obligada –como miembro compensador a
reembolsar al cliente toda pérdida debido al cambio de valor de sus
transacciones. El ponderador de riesgo aplicado a los activos en ga-
rantía aportados por la entidad financiera a una CCP deberá determi-
narse de acuerdo con lo establecido en los párrafos primero a tercero
del acápite iv) del presente punto.
b) La exposición debida a dichas operaciones se calculará conforme al
enfoque estandarizado para el riesgo de crédito de contraparte (SA-
CCR) establecido en el punto 4.2. para los derivados OTC o negó
ciados en mercados de valores y operaciones de liquidación diferida,
y a lo previsto en la Sección 5. para las SFT.
No se aplicará el plazo mínimo de veinte días hábiles para el cálculo
del período de riesgo de margen (MPOR) de los conjuntos de neteo
en los que se verifiquen más de 5.000 operaciones en la medida en
que no existan disputas pendientes y que dicho conjunto no contenga
garantías ilíquidas u operaciones exóticas. Idéntico criterio se aplica-
rá para la determinación del período de mantenimiento mínimo (T )
M
utilizado en el cálculo de los aforos de las SFT previsto en el punto
5.3.2.3.
En todos los casos, se utilizará un MPOR mínimo de 10 días para el
cálculo de las exposiciones a una CCP por operaciones de derivados
OTC.
Cuando la CCP reciba el margen de variación de una operación y el
activo propiedad del miembro compensador no esté protegido contra
la insolvencia de la CCP, el horizonte temporal de riesgo mínimo a
aplicar a dichas exposiciones será el menor entre 1 año y el plazo re-
sidual de la operación, con un plazo mínimo de 10 días hábiles.
c) En las operaciones con CCP radicadas en jurisdicciones en las cua-
les la liquidación por saldos netos en caso de incumplimiento tenga
validez legal y con independencia de si la contraparte es insolvente o
se ha declarado en quiebra, el costo de reposición total de todos los
contratos relevantes para determinar la exposición por operaciones
podrá calcularse como un costo de reposición neto, siempre que el
conjunto de operaciones compensables aplicable a dicha liquidación
cumpla con los requisitos que en materia de validez legal se estable-
cen en: i. el punto 5.3.2.5. para las SFT y ii. el acápite ii) del punto
4.2.1.1. en el caso de las operaciones con derivados.
En la medida en que las disposiciones antes referidas contengan la
expresión “acuerdo marco de neteo” o la frase “un contrato de neteo
con una contraparte u otro acuerdo”, deberá interpretarse que incluye
a todo acuerdo de neteo con validez legal que reconozca derechos
de compensación legalmente exigibles. Si la entidad financiera no
pudiese demostrar que los acuerdos de neteo cumplen estos reque-
rimientos, cada transacción individual se considerará como un con-
junto de neteo en sí misma a los efectos de calcular la exposición por
operaciones.
ii) Exposiciones de los miembros compensadores con sus clientes.
El miembro compensador considerará su exposición con un cliente
–incluyendo la potencial exposición al riesgo CVA– como una operación
bilateral, independientemente de que el miembro compensador garantice
la operación o actúe como un intermediario entre el cliente y la CCP. Sin
embargo, como el período de liquidación (close-out) para las operaciones
compensadas de los clientes es más corto, los miembros compensado-
res podrán calcular la exigencia por la exposición a sus
clientes aplicando un período de riesgo de margen que sea, como mí-
nimo, de 5 días. La EAD reducida se utilizará también para el cálculo
del ajuste de valuación de crédito –CVA– establecido en el punto 4.2.3.
Si un miembro compensador recibe activos en garantía por las opera-
ciones a compensar del cliente y las transfiere a la CCP, el miembro
compensador podrá reconocer esta garantía tanto para el tramo CCP-
miembro compensador como para el tramo miembro compensador-
cliente de la operación. El margen inicial aportado por los clientes al
miembro compensador mitigará su exposición respecto de sus clientes.
Similar tratamiento se aplicará a las estructuras multinivel de clientes
–entre clientes de nivel superior e inferior–.
iii) Exposiciones de los clientes.
Si la entidad financiera es cliente de un miembro compensador y realiza
una transacción en la que el miembro compensador actúa como inter-
mediario financiero –es decir, el miembro compensador realiza una
transacción con la CCP por indicación del cliente–, la exposición de la
entidad financiera hacia el miembro compensador podrá recibir el trata-
miento del acápite i) precedente, siempre que se cumplan las siguientes
condiciones:
a) La CCP identifica a las transacciones a compensar como transac-
ciones de clientes y las garantías que las amparan son mantenidas
por la CCP y/o el miembro compensador, según sea el caso, bajo
acuerdos que impiden que el cliente sufra pérdidas debido a: i. la
falta de pago o la insolvencia del miembro compensador; ii. la falta
de pago o la insolvencia de los demás clientes del miembro com-
pensador; y iii. la falta de pago o la insolvencia conjuntas del miem-
bro compensador y cualquiera de sus otros clientes. Esto implica
que, en caso de impago o insolvencia del miembro compensador,
no habrá impedimentos legales –salvo la necesidad de obtener una
orden judicial, a la cual el cliente tiene derecho– para transferir la
garantía que pertenece a los clientes de ese miembro compensador
a la CCP, a otro u otros miembros compensadores, al cliente o a
quien éste designe.
El cliente deberá haber realizado una revisión legal adecuada –y
llevar a cabo esas revisiones cuando sea necesario a fin de asegu-
rar una continua aplicabilidad– y contar con fundamentos que per-
mitan concluir que esos acuerdos serán legales, válidos, vinculan-
tes y exigibles bajo las leyes aplicables en la/s jurisdicción/es rele-
vante/s.
b) Las leyes, regulaciones y acuerdos contractuales o administrativos
aplicables hacen que sea altamente probable la portabilidad de las
transacciones. Esto es que las transacciones compensadoras reali-
zadas a través del miembro compensador en situación de impago o
insolvencia serán concluidas indirectamente a través de la CCP o por
la CCP. En tal caso, las posiciones y garantías del cliente con la CCP
serán transferidas a valor de mercado, a menos que el cliente peti-
cione cerrar las posiciones a valor de mercado.
Idénticas condiciones se deberán cumplir para que la entidad financiera
dé ese tratamiento a su exposición con una CCP por transacciones reali-
zadas en calidad de cliente en las que su cumplimiento es garantizado
por un miembro compensador y para las exposiciones de los clientes de
nivel inferior con los clientes de nivel superior en las estructuras multini-
veles, siempre que en todos los niveles de los clientes involucrados se
cumplan las dos condiciones de este acápite.
Cuando el cliente no esté protegido de sufrir pérdidas en caso de falta de
pago o insolvencia conjunta del miembro compensador y alguno de sus
clientes, pero se cumplan todas las restantes condiciones anteriormente
expuestas, la exposición del cliente con el miembro compensador o fren-
te al cliente de mayor nivel, respectivamente, recibirá un ponderador de
riesgo del 4%.
Cuando la entidad financiera sea cliente del miembro compensador y no
se cumplan estos requisitos, la exposición con el miembro compensador,
incluida –de corresponder– la exposición potencial por riesgo CVA, se
deberá tratar como una operación bilateral.
iv) Tratamiento de las garantías.
Todo activo que la entidad financiera constituya en garantía de estas
operaciones recibirá el ponderador que le corresponda de acuerdo con lo
previsto en estas normas, considerando a ese efecto qué tratamiento
–cartera de negociación o de inversión– hubiera recibido en caso de no
haber sido depositado en la CCP. Cuando los activos de un miembro
compensador o cliente se coloquen en garantía a favor de una CCP o
miembro compensador, pero de modo que no queden protegidos de su
quiebra, la entidad financiera que constituye la garantía deberá reconocer
además el riesgo de crédito que se deriva de la posibilidad de sufrir pér-
didas por la calidad crediticia de la entidad que recibe los activos en ga-
rantía. Es decir que, independientemente de la cartera a la que estén
asignados, los activos constituidos en garantía estarán sujetos también al
requisito de riesgo de crédito de contraparte (SA-CCR) establecido en el
punto 4.2., incluido el incremento por los aforos descriptos en el punto
5.3.2.3., computados de acuerdo con lo previsto en el acápite v) del pun-
to 4.2.1.1.
Cuando la entidad que reciba los activos en garantía sea la CCP, se
aplicará un ponderador del 2 % a las garantías incluidas en la definición
de exposición por operaciones. El ponderador de riesgo correspondien-
te a la CCP se aplicará a los activos o las garantías aportados para
otros fines. La garantía depositada que no esté resguardada en caso de
quiebra deberá ser considerada para el Monto Neto de Garantía Inde-
pendiente (NICA) previsto en el acápite v) del punto 4.2.1.1.
La garantía constituida por el miembro compensador –incluyendo efec-
tivo, títulos valores y otros activos constituidos como garantías, así co-
mo los excesos a los márgenes inicial o de variación– mantenida por un
custodio y protegida de la quiebra de la CCP, no está sujeta a la exi-
gencia de capital por la exposición al riesgo de crédito de contraparte
–esto es, el ponderador de riesgo o la EAD es igual a cero–. A ese efec-
to, se entiende por custodio a un fiduciario o agente que mantenga los
activos bajo un título que no le acuerde ni al custodio ni a sus acreedo-
res un derecho o participación sobre ellos y que garantice que no se
podrá obstaculizar judicialmente la devolución de los activos en caso de
quiebra o insolvencia del custodio.
La garantía constituida por un cliente, mantenida por un custodio y pro-
tegida de la quiebra de la CCP y del miembro compensador y sus otros
clientes no está sujeta a exigencia de capital por riesgo de crédito de
contraparte. Si la garantía es mantenida por la CCP y no está protegida
de su quiebra se le deberá aplicar el ponderador de riesgo del 2 % en
caso de que se cumplan las condiciones a) y b) del acápite iii), o del 4
% si se da el caso del anteúltimo párrafo del acápite iii).","[encabezado S4] Sección 4. Capital mínimo por riesgo de crédito de contraparte.
[encabezado 4.3] 4.3. Exigencia de capital por riesgo de crédito de contraparte en operaciones con entidades de
[intro 4.3] contraparte central.
Comprende a aquellas exposiciones de las entidades financieras con entidades de contrapar-
te central (CCP) que se originen en derivados OTC o negociados en mercados de valores y
en operaciones de financiación con títulos valores (“Securities Financing Transactions”, SFT)
y operaciones de liquidación diferida –definidas en el punto 4.2.–.
No están comprendidas las exposiciones originadas en operaciones al contado y que involu-
cren títulos valores, oro o moneda extranjera, cuya exigencia de capital se calculará conforme
a lo previsto en el punto 4.1.
[encabezado 4.3.3] 4.3.3. Exposiciones a entidades de contraparte central calificadas.",correcta,,«c) En las operaciones con CCP radicadas en jurisdicciones en las cuales la liquidación por saldos netos en caso de incumplimiento tenga validez legal… el costo de reposición total… podrá calcularse como un costo de reposición neto…»,
EP11,condicion_de -> Potestad,cla::6.5.3.10,Condicion_acuerdo_superior_a_2_5_veces_importe_de_referencia__en_los_casos_de_acuerdos_sup_01e6a9,"En los casos de acuerdos superiores al equivalente a 2,5 veces el importe de referencia establecido en el punto 3.7.",Potestad_reclasificacion_inicial_sujeta_a_no_objecion_sefyc__la_reclasificacion_inicial_d_042421,Potestad,La reclasificación inicial del cliente a esta categoría podrá realizarse siempre que no medie objeción por parte de la SEFyC,"6.5.3.10. Mantenga arreglos privados con la entidad financiera que cuenten con la opi-
nión del auditor externo de la entidad sobre la factibilidad del cumplimiento de
la refinanciación, cuando aún no se haya cancelado el 15 % del importe involu-
crado en el citado acuerdo y siempre que dicho acuerdo se haya alcanzado
cuando el deudor se encontraba categorizado en los niveles “con alto riesgo de
insolvencia” o “irrecuperable”.
A fin de determinar el importe de la cancelación, se admitirá computar el 50 %
de las garantías adicionales a las ofrecidas originalmente, constituidas sobre
bienes no vinculados a la explotación del deudor –con excepción de las hipote-
cas sobre inmuebles rurales que, por lo tanto, serán computables–, observando
los márgenes de cobertura establecidos en las normas sobre “Garantías”. Será
requisito indispensable, además, contar con la opinión favorable sobre la cali-
dad de las garantías, formulada por el auditor externo.
En los casos de acuerdos superiores al equivalente a 2,5 veces el importe de
referencia establecido en el punto 3.7., la reclasificación inicial del cliente a es-
ta categoría podrá realizarse siempre que no medie objeción por parte de la
SEFyC, a la cual, previamente, se deberá plantear cada situación en forma in-
dividual.","[encabezado S6] Sección 6. Clasificación de los deudores de la cartera comercial.
[encabezado 6.5] 6.5. Niveles de clasificación.
[intro 6.5] Cada cliente, y la totalidad de sus financiaciones comprendidas, se incluirá en una de las si-
guientes cinco categorías, las que se definen teniendo en cuenta las condiciones que se deta-
llan en cada caso.
Los clientes que no registren asistencia crediticia de la entidad y que posteriormente reciban fi-
nanciaciones de ésta que no superen el importe resultante de aplicar sobre el saldo de deuda
registrado en el sistema financiero, según la última información disponible en la “Central de
deudores” a la fecha de su otorgamiento, el porcentaje establecido en el punto 2.2.5. de las
normas sobre “Previsiones mínimas por riesgo de incobrabilidad” correspondiente a la peor cla-
sificación asignada, podrán ser clasificados por la entidad teniendo en cuenta únicamente el
análisis del flujo de fondos proyectado. Las asistencias así otorgadas no serán consideradas a
los fines a que se refiere el punto 6.6.
A fin de verificar el cumplimiento de las obligaciones sin recurrir a nueva financiación directa o
indirecta o a refinanciaciones, no se considerarán refinanciaciones las facilidades adicionales
que se otorguen respecto de los márgenes vigentes acordados, siempre que el nuevo apoyo
crediticio implique nuevos desembolsos de fondos y no supere el 10 % del cupo asignado en
oportunidad de la última evaluación crediticia del cliente, en la medida en que éstas sean con-
sistentes con el curso normal de los negocios y exista capacidad para atender el resto de las
obligaciones financieras, ni las nuevas financiaciones y las refinanciaciones asociadas a una
mayor inversión derivada de la expansión de las actividades, y siempre que pueda demostrarse
que el flujo de fondos proyectado permitirá afrontar la totalidad de sus obligaciones.
Tampoco se considerarán dentro de ese concepto las refinanciaciones otorgadas a los produc-
tores agropecuarios cuando ello resulte de la aplicación de disposiciones vinculadas a la Ley de
Emergencia Agropecuaria, sin perjuicio de lo cual, a los fines de la clasificación, deberá tenerse
en cuenta el flujo de fondos proyectado para el momento en que concluya la vigencia de la
emergencia declarada. El tratamiento que se dispense en ese marco no podrá implicar mejora-
miento de la clasificación asignada al cliente en función de su situación individual, preexistente
a la emergencia, ni su aplicación extenderse más allá de la vigencia fijada para ella.
[encabezado 6.5.3] 6.5.3. Con problemas.
[intro 6.5.3] El análisis del flujo de fondos del cliente demuestra que tiene problemas para atender
normalmente la totalidad de sus compromisos financieros y que, de no ser corregidos,
esos problemas pueden resultar en una pérdida para la entidad financiera.
Entre los indicadores que pueden reflejar esta situación se destacan que el cliente:",correcta,,"«En los casos de acuerdos superiores al equivalente a 2,5 veces el importe de referencia… la reclasificación inicial del cliente a esta categoría podrá realizarse siempre que no medie objeción por parte de la SEFyC…»",
EP12,condicion_de -> Potestad,ext::10.5.2,Condicion_verificacion_de_condiciones_del_punto_10_3__verificarse_las_condiciones_estipula_2da623,Verificarse las condiciones estipuladas para cada tipo de operación en el punto 10.3,Potestad_facultad_de_afectar_importaciones_sujeto_a_condiciones__la_entidad_encargada_del_6d9cc2,Potestad,La entidad encargada del seguimiento del pago podrá afectar importaciones de bienes ingresadas por Solicitud Particular o Courier no incluidas en el SEPAIMPO o las ingresadas desde zonas francas con transferencia aduanera de dominio del exportador al importador en la medida que se verifiquen las condiciones estipuladas para cada tipo de operación en el punto 10.3.,"10.5.2. Requisitos para la afectación de importaciones ingresadas por solicitud particular o
Courier no incluidas en el SEPAIMPO o ingresadas desde zonas francas con
transferencia aduanera de dominio del exportador al importador.
La entidad encargada del seguimiento del pago podrá afectar importaciones de
bienes ingresadas por Solicitud Particular o Courier no incluidas en el SEPAIMPO o
las ingresadas desde zonas francas con transferencia aduanera de dominio del
exportador al importador en la medida que se verifiquen las condiciones estipuladas
para cada tipo de operación en el punto 10.3.
La entidad deberá intervenir la documentación aduanera, dejando constancia de la
fecha, la identificación del pago con ingreso aduanero pendiente y monto afectado al
mismo.","[encabezado S10] Sección 10. Pagos de importaciones y otras compras de bienes en el exterior.
[encabezado 10.5] 10.5. Seguimiento de pagos de importaciones con registro de ingreso aduanero pendiente.
[intro 10.5] Todo pago de importaciones con registro de ingreso aduanero pendiente efectuado a partir del
02/09/19 estará sujeto a un seguimiento desde la fecha de acceso al mercado de cambios
hasta la fecha en que se produzca su regularización.
Se considerará regularizada la situación de estos pagos a los efectos cambiarios cuando se
demuestre ante la entidad encargada del seguimiento de ese pago, y por hasta el monto
girado, la existencia de:
[intro 10.5] i) el registro de ingreso aduanero a su nombre o a nombre de un tercero en la medida
[intro 10.5] que se cumplan las condiciones establecidas en la presente normativa; y/o
[intro 10.5] ii) la liquidación en el mercado de cambios de las divisas asociadas a la devolución del
[intro 10.5] pago efectuado; y/o
[intro 10.5] iii) otras formas de regularización previstas en la presente norma según las condiciones
[intro 10.5] y límites establecidos en cada caso; y/o
[intro 10.5] iv) la conformidad otorgada por el BCRA para dar por regularizada parte o el total de la
[intro 10.5] operación. El pedido solo podrá ser tramitado por la entidad encargada del
seguimiento del pago y deberá estar debidamente justificado por ésta.",correcta,,«La entidad encargada del seguimiento del pago podrá afectar importaciones… en la medida que se verifiquen las condiciones estipuladas para cada tipo de operación en el punto 10.3.»,
EP13,condicion_de -> Potestad,ext::3.15.1,Condicion_precancelacion_financiaciones_conformidad_previa_bcra__el_acceso_al_mercado_de_c_3e630e,El acceso al mercado de cambios por parte de los clientes para la precancelación de estas financiaciones requerirá la conformidad previa del BCRA,Potestad_acceso_precancelacion_lineas_credito_financiacion_precancelada_deudor__tambien_p_f17c28,Potestad,También podrán acceder para precancelar dichas líneas de crédito en la medida que la financiación otorgada por la entidad local haya sido precancelada por el deudor,"3.15.1. Cancelación de líneas de crédito del exterior aplicadas por las entidades a la
financiación de operaciones de comercio exterior.
Las entidades financieras tendrán acceso al mercado de cambios a partir del
vencimiento para la cancelación de líneas de crédito otorgadas por entidades
financieras del exterior y aplicadas a la financiación de operaciones de exportación o
importación de residentes.
La cancelación de las líneas destinadas a la financiación de operaciones de
importación de bienes y servicios quedará adicionalmente alcanzada por las
condiciones específicas previstas en los puntos 10.7. y 13.6., respectivamente.
También podrán acceder para precancelar dichas líneas de crédito en la medida que
la financiación otorgada por la entidad local haya sido precancelada por el deudor. El
acceso al mercado de cambios por parte de los clientes para la precancelación de
estas financiaciones requerirá la conformidad previa del BCRA.
La entidad deberá contar con la validación de la declaración del “Relevamiento de
activos y pasivos externos” de la entidad, en la medida que sea aplicable.","[encabezado S3] Sección 3. Disposiciones específicas para los egresos por el mercado de cambios
[chapeau_seccion S3] Las entidades previamente a dar acceso al mercado de cambio por las operaciones comprendidas
en los puntos 3.1. a 3.15. –incluyendo aquellas que se concreten a través de canjes o arbitrajes–,
adicionalmente a los requisitos y condiciones específicas detalladas en cada punto, deberán
cumplimentar los requisitos complementarios que constan en el punto 3.16. que resulten aplicables.
[encabezado 3.15] 3.15. Cancelación por parte de entidades financieras de líneas de crédito del exterior aplicadas a la
[intro 3.15] financiación de operaciones de comercio exterior y garantías financieras otorgadas.",incorrecta,,"«El acceso al mercado de cambios por parte de los clientes para la precancelación de estas financiaciones requerirá la conformidad previa del BCRA»: es un requisito del acceso de los clientes, no condición de que las entidades precancelen las líneas, que tiene la suya («en la medida que la financiación… haya sido precancelada por el deudor»)",
EP14,condicion_de -> Potestad,cla::1.2.2,Condicion_credito_con_garantias_de_tercero_para_cobro_al_vencimiento__en_la_medida_que_los_c3e2aa,en la medida que [los créditos] cuenten con garantías de terceros que permitan su cobro al vencimiento sin necesidad de la intervención del cliente en concurso,Potestad_imputacion_discrecional_creditos_a_deudor_en_concurso__a_los_fines_de_esta_clasi_390176,Potestad,a los fines de esta clasificación podrán imputarse -a opción de la entidad- al tercero constituido en principal o directo pagador o avalista o codeudor que haya renunciado al beneficio de excusión,"1.2.2. Deudores en concurso preventivo.
En el caso de deudores que hayan solicitado su concurso preventivo, los créditos que les
sean otorgados con posterioridad a ese pedido, en la medida que cuenten con garantías
de terceros que permitan su cobro al vencimiento sin necesidad de la intervención del
cliente en concurso, a los fines de esta clasificación podrán imputarse -a opción de la
entidad- al tercero constituido en principal o directo pagador o avalista o codeudor que
haya renunciado al beneficio de excusión.
Igual temperamento podrá observarse cuando se trate de créditos respecto de documen-
tos o valores cedidos por el deudor en concurso que puedan considerarse garantías pre-
feridas “A” por ser cobrables directamente del tercero responsable del documento (por
ejemplo: facturas de crédito, facturas a consumidores emitidas por empresas de servicios
públicos proveedoras de electricidad, gas, etc., cupones de tarjetas de crédito, etc.). En
los casos de deudores por servicios públicos o por tarjetas de crédito, no será obligatoria
la apertura del legajo.","[encabezado S1] Sección 1. Deudores comprendidos.
[encabezado 1.2] 1.2. Criterios especiales de imputación.",correcta,,«…los créditos… en la medida que cuenten con garantías de terceros que permitan su cobro al vencimiento… a los fines de esta clasificación podrán imputarse… al tercero…»,
EP15,condicion_de -> Potestad,ctacte::7.3.2.3,Condicion_cuenta_con_constancia_de_denuncia_como_delito__cuando_cuente_con_la_constancia_d_dbe0b6,Cuando cuente con la constancia de haber denunciado el hecho como delito en los términos del punto 7.2.3 y habiendo previamente analizado que las circunstancias del caso no ameritan mantener la suspensión,Potestad_autorizacion_para_librar_endosar_echeq_tras_cumplimiento__la_entidad_financiera__34385e,Potestad,La entidad financiera podrá autorizar al cuentacorrentista a librar y/o endosar nuevos ECHEQ cuando cuente con la constancia de denuncia y habiendo previamente analizado que las circunstancias del caso no ameritan mantener la suspensión,"7.3.2.3. Cuando el librador, el beneficiario, el endosante, o persona habilitada a obrar
en su representación, dé una orden de no pagar de un ECHEQ invocando su
adulteración –incluyendo su emisión apócrifa– resultarán de aplicación las
disposiciones sobre extravío, sustracción o adulteración previstas en el punto
7.2., debiendo adicionalmente suspenderse la posibilidad de librar nuevos
ECHEQ o endosarlos hasta dar cumplimiento a la obligación de presentar
constancia de haber denunciado el hecho como delito en los términos del
punto 7.2.3. Sólo cuando cuente con dicha constancia, y habiendo previa-
mente analizado que las circunstancias del caso no ameritan mantener la
suspensión, podrá la entidad financiera autorizar al cuentacorrentista a librar
y/o endosar nuevos ECHEQ.","[encabezado S7] Sección 7. Extravío, sustracción o adulteración de cheques y otros documentos.
[encabezado 7.3] 7.3. Obligaciones a cargo del banco.
[encabezado 7.3.2] 7.3.2. En caso de denuncia de sustracción o adulteración.",correcta,,"«Sólo cuando cuente con dicha constancia, y habiendo previamente analizado que las circunstancias del caso no ameritan mantener la suspensión, podrá la entidad financiera autorizar…»",
EP16,condicion_de -> Potestad,ext::7.9.1.1,Condicion_vida_promedio_minima_de_1_ano__en_la_medida_que_su_vida_promedio_no_sea_inferior_407db7,"En la medida que su vida promedio no sea inferior a 1 (un) año, considerando los pagos de servicios de capital e intereses.",Potestad_habilitacion_para_aplicar_cobros_exportaciones__la_aplicacion_de_cobros_de_expor_9c019e,Potestad,"La aplicación de cobros de exportaciones y servicios estará habilitada en los casos especificados, en la medida que se cumplan las condiciones consignadas.","7.9.1.1. Pago de capital e intereses de endeudamientos financieros comprendidos en
el punto 3.5. cuyos fondos hayan sido ingresados y liquidados en el mercado
de cambios a partir del 02/10/20 y destinados a la financiación de proyectos
que cumplen las condiciones previstas en el punto 7.9.2., en la medida que
su vida promedio no sea inferior a 1 (un) año, considerando los pagos de
servicios de capital e intereses.","[encabezado S7] Sección 7. Cobros de exportaciones de bienes.
[encabezado 7.9] 7.9. Operaciones financieras habilitadas para aplicar cobros de exportaciones de bienes y
[intro 7.9] servicios.
[encabezado 7.9.1] 7.9.1. La aplicación de cobros de exportaciones y servicios estará habilitada, en la medida
[intro 7.9.1] que se cumplan las condiciones consignadas en cada caso, en los siguientes casos:",correcta,,"7.9.1: «estará habilitada, en la medida que se cumplan las condiciones consignadas en cada caso»; «…en la medida que su vida promedio no sea inferior a 1 (un) año…» es una de ellas",
EP17,condicion_de -> Potestad,ext::10.5.1,Condicion_certificacion_de_cumplimiento_requisitos_punto_10_3_2_1__que_la_entidad_encargad_98a18f,Que la entidad encargada del seguimiento certifique que se cumplen los requisitos enunciados en el punto 10.3.2.1 en carácter de entidad encargada del seguimiento de la oficialización.,Potestad_potestad_de_afectar_registro_aduanero_requisitos_cumplidos__la_entidad_encargada_365949,Potestad,"La entidad encargada del seguimiento del pago podrá afectar el registro de ingreso aduanero de una oficialización de importación a la regularización de una operación a su cargo, en la medida que certifique que se cumplen los requisitos enunciados en el punto 10.3.2.1.","10.5.1. Requisitos para la afectación de oficializaciones de importación comprendidas en el
SEPAIMPO.
La entidad encargada del seguimiento del pago podrá afectar el registro de ingreso
aduanero de una oficialización de importación a la regularización de una operación a
su cargo, en la medida que certifique que se cumplen los requisitos enunciados en el
punto 10.3.2.1. en carácter de entidad encargada del seguimiento de la oficialización
o cuente con una certificación para afectación emitida por la entidad que tiene tal
responsabilidad.
Las afectaciones con imputación a un pago deberán ser incorporadas en el
SEPAIMPO por la entidad a cargo del seguimiento del pago.","[encabezado S10] Sección 10. Pagos de importaciones y otras compras de bienes en el exterior.
[encabezado 10.5] 10.5. Seguimiento de pagos de importaciones con registro de ingreso aduanero pendiente.
[intro 10.5] Todo pago de importaciones con registro de ingreso aduanero pendiente efectuado a partir del
02/09/19 estará sujeto a un seguimiento desde la fecha de acceso al mercado de cambios
hasta la fecha en que se produzca su regularización.
Se considerará regularizada la situación de estos pagos a los efectos cambiarios cuando se
demuestre ante la entidad encargada del seguimiento de ese pago, y por hasta el monto
girado, la existencia de:
[intro 10.5] i) el registro de ingreso aduanero a su nombre o a nombre de un tercero en la medida
[intro 10.5] que se cumplan las condiciones establecidas en la presente normativa; y/o
[intro 10.5] ii) la liquidación en el mercado de cambios de las divisas asociadas a la devolución del
[intro 10.5] pago efectuado; y/o
[intro 10.5] iii) otras formas de regularización previstas en la presente norma según las condiciones
[intro 10.5] y límites establecidos en cada caso; y/o
[intro 10.5] iv) la conformidad otorgada por el BCRA para dar por regularizada parte o el total de la
[intro 10.5] operación. El pedido solo podrá ser tramitado por la entidad encargada del
seguimiento del pago y deberá estar debidamente justificado por ésta.",correcta,,«La entidad encargada del seguimiento del pago podrá afectar el registro de ingreso aduanero… en la medida que certifique que se cumplen los requisitos enunciados en el punto 10.3.2.1.…»,
EP18,condicion_de -> Potestad,ext::10.5.5.1,Condicion_embarque_cuenta_con_seguro_cobertura_del_siniestro__el_embarque_cuenta_con_un_se_a933e0,el embarque cuenta con un seguro por la cobertura del siniestro de la mercadería,Potestad_prorrogas_hasta_5_180_dias_para_documentacion_aduanera__la_entidad_a_cargo_del_s_dd777b,Potestad,"La entidad a cargo del seguimiento podrá otorgar hasta cinco prórrogas sucesivas de 180 (ciento ochenta) días corridos de plazo hasta la fecha de la liquidación del seguro, cuando se cumpla con los requisitos establecidos","10.5.5.1. Mercadería siniestrada con posterioridad a la entrega del bien en la
condición de compra pactada:
La entidad a cargo del seguimiento podrá otorgar hasta cinco prórrogas
sucesivas de 180 (ciento ochenta) días corridos de plazo hasta la fecha de
la liquidación del seguro, cuando se cumpla con los siguientes requisitos:
i) la falta total o parcial de la oficialización de la documentación
aduanera se justifica en un siniestro;
ii) el embarque cuenta con un seguro por la cobertura del siniestro de la
mercadería; y
iii) se cuenta con la factura emitida por el exportador; póliza del seguro
que cubre el embarque siniestrado; documentación de transporte;
denuncia del siniestro ante la entidad aseguradora y autoridad policial
u otra documentación probatoria del siniestro.
Operada la liquidación del seguro, la documentación respectiva se
completará con:
iv) la liquidación del seguro, donde figure fecha, lugar y moneda del
pago;
v) de haberse realizado el pago en moneda extranjera, documentación
por la cual se liquidaron las divisas en el mercado de cambios. El
monto percibido en moneda extranjera por el cobro del seguro deberá
ser ingresado y liquidado en el mercado de cambios dentro de los 20
(veinte) días hábiles siguientes a la fecha de efectiva percepción; y
vi) si el siniestro fue liquidado en moneda local, copia del extracto
bancario donde figure el depósito del cheque con el cual fue cobrado
el siniestro.
En todos los casos, la entidad deberá exigir, además de la documentación
señalada, una declaración jurada sobre el carácter genuino de lo
declarado, firmada por el importador o quien ejerza su representación legal
o un apoderado con facultades suficientes para asumir este compromiso en
nombre del importador.
Utilizados los plazos máximos con sus sucesivas renovaciones, la entidad
registrará la condición de no recupero total o parcial de los fondos en el
SEPAIMPO, dando por finalizado su seguimiento del pago. Esto es
independiente de la obligación del importador de ingresar por el mercado
de cambios dentro de los 20 (veinte) días hábiles de la fecha de cobro, todo
recupero que registre en moneda extranjera con relación a dicho pago.","[encabezado S10] Sección 10. Pagos de importaciones y otras compras de bienes en el exterior.
[encabezado 10.5] 10.5. Seguimiento de pagos de importaciones con registro de ingreso aduanero pendiente.
[intro 10.5] Todo pago de importaciones con registro de ingreso aduanero pendiente efectuado a partir del
02/09/19 estará sujeto a un seguimiento desde la fecha de acceso al mercado de cambios
hasta la fecha en que se produzca su regularización.
Se considerará regularizada la situación de estos pagos a los efectos cambiarios cuando se
demuestre ante la entidad encargada del seguimiento de ese pago, y por hasta el monto
girado, la existencia de:
[intro 10.5] i) el registro de ingreso aduanero a su nombre o a nombre de un tercero en la medida
[intro 10.5] que se cumplan las condiciones establecidas en la presente normativa; y/o
[intro 10.5] ii) la liquidación en el mercado de cambios de las divisas asociadas a la devolución del
[intro 10.5] pago efectuado; y/o
[intro 10.5] iii) otras formas de regularización previstas en la presente norma según las condiciones
[intro 10.5] y límites establecidos en cada caso; y/o
[intro 10.5] iv) la conformidad otorgada por el BCRA para dar por regularizada parte o el total de la
[intro 10.5] operación. El pedido solo podrá ser tramitado por la entidad encargada del
seguimiento del pago y deberá estar debidamente justificado por ésta.
[encabezado 10.5.5] 10.5.5. Prórrogas de plazos para la demostración del registro de ingreso aduanero.
[intro 10.5.5] Las prórrogas del plazo para la demostración del registro de ingreso aduanero de
importación serán concedidas por la entidad a cargo del seguimiento del pago
realizado sin registro de ingreso aduanero, dentro de las condiciones que establece la
presente normativa o con la previa conformidad del BCRA.
Estas prórrogas deberán ser registradas por la entidad encargada del seguimiento del
pago en el sistema SEPAIMPO.",correcta,,«podrá otorgar hasta cinco prórrogas sucesivas… cuando se cumpla con los siguientes requisitos: … ii) el embarque cuenta con un seguro por la cobertura del siniestro…»,
EP19,condicion_de -> Potestad,ext::10.10.2::intro,Condicion_verificacion_de_requisitos_y_situaciones_previas__cumplimiento_de_los_restantes__03c351,Cumplimiento de los restantes requisitos aplicables y verificación de alguna de las siguientes situaciones,Potestad_acceso_al_mercado_de_cambios_para_pagos_con_registro_pendiente__las_entidades_po_0cecd3,Potestad,"Las entidades podrán dar acceso al mercado de cambios para cursar pagos con registro de ingreso aduanero pendiente por operaciones no comprendidas en el punto 10.6.6, cuando se verifique alguna de las siguientes situaciones","Las entidades podrán dar acceso al mercado de cambios para cursar pagos con
registro de ingreso aduanero pendiente por operaciones no comprendidas en el
punto 10.6.6. cuando, en adición a los restantes requisitos aplicables, se verifique
alguna de las siguientes situaciones:","[encabezado S10] Sección 10. Pagos de importaciones y otras compras de bienes en el exterior.
[encabezado 10.10] 10.10. Disposiciones complementarias para importaciones de bienes que tuvieron o tendrán registro
[encabezado 10.10.2] 10.10.2. Pagos de importaciones de bienes con registro de ingreso aduanero pendiente.",correcta,,"«Las entidades podrán dar acceso… cuando, en adición a los restantes requisitos aplicables, se verifique alguna de las siguientes situaciones:»",
EP20,condicion_de -> Potestad,ext::3.11.3.2,Condicion_endeudamientos_comprendidos_en_punto_7_9_originados_desde_fechas_especificadas___655ec7,endeudamientos comprendidos en el punto 7.9. originados a partir del 07/01/21 (únicamente originados a partir del 08/08/25 en el caso de aquellos comprendidos en el punto 7.9.1.4.),Potestad_dar_acceso_mercado_cambios_endeudamientos_y_prefinanciaciones_de_exportacion__la_bb9f6b,Potestad,"Las entidades podrán dar acceso al mercado de cambios a los residentes con endeudamientos comprendidos en el punto 7.9. originados a partir del 07/01/21 (únicamente originados a partir del 08/08/25 en el caso de aquellos comprendidos en el punto 7.9.1.4.) o prefinanciaciones de exportaciones comprendidas en el punto 7.8.5., para la compra de moneda extranjera para la constitución de las garantías en cuentas en moneda extranjera abiertas en entidades financieras locales o en el exterior –cuando se trate de un endeudamiento financiero comprendido en el punto 3.5. o las prefinanciaciones admitidas–, por los montos exigibles en los contratos de endeudamiento","3.11.3.2. las garantías acumuladas en moneda extranjera no superen el equivalente
al 125% (ciento veinticinco por ciento) de los servicios por capital e
intereses a abonar en el mes corriente y los siguientes 6 (seis) meses
calendario, de acuerdo con el cronograma de vencimientos de los servicios
acordados con los acreedores.","[encabezado S3] Sección 3. Disposiciones específicas para los egresos por el mercado de cambios
[chapeau_seccion S3] Las entidades previamente a dar acceso al mercado de cambio por las operaciones comprendidas
en los puntos 3.1. a 3.15. –incluyendo aquellas que se concreten a través de canjes o arbitrajes–,
adicionalmente a los requisitos y condiciones específicas detalladas en cada punto, deberán
cumplimentar los requisitos complementarios que constan en el punto 3.16. que resulten aplicables.
[encabezado 3.11] 3.11. Otras compras de moneda extranjera por parte de residentes con aplicación específica.
[encabezado 3.11.3] 3.11.3. Las entidades podrán dar acceso al mercado de cambios a los residentes con
[intro 3.11.3] endeudamientos comprendidos en el punto 7.9. originados a partir del 07/01/21
(únicamente originados a partir del 08/08/25 en el caso de aquellos comprendidos en
el punto 7.9.1.4.) o prefinanciaciones de exportaciones comprendidas en el punto
7.8.5., para la compra de moneda extranjera para la constitución de las garantías en
cuentas en moneda extranjera abiertas en entidades financieras locales o en el
exterior –cuando se trate de un endeudamiento financiero comprendido en el punto
3.5. o las prefinanciaciones admitidas–, por los montos exigibles en los contratos de
endeudamiento, en las siguientes condiciones:
[cierre 3.11.3] El acceso también podrá ser dado a los fideicomisos constituidos en el país para
garantizar la atención de los servicios de capital e intereses de tales endeudamientos.",correcta,,3.11.3: «podrán dar acceso… a los residentes con endeudamientos comprendidos en el punto 7.9. originados a partir del 07/01/21…»: el origen delimita a quién alcanza la potestad,
