categoria,archivo_local,url_origen,numero,fecha_descarga,fecha_documento,tamano_bytes,num_paginas,titulo_extraido,relevancia_mulc,keywords_encontradas,tiene_version_tachado_negrita
TO_actual,data/raw/01_textos_ordenados/actuales/TO_exterior_cambios_actual.pdf,https://www.bcra.gob.ar/Pdfs/Texord/t-excbio.pdf,,2026-05-07T11:26:08+00:00,2025-08-25,2735398,201,EXTERIOR Y CAMBIOS,true,,
TO_actual,data/raw/01_textos_ordenados/actuales/TO_operadores_cambio_actual.pdf,https://www.bcra.gob.ar/Pdfs/Texord/t-opecam.pdf,,2026-05-07T11:26:13+00:00,2025-03-20,1801859,32,OPERADORES DE CAMBIO,true,,
marco_legal,data/raw/00_marco_legal/Ley_19359_Regimen_Penal_Cambiario.html,https://servicios.infoleg.gob.ar/infolegInternet/anexos/25000-29999/28133/texact.htm,Ley_19359,2026-05-07T11:38:23+00:00,1991-03-31,34646,,REGIMEN PENAL CAMBIARIO,true,,
marco_legal,data/raw/00_marco_legal/Decreto_260_2002.html,https://servicios.infoleg.gob.ar/infolegInternet/anexos/70000-74999/72193/texact.htm,Decreto_260_2002,2026-05-07T11:38:23+00:00,2002-02-08,8081,,REGIMEN CAMBIARIO,true,,
marco_legal,data/raw/00_marco_legal/Decreto_609_2019.html,https://servicios.infoleg.gob.ar/infolegInternet/anexos/325000-329999/327566/norma.htm,Decreto_609_2019,2026-05-07T11:35:38+00:00,2019-09-01,11474,,InfoLEG - Ministerio de Justicia y Derechos Humanos - Argentina,true,,
marco_legal,data/raw/00_marco_legal/Ley_24144_Carta_Organica_BCRA.html,https://servicios.infoleg.gob.ar/infolegInternet/anexos/0-4999/542/texact.htm,Ley_24144,2026-05-07T11:36:20+00:00,,6986,,Ley 24,true,,
marco_legal,data/raw/00_marco_legal/Ley_24144_Carta_Organica_BCRA_texto_actualizado.html,https://servicios.infoleg.gob.ar/infolegInternet/anexos/65000-69999/66194/texact.htm,Ley_24144_texact,2026-05-07T11:37:05+00:00,,75250,,CARTA ORGANICA DEL BANCO CENTRAL DE LA REPUBLICA ARGENTINA,true,,
TO_historico_excbio,data/raw/01_textos_ordenados/historicos/TO_exterior_cambios_2024-06-02.pdf,https://www.bcra.gob.ar/pdfs/texord/texord_viejos/v-excbio_24-06-02.pdf,2024-06-02,2026-05-07T12:00:13+00:00,2024-01-26,2461831,190,EXTERIOR Y CAMBIOS,true,,
TO_historico_excbio,data/raw/01_textos_ordenados/historicos/TO_exterior_cambios_2025-02-09.pdf,https://www.bcra.gob.ar/pdfs/texord/texord_viejos/v-excbio_25-02-09.pdf,2025-02-09,2026-05-07T12:00:23+00:00,2024-06-03,3098516,210,EXTERIOR Y CAMBIOS,true,,
TO_historico_excbio,data/raw/01_textos_ordenados/historicos/TO_exterior_cambios_2024-01-25.pdf,https://www.bcra.gob.ar/pdfs/texord/texord_viejos/v-excbio_24-01-25.pdf,2024-01-25,2026-05-07T12:00:31+00:00,2023-12-07,2253460,236,EXTERIOR Y CAMBIOS,true,,
TO_historico_excbio,data/raw/01_textos_ordenados/historicos/TO_exterior_cambios_2022-05-04.pdf,https://www.bcra.gob.ar/pdfs/texord/texord_viejos/v-excbio_22-05-04.pdf,2022-05-04,2026-05-07T12:00:40+00:00,2022-04-12,2404073,151,EXTERIOR Y CAMBIOS,true,,
TO_historico_excbio,data/raw/01_textos_ordenados/historicos/TO_exterior_cambios_2021-12-15.pdf,https://www.bcra.gob.ar/pdfs/texord/texord_viejos/v-excbio_21-12-15.pdf,2021-12-15,2026-05-07T12:00:56+00:00,2021-06-24,2572434,137,EXTERIOR Y CAMBIOS,true,,
TO_historico_excbio,data/raw/01_textos_ordenados/historicos/TO_exterior_cambios_2019-01-24.pdf,https://www.bcra.gob.ar/pdfs/texord/texord_viejos/v-excbio_19-01-24.pdf,2019-01-24,2026-05-07T12:01:02+00:00,2018-03-06,398988,17,EXTERIOR Y CAMBIOS,true,,
TO_historico_excbio,data/raw/01_textos_ordenados/historicos/TO_exterior_cambios_2017-11-09.pdf,https://www.bcra.gob.ar/pdfs/texord/texord_viejos/v-excbio_17-11-09.pdf,2017-11-09,2026-05-07T12:23:25+00:00,2017-08-30,513272,46,EXTERIOR Y CAMBIOS,true,,
TO_historico_excbio,data/raw/01_textos_ordenados/historicos/TO_exterior_cambios_2017-11-30.pdf,https://www.bcra.gob.ar/pdfs/texord/texord_viejos/v-excbio_17-11-30.pdf,2017-11-30,2026-05-07T12:24:59+00:00,2017-11-10,374023,17,EXTERIOR Y CAMBIOS,true,,
TO_historico_excbio,data/raw/01_textos_ordenados/historicos/TO_exterior_cambios_2018-01-18.pdf,https://www.bcra.gob.ar/pdfs/texord/texord_viejos/v-excbio_18-01-18.pdf,2018-01-18,2026-05-07T12:28:34+00:00,2017-12-01,395872,17,EXTERIOR Y CAMBIOS,true,,
TO_historico_excbio,data/raw/01_textos_ordenados/historicos/TO_exterior_cambios_2018-01-25.pdf,https://www.bcra.gob.ar/pdfs/texord/texord_viejos/v-excbio_18-01-25.pdf,2018-01-25,2026-05-07T12:29:05+00:00,2018-01-19,374648,17,EXTERIOR Y CAMBIOS,true,,
TO_historico_excbio,data/raw/01_textos_ordenados/historicos/TO_exterior_cambios_2018-03-05.pdf,https://www.bcra.gob.ar/pdfs/texord/texord_viejos/v-excbio_18-03-05.pdf,2018-03-05,2026-05-07T12:47:05+00:00,2018-01-26,399271,17,EXTERIOR Y CAMBIOS,true,,
comunicacion_A,data/raw/02_comunicaciones_A/A6770_2019_ano_de_la_exportacion.pdf,https://www.bcra.gob.ar/archivos/Pdfs/comytexord/A6770.pdf,A6770,2026-05-07T12:57:51+00:00,2019-09-01,523188,4,“2019 - AÑO DE LA EXPORTACIÓN”,true,exterior y cambios; mercado de cambios; operadores de cambio; exportaciones de bienes + liquidacion; importaciones de bienes + pago,
comunicacion_A,data/raw/02_comunicaciones_A/A6773_2019_ano_de_la_exportacion.pdf,https://www.bcra.gob.ar/archivos/Pdfs/comytexord/A6773.pdf,A6773,2026-05-07T12:58:13+00:00,2019-09-02,338397,14,“2019 - AÑO DE LA EXPORTACIÓN”,true,casas de cambio; posicion general de cambios; importaciones de bienes + pago,
comunicacion_A,data/raw/02_comunicaciones_A/A6776_2019_ano_de_la_exportacion.pdf,https://www.bcra.gob.ar/archivos/Pdfs/comytexord/A6776.pdf,A6776,2026-05-07T12:58:34+00:00,2019-09-05,358028,2,“2019 - AÑO DE LA EXPORTACIÓN”,true,exterior y cambios; operadores de cambio,
comunicacion_A,data/raw/02_comunicaciones_A/A6780_2019_ano_de_la_exportacion.pdf,https://www.bcra.gob.ar/archivos/Pdfs/comytexord/A6780.pdf,A6780,2026-05-07T12:59:02+00:00,2019-09-11,86378,3,“2019 - AÑO DE LA EXPORTACIÓN”,true,exterior y cambios; mercado de cambios; operadores de cambio,
comunicacion_A,data/raw/02_comunicaciones_A/A6781_2019_ano_de_la_exportacion.pdf,https://www.bcra.gob.ar/archivos/Pdfs/comytexord/A6781.pdf,A6781,2026-05-07T12:59:06+00:00,2019-09-13,539696,24,“2019 - AÑO DE LA EXPORTACIÓN”,true,exportaciones de bienes + liquidacion,
comunicacion_A,data/raw/02_comunicaciones_A/A6782_2019_ano_de_la_exportacion.pdf,https://www.bcra.gob.ar/archivos/Pdfs/comytexord/A6782.pdf,A6782,2026-05-07T12:59:07+00:00,2019-09-16,46122,1,“2019 - AÑO DE LA EXPORTACIÓN”,true,exterior y cambios; operadores de cambio,
comunicacion_A,data/raw/02_comunicaciones_A/A6787_2019_ano_de_la_exportacion.pdf,https://www.bcra.gob.ar/archivos/Pdfs/comytexord/A6787.pdf,A6787,2026-05-07T12:59:49+00:00,2019-09-19,64960,2,“2019 - AÑO DE LA EXPORTACIÓN”,true,exterior y cambios; mercado de cambios; operadores de cambio,
comunicacion_A,data/raw/02_comunicaciones_A/A6788_2019_ano_de_la_exportacion.pdf,https://www.bcra.gob.ar/archivos/Pdfs/comytexord/A6788.pdf,A6788,2026-05-07T12:59:51+00:00,2019-09-19,546460,25,“2019 - AÑO DE LA EXPORTACIÓN”,true,exterior y cambios; mercado de cambios; casas de cambio; exportaciones de bienes + liquidacion; importaciones de bienes + pago,
comunicacion_A,data/raw/02_comunicaciones_A/A6792_2019_ano_de_la_exportacion.pdf,https://www.bcra.gob.ar/archivos/Pdfs/comytexord/A6792.pdf,A6792,2026-05-07T13:00:22+00:00,2019-09-24,63860,2,“2019 - AÑO DE LA EXPORTACIÓN”,true,exterior y cambios; mercado de cambios; operadores de cambio,
comunicacion_A,data/raw/02_comunicaciones_A/A6793_2019_ano_de_la_exportacion.pdf,https://www.bcra.gob.ar/archivos/Pdfs/comytexord/A6793.pdf,A6793,2026-05-07T13:00:24+00:00,2019-09-26,103356,3,“2019 - AÑO DE LA EXPORTACIÓN”,true,operadores de cambio,
comunicacion_A,data/raw/02_comunicaciones_A/A6796_2019_ano_de_la_exportacion.pdf,https://www.bcra.gob.ar/archivos/Pdfs/comytexord/A6796.pdf,A6796,2026-05-07T13:00:45+00:00,2019-09-27,66989,2,“2019 - AÑO DE LA EXPORTACIÓN”,true,exterior y cambios; mercado de cambios; operadores de cambio,
comunicacion_A,data/raw/02_comunicaciones_A/A6797_2019_ano_de_la_exportacion.pdf,https://www.bcra.gob.ar/archivos/Pdfs/comytexord/A6797.pdf,A6797,2026-05-07T13:00:47+00:00,2019-09-30,103443,3,“2019 - AÑO DE LA EXPORTACIÓN”,true,operadores de cambio,
comunicacion_A,data/raw/02_comunicaciones_A/A6799_2019_ano_de_la_exportacion.pdf,https://www.bcra.gob.ar/archivos/Pdfs/comytexord/A6799.pdf,A6799,2026-05-07T13:00:58+00:00,2019-09-30,47331,1,“2019 - AÑO DE LA EXPORTACIÓN”,true,exterior y cambios; operadores de cambio,
comunicacion_A,data/raw/02_comunicaciones_A/A6804_2019_ano_de_la_exportacion.pdf,https://www.bcra.gob.ar/archivos/Pdfs/comytexord/A6804.pdf,A6804,2026-05-07T13:01:36+00:00,2019-10-03,47363,1,“2019 - AÑO DE LA EXPORTACIÓN”,true,exterior y cambios; mercado de cambios; operadores de cambio,
comunicacion_A,data/raw/02_comunicaciones_A/A6805_2019_ano_de_la_exportacion.pdf,https://www.bcra.gob.ar/archivos/Pdfs/comytexord/A6805.pdf,A6805,2026-05-07T13:01:38+00:00,2019-10-03,66088,2,“2019 - AÑO DE LA EXPORTACIÓN”,true,exterior y cambios; casas de cambio,
comunicacion_A,data/raw/02_comunicaciones_A/A6807_2019_ano_de_la_exportacion.pdf,https://www.bcra.gob.ar/archivos/Pdfs/comytexord/A6807.pdf,A6807,2026-05-07T13:01:50+00:00,2019-10-04,122455,4,“2019 - AÑO DE LA EXPORTACIÓN”,true,operadores de cambio,
comunicacion_A,data/raw/02_comunicaciones_A/A6808_2019_ano_de_la_exportacion.pdf,https://www.bcra.gob.ar/archivos/Pdfs/comytexord/A6808.pdf,A6808,2026-05-07T13:01:54+00:00,2019-10-04,477545,22,“2019 - AÑO DE LA EXPORTACIÓN”,true,casas de cambio; secoexpo,
comunicacion_A,data/raw/02_comunicaciones_A/A6809_2019_ano_de_la_exportacion.pdf,https://www.bcra.gob.ar/archivos/Pdfs/comytexord/A6809.pdf,A6809,2026-05-07T13:01:55+00:00,2019-10-07,204689,7,“2019 - AÑO DE LA EXPORTACIÓN”,true,casas de cambio,
comunicacion_A,data/raw/02_comunicaciones_A/A6810_2019_ano_de_la_exportacion.pdf,https://www.bcra.gob.ar/archivos/Pdfs/comytexord/A6810.pdf,A6810,2026-05-07T13:01:59+00:00,2019-10-07,616270,29,“2019 - AÑO DE LA EXPORTACIÓN”,true,casas de cambio; secoexpo; exportaciones de bienes + liquidacion,
comunicacion_A,data/raw/02_comunicaciones_A/A6811_2019_ano_de_la_exportacion.pdf,https://www.bcra.gob.ar/archivos/Pdfs/comytexord/A6811.pdf,A6811,2026-05-07T13:02:01+00:00,2019-10-08,344107,15,“2019 - AÑO DE LA EXPORTACIÓN”,true,operadores de cambio; posicion general de cambios; boleto de cambio; importaciones de bienes + pago,
comunicacion_A,data/raw/02_comunicaciones_A/A6812_2019_ano_de_la_exportacion.pdf,https://www.bcra.gob.ar/archivos/Pdfs/comytexord/A6812.pdf,A6812,2026-05-07T13:02:04+00:00,2019-10-09,429702,18,“2019 - AÑO DE LA EXPORTACIÓN”,true,mercado de cambios; operadores de cambio,
comunicacion_A,data/raw/02_comunicaciones_A/A6814_2019_ano_de_la_exportacion.pdf,https://www.bcra.gob.ar/archivos/Pdfs/comytexord/A6814.pdf,A6814,2026-05-07T13:02:14+00:00,2019-10-17,68246,2,“2019 - AÑO DE LA EXPORTACIÓN”,true,exterior y cambios; mercado de cambios; operadores de cambio,
comunicacion_A,data/raw/02_comunicaciones_A/A6815_2019_ano_de_la_exportacion.pdf,https://www.bcra.gob.ar/archivos/Pdfs/comytexord/A6815.pdf,A6815,2026-05-07T13:02:16+00:00,2019-10-28,87058,3,“2019 - AÑO DE LA EXPORTACIÓN”,true,exterior y cambios; mercado de cambios; operadores de cambio,
comunicacion_A,data/raw/02_comunicaciones_A/A6818_2019_ano_de_la_exportacion.pdf,https://www.bcra.gob.ar/archivos/Pdfs/comytexord/A6818.pdf,A6818,2026-05-07T13:02:38+00:00,2019-10-28,503622,25,“2019 - AÑO DE LA EXPORTACIÓN”,true,exterior y cambios; mercado de cambios; casas de cambio; sepaimpo; boleto de cambio; importaciones de bienes + pago,
comunicacion_A,data/raw/02_comunicaciones_A/A6820_2019_ano_de_la_exportacion.pdf,https://www.bcra.gob.ar/archivos/Pdfs/comytexord/A6820.pdf,A6820,2026-05-07T13:02:48+00:00,2019-10-28,161413,6,“2019 - AÑO DE LA EXPORTACIÓN”,true,operadores de cambio; secoexpo,
comunicacion_A,data/raw/02_comunicaciones_A/A6821_2019_ano_de_la_exportacion.pdf,https://www.bcra.gob.ar/archivos/Pdfs/comytexord/A6821.pdf,A6821,2026-05-07T13:02:51+00:00,2019-10-31,298457,13,“2019 - AÑO DE LA EXPORTACIÓN”,true,casas de cambio,
comunicacion_A,data/raw/02_comunicaciones_A/A6822_2019_ano_de_la_exportacion.pdf,https://www.bcra.gob.ar/archivos/Pdfs/comytexord/A6822.pdf,A6822,2026-05-07T13:02:55+00:00,2019-10-31,861105,41,“2019 - AÑO DE LA EXPORTACIÓN”,true,casas de cambio,
comunicacion_A,data/raw/02_comunicaciones_A/A6823_2019_ano_de_la_exportacion.pdf,https://www.bcra.gob.ar/archivos/Pdfs/comytexord/A6823.pdf,A6823,2026-05-07T13:02:56+00:00,2019-10-31,47014,1,“2019 - AÑO DE LA EXPORTACIÓN”,true,exterior y cambios; mercado de cambios; operaciones cambiarias; casas de cambio,
comunicacion_A,data/raw/02_comunicaciones_A/A6824_2019_ano_de_la_exportacion.pdf,https://www.bcra.gob.ar/archivos/Pdfs/comytexord/A6824.pdf,A6824,2026-05-07T13:02:58+00:00,2019-11-04,83767,2,“2019 - AÑO DE LA EXPORTACIÓN”,true,operadores de cambio,
comunicacion_A,data/raw/02_comunicaciones_A/A6825_2019_ano_de_la_exportacion.pdf,https://www.bcra.gob.ar/archivos/Pdfs/comytexord/A6825.pdf,A6825,2026-05-07T13:03:00+00:00,2019-11-07,85258,3,“2019 - AÑO DE LA EXPORTACIÓN”,true,exterior y cambios; mercado de cambios; operadores de cambio; importaciones de bienes + pago,
comunicacion_A,data/raw/02_comunicaciones_A/A6826_2019_ano_de_la_exportacion.pdf,https://www.bcra.gob.ar/archivos/Pdfs/comytexord/A6826.pdf,A6826,2026-05-07T13:03:02+00:00,2019-11-12,266904,11,“2019 - AÑO DE LA EXPORTACIÓN”,true,operadores de cambio; boleto de cambio; importaciones de bienes + pago,
comunicacion_A,data/raw/02_comunicaciones_A/A6828_2019_ano_de_la_exportacion.pdf,https://www.bcra.gob.ar/archivos/Pdfs/comytexord/A6828.pdf,A6828,2026-05-07T13:03:13+00:00,2019-11-13,141778,4,“2019 - AÑO DE LA EXPORTACIÓN”,true,operadores de cambio,
comunicacion_A,data/raw/02_comunicaciones_A/A6829_2019_ano_de_la_exportacion.pdf,https://www.bcra.gob.ar/archivos/Pdfs/comytexord/A6829.pdf,A6829,2026-05-07T13:03:15+00:00,2019-11-14,46313,1,“2019 - AÑO DE LA EXPORTACIÓN”,true,exterior y cambios; operadores de cambio,
comunicacion_A,data/raw/02_comunicaciones_A/A6832_2019_ano_de_la_exportacion.pdf,https://www.bcra.gob.ar/archivos/Pdfs/comytexord/A6832.pdf,A6832,2026-05-07T13:03:37+00:00,2019-11-15,366362,28,“2019 - AÑO DE LA EXPORTACIÓN”,true,casas de cambio,
comunicacion_A,data/raw/02_comunicaciones_A/A6833_2019_ano_de_la_exportacion.pdf,https://www.bcra.gob.ar/archivos/Pdfs/comytexord/A6833.pdf,A6833,2026-05-07T13:03:39+00:00,2019-11-19,94836,2,“2019 - AÑO DE LA EXPORTACIÓN”,true,operadores de cambio,
comunicacion_A,data/raw/02_comunicaciones_A/A6837_2019_ano_de_la_exportacion.pdf,https://www.bcra.gob.ar/archivos/Pdfs/comytexord/A6837.pdf,A6837,2026-05-07T13:04:14+00:00,2019-11-22,559226,24,“2019 - AÑO DE LA EXPORTACIÓN”,true,casas de cambio,
comunicacion_A,data/raw/02_comunicaciones_A/A6838_2019_ano_de_la_exportacion.pdf,https://www.bcra.gob.ar/archivos/Pdfs/comytexord/A6838.pdf,A6838,2026-05-07T13:04:15+00:00,2019-11-28,46973,1,“2019 - AÑO DE LA EXPORTACIÓN”,true,exterior y cambios; mercado de cambios; operadores de cambio; exportaciones de bienes + liquidacion,
comunicacion_A,data/raw/02_comunicaciones_A/A6843_2019_ano_de_la_exportacion.pdf,https://www.bcra.gob.ar/archivos/Pdfs/comytexord/A6843.pdf,A6843,2026-05-07T13:05:05+00:00,2019-12-03,204673,8,“2019 - AÑO DE LA EXPORTACIÓN”,true,casas de cambio; secoexpo; exportaciones de bienes + liquidacion,
comunicacion_A,data/raw/02_comunicaciones_A/A6844_2019_ano_de_la_exportacion.pdf,https://www.bcra.gob.ar/archivos/Pdfs/comytexord/A6844.pdf,A6844,2026-05-07T13:05:13+00:00,2019-12-05,1915422,91,“2019 - AÑO DE LA EXPORTACIÓN”,true,exterior y cambios; mercado de cambios; operaciones cambiarias; operadores de cambio; sepaimpo; secoexpo; posicion general de cambios; boleto de cambio; exportaciones de bienes + liquidacion; importaciones de bienes + pago,
comunicacion_A,data/raw/02_comunicaciones_A/A6850_2019_ano_de_la_exportacion.pdf,https://www.bcra.gob.ar/archivos/Pdfs/comytexord/A6850.pdf,A6850,2026-05-07T13:06:06+00:00,2019-12-27,106430,4,“2019 - AÑO DE LA EXPORTACIÓN”,true,operadores de cambio; casas de cambio,
comunicacion_A,data/raw/02_comunicaciones_A/A6854_2019_ano_de_la_exportacion.pdf,https://www.bcra.gob.ar/archivos/Pdfs/comytexord/A6854.pdf,A6854,2026-05-07T13:06:35+00:00,2019-12-27,46349,1,“2019 - AÑO DE LA EXPORTACIÓN”,true,exterior y cambios; mercado de cambios; operadores de cambio,
comunicacion_A,data/raw/02_comunicaciones_A/A6855_2019_ano_de_la_exportacion.pdf,https://www.bcra.gob.ar/archivos/Pdfs/comytexord/A6855.pdf,A6855,2026-05-07T13:06:37+00:00,2019-12-27,65224,2,“2019 - AÑO DE LA EXPORTACIÓN”,true,exterior y cambios; mercado de cambios; operadores de cambio,
comunicacion_A,data/raw/02_comunicaciones_A/A6856_2019_ano_de_la_exportacion.pdf,https://www.bcra.gob.ar/archivos/Pdfs/comytexord/A6856.pdf,A6856,2026-05-07T13:06:39+00:00,2019-12-30,46568,1,“2019 - AÑO DE LA EXPORTACIÓN”,true,exterior y cambios; mercado de cambios; operadores de cambio,
comunicacion_A,data/raw/02_comunicaciones_A/A6862_2020_ano_del_general_manuel_be.pdf,https://www.bcra.gob.ar/archivos/Pdfs/comytexord/A6862.pdf,A6862,2026-05-07T13:07:27+00:00,2020-01-13,189035,6,“2020 - AÑO DEL GENERAL MANUEL BELGRANO”,true,exterior y cambios; mercado de cambios; operaciones cambiarias; operadores de cambio; boleto de cambio,
comunicacion_A,data/raw/02_comunicaciones_A/A6869_2020_ano_del_general_manuel_be.pdf,https://www.bcra.gob.ar/archivos/Pdfs/comytexord/A6869.pdf,A6869,2026-05-07T13:08:39+00:00,2020-01-16,238436,10,“2020 - AÑO DEL GENERAL MANUEL BELGRANO”,true,exterior y cambios; mercado de cambios; casas de cambio,
comunicacion_A,data/raw/02_comunicaciones_A/A6873_2020_ano_del_general_manuel_be.pdf,https://www.bcra.gob.ar/archivos/Pdfs/comytexord/A6873.pdf,A6873,2026-05-07T13:09:09+00:00,2020-01-23,100929,3,“2020 - AÑO DEL GENERAL MANUEL BELGRANO”,true,operadores de cambio,
comunicacion_A,data/raw/02_comunicaciones_A/A6882_2020_ano_del_general_manuel_be.pdf,https://www.bcra.gob.ar/archivos/Pdfs/comytexord/A6882.pdf,A6882,2026-05-07T13:10:28+00:00,2020-01-30,127966,5,“2020 - AÑO DEL GENERAL MANUEL BELGRANO”,true,exterior y cambios; casas de cambio,
comunicacion_A,data/raw/02_comunicaciones_A/A6883_2020_ano_del_general_manuel_be.pdf,https://www.bcra.gob.ar/archivos/Pdfs/comytexord/A6883.pdf,A6883,2026-05-07T13:10:29+00:00,2020-01-30,65643,2,“2020 - AÑO DEL GENERAL MANUEL BELGRANO”,true,exterior y cambios; operadores de cambio,
comunicacion_A,data/raw/02_comunicaciones_A/A6889_2020_ano_del_general_manuel_be.pdf,https://www.bcra.gob.ar/archivos/Pdfs/comytexord/A6889.pdf,A6889,2026-05-07T13:11:20+00:00,2020-02-03,679964,30,“2020 - AÑO DEL GENERAL MANUEL BELGRANO”,true,operadores de cambio,
comunicacion_A,data/raw/02_comunicaciones_A/A6890_2020_ano_del_general_manuel_be.pdf,https://www.bcra.gob.ar/archivos/Pdfs/comytexord/A6890.pdf,A6890,2026-05-07T13:11:26+00:00,2020-02-04,895969,39,“2020 - AÑO DEL GENERAL MANUEL BELGRANO”,true,casas de cambio,
comunicacion_A,data/raw/02_comunicaciones_A/A6892_2020_ano_del_general_manuel_be.pdf,https://www.bcra.gob.ar/archivos/Pdfs/comytexord/A6892.pdf,A6892,2026-05-07T13:11:36+00:00,2020-02-05,105717,3,“2020 - AÑO DEL GENERAL MANUEL BELGRANO”,true,operadores de cambio,
comunicacion_A,data/raw/02_comunicaciones_A/A6903_2020_ano_del_general_manuel_be.pdf,https://www.bcra.gob.ar/archivos/Pdfs/comytexord/A6903.pdf,A6903,2026-05-07T13:13:12+00:00,2020-02-14,67279,2,“2020 - AÑO DEL GENERAL MANUEL BELGRANO”,true,exterior y cambios; casas de cambio; sepaimpo,
comunicacion_A,data/raw/02_comunicaciones_A/A6908_2020_ano_del_general_manuel_be.pdf,https://www.bcra.gob.ar/archivos/Pdfs/comytexord/A6908.pdf,A6908,2026-05-07T13:13:50+00:00,2020-02-19,47327,1,“2020 - AÑO DEL GENERAL MANUEL BELGRANO”,true,exterior y cambios; mercado de cambios,
comunicacion_A,data/raw/02_comunicaciones_A/A6915_2020_ano_del_general_manuel_be.pdf,https://www.bcra.gob.ar/archivos/Pdfs/comytexord/A6915.pdf,A6915,2026-05-07T13:16:45+00:00,2020-02-28,523732,23,“2020 - AÑO DEL GENERAL MANUEL BELGRANO”,true,exterior y cambios; mercado de cambios; operaciones cambiarias; operadores de cambio; boleto de cambio; exportaciones de bienes + liquidacion; importaciones de bienes + pago,
comunicacion_A,data/raw/02_comunicaciones_A/A6924_2020_ano_del_general_manuel_be.pdf,https://www.bcra.gob.ar/archivos/Pdfs/comytexord/A6924.pdf,A6924,2026-05-07T15:44:19+00:00,2020-03-09,219183,9,“2020 - AÑO DEL GENERAL MANUEL BELGRANO”,true,operadores de cambio,
comunicacion_A,data/raw/02_comunicaciones_A/A6928_2020_ano_del_general_manuel_be.pdf,https://www.bcra.gob.ar/archivos/Pdfs/comytexord/A6928.pdf,A6928,2026-05-07T15:44:50+00:00,2020-03-13,104864,3,“2020 - AÑO DEL GENERAL MANUEL BELGRANO”,true,casas de cambio; secoexpo,
comunicacion_A,data/raw/02_comunicaciones_A/A6930_2020_ano_del_general_manuel_be.pdf,https://www.bcra.gob.ar/archivos/Pdfs/comytexord/A6930.pdf,A6930,2026-05-07T15:45:01+00:00,2020-03-16,61017,1,“2020 - AÑO DEL GENERAL MANUEL BELGRANO”,true,operadores de cambio,
comunicacion_A,data/raw/02_comunicaciones_A/A6942_2020_ano_del_general_manuel_be.pdf,https://www.bcra.gob.ar/archivos/Pdfs/comytexord/A6942.pdf,A6942,2026-05-07T15:46:48+00:00,2020-03-20,66973,2,“2020 - AÑO DEL GENERAL MANUEL BELGRANO”,true,casas de cambio,
comunicacion_A,data/raw/02_comunicaciones_A/A6948_2020_ano_del_general_manuel_be.pdf,https://www.bcra.gob.ar/archivos/Pdfs/comytexord/A6948.pdf,A6948,2026-05-07T15:47:34+00:00,2020-03-28,88207,3,“2020 - AÑO DEL GENERAL MANUEL BELGRANO”,true,casas de cambio,
comunicacion_A,data/raw/02_comunicaciones_A/A6949_2020_ano_del_general_manuel_be.pdf,https://www.bcra.gob.ar/archivos/Pdfs/comytexord/A6949.pdf,A6949,2026-05-07T15:47:36+00:00,2020-04-01,100618,3,“2020 - AÑO DEL GENERAL MANUEL BELGRANO”,true,casas de cambio,
comunicacion_A,data/raw/02_comunicaciones_A/A6952_2020_ano_del_general_manuel_be.pdf,https://www.bcra.gob.ar/archivos/Pdfs/comytexord/A6952.pdf,A6952,2026-05-07T15:47:56+00:00,2020-04-03,60989,1,“2020 - AÑO DEL GENERAL MANUEL BELGRANO”,true,operadores de cambio,
comunicacion_A,data/raw/02_comunicaciones_A/A6958_2020_ano_del_general_manuel_be.pdf,https://www.bcra.gob.ar/archivos/Pdfs/comytexord/A6958.pdf,A6958,2026-05-07T15:48:45+00:00,2020-04-06,67647,2,“2020 - AÑO DEL GENERAL MANUEL BELGRANO”,true,operadores de cambio,
comunicacion_A,data/raw/02_comunicaciones_A/A6917_2020_ano_del_general_manuel_be.pdf,https://www.bcra.gob.ar/archivos/Pdfs/comytexord/A6917.pdf,A6917,2026-05-07T17:20:53+00:00,2020-02-28,189489,7,“2020 - AÑO DEL GENERAL MANUEL BELGRANO”,true,operadores de cambio,
comunicacion_A,data/raw/02_comunicaciones_A/A6969_2020_ano_del_general_manuel_be.pdf,https://www.bcra.gob.ar/archivos/Pdfs/comytexord/A6969.pdf,A6969,2026-05-07T17:20:55+00:00,2020-04-16,79976,2,“2020 - AÑO DEL GENERAL MANUEL BELGRANO”,true,casas de cambio,
comunicacion_A,data/raw/02_comunicaciones_A/A6972_2020_ano_del_general_manuel_be.pdf,https://www.bcra.gob.ar/archivos/Pdfs/comytexord/A6972.pdf,A6972,2026-05-07T17:21:04+00:00,2020-04-16,46628,1,“2020 - AÑO DEL GENERAL MANUEL BELGRANO”,true,exterior y cambios; casas de cambio,
comunicacion_A,data/raw/02_comunicaciones_A/A6986_2020_ano_del_general_manuel_be.pdf,https://www.bcra.gob.ar/archivos/Pdfs/comytexord/A6986.pdf,A6986,2026-05-07T17:21:55+00:00,2020-04-23,204374,8,“2020 - AÑO DEL GENERAL MANUEL BELGRANO”,true,mercado libre de cambios; operadores de cambio; casa de cambio; casas de cambio,
comunicacion_A,data/raw/02_comunicaciones_A/A6993_2020_ano_del_general_manuel_be.pdf,https://www.bcra.gob.ar/archivos/Pdfs/comytexord/A6993.pdf,A6993,2026-05-07T17:22:24+00:00,2020-04-24,329312,14,“2020 - AÑO DEL GENERAL MANUEL BELGRANO”,true,exterior y cambios; mercado de cambios; operadores de cambio,
comunicacion_A,data/raw/02_comunicaciones_A/A6995_2020_ano_del_general_manuel_be.pdf,https://www.bcra.gob.ar/archivos/Pdfs/comytexord/A6995.pdf,A6995,2026-05-07T17:22:26+00:00,2020-04-27,82551,2,“2020 - AÑO DEL GENERAL MANUEL BELGRANO”,true,operadores de cambio,
comunicacion_A,data/raw/02_comunicaciones_A/A6996_2020_ano_del_general_manuel_be.pdf,https://www.bcra.gob.ar/archivos/Pdfs/comytexord/A6996.pdf,A6996,2026-05-07T17:22:28+00:00,2020-04-27,141833,5,“2020 - AÑO DEL GENERAL MANUEL BELGRANO”,true,operadores de cambio,
comunicacion_A,data/raw/02_comunicaciones_A/A6997_2020_ano_del_general_manuel_be.pdf,https://www.bcra.gob.ar/archivos/Pdfs/comytexord/A6997.pdf,A6997,2026-05-07T17:22:30+00:00,2020-04-27,60220,1,“2020 - AÑO DEL GENERAL MANUEL BELGRANO”,true,operadores de cambio,
comunicacion_A,data/raw/02_comunicaciones_A/A6999_2020_ano_del_general_manuel_be.pdf,https://www.bcra.gob.ar/archivos/Pdfs/comytexord/A6999.pdf,A6999,2026-05-07T17:22:33+00:00,2020-04-30,149302,6,“2020 - AÑO DEL GENERAL MANUEL BELGRANO”,true,operadores de cambio,
comunicacion_A,data/raw/02_comunicaciones_A/A7001_2020_ano_del_general_manuel_be.pdf,https://www.bcra.gob.ar/archivos/Pdfs/comytexord/A7001.pdf,A7001,2026-05-07T17:22:39+00:00,2020-04-30,67098,2,“2020 - AÑO DEL GENERAL MANUEL BELGRANO”,true,exterior y cambios; mercado de cambios; operadores de cambio,
comunicacion_A,data/raw/02_comunicaciones_A/A7002_2020_ano_del_general_manuel_be.pdf,https://www.bcra.gob.ar/archivos/Pdfs/comytexord/A7002.pdf,A7002,2026-05-07T17:22:41+00:00,2020-05-04,81112,2,“2020 - AÑO DEL GENERAL MANUEL BELGRANO”,true,operadores de cambio,
comunicacion_A,data/raw/02_comunicaciones_A/A7003_2020_ano_del_general_manuel_be.pdf,https://www.bcra.gob.ar/archivos/Pdfs/comytexord/A7003.pdf,A7003,2026-05-07T17:22:42+00:00,2020-05-07,61650,1,“2020 - AÑO DEL GENERAL MANUEL BELGRANO”,true,mercado de cambios,
comunicacion_A,data/raw/02_comunicaciones_A/A7006_2020_ano_del_general_manuel_be.pdf,https://www.bcra.gob.ar/archivos/Pdfs/comytexord/A7006.pdf,A7006,2026-05-07T17:22:51+00:00,2020-05-08,101519,3,“2020 - AÑO DEL GENERAL MANUEL BELGRANO”,true,exterior y cambios; operadores de cambio,
comunicacion_A,data/raw/02_comunicaciones_A/A7008_2020_ano_del_general_manuel_be.pdf,https://www.bcra.gob.ar/archivos/Pdfs/comytexord/A7008.pdf,A7008,2026-05-07T17:22:55+00:00,2020-05-11,361503,16,“2020 - AÑO DEL GENERAL MANUEL BELGRANO”,true,exterior y cambios; mercado de cambios; mercado libre de cambios; operadores de cambio; casas de cambio,
comunicacion_A,data/raw/02_comunicaciones_A/A7021_2020_ano_del_general_manuel_be.pdf,https://www.bcra.gob.ar/archivos/Pdfs/comytexord/A7021.pdf,A7021,2026-05-07T17:23:48+00:00,2020-05-21,46113,1,“2020 - AÑO DEL GENERAL MANUEL BELGRANO”,true,exterior y cambios; casas de cambio,
comunicacion_A,data/raw/02_comunicaciones_A/A7025_2020_ano_del_general_manuel_be.pdf,https://www.bcra.gob.ar/archivos/Pdfs/comytexord/A7025.pdf,A7025,2026-05-07T17:24:01+00:00,2020-05-26,309408,13,“2020 - AÑO DEL GENERAL MANUEL BELGRANO”,true,operadores de cambio,
comunicacion_A,data/raw/02_comunicaciones_A/A7028_2020_ano_del_general_manuel_be.pdf,https://www.bcra.gob.ar/archivos/Pdfs/comytexord/A7028.pdf,A7028,2026-05-07T17:24:13+00:00,2020-05-28,204929,8,“2020 - AÑO DEL GENERAL MANUEL BELGRANO”,true,operadores de cambio,
comunicacion_A,data/raw/02_comunicaciones_A/A7030_2020_ano_del_general_manuel_be.pdf,https://www.bcra.gob.ar/archivos/Pdfs/comytexord/A7030.pdf,A7030,2026-05-07T17:24:17+00:00,2020-05-28,89562,3,“2020 - AÑO DEL GENERAL MANUEL BELGRANO”,true,exterior y cambios; mercado de cambios; operadores de cambio,
comunicacion_A,data/raw/02_comunicaciones_A/A7042_2020_ano_del_general_manuel_be.pdf,https://www.bcra.gob.ar/archivos/Pdfs/comytexord/A7042.pdf,A7042,2026-05-07T17:25:01+00:00,2020-06-11,68267,2,“2020 - AÑO DEL GENERAL MANUEL BELGRANO”,true,exterior y cambios; operadores de cambio,
comunicacion_A,data/raw/02_comunicaciones_A/A7043_2020_ano_del_general_manuel_be.pdf,https://www.bcra.gob.ar/archivos/Pdfs/comytexord/A7043.pdf,A7043,2026-05-07T17:25:02+00:00,2020-06-17,84159,2,“2020 - AÑO DEL GENERAL MANUEL BELGRANO”,true,operadores de cambio; casas de cambio,
comunicacion_A,data/raw/02_comunicaciones_A/A7044_2020_ano_del_general_manuel_be.pdf,https://www.bcra.gob.ar/archivos/Pdfs/comytexord/A7044.pdf,A7044,2026-05-07T17:25:05+00:00,2020-06-18,270647,11,“2020 - AÑO DEL GENERAL MANUEL BELGRANO”,true,operaciones cambiarias; operadores de cambio,
comunicacion_A,data/raw/02_comunicaciones_A/A7052_2020_ano_del_general_manuel_be.pdf,https://www.bcra.gob.ar/archivos/Pdfs/comytexord/A7052.pdf,A7052,2026-05-07T17:25:39+00:00,2020-06-25,67911,2,“2020 - AÑO DEL GENERAL MANUEL BELGRANO”,true,exterior y cambios; operadores de cambio; importaciones de bienes + pago,
comunicacion_A,data/raw/02_comunicaciones_A/A7054_2020_ano_del_general_manuel_be.pdf,https://www.bcra.gob.ar/archivos/Pdfs/comytexord/A7054.pdf,A7054,2026-05-07T17:25:51+00:00,2020-06-25,393585,17,“2020 - AÑO DEL GENERAL MANUEL BELGRANO”,true,operadores de cambio,
comunicacion_A,data/raw/02_comunicaciones_A/A7056_2020_ano_del_general_manuel_be.pdf,https://www.bcra.gob.ar/archivos/Pdfs/comytexord/A7056.pdf,A7056,2026-05-07T17:25:56+00:00,2020-06-26,142451,5,“2020 - AÑO DEL GENERAL MANUEL BELGRANO”,true,operadores de cambio,
comunicacion_A,data/raw/02_comunicaciones_A/A7057_2020_ano_del_general_manuel_be.pdf,https://www.bcra.gob.ar/archivos/Pdfs/comytexord/A7057.pdf,A7057,2026-05-07T17:25:59+00:00,2020-07-01,122764,4,“2020 - AÑO DEL GENERAL MANUEL BELGRANO”,true,casas de cambio; boleto de cambio,
comunicacion_A,data/raw/02_comunicaciones_A/A7058_2020_ano_del_general_manuel_be.pdf,https://www.bcra.gob.ar/archivos/Pdfs/comytexord/A7058.pdf,A7058,2026-05-07T17:26:03+00:00,2020-07-01,122763,4,“2020 - AÑO DEL GENERAL MANUEL BELGRANO”,true,casas de cambio; boleto de cambio,
comunicacion_A,data/raw/02_comunicaciones_A/A7059_2020_ano_del_general_manuel_be.pdf,https://www.bcra.gob.ar/archivos/Pdfs/comytexord/A7059.pdf,A7059,2026-05-07T17:26:05+00:00,2020-07-01,282469,11,“2020 - AÑO DEL GENERAL MANUEL BELGRANO”,true,mercado de cambios; casas de cambio,
comunicacion_A,data/raw/02_comunicaciones_A/A7068_2020_ano_del_general_manuel_be.pdf,https://www.bcra.gob.ar/archivos/Pdfs/comytexord/A7068.pdf,A7068,2026-05-07T17:26:49+00:00,2020-07-08,87046,3,“2020 - AÑO DEL GENERAL MANUEL BELGRANO”,true,exterior y cambios; mercado de cambios; operadores de cambio; sepaimpo; importaciones de bienes + pago,
comunicacion_A,data/raw/02_comunicaciones_A/A7073_2020_ano_del_general_manuel_be.pdf,https://www.bcra.gob.ar/archivos/Pdfs/comytexord/A7073.pdf,A7073,2026-05-07T17:27:07+00:00,2020-07-17,192051,6,“2020 - AÑO DEL GENERAL MANUEL BELGRANO”,true,operadores de cambio,
comunicacion_A,data/raw/02_comunicaciones_A/A7079_2020_ano_del_general_manuel_be.pdf,https://www.bcra.gob.ar/archivos/Pdfs/comytexord/A7079.pdf,A7079,2026-05-07T17:27:25+00:00,2020-07-30,46552,1,“2020 - AÑO DEL GENERAL MANUEL BELGRANO”,true,exterior y cambios; casas de cambio,
comunicacion_A,data/raw/02_comunicaciones_A/A7080_2020_ano_del_general_manuel_be.pdf,https://www.bcra.gob.ar/archivos/Pdfs/comytexord/A7080.pdf,A7080,2026-05-07T17:27:27+00:00,2020-08-03,180891,7,“2020 - AÑO DEL GENERAL MANUEL BELGRANO”,true,casas de cambio; boleto de cambio; importaciones de bienes + pago,
comunicacion_A,data/raw/02_comunicaciones_A/A7081_2020_ano_del_general_manuel_be.pdf,https://www.bcra.gob.ar/archivos/Pdfs/comytexord/A7081.pdf,A7081,2026-05-07T17:27:29+00:00,2020-08-03,282799,11,“2020 - AÑO DEL GENERAL MANUEL BELGRANO”,true,mercado de cambios; casas de cambio,
comunicacion_A,data/raw/02_comunicaciones_A/A7082_2020_ano_del_general_manuel_be.pdf,https://www.bcra.gob.ar/archivos/Pdfs/comytexord/A7082.pdf,A7082,2026-05-07T17:27:31+00:00,2020-08-06,102895,3,“2020 - AÑO DEL GENERAL MANUEL BELGRANO”,true,exterior y cambios; operadores de cambio,
comunicacion_A,data/raw/02_comunicaciones_A/A7084_2020_ano_del_general_manuel_be.pdf,https://www.bcra.gob.ar/archivos/Pdfs/comytexord/A7084.pdf,A7084,2026-05-07T17:27:33+00:00,2020-08-06,188805,7,“2020 - AÑO DEL GENERAL MANUEL BELGRANO”,true,operadores de cambio,
comunicacion_A,data/raw/02_comunicaciones_A/A7086_2020_ano_del_general_manuel_be.pdf,https://www.bcra.gob.ar/archivos/Pdfs/comytexord/A7086.pdf,A7086,2026-05-07T17:27:39+00:00,2020-08-07,46690,1,“2020 - AÑO DEL GENERAL MANUEL BELGRANO”,true,casas de cambio,
comunicacion_A,data/raw/02_comunicaciones_A/A7088_2020_ano_del_general_manuel_be.pdf,https://www.bcra.gob.ar/archivos/Pdfs/comytexord/A7088.pdf,A7088,2026-05-07T17:27:42+00:00,2020-08-13,104342,3,“2020 - AÑO DEL GENERAL MANUEL BELGRANO”,true,operadores de cambio,
comunicacion_A,data/raw/02_comunicaciones_A/A7092_2020_ano_del_general_manuel_be.pdf,https://www.bcra.gob.ar/archivos/Pdfs/comytexord/A7092.pdf,A7092,2026-05-07T17:27:58+00:00,2020-08-27,316186,13,“2020 - AÑO DEL GENERAL MANUEL BELGRANO”,true,operadores de cambio,
comunicacion_A,data/raw/02_comunicaciones_A/A7094_2020_ano_del_general_manuel_be.pdf,https://www.bcra.gob.ar/archivos/Pdfs/comytexord/A7094.pdf,A7094,2026-05-07T17:28:01+00:00,2020-08-27,46583,1,“2020 - AÑO DEL GENERAL MANUEL BELGRANO”,true,exterior y cambios; operadores de cambio,
comunicacion_A,data/raw/02_comunicaciones_A/A7102_2020_ano_del_general_manuel_be.pdf,https://www.bcra.gob.ar/archivos/Pdfs/comytexord/A7102.pdf,A7102,2026-05-07T17:28:33+00:00,2020-09-14,168885,6,“2020 - AÑO DEL GENERAL MANUEL BELGRANO”,true,operadores de cambio,
comunicacion_A,data/raw/02_comunicaciones_A/A7106_2020_ano_del_general_manuel_be.pdf,https://www.bcra.gob.ar/archivos/Pdfs/comytexord/A7106.pdf,A7106,2026-05-07T17:28:44+00:00,2020-09-15,88010,3,“2020 - AÑO DEL GENERAL MANUEL BELGRANO”,true,exterior y cambios; mercado de cambios; operadores de cambio; boleto de cambio,
comunicacion_A,data/raw/02_comunicaciones_A/A7111_2020_ano_del_general_manuel_be.pdf,https://www.bcra.gob.ar/archivos/Pdfs/comytexord/A7111.pdf,A7111,2026-05-07T17:29:06+00:00,2020-09-24,373761,16,“2020 - AÑO DEL GENERAL MANUEL BELGRANO”,true,operadores de cambio,
comunicacion_A,data/raw/02_comunicaciones_A/A7123_2020_ano_del_general_manuel_be.pdf,https://www.bcra.gob.ar/archivos/Pdfs/comytexord/A7123.pdf,A7123,2026-05-07T17:29:59+00:00,2020-10-01,87397,3,“2020 - AÑO DEL GENERAL MANUEL BELGRANO”,true,exterior y cambios; mercado de cambios; casas de cambio; exportaciones de bienes + liquidacion; importaciones de bienes + pago,
comunicacion_A,data/raw/02_comunicaciones_A/A7126_2020_ano_del_general_manuel_be.pdf,https://www.bcra.gob.ar/archivos/Pdfs/comytexord/A7126.pdf,A7126,2026-05-07T17:30:09+00:00,2020-10-02,46619,1,“2020 - AÑO DEL GENERAL MANUEL BELGRANO”,true,exterior y cambios; mercado de cambios; operadores de cambio,
comunicacion_A,data/raw/02_comunicaciones_A/A7128_2020_ano_del_general_manuel_be.pdf,https://www.bcra.gob.ar/archivos/Pdfs/comytexord/A7128.pdf,A7128,2026-05-07T17:30:14+00:00,2020-10-07,925224,41,“2020 - AÑO DEL GENERAL MANUEL BELGRANO”,true,operadores de cambio; casas de cambio,
comunicacion_A,data/raw/02_comunicaciones_A/A7130_2020_ano_del_general_manuel_be.pdf,https://www.bcra.gob.ar/archivos/Pdfs/comytexord/A7130.pdf,A7130,2026-05-07T17:30:19+00:00,2020-10-08,145038,5,“2020 - AÑO DEL GENERAL MANUEL BELGRANO”,true,operadores de cambio,
comunicacion_A,data/raw/02_comunicaciones_A/A7133_2020_ano_del_general_manuel_be.pdf,https://www.bcra.gob.ar/archivos/Pdfs/comytexord/A7133.pdf,A7133,2026-05-07T17:30:29+00:00,2020-10-09,66685,2,“2020 - AÑO DEL GENERAL MANUEL BELGRANO”,true,exterior y cambios; mercado de cambios; casas de cambio,
comunicacion_A,data/raw/02_comunicaciones_A/A7135_2020_ano_del_general_manuel_be.pdf,https://www.bcra.gob.ar/archivos/Pdfs/comytexord/A7135.pdf,A7135,2026-05-07T17:30:35+00:00,2020-10-09,1113462,47,“2020 - AÑO DEL GENERAL MANUEL BELGRANO”,true,operadores de cambio,
comunicacion_A,data/raw/02_comunicaciones_A/A7138_2020_ano_del_general_manuel_be.pdf,https://www.bcra.gob.ar/archivos/Pdfs/comytexord/A7138.pdf,A7138,2026-05-07T17:30:44+00:00,2020-10-15,66979,2,“2020 - AÑO DEL GENERAL MANUEL BELGRANO”,true,exterior y cambios; mercado de cambios; casas de cambio; importaciones de bienes + pago,
comunicacion_A,data/raw/02_comunicaciones_A/A7141_2020_ano_del_general_manuel_be.pdf,https://www.bcra.gob.ar/archivos/Pdfs/comytexord/A7141.pdf,A7141,2026-05-07T17:30:52+00:00,2020-10-16,81052,2,“2020 - AÑO DEL GENERAL MANUEL BELGRANO”,true,operadores de cambio,
comunicacion_A,data/raw/02_comunicaciones_A/A7142_2020_ano_del_general_manuel_be.pdf,https://www.bcra.gob.ar/archivos/Pdfs/comytexord/A7142.pdf,A7142,2026-05-07T17:30:53+00:00,2020-10-19,46230,1,“2020 - AÑO DEL GENERAL MANUEL BELGRANO”,true,exterior y cambios; casas de cambio,
comunicacion_A,data/raw/02_comunicaciones_A/A7151_2020_ano_del_general_manuel_be.pdf,https://www.bcra.gob.ar/archivos/Pdfs/comytexord/A7151.pdf,A7151,2026-05-07T17:31:26+00:00,2020-10-29,46687,1,“2020 - AÑO DEL GENERAL MANUEL BELGRANO”,true,exterior y cambios; casas de cambio; importaciones de bienes + pago,
comunicacion_A,data/raw/02_comunicaciones_A/A7155_2020_ano_del_general_manuel_be.pdf,https://www.bcra.gob.ar/archivos/Pdfs/comytexord/A7155.pdf,A7155,2026-05-07T17:31:43+00:00,2020-11-04,623187,29,“2020 - AÑO DEL GENERAL MANUEL BELGRANO”,true,operadores de cambio,
comunicacion_A,data/raw/02_comunicaciones_A/A7157_2020_ano_del_general_manuel_be.pdf,https://www.bcra.gob.ar/archivos/Pdfs/comytexord/A7157.pdf,A7157,2026-05-07T17:31:45+00:00,2020-11-05,228875,9,“2020 - AÑO DEL GENERAL MANUEL BELGRANO”,true,operadores de cambio,
comunicacion_A,data/raw/02_comunicaciones_A/A7156_2020_ano_del_general_manuel_be.pdf,https://www.bcra.gob.ar/archivos/Pdfs/comytexord/A7156.pdf,A7156,2026-05-07T17:31:46+00:00,2020-11-04,784101,35,“2020 - AÑO DEL GENERAL MANUEL BELGRANO”,true,operadores de cambio,
comunicacion_A,data/raw/02_comunicaciones_A/A7158_2020_ano_del_general_manuel_be.pdf,https://www.bcra.gob.ar/archivos/Pdfs/comytexord/A7158.pdf,A7158,2026-05-07T17:31:47+00:00,2020-11-05,122925,4,“2020 - AÑO DEL GENERAL MANUEL BELGRANO”,true,operadores de cambio,
comunicacion_A,data/raw/02_comunicaciones_A/A7162_2020_ano_del_general_manuel_be.pdf,https://www.bcra.gob.ar/archivos/Pdfs/comytexord/A7162.pdf,A7162,2026-05-07T17:31:56+00:00,2020-11-12,62528,1,“2020 - AÑO DEL GENERAL MANUEL BELGRANO”,true,operadores de cambio,
comunicacion_A,data/raw/02_comunicaciones_A/A7165_2020_ano_del_general_manuel_be.pdf,https://www.bcra.gob.ar/archivos/Pdfs/comytexord/A7165.pdf,A7165,2026-05-07T17:32:07+00:00,2020-11-17,125993,4,“2020 - AÑO DEL GENERAL MANUEL BELGRANO”,true,operadores de cambio,
comunicacion_A,data/raw/02_comunicaciones_A/A7168_2020_ano_del_general_manuel_be.pdf,https://www.bcra.gob.ar/archivos/Pdfs/comytexord/A7168.pdf,A7168,2026-05-07T17:32:17+00:00,2020-11-19,67509,2,“2020 - AÑO DEL GENERAL MANUEL BELGRANO”,true,exterior y cambios; mercado de cambios; casas de cambio,
comunicacion_A,data/raw/02_comunicaciones_A/A7173_2020_ano_del_general_manuel_be.pdf,https://www.bcra.gob.ar/archivos/Pdfs/comytexord/A7173.pdf,A7173,2026-05-07T17:32:37+00:00,2020-12-02,398755,17,“2020 - AÑO DEL GENERAL MANUEL BELGRANO”,true,operadores de cambio,
comunicacion_A,data/raw/02_comunicaciones_A/A7177_2020_ano_del_general_manuel_be.pdf,https://www.bcra.gob.ar/archivos/Pdfs/comytexord/A7177.pdf,A7177,2026-05-07T17:32:56+00:00,2020-12-10,164559,6,“2020 - AÑO DEL GENERAL MANUEL BELGRANO”,true,operadores de cambio,
comunicacion_A,data/raw/02_comunicaciones_A/A7181_2020_ano_del_general_manuel_be.pdf,https://www.bcra.gob.ar/archivos/Pdfs/comytexord/A7181.pdf,A7181,2026-05-07T17:33:07+00:00,2020-12-17,376224,16,“2020 - AÑO DEL GENERAL MANUEL BELGRANO”,true,operadores de cambio,
comunicacion_A,data/raw/02_comunicaciones_A/A7184_2020_ano_del_general_manuel_be.pdf,https://www.bcra.gob.ar/archivos/Pdfs/comytexord/A7184.pdf,A7184,2026-05-07T17:33:17+00:00,2020-12-23,104878,3,“2020 - AÑO DEL GENERAL MANUEL BELGRANO”,true,operadores de cambio,
comunicacion_A,data/raw/02_comunicaciones_A/A7191_2020_ano_del_general_manuel_be.pdf,https://www.bcra.gob.ar/archivos/Pdfs/comytexord/A7191.pdf,A7191,2026-05-07T17:33:42+00:00,2020-12-28,86861,2,“2020 - AÑO DEL GENERAL MANUEL BELGRANO”,true,exportaciones de bienes + liquidacion,
comunicacion_A,data/raw/02_comunicaciones_A/A7193_2020_ano_del_general_manuel_be.pdf,https://www.bcra.gob.ar/archivos/Pdfs/comytexord/A7193.pdf,A7193,2026-05-07T17:33:47+00:00,2020-12-30,107205,4,“2020 - AÑO DEL GENERAL MANUEL BELGRANO”,true,exterior y cambios; mercado de cambios; operadores de cambio; sepaimpo; importaciones de bienes + pago,
comunicacion_A,data/raw/02_comunicaciones_A/A7194_2020_ano_del_general_manuel_be.pdf,https://www.bcra.gob.ar/archivos/Pdfs/comytexord/A7194.pdf,A7194,2026-05-07T17:33:49+00:00,2020-12-30,217773,8,“2020 - AÑO DEL GENERAL MANUEL BELGRANO”,true,operadores de cambio,
comunicacion_A,data/raw/02_comunicaciones_A/A7196_comunicacion_a_7196_06_01_2021.pdf,https://www.bcra.gob.ar/archivos/Pdfs/comytexord/A7196.pdf,A7196,2026-05-07T17:33:55+00:00,2021-01-06,68314,2,COMUNICACIÓN  “A”  7196 06/01/2021,true,exterior y cambios; mercado de cambios; casas de cambio; exportaciones de bienes + liquidacion,
comunicacion_A,data/raw/02_comunicaciones_A/A7199_comunicacion_a_7199_06_01_2021.pdf,https://www.bcra.gob.ar/archivos/Pdfs/comytexord/A7199.pdf,A7199,2026-05-07T17:34:06+00:00,2021-01-06,106290,3,COMUNICACIÓN  “A”  7199 06/01/2021,true,operadores de cambio,
comunicacion_A,data/raw/02_comunicaciones_A/A7200_comunicacion_a_7200_06_01_2021.pdf,https://www.bcra.gob.ar/archivos/Pdfs/comytexord/A7200.pdf,A7200,2026-05-07T17:34:08+00:00,2021-01-06,204354,8,COMUNICACIÓN  “A”  7200 06/01/2021,true,exterior y cambios; mercado de cambios; casas de cambio,
comunicacion_A,data/raw/02_comunicaciones_A/A7201_comunicacion_a_7201_06_01_2021.pdf,https://www.bcra.gob.ar/archivos/Pdfs/comytexord/A7201.pdf,A7201,2026-05-07T17:34:09+00:00,2021-01-06,159419,6,COMUNICACIÓN  “A”  7201 06/01/2021,true,exterior y cambios; casas de cambio; importaciones de bienes + pago,
comunicacion_A,data/raw/02_comunicaciones_A/A7202_comunicacion_a_7202_11_1_2021.pdf,https://www.bcra.gob.ar/archivos/Pdfs/comytexord/A7202.pdf,A7202,2026-05-07T17:34:10+00:00,2021-01-11,431019,3,COMUNICACIÓN  “A”  7202 11/1/2021,true,operadores de cambio; casas de cambio,
comunicacion_A,data/raw/02_comunicaciones_A/A7214_2021_ano_de_homenaje_al_premio.pdf,https://www.bcra.gob.ar/archivos/Pdfs/comytexord/A7214.pdf,A7214,2026-05-07T17:34:55+00:00,2021-02-04,503631,13,"""2021 - AÑO DE HOMENAJE AL PREMIO NOBEL DE MEDICINA DR. CÉSAR MILSTEIN""",true,operadores de cambio; casas de cambio,
comunicacion_A,data/raw/02_comunicaciones_A/A7217_2021_ano_de_homenaje_al_premio.pdf,https://www.bcra.gob.ar/archivos/Pdfs/comytexord/A7217.pdf,A7217,2026-05-07T17:35:04+00:00,2021-02-04,65648,2,"""2021 - AÑO DE HOMENAJE AL PREMIO NOBEL DE MEDICINA DR. CÉSAR MILSTEIN""",true,exterior y cambios; mercado de cambios; casas de cambio,
comunicacion_A,data/raw/02_comunicaciones_A/A7218_2021_ano_de_homenaje_al_premio.pdf,https://www.bcra.gob.ar/archivos/Pdfs/comytexord/A7218.pdf,A7218,2026-05-07T17:35:06+00:00,2021-02-04,64488,2,"""2021 - AÑO DE HOMENAJE AL PREMIO NOBEL DE MEDICINA DR. CÉSAR MILSTEIN""",true,exterior y cambios; mercado de cambios; casas de cambio,
comunicacion_A,data/raw/02_comunicaciones_A/A7221_2021_ano_de_homenaje_al_premio.pdf,https://www.bcra.gob.ar/archivos/Pdfs/comytexord/A7221.pdf,A7221,2026-05-07T17:35:17+00:00,2021-02-05,60044,1,"""2021 - AÑO DE HOMENAJE AL PREMIO NOBEL DE MEDICINA DR. CÉSAR MILSTEIN""",true,casas de cambio,
comunicacion_A,data/raw/02_comunicaciones_A/A7224_2021_ano_de_homenaje_al_premio.pdf,https://www.bcra.gob.ar/archivos/Pdfs/comytexord/A7224.pdf,A7224,2026-05-07T17:35:26+00:00,2021-02-11,122606,4,"""2021 - AÑO DE HOMENAJE AL PREMIO NOBEL DE MEDICINA DR. CÉSAR MILSTEIN""",true,operadores de cambio,
comunicacion_A,data/raw/02_comunicaciones_A/A7230_2021_ano_de_homenaje_al_premio.pdf,https://www.bcra.gob.ar/archivos/Pdfs/comytexord/A7230.pdf,A7230,2026-05-07T17:35:44+00:00,2021-02-25,64967,2,"""2021 - AÑO DE HOMENAJE AL PREMIO NOBEL DE MEDICINA DR. CÉSAR MILSTEIN""",true,exterior y cambios; mercado de cambios; operadores de cambio,
comunicacion_A,data/raw/02_comunicaciones_A/A7229_2021_ano_de_homenaje_al_premio.pdf,https://www.bcra.gob.ar/archivos/Pdfs/comytexord/A7229.pdf,A7229,2026-05-07T17:35:44+00:00,2021-02-25,46900,1,"""2021 - AÑO DE HOMENAJE AL PREMIO NOBEL DE MEDICINA DR. CÉSAR MILSTEIN""",true,exterior y cambios; mercado de cambios; casas de cambio,
comunicacion_A,data/raw/02_comunicaciones_A/A7237_2021_ano_de_homenaje_al_premio.pdf,https://www.bcra.gob.ar/archivos/Pdfs/comytexord/A7237.pdf,A7237,2026-05-07T17:36:11+00:00,2021-03-12,127928,1,“2021 - AÑO DE HOMENAJE AL PREMIO NOBEL DE MEDICINA DR. CÉSAR MILSTEIN”,true,casas de cambio,
comunicacion_A,data/raw/02_comunicaciones_A/A7239_2021_ano_de_homenaje_al_premio.pdf,https://www.bcra.gob.ar/archivos/Pdfs/comytexord/A7239.pdf,A7239,2026-05-07T17:36:13+00:00,2021-03-18,154122,2,“2021 - AÑO DE HOMENAJE AL PREMIO NOBEL DE MEDICINA DR. CÉSAR MILSTEIN”,true,exterior y cambios; mercado de cambios; casas de cambio; importaciones de bienes + pago,
comunicacion_A,data/raw/02_comunicaciones_A/A7242_2021_ano_de_homenaje_al_premio.pdf,https://www.bcra.gob.ar/archivos/Pdfs/comytexord/A7242.pdf,A7242,2026-05-07T17:36:26+00:00,2021-03-23,245208,2,“2021 - AÑO DE HOMENAJE AL PREMIO NOBEL DE MEDICINA DR. CÉSAR MILSTEIN”,true,casas de cambio,
comunicacion_A,data/raw/02_comunicaciones_A/A7249_2021_ano_de_homenaje_al_premio.pdf,https://www.bcra.gob.ar/archivos/Pdfs/comytexord/A7249.pdf,A7249,2026-05-07T17:36:54+00:00,2021-03-31,486778,22,“2021 - AÑO DE HOMENAJE AL PREMIO NOBEL DE MEDICINA DR. CÉSAR MILSTEIN”,true,operadores de cambio,
comunicacion_A,data/raw/02_comunicaciones_A/A7253_2021_ano_de_homenaje_al_premio.pdf,https://www.bcra.gob.ar/archivos/Pdfs/comytexord/A7253.pdf,A7253,2026-05-07T17:37:05+00:00,2021-03-31,154932,2,“2021 - AÑO DE HOMENAJE AL PREMIO NOBEL DE MEDICINA DR. CÉSAR MILSTEIN”,true,exterior y cambios; mercado de cambios; casas de cambio; importaciones de bienes + pago,
comunicacion_A,data/raw/02_comunicaciones_A/A7259_2021_ano_de_homenaje_al_premio.pdf,https://www.bcra.gob.ar/archivos/Pdfs/comytexord/A7259.pdf,A7259,2026-05-07T17:37:29+00:00,2021-04-08,154035,2,“2021 - AÑO DE HOMENAJE AL PREMIO NOBEL DE MEDICINA DR. CÉSAR MILSTEIN”,true,exterior y cambios; mercado de cambios; casas de cambio; exportaciones de bienes + liquidacion,
comunicacion_A,data/raw/02_comunicaciones_A/A7263_2021_ano_de_homenaje_al_premio.pdf,https://www.bcra.gob.ar/archivos/Pdfs/comytexord/A7263.pdf,A7263,2026-05-07T17:37:42+00:00,2021-04-15,169916,2,“2021 - AÑO DE HOMENAJE AL PREMIO NOBEL DE MEDICINA DR. CÉSAR MILSTEIN”,true,casas de cambio,
comunicacion_A,data/raw/02_comunicaciones_A/A7269_2021_ano_de_homenaje_al_premio.pdf,https://www.bcra.gob.ar/archivos/Pdfs/comytexord/A7269.pdf,A7269,2026-05-07T17:38:05+00:00,2021-04-22,301569,6,“2021 - AÑO DE HOMENAJE AL PREMIO NOBEL DE MEDICINA DR. CÉSAR MILSTEIN”,true,mercado libre de cambios,
comunicacion_A,data/raw/02_comunicaciones_A/A7270_2021_ano_de_homenaje_al_premio.pdf,https://www.bcra.gob.ar/archivos/Pdfs/comytexord/A7270.pdf,A7270,2026-05-07T17:38:07+00:00,2021-04-23,210355,6,“2021 - AÑO DE HOMENAJE AL PREMIO NOBEL DE MEDICINA DR. CÉSAR MILSTEIN”,true,operadores de cambio,
comunicacion_A,data/raw/02_comunicaciones_A/A7272_2021_ano_de_homenaje_al_premio.pdf,https://www.bcra.gob.ar/archivos/Pdfs/comytexord/A7272.pdf,A7272,2026-05-07T17:38:13+00:00,2021-04-27,1070475,94,“2021 - AÑO DE HOMENAJE AL PREMIO NOBEL DE MEDICINA DR. CÉSAR MILSTEIN”,true,exterior y cambios; mercado de cambios; operaciones cambiarias; operadores de cambio; ingreso de divisas; sepaimpo; secoexpo; posicion general de cambios; exportaciones de bienes + liquidacion; importaciones de bienes + pago,
comunicacion_A,data/raw/02_comunicaciones_A/A7273_2021_ano_de_homenaje_al_premio.pdf,https://www.bcra.gob.ar/archivos/Pdfs/comytexord/A7273.pdf,A7273,2026-05-07T17:38:15+00:00,2021-04-29,128470,1,“2021 - AÑO DE HOMENAJE AL PREMIO NOBEL DE MEDICINA DR. CÉSAR MILSTEIN”,true,exterior y cambios; operadores de cambio,
comunicacion_A,data/raw/02_comunicaciones_A/A7277_2021_ano_de_homenaje_al_premio.pdf,https://www.bcra.gob.ar/archivos/Pdfs/comytexord/A7277.pdf,A7277,2026-05-07T17:38:29+00:00,2021-04-30,703402,25,“2021 - AÑO DE HOMENAJE AL PREMIO NOBEL DE MEDICINA DR. CÉSAR MILSTEIN”,true,operadores de cambio,
comunicacion_A,data/raw/02_comunicaciones_A/A7279_2021_ano_de_homenaje_al_premio.pdf,https://www.bcra.gob.ar/archivos/Pdfs/comytexord/A7279.pdf,A7279,2026-05-07T17:38:34+00:00,2021-05-07,730864,37,“2021 - AÑO DE HOMENAJE AL PREMIO NOBEL DE MEDICINA DR. CÉSAR MILSTEIN”,true,operadores de cambio,
comunicacion_A,data/raw/02_comunicaciones_A/A7285_2021_ano_de_homenaje_al_premio.pdf,https://www.bcra.gob.ar/archivos/Pdfs/comytexord/A7285.pdf,A7285,2026-05-07T17:38:56+00:00,2021-05-13,247708,10,“2021 - AÑO DE HOMENAJE AL PREMIO NOBEL DE MEDICINA DR. CÉSAR MILSTEIN”,true,operadores de cambio,
comunicacion_A,data/raw/02_comunicaciones_A/A7293_2021_ano_de_homenaje_al_premio.pdf,https://www.bcra.gob.ar/archivos/Pdfs/comytexord/A7293.pdf,A7293,2026-05-07T17:39:25+00:00,2021-05-28,273463,13,“2021 - AÑO DE HOMENAJE AL PREMIO NOBEL DE MEDICINA DR. CÉSAR MILSTEIN”,true,exterior y cambios; mercado de cambios; operadores de cambio; importaciones de bienes + pago,
comunicacion_A,data/raw/02_comunicaciones_A/A7296_2021_ano_de_homenaje_al_premio.pdf,https://www.bcra.gob.ar/archivos/Pdfs/comytexord/A7296.pdf,A7296,2026-05-07T17:39:37+00:00,2021-05-28,170417,3,“2021 - AÑO DE HOMENAJE AL PREMIO NOBEL DE MEDICINA DR. CÉSAR MILSTEIN”,true,casas de cambio,
comunicacion_A,data/raw/02_comunicaciones_A/A7297_2021_ano_de_homenaje_al_premio.pdf,https://www.bcra.gob.ar/archivos/Pdfs/comytexord/A7297.pdf,A7297,2026-05-07T17:39:39+00:00,2021-05-28,328221,2,“2021 - AÑO DE HOMENAJE AL PREMIO NOBEL DE MEDICINA DR. CÉSAR MILSTEIN”,true,casas de cambio,
comunicacion_A,data/raw/02_comunicaciones_A/A7298_2021_ano_de_homenaje_al_premio.pdf,https://www.bcra.gob.ar/archivos/Pdfs/comytexord/A7298.pdf,A7298,2026-05-07T17:39:41+00:00,2021-05-28,284481,4,“2021 - AÑO DE HOMENAJE AL PREMIO NOBEL DE MEDICINA DR. CÉSAR MILSTEIN”,true,casas de cambio,
comunicacion_A,data/raw/02_comunicaciones_A/A7301_2021_ano_de_homenaje_al_premio.pdf,https://www.bcra.gob.ar/archivos/Pdfs/comytexord/A7301.pdf,A7301,2026-05-07T17:39:52+00:00,2021-06-04,167068,4,“2021 - AÑO DE HOMENAJE AL PREMIO NOBEL DE MEDICINA DR. CÉSAR MILSTEIN”,true,exterior y cambios; mercado de cambios; casas de cambio; secoexpo; exportaciones de bienes + liquidacion,
comunicacion_A,data/raw/02_comunicaciones_A/A7308_2021_ano_de_homenaje_al_premio.pdf,https://www.bcra.gob.ar/archivos/Pdfs/comytexord/A7308.pdf,A7308,2026-05-07T17:40:21+00:00,2021-06-18,410390,28,“2021 - AÑO DE HOMENAJE AL PREMIO NOBEL DE MEDICINA DR. CÉSAR MILSTEIN”,true,exterior y cambios; mercado de cambios; operadores de cambio; exportaciones de bienes + liquidacion; importaciones de bienes + pago,
comunicacion_A,data/raw/02_comunicaciones_A/A7309_2021_ano_de_homenaje_al_premio.pdf,https://www.bcra.gob.ar/archivos/Pdfs/comytexord/A7309.pdf,A7309,2026-05-07T17:40:22+00:00,2021-06-18,170799,2,“2021 - AÑO DE HOMENAJE AL PREMIO NOBEL DE MEDICINA DR. CÉSAR MILSTEIN”,true,casas de cambio,
comunicacion_A,data/raw/02_comunicaciones_A/A7310_2021_ano_de_homenaje_al_premio.pdf,https://www.bcra.gob.ar/archivos/Pdfs/comytexord/A7310.pdf,A7310,2026-05-07T17:40:23+00:00,2021-06-18,161640,2,“2021 - AÑO DE HOMENAJE AL PREMIO NOBEL DE MEDICINA DR. CÉSAR MILSTEIN”,true,casas de cambio,
comunicacion_A,data/raw/02_comunicaciones_A/A7313_2021_ano_de_homenaje_al_premio.pdf,https://www.bcra.gob.ar/archivos/Pdfs/comytexord/A7313.pdf,A7313,2026-05-07T17:40:33+00:00,2021-06-24,310323,15,“2021 - AÑO DE HOMENAJE AL PREMIO NOBEL DE MEDICINA DR. CÉSAR MILSTEIN”,true,exterior y cambios; mercado de cambios; casas de cambio; ingreso de divisas; sepaimpo; secoexpo; importaciones de bienes + pago,
comunicacion_A,data/raw/02_comunicaciones_A/A7315_2021_ano_de_homenaje_al_premio.pdf,https://www.bcra.gob.ar/archivos/Pdfs/comytexord/A7315.pdf,A7315,2026-05-07T17:40:35+00:00,2021-06-30,155524,2,“2021 - AÑO DE HOMENAJE AL PREMIO NOBEL DE MEDICINA DR. CÉSAR MILSTEIN”,true,casas de cambio,
comunicacion_A,data/raw/02_comunicaciones_A/A7316_2021_ano_de_homenaje_al_premio.pdf,https://www.bcra.gob.ar/archivos/Pdfs/comytexord/A7316.pdf,A7316,2026-05-07T17:40:38+00:00,2021-06-30,318366,10,“2021 - AÑO DE HOMENAJE AL PREMIO NOBEL DE MEDICINA DR. CÉSAR MILSTEIN”,true,mercado de cambios; casas de cambio; importaciones de bienes + pago,
comunicacion_A,data/raw/02_comunicaciones_A/A7327_2021_ano_de_homenaje_al_premio.pdf,https://www.bcra.gob.ar/archivos/Pdfs/comytexord/A7327.pdf,A7327,2026-05-07T17:41:21+00:00,2021-07-10,199213,5,“2021 - AÑO DE HOMENAJE AL PREMIO NOBEL DE MEDICINA DR. CÉSAR MILSTEIN”,true,exterior y cambios; operadores de cambio,
comunicacion_A,data/raw/02_comunicaciones_A/A7335_2021_ano_de_homenaje_al_premio.pdf,https://www.bcra.gob.ar/archivos/Pdfs/comytexord/A7335.pdf,A7335,2026-05-07T17:41:57+00:00,2021-08-04,534226,15,“2021 - AÑO DE HOMENAJE AL PREMIO NOBEL DE MEDICINA DR. CÉSAR MILSTEIN”,true,exterior y cambios; mercado de cambios; casas de cambio; posicion general de cambios,
comunicacion_A,data/raw/02_comunicaciones_A/A7336_2021_ano_de_homenaje_al_premio.pdf,https://www.bcra.gob.ar/archivos/Pdfs/comytexord/A7336.pdf,A7336,2026-05-07T17:41:59+00:00,2021-08-04,526876,23,“2021 - AÑO DE HOMENAJE AL PREMIO NOBEL DE MEDICINA DR. CÉSAR MILSTEIN”,true,exterior y cambios; mercado de cambios; casas de cambio; exportaciones de bienes + liquidacion; importaciones de bienes + pago,
comunicacion_A,data/raw/02_comunicaciones_A/A7339_2021_ano_de_homenaje_al_premio.pdf,https://www.bcra.gob.ar/archivos/Pdfs/comytexord/A7339.pdf,A7339,2026-05-07T17:42:10+00:00,2021-08-06,747144,27,“2021 - AÑO DE HOMENAJE AL PREMIO NOBEL DE MEDICINA DR. CÉSAR MILSTEIN”,true,operadores de cambio,
comunicacion_A,data/raw/02_comunicaciones_A/A7340_2021_ano_de_homenaje_al_premio.pdf,https://www.bcra.gob.ar/archivos/Pdfs/comytexord/A7340.pdf,A7340,2026-05-07T17:42:11+00:00,2021-08-12,130290,1,“2021 - AÑO DE HOMENAJE AL PREMIO NOBEL DE MEDICINA DR. CÉSAR MILSTEIN”,true,exterior y cambios; operadores de cambio,
comunicacion_A,data/raw/02_comunicaciones_A/A7342_2021_ano_de_homenaje_al_premio.pdf,https://www.bcra.gob.ar/archivos/Pdfs/comytexord/A7342.pdf,A7342,2026-05-07T17:42:14+00:00,2021-08-13,369274,13,“2021 - AÑO DE HOMENAJE AL PREMIO NOBEL DE MEDICINA DR. CÉSAR MILSTEIN”,true,exterior y cambios; operadores de cambio,
comunicacion_A,data/raw/02_comunicaciones_A/A7347_2021_ano_de_homenaje_al_premio.pdf,https://www.bcra.gob.ar/archivos/Pdfs/comytexord/A7347.pdf,A7347,2026-05-07T17:42:31+00:00,2021-08-24,129788,1,“2021 - AÑO DE HOMENAJE AL PREMIO NOBEL DE MEDICINA DR. CÉSAR MILSTEIN”,true,operadores de cambio,
comunicacion_A,data/raw/02_comunicaciones_A/A7348_2021_ano_de_homenaje_al_premio.pdf,https://www.bcra.gob.ar/archivos/Pdfs/comytexord/A7348.pdf,A7348,2026-05-07T17:42:34+00:00,2021-08-26,147787,2,“2021 - AÑO DE HOMENAJE AL PREMIO NOBEL DE MEDICINA DR. CÉSAR MILSTEIN”,true,exterior y cambios; mercado de cambios; casas de cambio,
comunicacion_A,data/raw/02_comunicaciones_A/A7352_2021_ano_de_homenaje_al_premio.pdf,https://www.bcra.gob.ar/archivos/Pdfs/comytexord/A7352.pdf,A7352,2026-05-07T17:42:46+00:00,2021-09-01,221072,6,“2021 - AÑO DE HOMENAJE AL PREMIO NOBEL DE MEDICINA DR. CÉSAR MILSTEIN”,true,operadores de cambio,
comunicacion_A,data/raw/02_comunicaciones_A/A7356_2021_ano_de_homenaje_al_premio.pdf,https://www.bcra.gob.ar/archivos/Pdfs/comytexord/A7356.pdf,A7356,2026-05-07T17:43:01+00:00,2021-09-02,528105,15,“2021 - AÑO DE HOMENAJE AL PREMIO NOBEL DE MEDICINA DR. CÉSAR MILSTEIN”,true,exterior y cambios; mercado de cambios; casas de cambio; posicion general de cambios,
comunicacion_A,data/raw/02_comunicaciones_A/A7357_2021_ano_de_homenaje_al_premio.pdf,https://www.bcra.gob.ar/archivos/Pdfs/comytexord/A7357.pdf,A7357,2026-05-07T17:43:04+00:00,2021-09-02,396285,8,“2021 - AÑO DE HOMENAJE AL PREMIO NOBEL DE MEDICINA DR. CÉSAR MILSTEIN”,true,exterior y cambios; casas de cambio,
comunicacion_A,data/raw/02_comunicaciones_A/A7374_2021_ano_de_homenaje_al_premio.pdf,https://www.bcra.gob.ar/archivos/Pdfs/comytexord/A7374.pdf,A7374,2026-05-07T17:44:17+00:00,2021-09-30,156979,2,“2021 - AÑO DE HOMENAJE AL PREMIO NOBEL DE MEDICINA DR. CÉSAR MILSTEIN”,true,exterior y cambios; mercado de cambios; casas de cambio,
comunicacion_A,data/raw/02_comunicaciones_A/A7375_2021_ano_de_homenaje_al_premio.pdf,https://www.bcra.gob.ar/archivos/Pdfs/comytexord/A7375.pdf,A7375,2026-05-07T17:44:20+00:00,2021-10-05,154038,2,“2021 - AÑO DE HOMENAJE AL PREMIO NOBEL DE MEDICINA DR. CÉSAR MILSTEIN”,true,exterior y cambios; mercado de cambios; operadores de cambio; importaciones de bienes + pago,
comunicacion_A,data/raw/02_comunicaciones_A/A7376_2021_ano_de_homenaje_al_premio.pdf,https://www.bcra.gob.ar/archivos/Pdfs/comytexord/A7376.pdf,A7376,2026-05-07T17:44:23+00:00,2021-10-06,157219,2,“2021 - AÑO DE HOMENAJE AL PREMIO NOBEL DE MEDICINA DR. CÉSAR MILSTEIN”,true,operadores de cambio,
comunicacion_A,data/raw/02_comunicaciones_A/A7377_2021_ano_de_homenaje_al_premio.pdf,https://www.bcra.gob.ar/archivos/Pdfs/comytexord/A7377.pdf,A7377,2026-05-07T17:44:30+00:00,2021-10-15,851454,41,“2021 - AÑO DE HOMENAJE AL PREMIO NOBEL DE MEDICINA DR. CÉSAR MILSTEIN”,true,casas de cambio,
comunicacion_A,data/raw/02_comunicaciones_A/A7385_2021_ano_de_homenaje_al_premio.pdf,https://www.bcra.gob.ar/archivos/Pdfs/comytexord/A7385.pdf,A7385,2026-05-07T17:44:58+00:00,2021-10-28,156199,2,“2021 - AÑO DE HOMENAJE AL PREMIO NOBEL DE MEDICINA DR. CÉSAR MILSTEIN”,true,exterior y cambios; operadores de cambio; importaciones de bienes + pago,
comunicacion_A,data/raw/02_comunicaciones_A/A7389_2021_ano_de_homenaje_al_premio.pdf,https://www.bcra.gob.ar/archivos/Pdfs/comytexord/A7389.pdf,A7389,2026-05-07T17:45:11+00:00,2021-10-29,271480,5,“2021 - AÑO DE HOMENAJE AL PREMIO NOBEL DE MEDICINA DR. CÉSAR MILSTEIN”,true,casas de cambio; boleto de cambio,
comunicacion_A,data/raw/02_comunicaciones_A/A7390_2021_ano_de_homenaje_al_premio.pdf,https://www.bcra.gob.ar/archivos/Pdfs/comytexord/A7390.pdf,A7390,2026-05-07T17:45:13+00:00,2021-10-29,403941,10,“2021 - AÑO DE HOMENAJE AL PREMIO NOBEL DE MEDICINA DR. CÉSAR MILSTEIN”,true,mercado de cambios; operadores de cambio,
comunicacion_A,data/raw/02_comunicaciones_A/A7398_2021_ano_de_homenaje_al_premio.pdf,https://www.bcra.gob.ar/archivos/Pdfs/comytexord/A7398.pdf,A7398,2026-05-07T17:45:47+00:00,2021-11-11,356877,19,“2021 - AÑO DE HOMENAJE AL PREMIO NOBEL DE MEDICINA DR. CÉSAR MILSTEIN”,true,operadores de cambio,
comunicacion_A,data/raw/02_comunicaciones_A/A7401_2021_ano_de_homenaje_al_premio.pdf,https://www.bcra.gob.ar/archivos/Pdfs/comytexord/A7401.pdf,A7401,2026-05-07T17:45:57+00:00,2021-11-18,132046,1,“2021 - AÑO DE HOMENAJE AL PREMIO NOBEL DE MEDICINA DR. CÉSAR MILSTEIN”,true,exterior y cambios; operadores de cambio,
comunicacion_A,data/raw/02_comunicaciones_A/A7408_2021_ano_de_homenaje_al_premio.pdf,https://www.bcra.gob.ar/archivos/Pdfs/comytexord/A7408.pdf,A7408,2026-05-07T17:46:26+00:00,2021-11-25,152646,2,“2021 - AÑO DE HOMENAJE AL PREMIO NOBEL DE MEDICINA DR. CÉSAR MILSTEIN”,true,exterior y cambios; casas de cambio,
comunicacion_A,data/raw/02_comunicaciones_A/A7413_2021_ano_de_homenaje_al_premio.pdf,https://www.bcra.gob.ar/archivos/Pdfs/comytexord/A7413.pdf,A7413,2026-05-07T17:46:46+00:00,2021-12-01,152711,2,“2021 - AÑO DE HOMENAJE AL PREMIO NOBEL DE MEDICINA DR. CÉSAR MILSTEIN”,true,operadores de cambio,
comunicacion_A,data/raw/02_comunicaciones_A/A7414_2021_ano_de_homenaje_al_premio.pdf,https://www.bcra.gob.ar/archivos/Pdfs/comytexord/A7414.pdf,A7414,2026-05-07T17:46:47+00:00,2021-12-01,155734,2,“2021 - AÑO DE HOMENAJE AL PREMIO NOBEL DE MEDICINA DR. CÉSAR MILSTEIN”,true,operadores de cambio,
comunicacion_A,data/raw/02_comunicaciones_A/A7416_2021_ano_de_homenaje_al_premio.pdf,https://www.bcra.gob.ar/archivos/Pdfs/comytexord/A7416.pdf,A7416,2026-05-07T17:46:50+00:00,2021-12-09,159751,3,“2021 - AÑO DE HOMENAJE AL PREMIO NOBEL DE MEDICINA DR. CÉSAR MILSTEIN”,true,exterior y cambios; mercado de cambios; operadores de cambio; importaciones de bienes + pago,
comunicacion_A,data/raw/02_comunicaciones_A/A7420_2021_ano_de_homenaje_al_premio.pdf,https://www.bcra.gob.ar/archivos/Pdfs/comytexord/A7420.pdf,A7420,2026-05-07T17:47:06+00:00,2021-12-16,152764,2,“2021 - AÑO DE HOMENAJE AL PREMIO NOBEL DE MEDICINA DR. CÉSAR MILSTEIN”,true,exterior y cambios; casas de cambio; ingreso de divisas,
comunicacion_A,data/raw/02_comunicaciones_A/A7422_2021_ano_de_homenaje_al_premio.pdf,https://www.bcra.gob.ar/archivos/Pdfs/comytexord/A7422.pdf,A7422,2026-05-07T17:47:13+00:00,2021-12-16,873592,66,“2021 - AÑO DE HOMENAJE AL PREMIO NOBEL DE MEDICINA DR. CÉSAR MILSTEIN”,true,exterior y cambios; mercado de cambios; operadores de cambio; sepaimpo; secoexpo; posicion general de cambios; boleto de cambio; exportaciones de bienes + liquidacion; importaciones de bienes + pago,
comunicacion_A,data/raw/02_comunicaciones_A/A7425_2021_ano_de_homenaje_al_premio.pdf,https://www.bcra.gob.ar/archivos/Pdfs/comytexord/A7425.pdf,A7425,2026-05-07T17:47:23+00:00,2021-12-23,154267,2,“2021 - AÑO DE HOMENAJE AL PREMIO NOBEL DE MEDICINA DR. CÉSAR MILSTEIN”,true,operadores de cambio,
comunicacion_A,data/raw/02_comunicaciones_A/A7426_2021_ano_de_homenaje_al_premio.pdf,https://www.bcra.gob.ar/archivos/Pdfs/comytexord/A7426.pdf,A7426,2026-05-07T17:47:25+00:00,2021-12-23,327737,2,“2021 - AÑO DE HOMENAJE AL PREMIO NOBEL DE MEDICINA DR. CÉSAR MILSTEIN”,true,operadores de cambio,
comunicacion_A,data/raw/02_comunicaciones_A/A7427_2021_ano_de_homenaje_al_premio.pdf,https://www.bcra.gob.ar/archivos/Pdfs/comytexord/A7427.pdf,A7427,2026-05-07T17:47:26+00:00,2021-12-23,404676,16,“2021 - AÑO DE HOMENAJE AL PREMIO NOBEL DE MEDICINA DR. CÉSAR MILSTEIN”,true,operadores de cambio,
comunicacion_A,data/raw/02_comunicaciones_A/A7433_comunicacion_a_7433_06_01_2022.pdf,https://www.bcra.gob.ar/archivos/Pdfs/comytexord/A7433.pdf,A7433,2026-05-07T17:47:47+00:00,2022-01-06,190080,5,COMUNICACIÓN  “A”  7433 06/01/2022,true,exterior y cambios; mercado de cambios; casas de cambio,
comunicacion_A,data/raw/02_comunicaciones_A/A7439_comunicacion_a_7439_12_01_2022.pdf,https://www.bcra.gob.ar/archivos/Pdfs/comytexord/A7439.pdf,A7439,2026-05-07T17:48:13+00:00,2022-01-12,175161,4,COMUNICACIÓN  “A”  7439 12/01/2022,true,operadores de cambio,
comunicacion_A,data/raw/02_comunicaciones_A/A7441_comunicacion_a_7441_12_01_2022.pdf,https://www.bcra.gob.ar/archivos/Pdfs/comytexord/A7441.pdf,A7441,2026-05-07T17:48:15+00:00,2022-01-12,154763,2,COMUNICACIÓN  “A”  7441 12/01/2022,true,operadores de cambio,
comunicacion_A,data/raw/02_comunicaciones_A/A7442_comunicacion_a_7442_12_01_2022.pdf,https://www.bcra.gob.ar/archivos/Pdfs/comytexord/A7442.pdf,A7442,2026-05-07T17:48:18+00:00,2022-01-12,292101,7,COMUNICACIÓN  “A”  7442 12/01/2022,true,exterior y cambios; mercado de cambios; operadores de cambio,
comunicacion_A,data/raw/02_comunicaciones_A/A7446_las_malvinas_son_argentinas.pdf,https://www.bcra.gob.ar/archivos/Pdfs/comytexord/A7446.pdf,A7446,2026-05-07T17:48:31+00:00,2022-01-26,189026,4,"""Las Malvinas son argentinas""",true,operadores de cambio; casas de cambio,
comunicacion_A,data/raw/02_comunicaciones_A/A7450_las_malvinas_son_argentinas.pdf,https://www.bcra.gob.ar/archivos/Pdfs/comytexord/A7450.pdf,A7450,2026-05-07T17:48:47+00:00,2022-01-31,217831,7,"""Las Malvinas son argentinas""",true,operadores de cambio,
comunicacion_A,data/raw/02_comunicaciones_A/A7456_las_malvinas_son_argentinas.pdf,https://www.bcra.gob.ar/archivos/Pdfs/comytexord/A7456.pdf,A7456,2026-05-07T17:49:07+00:00,2022-02-14,126764,1,".   ""Las Malvinas son argentinas""",true,casas de cambio,
comunicacion_A,data/raw/02_comunicaciones_A/A7457_las_malvinas_son_argentinas.pdf,https://www.bcra.gob.ar/archivos/Pdfs/comytexord/A7457.pdf,A7457,2026-05-07T17:49:09+00:00,2022-02-14,412171,10,"""Las Malvinas son argentinas""",true,operadores de cambio,
comunicacion_A,data/raw/02_comunicaciones_A/A7466_las_malvinas_son_argentinas.pdf,https://www.bcra.gob.ar/archivos/Pdfs/comytexord/A7466.pdf,A7466,2026-05-07T17:49:44+00:00,2022-03-03,167634,4,".   ""Las Malvinas son argentinas""",true,exterior y cambios; mercado de cambios; casas de cambio; sepaimpo; importaciones de bienes + pago,
comunicacion_A,data/raw/02_comunicaciones_A/A7469_las_malvinas_son_argentinas.pdf,https://www.bcra.gob.ar/archivos/Pdfs/comytexord/A7469.pdf,A7469,2026-05-07T17:49:54+00:00,2022-03-10,131041,1,".   ""Las Malvinas son argentinas""",true,exterior y cambios; casas de cambio,
comunicacion_A,data/raw/02_comunicaciones_A/A7471_las_malvinas_son_argentinas.pdf,https://www.bcra.gob.ar/archivos/Pdfs/comytexord/A7471.pdf,A7471,2026-05-07T17:49:56+00:00,2022-03-18,132545,1,".   ""Las Malvinas son argentinas""",true,exterior y cambios; casas de cambio,
comunicacion_A,data/raw/02_comunicaciones_A/A7472_las_malvinas_son_argentinas.pdf,https://www.bcra.gob.ar/archivos/Pdfs/comytexord/A7472.pdf,A7472,2026-05-07T17:49:59+00:00,2022-03-22,236550,3,"""Las Malvinas son argentinas""",true,exterior y cambios; mercado de cambios; casas de cambio; importaciones de bienes + pago,
comunicacion_A,data/raw/02_comunicaciones_A/A7488_las_malvinas_son_argentinas.pdf,https://www.bcra.gob.ar/archivos/Pdfs/comytexord/A7488.pdf,A7488,2026-05-07T17:51:10+00:00,2022-04-07,157541,3,"""Las Malvinas son argentinas""",true,exterior y cambios; mercado de cambios; casas de cambio,
comunicacion_A,data/raw/02_comunicaciones_A/A7490_las_malvinas_son_argentinas.pdf,https://www.bcra.gob.ar/archivos/Pdfs/comytexord/A7490.pdf,A7490,2026-05-07T17:51:21+00:00,2022-04-12,839204,55,"""Las Malvinas son argentinas""",true,exterior y cambios; mercado de cambios; operadores de cambio; regimen penal cambiario; sepaimpo; exportaciones de bienes + liquidacion; importaciones de bienes + pago,
comunicacion_A,data/raw/02_comunicaciones_A/A7495_las_malvinas_son_argentinas.pdf,https://www.bcra.gob.ar/archivos/Pdfs/comytexord/A7495.pdf,A7495,2026-05-07T17:51:40+00:00,2022-04-27,390563,12,"""Las Malvinas son argentinas""",true,regimen penal cambiario,
comunicacion_A,data/raw/02_comunicaciones_A/A7497_las_malvinas_son_argentinas.pdf,https://www.bcra.gob.ar/archivos/Pdfs/comytexord/A7497.pdf,A7497,2026-05-07T17:51:41+00:00,2022-04-28,196246,6,"""Las Malvinas son argentinas""",true,operadores de cambio,
comunicacion_A,data/raw/02_comunicaciones_A/A7498_las_malvinas_son_argentinas.pdf,https://www.bcra.gob.ar/archivos/Pdfs/comytexord/A7498.pdf,A7498,2026-05-07T17:51:45+00:00,2022-04-29,827515,25,"""Las Malvinas son argentinas""",true,casas de cambio,
comunicacion_A,data/raw/02_comunicaciones_A/A7507_las_malvinas_son_argentinas.pdf,https://www.bcra.gob.ar/archivos/Pdfs/comytexord/A7507.pdf,A7507,2026-05-07T17:52:23+00:00,2022-05-05,691939,33,"""Las Malvinas son argentinas""",true,exterior y cambios; mercado de cambios; operadores de cambio; casas de cambio; secoexpo; exportaciones de bienes + liquidacion; importaciones de bienes + pago,
comunicacion_A,data/raw/02_comunicaciones_A/A7516_las_malvinas_son_argentinas.pdf,https://www.bcra.gob.ar/archivos/Pdfs/comytexord/A7516.pdf,A7516,2026-05-07T17:52:58+00:00,2022-05-19,340268,17,"""Las Malvinas son argentinas""",true,exterior y cambios; mercado de cambios; casas de cambio; sepaimpo; exportaciones de bienes + liquidacion; importaciones de bienes + pago,
comunicacion_A,data/raw/02_comunicaciones_A/A7518_las_malvinas_son_argentinas.pdf,https://www.bcra.gob.ar/archivos/Pdfs/comytexord/A7518.pdf,A7518,2026-05-07T17:53:01+00:00,2022-06-02,162736,4,".   ""Las Malvinas son argentinas""",true,exterior y cambios; mercado de cambios; casas de cambio,
comunicacion_A,data/raw/02_comunicaciones_A/A7519_las_malvinas_son_argentinas.pdf,https://www.bcra.gob.ar/archivos/Pdfs/comytexord/A7519.pdf,A7519,2026-05-07T17:53:03+00:00,2022-06-03,203358,6,"""Las Malvinas son argentinas""",true,operadores de cambio; casas de cambio,
comunicacion_A,data/raw/02_comunicaciones_A/A7520_las_malvinas_son_argentinas.pdf,https://www.bcra.gob.ar/archivos/Pdfs/comytexord/A7520.pdf,A7520,2026-05-07T17:53:05+00:00,2022-06-03,183307,4,"""Las Malvinas son argentinas""",true,operadores de cambio; boleto de cambio,
comunicacion_A,data/raw/02_comunicaciones_A/A7521_las_malvinas_son_argentinas.pdf,https://www.bcra.gob.ar/archivos/Pdfs/comytexord/A7521.pdf,A7521,2026-05-07T17:53:08+00:00,2022-06-03,264530,3,"""Las Malvinas son argentinas""",true,operadores de cambio,
comunicacion_A,data/raw/02_comunicaciones_A/A7525_las_malvinas_son_argentinas.pdf,https://www.bcra.gob.ar/archivos/Pdfs/comytexord/A7525.pdf,A7525,2026-05-07T17:53:20+00:00,2022-06-09,186143,6,"""Las Malvinas son argentinas""",true,operadores de cambio,
comunicacion_A,data/raw/02_comunicaciones_A/A7528_las_malvinas_son_argentinas.pdf,https://www.bcra.gob.ar/archivos/Pdfs/comytexord/A7528.pdf,A7528,2026-05-07T17:53:31+00:00,2022-06-16,156971,2,".   ""Las Malvinas son argentinas""",true,exterior y cambios; mercado de cambios; casas de cambio; importaciones de bienes + pago,
comunicacion_A,data/raw/02_comunicaciones_A/A7532_las_malvinas_son_argentinas.pdf,https://www.bcra.gob.ar/archivos/Pdfs/comytexord/A7532.pdf,A7532,2026-05-07T17:53:48+00:00,2022-06-27,329358,19,"""Las Malvinas son argentinas""",true,exterior y cambios; mercado de cambios; casas de cambio; importaciones de bienes + pago,
comunicacion_A,data/raw/02_comunicaciones_A/A7538_las_malvinas_son_argentinas.pdf,https://www.bcra.gob.ar/archivos/Pdfs/comytexord/A7538.pdf,A7538,2026-05-07T17:54:09+00:00,2022-07-01,259940,5,"""Las Malvinas son argentinas""",true,exterior y cambios; operadores de cambio,
comunicacion_A,data/raw/02_comunicaciones_A/A7539_las_malvinas_son_argentinas.pdf,https://www.bcra.gob.ar/archivos/Pdfs/comytexord/A7539.pdf,A7539,2026-05-07T17:54:11+00:00,2022-07-01,352773,13,"""Las Malvinas son argentinas""",true,mercado de cambios; operadores de cambio; importaciones de bienes + pago,
comunicacion_A,data/raw/02_comunicaciones_A/A7542_las_malvinas_son_argentinas.pdf,https://www.bcra.gob.ar/archivos/Pdfs/comytexord/A7542.pdf,A7542,2026-05-07T17:54:22+00:00,2022-07-07,163527,3,".   ""Las Malvinas son argentinas""",true,exterior y cambios; mercado de cambios; casas de cambio; importaciones de bienes + pago,
comunicacion_A,data/raw/02_comunicaciones_A/A7543_las_malvinas_son_argentinas.pdf,https://www.bcra.gob.ar/archivos/Pdfs/comytexord/A7543.pdf,A7543,2026-05-07T17:54:25+00:00,2022-07-12,536382,16,"""Las Malvinas son argentinas""",true,exterior y cambios; mercado de cambios; operadores de cambio; posicion general de cambios; importaciones de bienes + pago,
comunicacion_A,data/raw/02_comunicaciones_A/A7544_las_malvinas_son_argentinas.pdf,https://www.bcra.gob.ar/archivos/Pdfs/comytexord/A7544.pdf,A7544,2026-05-07T17:54:27+00:00,2022-07-12,424787,9,"""Las Malvinas son argentinas""",true,mercado de cambios; operadores de cambio,
comunicacion_A,data/raw/02_comunicaciones_A/A7547_las_malvinas_son_argentinas.pdf,https://www.bcra.gob.ar/archivos/Pdfs/comytexord/A7547.pdf,A7547,2026-05-07T17:54:36+00:00,2022-07-14,156411,2,".   ""Las Malvinas son argentinas""",true,exterior y cambios; casas de cambio,
comunicacion_A,data/raw/02_comunicaciones_A/A7551_las_malvinas_son_argentinas.pdf,https://www.bcra.gob.ar/archivos/Pdfs/comytexord/A7551.pdf,A7551,2026-05-07T17:54:47+00:00,2022-07-21,152443,2,".   ""Las Malvinas son argentinas""",true,exterior y cambios; operadores de cambio,
comunicacion_A,data/raw/02_comunicaciones_A/A7552_las_malvinas_son_argentinas.pdf,https://www.bcra.gob.ar/archivos/Pdfs/comytexord/A7552.pdf,A7552,2026-05-07T17:54:49+00:00,2022-07-21,153336,2,".   ""Las Malvinas son argentinas""",true,exterior y cambios; operadores de cambio,
comunicacion_A,data/raw/02_comunicaciones_A/A7553_las_malvinas_son_argentinas.pdf,https://www.bcra.gob.ar/archivos/Pdfs/comytexord/A7553.pdf,A7553,2026-05-07T17:54:50+00:00,2022-07-21,166586,4,".   ""Las Malvinas son argentinas""",true,exterior y cambios; mercado de cambios; casas de cambio; importaciones de bienes + pago,
comunicacion_A,data/raw/02_comunicaciones_A/A7554_las_malvinas_son_argentinas.pdf,https://www.bcra.gob.ar/archivos/Pdfs/comytexord/A7554.pdf,A7554,2026-05-07T17:54:54+00:00,2022-07-22,198264,3,"""Las Malvinas son argentinas""",true,operadores de cambio,
comunicacion_A,data/raw/02_comunicaciones_A/A7556_las_malvinas_son_argentinas.pdf,https://www.bcra.gob.ar/archivos/Pdfs/comytexord/A7556.pdf,A7556,2026-05-07T17:55:02+00:00,2022-07-26,163798,3,".   ""Las Malvinas son argentinas""",true,exterior y cambios; operadores de cambio; secoexpo,
comunicacion_A,data/raw/02_comunicaciones_A/A7562_las_malvinas_son_argentinas.pdf,https://www.bcra.gob.ar/archivos/Pdfs/comytexord/A7562.pdf,A7562,2026-05-07T17:55:28+00:00,2022-07-29,171601,5,"""Las Malvinas son argentinas""",true,exterior y cambios; mercado de cambios; casas de cambio,
comunicacion_A,data/raw/02_comunicaciones_A/A7563_las_malvinas_son_argentinas.pdf,https://www.bcra.gob.ar/archivos/Pdfs/comytexord/A7563.pdf,A7563,2026-05-07T17:55:32+00:00,2022-08-03,458631,15,"""Las Malvinas son argentinas""",true,mercado de cambios; operadores de cambio; posicion general de cambios; importaciones de bienes + pago,
comunicacion_A,data/raw/02_comunicaciones_A/A7564_las_malvinas_son_argentinas.pdf,https://www.bcra.gob.ar/archivos/Pdfs/comytexord/A7564.pdf,A7564,2026-05-07T17:55:32+00:00,2022-08-03,214097,3,"""Las Malvinas son argentinas""",true,operadores de cambio,
comunicacion_A,data/raw/02_comunicaciones_A/A7565_las_malvinas_son_argentinas.pdf,https://www.bcra.gob.ar/archivos/Pdfs/comytexord/A7565.pdf,A7565,2026-05-07T17:55:34+00:00,2022-08-04,165044,3,"""Las Malvinas son argentinas""",true,exterior y cambios; casas de cambio,
comunicacion_A,data/raw/02_comunicaciones_A/A7568_las_malvinas_son_argentinas.pdf,https://www.bcra.gob.ar/archivos/Pdfs/comytexord/A7568.pdf,A7568,2026-05-07T17:55:51+00:00,2022-08-05,1119765,46,"""Las Malvinas son argentinas""",true,operadores de cambio,
comunicacion_A,data/raw/02_comunicaciones_A/A7570_las_malvinas_son_argentinas.pdf,https://www.bcra.gob.ar/archivos/Pdfs/comytexord/A7570.pdf,A7570,2026-05-07T17:55:52+00:00,2022-08-05,159950,3,".   ""Las Malvinas son argentinas""",true,exterior y cambios; mercado de cambios; casas de cambio,
comunicacion_A,data/raw/02_comunicaciones_A/A7571_las_malvinas_son_argentinas.pdf,https://www.bcra.gob.ar/archivos/Pdfs/comytexord/A7571.pdf,A7571,2026-05-07T17:55:52+00:00,2022-08-05,153997,2,".   ""Las Malvinas son argentinas""",true,exterior y cambios; casas de cambio; exportaciones de bienes + liquidacion,
comunicacion_A,data/raw/02_comunicaciones_A/A7572_las_malvinas_son_argentinas.pdf,https://www.bcra.gob.ar/archivos/Pdfs/comytexord/A7572.pdf,A7572,2026-05-07T17:55:58+00:00,2022-08-05,952661,55,"""Las Malvinas son argentinas""",true,casas de cambio,
comunicacion_A,data/raw/02_comunicaciones_A/A7584_las_malvinas_son_argentinas.pdf,https://www.bcra.gob.ar/archivos/Pdfs/comytexord/A7584.pdf,A7584,2026-05-07T17:56:44+00:00,2022-08-25,274134,8,"""Las Malvinas son argentinas""",true,exterior y cambios; operadores de cambio; casas de cambio,
comunicacion_A,data/raw/02_comunicaciones_A/A7586_las_malvinas_son_argentinas.pdf,https://www.bcra.gob.ar/archivos/Pdfs/comytexord/A7586.pdf,A7586,2026-05-07T17:56:51+00:00,2022-08-25,151264,2,".   ""Las Malvinas son argentinas""",true,exterior y cambios; operadores de cambio,
comunicacion_A,data/raw/02_comunicaciones_A/A7587_las_malvinas_son_argentinas.pdf,https://www.bcra.gob.ar/archivos/Pdfs/comytexord/A7587.pdf,A7587,2026-05-07T17:56:55+00:00,2022-08-26,409638,9,"""Las Malvinas son argentinas""",true,exterior y cambios; operadores de cambio; posicion general de cambios; boleto de cambio,
comunicacion_A,data/raw/02_comunicaciones_A/A7588_las_malvinas_son_argentinas.pdf,https://www.bcra.gob.ar/archivos/Pdfs/comytexord/A7588.pdf,A7588,2026-05-07T17:56:55+00:00,2022-08-26,188736,5,"""Las Malvinas son argentinas""",true,operadores de cambio,
comunicacion_A,data/raw/02_comunicaciones_A/A7590_las_malvinas_son_argentinas.pdf,https://www.bcra.gob.ar/archivos/Pdfs/comytexord/A7590.pdf,A7590,2026-05-07T17:56:57+00:00,2022-09-01,188907,8,"""Las Malvinas son argentinas""",true,casas de cambio,
comunicacion_A,data/raw/02_comunicaciones_A/A7592_las_malvinas_son_argentinas.pdf,https://www.bcra.gob.ar/archivos/Pdfs/comytexord/A7592.pdf,A7592,2026-05-07T17:57:05+00:00,2022-09-01,267758,3,"""Las Malvinas son argentinas""",true,operadores de cambio,
comunicacion_A,data/raw/02_comunicaciones_A/A7593_las_malvinas_son_argentinas.pdf,https://www.bcra.gob.ar/archivos/Pdfs/comytexord/A7593.pdf,A7593,2026-05-07T17:57:07+00:00,2022-09-01,225768,2,".   ""Las Malvinas son argentinas""",true,operadores de cambio,
comunicacion_A,data/raw/02_comunicaciones_A/A7594_las_malvinas_son_argentinas.pdf,https://www.bcra.gob.ar/archivos/Pdfs/comytexord/A7594.pdf,A7594,2026-05-07T17:57:09+00:00,2022-09-01,149831,2,".   ""Las Malvinas son argentinas""",true,exterior y cambios; mercado de cambios; casas de cambio; importaciones de bienes + pago,
comunicacion_A,data/raw/02_comunicaciones_A/A7596_las_malvinas_son_argentinas.pdf,https://www.bcra.gob.ar/archivos/Pdfs/comytexord/A7596.pdf,A7596,2026-05-07T17:57:11+00:00,2022-09-06,465759,16,"""Las Malvinas son argentinas""",true,mercado de cambios; operadores de cambio; posicion general de cambios; importaciones de bienes + pago,
comunicacion_A,data/raw/02_comunicaciones_A/A7597_las_malvinas_son_argentinas.pdf,https://www.bcra.gob.ar/archivos/Pdfs/comytexord/A7597.pdf,A7597,2026-05-07T17:57:14+00:00,2022-09-06,373731,4,"""Las Malvinas son argentinas""",true,operadores de cambio,
comunicacion_A,data/raw/02_comunicaciones_A/A7601_las_malvinas_son_argentinas.pdf,https://www.bcra.gob.ar/archivos/Pdfs/comytexord/A7601.pdf,A7601,2026-05-07T17:57:28+00:00,2022-09-08,128388,1,".   ""Las Malvinas son argentinas""",true,exterior y cambios; casas de cambio; importaciones de bienes + pago,
comunicacion_A,data/raw/02_comunicaciones_A/A7603_las_malvinas_son_argentinas.pdf,https://www.bcra.gob.ar/archivos/Pdfs/comytexord/A7603.pdf,A7603,2026-05-07T17:57:36+00:00,2022-09-09,597403,29,"""Las Malvinas son argentinas""",true,exterior y cambios,
comunicacion_A,data/raw/02_comunicaciones_A/A7606_las_malvinas_son_argentinas.pdf,https://www.bcra.gob.ar/archivos/Pdfs/comytexord/A7606.pdf,A7606,2026-05-07T17:57:49+00:00,2022-09-15,151585,2,".   ""Las Malvinas son argentinas""",true,exterior y cambios; mercado de cambios; operadores de cambio,
comunicacion_A,data/raw/02_comunicaciones_A/A7607_las_malvinas_son_argentinas.pdf,https://www.bcra.gob.ar/archivos/Pdfs/comytexord/A7607.pdf,A7607,2026-05-07T17:57:50+00:00,2022-09-19,155877,2,"""Las Malvinas son argentinas""",true,operadores de cambio,
comunicacion_A,data/raw/02_comunicaciones_A/A7609_las_malvinas_son_argentinas.pdf,https://www.bcra.gob.ar/archivos/Pdfs/comytexord/A7609.pdf,A7609,2026-05-07T17:57:51+00:00,2022-09-19,132583,1,".   ""Las Malvinas son argentinas""",true,exterior y cambios; mercado de cambios; operadores de cambio,
comunicacion_A,data/raw/02_comunicaciones_A/A7610_las_malvinas_son_argentinas.pdf,https://www.bcra.gob.ar/archivos/Pdfs/comytexord/A7610.pdf,A7610,2026-05-07T17:57:53+00:00,2022-09-19,124876,1,".   ""Las Malvinas son argentinas""",true,exterior y cambios; operadores de cambio,
comunicacion_A,data/raw/02_comunicaciones_A/A7608_las_malvinas_son_argentinas.pdf,https://www.bcra.gob.ar/archivos/Pdfs/comytexord/A7608.pdf,A7608,2026-05-07T17:57:53+00:00,2022-09-19,408779,7,"""Las Malvinas son argentinas""",true,operadores de cambio; exportaciones de bienes + liquidacion,
comunicacion_A,data/raw/02_comunicaciones_A/A7621_las_malvinas_son_argentinas.pdf,https://www.bcra.gob.ar/archivos/Pdfs/comytexord/A7621.pdf,A7621,2026-05-07T17:58:44+00:00,2022-10-13,129468,1,".   ""Las Malvinas son argentinas""",true,exterior y cambios; mercado de cambios; casas de cambio,
comunicacion_A,data/raw/02_comunicaciones_A/A7622_las_malvinas_son_argentinas.pdf,https://www.bcra.gob.ar/archivos/Pdfs/comytexord/A7622.pdf,A7622,2026-05-07T17:58:47+00:00,2022-10-13,329262,5,".   ""Las Malvinas son argentinas""",true,exterior y cambios; mercado de cambios; casas de cambio; importaciones de bienes + pago,
comunicacion_A,data/raw/02_comunicaciones_A/A7624_las_malvinas_son_argentinas.pdf,https://www.bcra.gob.ar/archivos/Pdfs/comytexord/A7624.pdf,A7624,2026-05-07T17:58:49+00:00,2022-10-20,165340,2,"""Las Malvinas son argentinas""",true,exterior y cambios; casas de cambio,
comunicacion_A,data/raw/02_comunicaciones_A/A7626_las_malvinas_son_argentinas.pdf,https://www.bcra.gob.ar/archivos/Pdfs/comytexord/A7626.pdf,A7626,2026-05-07T17:58:54+00:00,2022-10-28,186694,7,".   ""Las Malvinas son argentinas""",true,exterior y cambios; mercado de cambios; casas de cambio,
comunicacion_A,data/raw/02_comunicaciones_A/A7629_las_malvinas_son_argentinas.pdf,https://www.bcra.gob.ar/archivos/Pdfs/comytexord/A7629.pdf,A7629,2026-05-07T17:59:06+00:00,2022-11-03,154527,2,".   ""Las Malvinas son argentinas""",true,exterior y cambios; casas de cambio,
comunicacion_A,data/raw/02_comunicaciones_A/A7630_las_malvinas_son_argentinas.pdf,https://www.bcra.gob.ar/archivos/Pdfs/comytexord/A7630.pdf,A7630,2026-05-07T17:59:07+00:00,2022-11-03,130273,1,".   ""Las Malvinas son argentinas""",true,exterior y cambios; mercado de cambios; casas de cambio,
comunicacion_A,data/raw/02_comunicaciones_A/A7634_las_malvinas_son_argentinas.pdf,https://www.bcra.gob.ar/archivos/Pdfs/comytexord/A7634.pdf,A7634,2026-05-07T17:59:17+00:00,2022-11-11,322938,3,"""Las Malvinas son argentinas""",true,operadores de cambio,
comunicacion_A,data/raw/02_comunicaciones_A/A7638_las_malvinas_son_argentinas.pdf,https://www.bcra.gob.ar/archivos/Pdfs/comytexord/A7638.pdf,A7638,2026-05-07T17:59:34+00:00,2022-11-17,156475,2,".   ""Las Malvinas son argentinas""",true,exterior y cambios; mercado de cambios; casas de cambio,
comunicacion_A,data/raw/02_comunicaciones_A/A7643_las_malvinas_son_argentinas.pdf,https://www.bcra.gob.ar/archivos/Pdfs/comytexord/A7643.pdf,A7643,2026-05-07T17:59:53+00:00,2022-11-24,133595,1,".   ""Las Malvinas son argentinas""",true,exterior y cambios; mercado de cambios; casas de cambio,
comunicacion_A,data/raw/02_comunicaciones_A/A7645_las_malvinas_son_argentinas.pdf,https://www.bcra.gob.ar/archivos/Pdfs/comytexord/A7645.pdf,A7645,2026-05-07T17:59:59+00:00,2022-11-25,391541,17,"""Las Malvinas son argentinas""",true,operadores de cambio,
comunicacion_A,data/raw/02_comunicaciones_A/A7646_las_malvinas_son_argentinas.pdf,https://www.bcra.gob.ar/archivos/Pdfs/comytexord/A7646.pdf,A7646,2026-05-07T18:00:02+00:00,2022-11-30,349704,11,"""Las Malvinas son argentinas""",true,operadores de cambio; posicion general de cambios; boleto de cambio,
comunicacion_A,data/raw/02_comunicaciones_A/A7647_las_malvinas_son_argentinas.pdf,https://www.bcra.gob.ar/archivos/Pdfs/comytexord/A7647.pdf,A7647,2026-05-07T18:00:04+00:00,2022-11-30,548136,12,"""Las Malvinas son argentinas""",true,mercado de cambios; operadores de cambio,
comunicacion_A,data/raw/02_comunicaciones_A/A7649_las_malvinas_son_argentinas.pdf,https://www.bcra.gob.ar/archivos/Pdfs/comytexord/A7649.pdf,A7649,2026-05-07T18:00:05+00:00,2022-12-01,130786,1,".   ""Las Malvinas son argentinas""",true,exterior y cambios; casas de cambio,
comunicacion_A,data/raw/02_comunicaciones_A/A7655_las_malvinas_son_argentinas.pdf,https://www.bcra.gob.ar/archivos/Pdfs/comytexord/A7655.pdf,A7655,2026-05-07T18:00:31+00:00,2022-12-07,332844,20,"""Las Malvinas son argentinas""",true,operadores de cambio,
comunicacion_A,data/raw/02_comunicaciones_A/A7662_las_malvinas_son_argentinas.pdf,https://www.bcra.gob.ar/archivos/Pdfs/comytexord/A7662.pdf,A7662,2026-05-07T18:00:58+00:00,2022-12-22,263831,2,"""Las Malvinas son argentinas""",true,exterior y cambios; casas de cambio,
comunicacion_A,data/raw/02_comunicaciones_A/A7663_las_malvinas_son_argentinas.pdf,https://www.bcra.gob.ar/archivos/Pdfs/comytexord/A7663.pdf,A7663,2026-05-07T18:01:01+00:00,2022-12-27,486710,20,".   ""Las Malvinas son argentinas""",true,casas de cambio,
comunicacion_A,data/raw/02_comunicaciones_A/A7664_las_malvinas_son_argentinas.pdf,https://www.bcra.gob.ar/archivos/Pdfs/comytexord/A7664.pdf,A7664,2026-05-07T18:01:06+00:00,2022-12-29,200308,9,".   ""Las Malvinas son argentinas""",true,exterior y cambios; mercado de cambios; casas de cambio; secoexpo; exportaciones de bienes + liquidacion,
comunicacion_A,data/raw/02_comunicaciones_A/A7668_1983_2023_40_anos_de_democraci.pdf,https://www.bcra.gob.ar/archivos/Pdfs/comytexord/A7668.pdf,A7668,2026-05-07T18:01:19+00:00,2023-01-05,176291,4,"""1983/2023 - 40 AÑOS DE DEMOCRACIA""",true,operadores de cambio,
comunicacion_A,data/raw/02_comunicaciones_A/A7670_1983_2023_40_anos_de_democraci.pdf,https://www.bcra.gob.ar/archivos/Pdfs/comytexord/A7670.pdf,A7670,2026-05-07T18:01:27+00:00,2023-01-11,175802,4,"""1983/2023 - 40 AÑOS DE DEMOCRACIA""",true,operadores de cambio,
comunicacion_A,data/raw/02_comunicaciones_A/A7676_1983_2023_40_anos_de_democraci.pdf,https://www.bcra.gob.ar/archivos/Pdfs/comytexord/A7676.pdf,A7676,2026-05-07T18:01:49+00:00,2023-01-19,135612,1,". ""1983/2023 - 40 AÑOS DE DEMOCRACIA""    ""1983/2023 - 40 AÑOS DE DEMOCRACIA""",true,exterior y cambios; casas de cambio,
comunicacion_A,data/raw/02_comunicaciones_A/A7677_1983_2023_40_anos_de_democraci.pdf,https://www.bcra.gob.ar/archivos/Pdfs/comytexord/A7677.pdf,A7677,2026-05-07T18:01:50+00:00,2023-01-23,157821,2,"""1983/2023 - 40 AÑOS DE DEMOCRACIA""",true,operadores de cambio,
comunicacion_A,data/raw/02_comunicaciones_A/A7682_1983_2023_40_anos_de_democraci.pdf,https://www.bcra.gob.ar/archivos/Pdfs/comytexord/A7682.pdf,A7682,2026-05-07T18:02:10+00:00,2023-01-26,157171,2,". ""1983/2023 - 40 AÑOS DE DEMOCRACIA""    ""1983/2023 - 40 AÑOS DE DEMOCRACIA""",true,exterior y cambios; mercado de cambios; casas de cambio,
comunicacion_A,data/raw/02_comunicaciones_A/A7685_1983_2023_40_anos_de_democraci.pdf,https://www.bcra.gob.ar/archivos/Pdfs/comytexord/A7685.pdf,A7685,2026-05-07T18:02:22+00:00,2023-02-01,189086,4,"""1983/2023 - 40 AÑOS DE DEMOCRACIA""",true,operadores de cambio; casas de cambio,
comunicacion_A,data/raw/02_comunicaciones_A/A7686_1983_2023_40_anos_de_democraci.pdf,https://www.bcra.gob.ar/archivos/Pdfs/comytexord/A7686.pdf,A7686,2026-05-07T18:02:23+00:00,2023-02-02,138250,1,". ""1983/2023 - 40 AÑOS DE DEMOCRACIA""    ""1983/2023 - 40 AÑOS DE DEMOCRACIA""",true,exterior y cambios; casas de cambio,
comunicacion_A,data/raw/02_comunicaciones_A/A7691_1983_2023_40_anos_de_democraci.pdf,https://www.bcra.gob.ar/archivos/Pdfs/comytexord/A7691.pdf,A7691,2026-05-07T18:02:39+00:00,2023-02-07,201462,1,". ""1983/2023 - 40 AÑOS DE DEMOCRACIA""    ""1983/2023 - 40 AÑOS DE DEMOCRACIA""",true,casas de cambio,
comunicacion_A,data/raw/02_comunicaciones_A/A7700_1983_2023_40_anos_de_democraci.pdf,https://www.bcra.gob.ar/archivos/Pdfs/comytexord/A7700.pdf,A7700,2026-05-07T18:03:16+00:00,2023-02-16,174827,5,"""1983/2023 - 40 AÑOS DE DEMOCRACIA""",true,exterior y cambios; mercado de cambios; operadores de cambio; regimen penal cambiario; sepaimpo; importaciones de bienes + pago,
comunicacion_A,data/raw/02_comunicaciones_A/A7705_1983_2023_40_anos_de_democraci.pdf,https://www.bcra.gob.ar/archivos/Pdfs/comytexord/A7705.pdf,A7705,2026-05-07T18:03:36+00:00,2023-02-27,409066,10,"""1983/2023 - 40 AÑOS DE DEMOCRACIA""",true,operadores de cambio,
comunicacion_A,data/raw/02_comunicaciones_A/A7709_1983_2023_40_anos_de_democraci.pdf,https://www.bcra.gob.ar/archivos/Pdfs/comytexord/A7709.pdf,A7709,2026-05-07T18:03:47+00:00,2023-03-02,132482,1,". ""1983/2023 - 40 AÑOS DE DEMOCRACIA""    ""1983/2023 - 40 AÑOS DE DEMOCRACIA""",true,exterior y cambios; casas de cambio,
comunicacion_A,data/raw/02_comunicaciones_A/A7710_1983_2023_40_anos_de_democraci.pdf,https://www.bcra.gob.ar/archivos/Pdfs/comytexord/A7710.pdf,A7710,2026-05-07T18:03:49+00:00,2023-03-06,160553,3,". ""1983/2023 - 40 AÑOS DE DEMOCRACIA""    ""1983/2023 - 40 AÑOS DE DEMOCRACIA""",true,operadores de cambio,
comunicacion_A,data/raw/02_comunicaciones_A/A7729_1983_2023_40_anos_de_democraci.pdf,https://www.bcra.gob.ar/archivos/Pdfs/comytexord/A7729.pdf,A7729,2026-05-07T18:55:30+00:00,2023-03-23,261326,3,"""1983/2023 - 40 AÑOS DE DEMOCRACIA""",true,rioc,
comunicacion_A,data/raw/02_comunicaciones_A/A7733_1983_2023_40_anos_de_democraci.pdf,https://www.bcra.gob.ar/archivos/Pdfs/comytexord/A7733.pdf,A7733,2026-05-07T18:55:40+00:00,2023-03-23,134732,1,". ""1983/2023 - 40 AÑOS DE DEMOCRACIA""    ""1983/2023 - 40 AÑOS DE DEMOCRACIA""",true,exterior y cambios; casas de cambio,
comunicacion_A,data/raw/02_comunicaciones_A/A7732_1983_2023_40_anos_de_democraci.pdf,https://www.bcra.gob.ar/archivos/Pdfs/comytexord/A7732.pdf,A7732,2026-05-07T18:55:42+00:00,2023-03-23,298896,4,"""1983/2023 - 40 AÑOS DE DEMOCRACIA""",true,mercado de cambios,
comunicacion_A,data/raw/02_comunicaciones_A/A7735_1983_2023_40_anos_de_democraci.pdf,https://www.bcra.gob.ar/archivos/Pdfs/comytexord/A7735.pdf,A7735,2026-05-07T18:55:43+00:00,2023-03-30,132187,1,". ""1983/2023 - 40 AÑOS DE DEMOCRACIA""    ""1983/2023 - 40 AÑOS DE DEMOCRACIA""",true,exterior y cambios; mercado de cambios; casas de cambio,
comunicacion_A,data/raw/02_comunicaciones_A/A7740_1983_2023_40_anos_de_democraci.pdf,https://www.bcra.gob.ar/archivos/Pdfs/comytexord/A7740.pdf,A7740,2026-05-07T18:56:01+00:00,2023-04-13,131864,1,". ""1983/2023 - 40 AÑOS DE DEMOCRACIA""    ""1983/2023 - 40 AÑOS DE DEMOCRACIA""",true,exterior y cambios; casas de cambio,
comunicacion_A,data/raw/02_comunicaciones_A/A7744_1983_2023_40_anos_de_democraci.pdf,https://www.bcra.gob.ar/archivos/Pdfs/comytexord/A7744.pdf,A7744,2026-05-07T18:56:23+00:00,2023-04-17,370622,12,"""1983/2023 - 40 AÑOS DE DEMOCRACIA""",true,exterior y cambios; operadores de cambio,
comunicacion_A,data/raw/02_comunicaciones_A/A7746_1983_2023_40_anos_de_democraci.pdf,https://www.bcra.gob.ar/archivos/Pdfs/comytexord/A7746.pdf,A7746,2026-05-07T18:56:25+00:00,2023-04-20,160319,3,". ""1983/2023 - 40 AÑOS DE DEMOCRACIA""    ""1983/2023 - 40 AÑOS DE DEMOCRACIA""",true,exterior y cambios; mercado de cambios; casas de cambio,
comunicacion_A,data/raw/02_comunicaciones_A/A7747_1983_2023_40_anos_de_democraci.pdf,https://www.bcra.gob.ar/archivos/Pdfs/comytexord/A7747.pdf,A7747,2026-05-07T18:56:27+00:00,2023-04-20,157618,2,"""1983/2023 - 40 AÑOS DE DEMOCRACIA""",true,operadores de cambio,
comunicacion_A,data/raw/02_comunicaciones_A/A7748_1983_2023_40_anos_de_democraci.pdf,https://www.bcra.gob.ar/archivos/Pdfs/comytexord/A7748.pdf,A7748,2026-05-07T18:56:30+00:00,2023-04-20,351747,4,"""1983/2023 - 40 AÑOS DE DEMOCRACIA""",true,operadores de cambio,
comunicacion_A,data/raw/02_comunicaciones_A/A7753_1983_2023_40_anos_de_democraci.pdf,https://www.bcra.gob.ar/archivos/Pdfs/comytexord/A7753.pdf,A7753,2026-05-07T18:56:56+00:00,2023-05-03,299614,6,"""1983/2023 - 40 AÑOS DE DEMOCRACIA""",true,exterior y cambios; operadores de cambio,
comunicacion_A,data/raw/02_comunicaciones_A/A7754_1983_2023_40_anos_de_democraci.pdf,https://www.bcra.gob.ar/archivos/Pdfs/comytexord/A7754.pdf,A7754,2026-05-07T18:56:59+00:00,2023-05-03,379100,4,"""1983/2023 - 40 AÑOS DE DEMOCRACIA""",true,operadores de cambio,
comunicacion_A,data/raw/02_comunicaciones_A/A7760_1983_2023_40_anos_de_democraci.pdf,https://www.bcra.gob.ar/archivos/Pdfs/comytexord/A7760.pdf,A7760,2026-05-07T18:57:26+00:00,2023-05-04,171690,4,"""1983/2023 - 40 AÑOS DE DEMOCRACIA""",true,casas de cambio,
comunicacion_A,data/raw/02_comunicaciones_A/A7762_1983_2023_40_anos_de_democraci.pdf,https://www.bcra.gob.ar/archivos/Pdfs/comytexord/A7762.pdf,A7762,2026-05-07T18:57:31+00:00,2023-05-04,233101,2,". ""1983/2023 - 40 AÑOS DE DEMOCRACIA""    ""1983/2023 - 40 AÑOS DE DEMOCRACIA""",true,exterior y cambios; mercado de cambios; casas de cambio,
comunicacion_A,data/raw/02_comunicaciones_A/A7763_1983_2023_40_anos_de_democraci.pdf,https://www.bcra.gob.ar/archivos/Pdfs/comytexord/A7763.pdf,A7763,2026-05-07T18:57:32+00:00,2023-05-04,131747,1,". ""1983/2023 - 40 AÑOS DE DEMOCRACIA""    ""1983/2023 - 40 AÑOS DE DEMOCRACIA""",true,exterior y cambios; mercado de cambios; casas de cambio,
comunicacion_A,data/raw/02_comunicaciones_A/A7766_1983_2023_40_anos_de_democraci.pdf,https://www.bcra.gob.ar/archivos/Pdfs/comytexord/A7766.pdf,A7766,2026-05-07T18:57:46+00:00,2023-05-11,160294,3,". ""1983/2023 - 40 AÑOS DE DEMOCRACIA""    ""1983/2023 - 40 AÑOS DE DEMOCRACIA""",true,exterior y cambios; mercado de cambios; casas de cambio,
comunicacion_A,data/raw/02_comunicaciones_A/A7768_1983_2023_40_anos_de_democraci.pdf,https://www.bcra.gob.ar/archivos/Pdfs/comytexord/A7768.pdf,A7768,2026-05-07T18:57:49+00:00,2023-05-16,213717,5,"""1983/2023 - 40 AÑOS DE DEMOCRACIA""",true,mercado de cambios,
comunicacion_A,data/raw/02_comunicaciones_A/A7770_1983_2023_40_anos_de_democraci.pdf,https://www.bcra.gob.ar/archivos/Pdfs/comytexord/A7770.pdf,A7770,2026-05-07T18:57:59+00:00,2023-05-18,167424,4,". ""1983/2023 - 40 AÑOS DE DEMOCRACIA""    ""1983/2023 - 40 AÑOS DE DEMOCRACIA""",true,exterior y cambios; mercado de cambios; casas de cambio; rioc; exportaciones de bienes + liquidacion; importaciones de bienes + pago,
comunicacion_A,data/raw/02_comunicaciones_A/A7771_1983_2023_40_anos_de_democraci.pdf,https://www.bcra.gob.ar/archivos/Pdfs/comytexord/A7771.pdf,A7771,2026-05-07T18:58:00+00:00,2023-05-18,134401,1,". ""1983/2023 - 40 AÑOS DE DEMOCRACIA""    ""1983/2023 - 40 AÑOS DE DEMOCRACIA""",true,exterior y cambios; mercado de cambios; casas de cambio; importaciones de bienes + pago,
comunicacion_A,data/raw/02_comunicaciones_A/A7772_1983_2023_40_anos_de_democraci.pdf,https://www.bcra.gob.ar/archivos/Pdfs/comytexord/A7772.pdf,A7772,2026-05-07T18:58:01+00:00,2023-05-19,153067,2,". ""1983/2023 - 40 AÑOS DE DEMOCRACIA""    ""1983/2023 - 40 AÑOS DE DEMOCRACIA""",true,exterior y cambios; casas de cambio,
comunicacion_A,data/raw/02_comunicaciones_A/A7774_1983_2023_40_anos_de_democraci.pdf,https://www.bcra.gob.ar/archivos/Pdfs/comytexord/A7774.pdf,A7774,2026-05-07T18:58:03+00:00,2023-05-24,219530,2,". ""1983/2023 - 40 AÑOS DE DEMOCRACIA""    ""1983/2023 - 40 AÑOS DE DEMOCRACIA""",true,mulc,
comunicacion_A,data/raw/02_comunicaciones_A/A7776_1983_2023_40_anos_de_democraci.pdf,https://www.bcra.gob.ar/archivos/Pdfs/comytexord/A7776.pdf,A7776,2026-05-07T18:58:12+00:00,2023-05-29,196429,5,"""1983/2023 - 40 AÑOS DE DEMOCRACIA""",true,operadores de cambio; casas de cambio,
comunicacion_A,data/raw/02_comunicaciones_A/A7780_1983_2023_40_anos_de_democraci.pdf,https://www.bcra.gob.ar/archivos/Pdfs/comytexord/A7780.pdf,A7780,2026-05-07T18:58:28+00:00,2023-06-01,134261,1,". ""1983/2023 - 40 AÑOS DE DEMOCRACIA""    ""1983/2023 - 40 AÑOS DE DEMOCRACIA""",true,exterior y cambios; casas de cambio; secoexpo,
comunicacion_A,data/raw/02_comunicaciones_A/A7781_1983_2023_40_anos_de_democraci.pdf,https://www.bcra.gob.ar/archivos/Pdfs/comytexord/A7781.pdf,A7781,2026-05-07T18:58:31+00:00,2023-06-01,152308,2,". ""1983/2023 - 40 AÑOS DE DEMOCRACIA""    ""1983/2023 - 40 AÑOS DE DEMOCRACIA""",true,exterior y cambios; mercado de cambios; casas de cambio,
comunicacion_A,data/raw/02_comunicaciones_A/A7782_1983_2023_40_anos_de_democraci.pdf,https://www.bcra.gob.ar/archivos/Pdfs/comytexord/A7782.pdf,A7782,2026-05-07T18:58:33+00:00,2023-06-01,132512,1,". ""1983/2023 - 40 AÑOS DE DEMOCRACIA""    ""1983/2023 - 40 AÑOS DE DEMOCRACIA""",true,exterior y cambios; casas de cambio,
comunicacion_A,data/raw/02_comunicaciones_A/A7784_1983_2023_40_anos_de_democraci.pdf,https://www.bcra.gob.ar/archivos/Pdfs/comytexord/A7784.pdf,A7784,2026-05-07T18:58:36+00:00,2023-06-06,370848,9,"""1983/2023 - 40 AÑOS DE DEMOCRACIA""",true,mercado de cambios; exportaciones de bienes + liquidacion,
comunicacion_A,data/raw/02_comunicaciones_A/A7785_1983_2023_40_anos_de_democraci.pdf,https://www.bcra.gob.ar/archivos/Pdfs/comytexord/A7785.pdf,A7785,2026-05-07T18:58:40+00:00,2023-06-07,218611,3,"""1983/2023 - 40 AÑOS DE DEMOCRACIA""",true,operadores de cambio; casas de cambio,
comunicacion_A,data/raw/02_comunicaciones_A/A7788_comunicacion_a_7788_08_06_2023.pdf,https://www.bcra.gob.ar/archivos/Pdfs/comytexord/A7788.pdf,A7788,2026-05-07T18:58:53+00:00,2023-06-08,207335,2,COMUNICACIÓN  “A”  7788 08/06/2023,true,mulc,
comunicacion_A,data/raw/02_comunicaciones_A/A7789_1983_2023_40_anos_de_democraci.pdf,https://www.bcra.gob.ar/archivos/Pdfs/comytexord/A7789.pdf,A7789,2026-05-07T18:58:54+00:00,2023-06-09,185597,3,"""1983/2023 - 40 AÑOS DE DEMOCRACIA""",true,operadores de cambio,
comunicacion_A,data/raw/02_comunicaciones_A/A7790_1983_2023_40_anos_de_democraci.pdf,https://www.bcra.gob.ar/archivos/Pdfs/comytexord/A7790.pdf,A7790,2026-05-07T18:58:58+00:00,2023-06-09,372658,4,"""1983/2023 - 40 AÑOS DE DEMOCRACIA""",true,operadores de cambio,
comunicacion_A,data/raw/02_comunicaciones_A/A7793_1983_2023_40_anos_de_democraci.pdf,https://www.bcra.gob.ar/archivos/Pdfs/comytexord/A7793.pdf,A7793,2026-05-07T18:59:06+00:00,2023-06-14,133786,1,". ""1983/2023 - 40 AÑOS DE DEMOCRACIA""    ""1983/2023 - 40 AÑOS DE DEMOCRACIA""",true,casas de cambio; posicion general de cambios,
comunicacion_A,data/raw/02_comunicaciones_A/A7794_1983_2023_40_anos_de_democraci.pdf,https://www.bcra.gob.ar/archivos/Pdfs/comytexord/A7794.pdf,A7794,2026-05-07T18:59:11+00:00,2023-06-15,551541,12,"""1983/2023 - 40 AÑOS DE DEMOCRACIA""",true,operadores de cambio,
comunicacion_A,data/raw/02_comunicaciones_A/A7798_1983_2023_40_anos_de_democraci.pdf,https://www.bcra.gob.ar/archivos/Pdfs/comytexord/A7798.pdf,A7798,2026-05-07T18:59:23+00:00,2023-06-29,153131,2,". ""1983/2023 - 40 AÑOS DE DEMOCRACIA""    ""1983/2023 - 40 AÑOS DE DEMOCRACIA""",true,exterior y cambios; mercado de cambios; casas de cambio; importaciones de bienes + pago,
comunicacion_A,data/raw/02_comunicaciones_A/A7799_1983_2023_40_anos_de_democraci.pdf,https://www.bcra.gob.ar/archivos/Pdfs/comytexord/A7799.pdf,A7799,2026-05-07T18:59:25+00:00,2023-06-29,162031,3,". ""1983/2023 - 40 AÑOS DE DEMOCRACIA""    ""1983/2023 - 40 AÑOS DE DEMOCRACIA""",true,exterior y cambios; mercado de cambios; casas de cambio; exportaciones de bienes + liquidacion,
comunicacion_A,data/raw/02_comunicaciones_A/A7801_1983_2023_40_anos_de_democraci.pdf,https://www.bcra.gob.ar/archivos/Pdfs/comytexord/A7801.pdf,A7801,2026-05-07T18:59:29+00:00,2023-06-30,179919,3,"""1983/2023 - 40 AÑOS DE DEMOCRACIA""",true,operadores de cambio,
comunicacion_A,data/raw/02_comunicaciones_A/A7802_1983_2023_40_anos_de_democraci.pdf,https://www.bcra.gob.ar/archivos/Pdfs/comytexord/A7802.pdf,A7802,2026-05-07T18:59:31+00:00,2023-06-30,182158,3,"""1983/2023 - 40 AÑOS DE DEMOCRACIA""",true,operadores de cambio,
comunicacion_A,data/raw/02_comunicaciones_A/A7810_1983_2023_40_anos_de_democraci.pdf,https://www.bcra.gob.ar/archivos/Pdfs/comytexord/A7810.pdf,A7810,2026-05-07T19:00:04+00:00,2023-07-20,132370,1,". ""1983/2023 - 40 AÑOS DE DEMOCRACIA""    ""1983/2023 - 40 AÑOS DE DEMOCRACIA""",true,exterior y cambios; mercado de cambios; operadores de cambio,
comunicacion_A,data/raw/02_comunicaciones_A/A7813_1983_2023_40_anos_de_democraci.pdf,https://www.bcra.gob.ar/archivos/Pdfs/comytexord/A7813.pdf,A7813,2026-05-07T19:00:15+00:00,2023-07-24,264149,9,"""1983/2023 - 40 AÑOS DE DEMOCRACIA""",true,mercado de cambios; exportaciones de bienes + liquidacion,
comunicacion_A,data/raw/02_comunicaciones_A/A7815_1983_2023_40_anos_de_democraci.pdf,https://www.bcra.gob.ar/archivos/Pdfs/comytexord/A7815.pdf,A7815,2026-05-07T19:00:18+00:00,2023-08-03,132784,1,". ""1983/2023 - 40 AÑOS DE DEMOCRACIA""    ""1983/2023 - 40 AÑOS DE DEMOCRACIA""",true,exterior y cambios; mercado de cambios; casas de cambio,
comunicacion_A,data/raw/02_comunicaciones_A/A7820_1983_2023_40_anos_de_democraci.pdf,https://www.bcra.gob.ar/archivos/Pdfs/comytexord/A7820.pdf,A7820,2026-05-07T19:00:43+00:00,2023-08-10,262484,2,"""1983/2023 - 40 AÑOS DE DEMOCRACIA""",true,operadores de cambio,
comunicacion_A,data/raw/02_comunicaciones_A/A7821_1983_2023_40_anos_de_democraci.pdf,https://www.bcra.gob.ar/archivos/Pdfs/comytexord/A7821.pdf,A7821,2026-05-07T19:00:45+00:00,2023-08-10,187913,5,"""1983/2023 - 40 AÑOS DE DEMOCRACIA""",true,operadores de cambio,
comunicacion_A,data/raw/02_comunicaciones_A/A7823_1983_2023_40_anos_de_democraci.pdf,https://www.bcra.gob.ar/archivos/Pdfs/comytexord/A7823.pdf,A7823,2026-05-07T19:00:46+00:00,2023-08-16,86022,1,". ""1983/2023 - 40 AÑOS DE DEMOCRACIA""    ""1983/2023 - 40 AÑOS DE DEMOCRACIA""",true,casas de cambio; posicion general de cambios,
comunicacion_A,data/raw/02_comunicaciones_A/A7826_1983_2023_40_anos_de_democraci.pdf,https://www.bcra.gob.ar/archivos/Pdfs/comytexord/A7826.pdf,A7826,2026-05-07T19:00:55+00:00,2023-08-24,83911,1,". ""1983/2023 - 40 AÑOS DE DEMOCRACIA""    ""1983/2023 - 40 AÑOS DE DEMOCRACIA""",true,exterior y cambios; casas de cambio; exportaciones de bienes + liquidacion,
comunicacion_A,data/raw/02_comunicaciones_A/A7828_1983_2023_40_anos_de_democraci.pdf,https://www.bcra.gob.ar/archivos/Pdfs/comytexord/A7828.pdf,A7828,2026-05-07T19:01:03+00:00,2023-08-24,84161,1,". ""1983/2023 - 40 AÑOS DE DEMOCRACIA""    ""1983/2023 - 40 AÑOS DE DEMOCRACIA""",true,exterior y cambios; operadores de cambio,
comunicacion_A,data/raw/02_comunicaciones_A/A7830_1983_2023_40_anos_de_democraci.pdf,https://www.bcra.gob.ar/archivos/Pdfs/comytexord/A7830.pdf,A7830,2026-05-07T19:01:05+00:00,2023-08-31,84344,1,". ""1983/2023 - 40 AÑOS DE DEMOCRACIA""    ""1983/2023 - 40 AÑOS DE DEMOCRACIA""",true,exterior y cambios; mercado de cambios; casas de cambio,
comunicacion_A,data/raw/02_comunicaciones_A/A7833_1983_2023_40_anos_de_democraci.pdf,https://www.bcra.gob.ar/archivos/Pdfs/comytexord/A7833.pdf,A7833,2026-05-07T19:01:15+00:00,2023-09-05,110083,2,". ""1983/2023 - 40 AÑOS DE DEMOCRACIA""    ""1983/2023 - 40 AÑOS DE DEMOCRACIA""",true,exterior y cambios; mercado de cambios; casas de cambio,
comunicacion_A,data/raw/02_comunicaciones_A/A7834_1983_2023_40_anos_de_democraci.pdf,https://www.bcra.gob.ar/archivos/Pdfs/comytexord/A7834.pdf,A7834,2026-05-07T19:01:17+00:00,2023-09-05,114189,3,". ""1983/2023 - 40 AÑOS DE DEMOCRACIA""    ""1983/2023 - 40 AÑOS DE DEMOCRACIA""",true,exterior y cambios; casas de cambio,
comunicacion_A,data/raw/02_comunicaciones_A/A7836_comunicacion_a_7836_05_09_2023.pdf,https://www.bcra.gob.ar/archivos/Pdfs/comytexord/A7836.pdf,A7836,2026-05-07T19:01:23+00:00,2023-09-05,169742,2,COMUNICACIÓN  “A”  7836 05/09/2023,true,operadores de cambio,
comunicacion_A,data/raw/02_comunicaciones_A/A7838_1983_2023_40_anos_de_democraci.pdf,https://www.bcra.gob.ar/archivos/Pdfs/comytexord/A7838.pdf,A7838,2026-05-07T19:01:26+00:00,2023-09-07,85330,1,". ""1983/2023 - 40 AÑOS DE DEMOCRACIA""    ""1983/2023 - 40 AÑOS DE DEMOCRACIA""",true,exterior y cambios; casas de cambio,
comunicacion_A,data/raw/02_comunicaciones_A/A7840_1983_2023_40_anos_de_democraci.pdf,https://www.bcra.gob.ar/archivos/Pdfs/comytexord/A7840.pdf,A7840,2026-05-07T19:01:34+00:00,2023-09-12,86035,1,". ""1983/2023 - 40 AÑOS DE DEMOCRACIA""    ""1983/2023 - 40 AÑOS DE DEMOCRACIA""",true,exterior y cambios; mercado de cambios; operadores de cambio,
comunicacion_A,data/raw/02_comunicaciones_A/A7845_1983_2023_40_anos_de_democraci.pdf,https://www.bcra.gob.ar/archivos/Pdfs/comytexord/A7845.pdf,A7845,2026-05-07T19:01:52+00:00,2023-09-20,127810,3,". ""1983/2023 - 40 AÑOS DE DEMOCRACIA""    ""1983/2023 - 40 AÑOS DE DEMOCRACIA""",true,exterior y cambios; mercado de cambios; casas de cambio; importaciones de bienes + pago,
comunicacion_A,data/raw/02_comunicaciones_A/A7851_1983_2023_40_anos_de_democraci.pdf,https://www.bcra.gob.ar/archivos/Pdfs/comytexord/A7851.pdf,A7851,2026-05-07T19:02:13+00:00,2023-09-28,87131,1,". ""1983/2023 - 40 AÑOS DE DEMOCRACIA""    ""1983/2023 - 40 AÑOS DE DEMOCRACIA""",true,exterior y cambios; mercado de cambios; casas de cambio; importaciones de bienes + pago,
comunicacion_A,data/raw/02_comunicaciones_A/A7852_1983_2023_40_anos_de_democraci.pdf,https://www.bcra.gob.ar/archivos/Pdfs/comytexord/A7852.pdf,A7852,2026-05-07T19:02:15+00:00,2023-09-28,129814,2,". ""1983/2023 - 40 AÑOS DE DEMOCRACIA""    ""1983/2023 - 40 AÑOS DE DEMOCRACIA""",true,exterior y cambios; operadores de cambio,
comunicacion_A,data/raw/02_comunicaciones_A/A7853_1983_2023_40_anos_de_democraci.pdf,https://www.bcra.gob.ar/archivos/Pdfs/comytexord/A7853.pdf,A7853,2026-05-07T19:02:17+00:00,2023-10-02,117937,3,". ""1983/2023 - 40 AÑOS DE DEMOCRACIA""    ""1983/2023 - 40 AÑOS DE DEMOCRACIA""",true,exterior y cambios; mercado de cambios; casas de cambio; exportaciones de bienes + liquidacion,
comunicacion_A,data/raw/02_comunicaciones_A/A7854_1983_2023_40_anos_de_democraci.pdf,https://www.bcra.gob.ar/archivos/Pdfs/comytexord/A7854.pdf,A7854,2026-05-07T19:02:21+00:00,2023-10-03,263184,8,"""1983/2023 - 40 AÑOS DE DEMOCRACIA""",true,mercado de cambios; exportaciones de bienes + liquidacion,
comunicacion_A,data/raw/02_comunicaciones_A/A7857_1983_2023_40_anos_de_democraci.pdf,https://www.bcra.gob.ar/archivos/Pdfs/comytexord/A7857.pdf,A7857,2026-05-07T19:02:30+00:00,2023-10-05,132665,2,"""1983/2023 - 40 AÑOS DE DEMOCRACIA""",true,operadores de cambio,
comunicacion_A,data/raw/02_comunicaciones_A/A7864_1983_2023_40_anos_de_democraci.pdf,https://www.bcra.gob.ar/archivos/Pdfs/comytexord/A7864.pdf,A7864,2026-05-07T19:02:56+00:00,2023-10-12,87263,1,". ""1983/2023 - 40 AÑOS DE DEMOCRACIA""    ""1983/2023 - 40 AÑOS DE DEMOCRACIA""",true,exterior y cambios; mercado de cambios; casas de cambio,
comunicacion_A,data/raw/02_comunicaciones_A/A7865_1983_2023_40_anos_de_democraci.pdf,https://www.bcra.gob.ar/archivos/Pdfs/comytexord/A7865.pdf,A7865,2026-05-07T19:02:57+00:00,2023-10-20,87958,1,". ""1983/2023 - 40 AÑOS DE DEMOCRACIA""    ""1983/2023 - 40 AÑOS DE DEMOCRACIA""",true,casas de cambio; posicion general de cambios,
comunicacion_A,data/raw/02_comunicaciones_A/A7866_1983_2023_40_anos_de_democraci.pdf,https://www.bcra.gob.ar/archivos/Pdfs/comytexord/A7866.pdf,A7866,2026-05-07T19:02:58+00:00,2023-10-24,85871,1,". ""1983/2023 - 40 AÑOS DE DEMOCRACIA""    ""1983/2023 - 40 AÑOS DE DEMOCRACIA""",true,exterior y cambios; mercado de cambios; casas de cambio,
comunicacion_A,data/raw/02_comunicaciones_A/A7867_1983_2023_40_anos_de_democraci.pdf,https://www.bcra.gob.ar/archivos/Pdfs/comytexord/A7867.pdf,A7867,2026-05-07T19:02:59+00:00,2023-10-24,126622,2,". ""1983/2023 - 40 AÑOS DE DEMOCRACIA""    ""1983/2023 - 40 AÑOS DE DEMOCRACIA""",true,exterior y cambios; mercado de cambios; casas de cambio; exportaciones de bienes + liquidacion,
comunicacion_A,data/raw/02_comunicaciones_A/A7869_1983_2023_40_anos_de_democraci.pdf,https://www.bcra.gob.ar/archivos/Pdfs/comytexord/A7869.pdf,A7869,2026-05-07T19:03:02+00:00,2023-10-25,365490,22,"""1983/2023 - 40 AÑOS DE DEMOCRACIA""",true,exterior y cambios; operadores de cambio; importaciones de bienes + pago,
comunicacion_A,data/raw/02_comunicaciones_A/A7870_1983_2023_40_anos_de_democraci.pdf,https://www.bcra.gob.ar/archivos/Pdfs/comytexord/A7870.pdf,A7870,2026-05-07T19:03:05+00:00,2023-10-25,355126,13,"""1983/2023 - 40 AÑOS DE DEMOCRACIA""",true,mercado de cambios; operadores de cambio; importaciones de bienes + pago,
comunicacion_A,data/raw/02_comunicaciones_A/A7873_1983_2023_40_anos_de_democraci.pdf,https://www.bcra.gob.ar/archivos/Pdfs/comytexord/A7873.pdf,A7873,2026-05-07T19:03:14+00:00,2023-10-26,105327,2,". ""1983/2023 - 40 AÑOS DE DEMOCRACIA""    ""1983/2023 - 40 AÑOS DE DEMOCRACIA""",true,exterior y cambios; mercado de cambios; casas de cambio,
comunicacion_A,data/raw/02_comunicaciones_A/A7874_1983_2023_40_anos_de_democraci.pdf,https://www.bcra.gob.ar/archivos/Pdfs/comytexord/A7874.pdf,A7874,2026-05-07T19:03:16+00:00,2023-10-26,108289,2,". ""1983/2023 - 40 AÑOS DE DEMOCRACIA""    ""1983/2023 - 40 AÑOS DE DEMOCRACIA""",true,exterior y cambios; casas de cambio; sepaimpo; importaciones de bienes + pago,
comunicacion_A,data/raw/02_comunicaciones_A/A7875_1983_2023_40_anos_de_democraci.pdf,https://www.bcra.gob.ar/archivos/Pdfs/comytexord/A7875.pdf,A7875,2026-05-07T19:03:18+00:00,2023-10-27,163406,3,"""1983/2023 - 40 AÑOS DE DEMOCRACIA""",true,operadores de cambio,
comunicacion_A,data/raw/02_comunicaciones_A/A7876_1983_2023_40_anos_de_democraci.pdf,https://www.bcra.gob.ar/archivos/Pdfs/comytexord/A7876.pdf,A7876,2026-05-07T19:03:18+00:00,2023-10-27,191226,2,"""1983/2023 - 40 AÑOS DE DEMOCRACIA""",true,operadores de cambio,
comunicacion_A,data/raw/02_comunicaciones_A/A7877_1983_2023_40_anos_de_democraci.pdf,https://www.bcra.gob.ar/archivos/Pdfs/comytexord/A7877.pdf,A7877,2026-05-07T19:03:20+00:00,2023-10-27,270333,9,"""1983/2023 - 40 AÑOS DE DEMOCRACIA""",true,mercado de cambios; exportaciones de bienes + liquidacion,
comunicacion_A,data/raw/02_comunicaciones_A/A7878_1983_2023_40_anos_de_democraci.pdf,https://www.bcra.gob.ar/archivos/Pdfs/comytexord/A7878.pdf,A7878,2026-05-07T19:03:23+00:00,2023-10-30,588247,35,"""1983/2023 - 40 AÑOS DE DEMOCRACIA""",true,casas de cambio,
comunicacion_A,data/raw/02_comunicaciones_A/A7883_1983_2023_40_anos_de_democraci.pdf,https://www.bcra.gob.ar/archivos/Pdfs/comytexord/A7883.pdf,A7883,2026-05-07T19:03:44+00:00,2023-11-08,267802,10,"""1983/2023 - 40 AÑOS DE DEMOCRACIA""",true,exterior y cambios; operadores de cambio; secoexpo; exportaciones de bienes + liquidacion,
comunicacion_A,data/raw/02_comunicaciones_A/A7884_1983_2023_40_anos_de_democraci.pdf,https://www.bcra.gob.ar/archivos/Pdfs/comytexord/A7884.pdf,A7884,2026-05-07T19:03:47+00:00,2023-11-08,379529,25,"""1983/2023 - 40 AÑOS DE DEMOCRACIA""",true,casas de cambio; secoexpo; exportaciones de bienes + liquidacion,
comunicacion_A,data/raw/02_comunicaciones_A/A7893_1983_2023_40_anos_de_democraci.pdf,https://www.bcra.gob.ar/archivos/Pdfs/comytexord/A7893.pdf,A7893,2026-05-07T19:04:28+00:00,2023-11-23,86283,1,". ""1983/2023 - 40 AÑOS DE DEMOCRACIA""    ""1983/2023 - 40 AÑOS DE DEMOCRACIA""",true,exterior y cambios; mercado de cambios; casas de cambio,
comunicacion_A,data/raw/02_comunicaciones_A/A7894_1983_2023_40_anos_de_democraci.pdf,https://www.bcra.gob.ar/archivos/Pdfs/comytexord/A7894.pdf,A7894,2026-05-07T19:04:31+00:00,2023-11-23,85932,1,". ""1983/2023 - 40 AÑOS DE DEMOCRACIA""    ""1983/2023 - 40 AÑOS DE DEMOCRACIA""",true,exterior y cambios; mercado de cambios; casas de cambio,
comunicacion_A,data/raw/02_comunicaciones_A/A7895_1983_2023_40_anos_de_democraci.pdf,https://www.bcra.gob.ar/archivos/Pdfs/comytexord/A7895.pdf,A7895,2026-05-07T19:04:33+00:00,2023-11-23,83206,1,". ""1983/2023 - 40 AÑOS DE DEMOCRACIA""    ""1983/2023 - 40 AÑOS DE DEMOCRACIA""",true,exterior y cambios; mercado de cambios; operadores de cambio,
comunicacion_A,data/raw/02_comunicaciones_A/A7901_1983_2023_40_anos_de_democraci.pdf,https://www.bcra.gob.ar/archivos/Pdfs/comytexord/A7901.pdf,A7901,2026-05-07T19:04:57+00:00,2023-11-30,256163,14,"""1983/2023 - 40 AÑOS DE DEMOCRACIA""",true,exterior y cambios; operadores de cambio,
comunicacion_A,data/raw/02_comunicaciones_A/A7903_1983_2023_40_anos_de_democraci.pdf,https://www.bcra.gob.ar/archivos/Pdfs/comytexord/A7903.pdf,A7903,2026-05-07T19:05:04+00:00,2023-11-30,84903,1,". ""1983/2023 - 40 AÑOS DE DEMOCRACIA""    ""1983/2023 - 40 AÑOS DE DEMOCRACIA""",true,exterior y cambios; mercado de cambios; casas de cambio,
comunicacion_A,data/raw/02_comunicaciones_A/A7904_1983_2023_40_anos_de_democraci.pdf,https://www.bcra.gob.ar/archivos/Pdfs/comytexord/A7904.pdf,A7904,2026-05-07T19:05:06+00:00,2023-11-30,84648,1,". ""1983/2023 - 40 AÑOS DE DEMOCRACIA""    ""1983/2023 - 40 AÑOS DE DEMOCRACIA""",true,exterior y cambios; mercado de cambios; casas de cambio,
comunicacion_A,data/raw/02_comunicaciones_A/A7908_1983_2023_40_anos_de_democraci.pdf,https://www.bcra.gob.ar/archivos/Pdfs/comytexord/A7908.pdf,A7908,2026-05-07T19:05:19+00:00,2023-12-05,262591,9,"""1983/2023 - 40 AÑOS DE DEMOCRACIA""",true,exportaciones de bienes + liquidacion,
comunicacion_A,data/raw/02_comunicaciones_A/A7909_1983_2023_40_anos_de_democraci.pdf,https://www.bcra.gob.ar/archivos/Pdfs/comytexord/A7909.pdf,A7909,2026-05-07T19:05:23+00:00,2023-12-05,467613,19,"""1983/2023 - 40 AÑOS DE DEMOCRACIA""",true,operadores de cambio,
comunicacion_A,data/raw/02_comunicaciones_A/A7911_1983_2023_40_anos_de_democraci.pdf,https://www.bcra.gob.ar/archivos/Pdfs/comytexord/A7911.pdf,A7911,2026-05-07T19:05:24+00:00,2023-12-07,85341,1,". ""1983/2023 - 40 AÑOS DE DEMOCRACIA""    ""1983/2023 - 40 AÑOS DE DEMOCRACIA""",true,exterior y cambios; casas de cambio,
comunicacion_A,data/raw/02_comunicaciones_A/A7915_1983_2023_40_anos_de_democraci.pdf,https://www.bcra.gob.ar/archivos/Pdfs/comytexord/A7915.pdf,A7915,2026-05-07T19:05:41+00:00,2023-12-11,82546,1,". ""1983/2023 - 40 AÑOS DE DEMOCRACIA""    ""1983/2023 - 40 AÑOS DE DEMOCRACIA""",true,exterior y cambios; mercado de cambios; operadores de cambio,
comunicacion_A,data/raw/02_comunicaciones_A/A7914_1983_2023_40_anos_de_democraci.pdf,https://www.bcra.gob.ar/archivos/Pdfs/comytexord/A7914.pdf,A7914,2026-05-07T19:05:42+00:00,2023-12-07,2001614,213,"""1983/2023 - 40 AÑOS DE DEMOCRACIA""",true,exterior y cambios; mercado de cambios; operaciones cambiarias; operadores de cambio; ingreso de divisas; regimen penal cambiario; sepaimpo; secoexpo; posicion general de cambios; boleto de cambio; exportaciones de bienes + liquidacion; importaciones de bienes + pago,
comunicacion_A,data/raw/02_comunicaciones_A/A7916_1983_2023_40_anos_de_democraci.pdf,https://www.bcra.gob.ar/archivos/Pdfs/comytexord/A7916.pdf,A7916,2026-05-07T19:05:43+00:00,2023-12-12,83829,1,". ""1983/2023 - 40 AÑOS DE DEMOCRACIA""    ""1983/2023 - 40 AÑOS DE DEMOCRACIA""",true,exterior y cambios; operadores de cambio,
comunicacion_A,data/raw/02_comunicaciones_A/A7917_1983_2023_40_anos_de_democraci.pdf,https://www.bcra.gob.ar/archivos/Pdfs/comytexord/A7917.pdf,A7917,2026-05-07T19:05:44+00:00,2023-12-13,142364,8,". ""1983/2023 - 40 AÑOS DE DEMOCRACIA""    ""1983/2023 - 40 AÑOS DE DEMOCRACIA""",true,exterior y cambios; mercado de cambios; casas de cambio; importaciones de bienes + pago,
comunicacion_A,data/raw/02_comunicaciones_A/A7918_comunicacion_a_7918_13_12_2023.pdf,https://www.bcra.gob.ar/archivos/Pdfs/comytexord/A7918.pdf,A7918,2026-05-07T19:05:45+00:00,2023-12-13,117409,2,COMUNICACIÓN  “A”  7918 13/12/2023,true,bopreal,
comunicacion_A,data/raw/02_comunicaciones_A/A7925_1983_2023_40_anos_de_democraci.pdf,https://www.bcra.gob.ar/archivos/Pdfs/comytexord/A7925.pdf,A7925,2026-05-07T19:06:10+00:00,2023-12-22,114791,3,". ""1983/2023 - 40 AÑOS DE DEMOCRACIA""    ""1983/2023 - 40 AÑOS DE DEMOCRACIA""",true,exterior y cambios; mercado de cambios; casas de cambio; sepaimpo; bopreal; importaciones de bienes + pago,
comunicacion_A,data/raw/02_comunicaciones_A/A7926_1983_2023_40_anos_de_democraci.pdf,https://www.bcra.gob.ar/archivos/Pdfs/comytexord/A7926.pdf,A7926,2026-05-07T19:06:12+00:00,2023-12-26,174199,5,"""1983/2023 - 40 AÑOS DE DEMOCRACIA""",true,operadores de cambio; posicion general de cambios; bopreal,
comunicacion_A,data/raw/02_comunicaciones_A/A7927_1983_2023_40_anos_de_democraci.pdf,https://www.bcra.gob.ar/archivos/Pdfs/comytexord/A7927.pdf,A7927,2026-05-07T19:06:14+00:00,2023-12-26,204254,10,"""1983/2023 - 40 AÑOS DE DEMOCRACIA""",true,mercado de cambios; operadores de cambio; importaciones de bienes + pago,
comunicacion_A,data/raw/02_comunicaciones_A/A7935_1983_2023_40_anos_de_democraci.pdf,https://www.bcra.gob.ar/archivos/Pdfs/comytexord/A7935.pdf,A7935,2026-05-07T19:06:43+00:00,2023-12-28,107320,2,". ""1983/2023 - 40 AÑOS DE DEMOCRACIA""    ""1983/2023 - 40 AÑOS DE DEMOCRACIA""",true,exterior y cambios; mercado de cambios; casas de cambio; bopreal,
comunicacion_A,data/raw/02_comunicaciones_A/A7937_comunicacion_a_7937_03_01_2024.pdf,https://www.bcra.gob.ar/archivos/Pdfs/comytexord/A7937.pdf,A7937,2026-05-07T19:06:51+00:00,2024-01-03,558308,26,COMUNICACIÓN  “A”  7937 03/01/2024,true,operadores de cambio,
comunicacion_A,data/raw/02_comunicaciones_A/A7940_comunicacion_a_7940_11_01_2024.pdf,https://www.bcra.gob.ar/archivos/Pdfs/comytexord/A7940.pdf,A7940,2026-05-07T19:07:01+00:00,2024-01-11,81061,1,COMUNICACIÓN  “A”  7940 11/01/2024,true,exterior y cambios; casas de cambio; bopreal,
comunicacion_A,data/raw/02_comunicaciones_A/A7941_comunicacion_a_7941_11_01_2024.pdf,https://www.bcra.gob.ar/archivos/Pdfs/comytexord/A7941.pdf,A7941,2026-05-07T19:07:02+00:00,2024-01-11,106894,2,COMUNICACIÓN  “A”  7941 11/01/2024,true,exterior y cambios; mercado de cambios; casas de cambio; bopreal; exportaciones de bienes + liquidacion,
comunicacion_A,data/raw/02_comunicaciones_A/A7945_comunicacion_a_7945_11_01_2024.pdf,https://www.bcra.gob.ar/archivos/Pdfs/comytexord/A7945.pdf,A7945,2026-05-07T19:07:12+00:00,2024-01-11,84183,1,COMUNICACIÓN  “A”  7945 11/01/2024,true,exterior y cambios; casas de cambio; importaciones de bienes + pago,
comunicacion_A,data/raw/02_comunicaciones_A/A7944_comunicacion_a_7944_11_01_2024.pdf,https://www.bcra.gob.ar/archivos/Pdfs/comytexord/A7944.pdf,A7944,2026-05-07T19:07:15+00:00,2024-01-11,843676,58,COMUNICACIÓN  “A”  7944 11/01/2024,true,operadores de cambio; regimen penal cambiario,
comunicacion_A,data/raw/02_comunicaciones_A/A7947_comunicacion_a_7947_18_01_2024.pdf,https://www.bcra.gob.ar/archivos/Pdfs/comytexord/A7947.pdf,A7947,2026-05-07T19:07:17+00:00,2024-01-18,109813,2,COMUNICACIÓN  “A”  7947 18/01/2024,true,operadores de cambio,
comunicacion_A,data/raw/02_comunicaciones_A/A7949_ano_de_la_defensa_de_la_vida_l.pdf,https://www.bcra.gob.ar/archivos/Pdfs/comytexord/A7949.pdf,A7949,2026-05-07T19:07:24+00:00,2024-01-24,367305,19,"“AÑO DE LA DEFENSA DE LA VIDA, LA LIBERTAD Y LA PROPIEDAD”",true,operadores de cambio,
comunicacion_A,data/raw/02_comunicaciones_A/A7950_ano_de_la_defensa_de_la_vida_l.pdf,https://www.bcra.gob.ar/archivos/Pdfs/comytexord/A7950.pdf,A7950,2026-05-07T19:07:27+00:00,2024-01-25,343687,15,"""AÑO DE LA DEFENSA DE LA VIDA, LA LIBERTAD Y LA PROPIEDAD""",true,casas de cambio,
comunicacion_A,data/raw/02_comunicaciones_A/A7952_ano_de_la_defensa_de_la_vida_l.pdf,https://www.bcra.gob.ar/archivos/Pdfs/comytexord/A7952.pdf,A7952,2026-05-07T19:07:29+00:00,2024-01-25,108186,2,".  ""AÑO DE LA DEFENSA DE LA VIDA, LA LIBERTAD Y LA PROPIEDAD""     ""AÑO DE LA DEFENSA DE LA VIDA, LA LIBERTAD Y LA PROPIEDAD""",true,exterior y cambios; mercado de cambios; casas de cambio; importaciones de bienes + pago,
comunicacion_A,data/raw/02_comunicaciones_A/A7953_ano_de_la_defensa_de_la_vida_l.pdf,https://www.bcra.gob.ar/archivos/Pdfs/comytexord/A7953.pdf,A7953,2026-05-07T19:07:40+00:00,2024-01-26,1208400,130,"""AÑO DE LA DEFENSA DE LA VIDA, LA LIBERTAD Y LA PROPIEDAD""",true,exterior y cambios; mercado de cambios; operaciones cambiarias; operadores de cambio; ingreso de divisas; sepaimpo; secoexpo; posicion general de cambios; bopreal; exportaciones de bienes + liquidacion; importaciones de bienes + pago,
comunicacion_A,data/raw/02_comunicaciones_A/A7955_ano_de_la_defensa_de_la_vida_l.pdf,https://www.bcra.gob.ar/archivos/Pdfs/comytexord/A7955.pdf,A7955,2026-05-07T19:07:42+00:00,2024-01-31,152850,2,"""AÑO DE LA DEFENSA DE LA VIDA, LA LIBERTAD Y LA PROPIEDAD""",true,operadores de cambio,
comunicacion_A,data/raw/02_comunicaciones_A/A7956_ano_de_la_defensa_de_la_vida_l.pdf,https://www.bcra.gob.ar/archivos/Pdfs/comytexord/A7956.pdf,A7956,2026-05-07T19:07:43+00:00,2024-01-31,206308,3,"""AÑO DE LA DEFENSA DE LA VIDA, LA LIBERTAD Y LA PROPIEDAD""",true,operadores de cambio,
comunicacion_A,data/raw/02_comunicaciones_A/A7960_ano_de_la_defensa_de_la_vida_l.pdf,https://www.bcra.gob.ar/archivos/Pdfs/comytexord/A7960.pdf,A7960,2026-05-07T19:07:57+00:00,2024-02-08,375033,22,"""AÑO DE LA DEFENSA DE LA VIDA, LA LIBERTAD Y LA PROPIEDAD""",true,exterior y cambios; mercado de cambios; operadores de cambio; importaciones de bienes + pago,
comunicacion_A,data/raw/02_comunicaciones_A/A7961_ano_de_la_defensa_de_la_vida_l.pdf,https://www.bcra.gob.ar/archivos/Pdfs/comytexord/A7961.pdf,A7961,2026-05-07T19:08:00+00:00,2024-02-08,229852,5,"""AÑO DE LA DEFENSA DE LA VIDA, LA LIBERTAD Y LA PROPIEDAD""",true,operadores de cambio,
comunicacion_A,data/raw/02_comunicaciones_A/A7963_ano_de_la_defensa_de_la_vida_l.pdf,https://www.bcra.gob.ar/archivos/Pdfs/comytexord/A7963.pdf,A7963,2026-05-07T19:08:05+00:00,2024-02-09,629425,25,"""AÑO DE LA DEFENSA DE LA VIDA, LA LIBERTAD Y LA PROPIEDAD""",true,operadores de cambio,
comunicacion_A,data/raw/02_comunicaciones_A/A7965_ano_de_la_defensa_de_la_vida_l.pdf,https://www.bcra.gob.ar/archivos/Pdfs/comytexord/A7965.pdf,A7965,2026-05-07T19:08:09+00:00,2024-02-15,111640,2,"""AÑO DE LA DEFENSA DE LA VIDA, LA LIBERTAD Y LA PROPIEDAD""",true,casas de cambio,
comunicacion_A,data/raw/02_comunicaciones_A/A7968_ano_de_la_defensa_de_la_vida_l.pdf,https://www.bcra.gob.ar/archivos/Pdfs/comytexord/A7968.pdf,A7968,2026-05-07T19:08:18+00:00,2024-02-22,83205,1,".  ""AÑO DE LA DEFENSA DE LA VIDA, LA LIBERTAD Y LA PROPIEDAD""     ""AÑO DE LA DEFENSA DE LA VIDA, LA LIBERTAD Y LA PROPIEDAD""",true,exterior y cambios; casas de cambio,
comunicacion_A,data/raw/02_comunicaciones_A/A7973_ano_de_la_defensa_de_la_vida_l.pdf,https://www.bcra.gob.ar/archivos/Pdfs/comytexord/A7973.pdf,A7973,2026-05-07T19:08:36+00:00,2024-03-07,84974,1,".  ""AÑO DE LA DEFENSA DE LA VIDA, LA LIBERTAD Y LA PROPIEDAD""     ""AÑO DE LA DEFENSA DE LA VIDA, LA LIBERTAD Y LA PROPIEDAD""",true,casas de cambio; posicion general de cambios,
comunicacion_A,data/raw/02_comunicaciones_A/A7980_ano_de_la_defensa_de_la_vida_l.pdf,https://www.bcra.gob.ar/archivos/Pdfs/comytexord/A7980.pdf,A7980,2026-05-07T19:09:06+00:00,2024-03-14,556914,22,"""AÑO DE LA DEFENSA DE LA VIDA, LA LIBERTAD Y LA PROPIEDAD""",true,exterior y cambios; mercado de cambios; casas de cambio,
comunicacion_A,data/raw/02_comunicaciones_A/A7990_ano_de_la_defensa_de_la_vida_l.pdf,https://www.bcra.gob.ar/archivos/Pdfs/comytexord/A7990.pdf,A7990,2026-05-07T19:09:41+00:00,2024-04-11,106760,2,".  ""AÑO DE LA DEFENSA DE LA VIDA, LA LIBERTAD Y LA PROPIEDAD""     ""AÑO DE LA DEFENSA DE LA VIDA, LA LIBERTAD Y LA PROPIEDAD""",true,exterior y cambios; mercado de cambios; casas de cambio; importaciones de bienes + pago,
comunicacion_A,data/raw/02_comunicaciones_A/A7994_ano_de_la_defensa_de_la_vida_l.pdf,https://www.bcra.gob.ar/archivos/Pdfs/comytexord/A7994.pdf,A7994,2026-05-07T19:09:55+00:00,2024-04-18,104762,2,".  ""AÑO DE LA DEFENSA DE LA VIDA, LA LIBERTAD Y LA PROPIEDAD""     ""AÑO DE LA DEFENSA DE LA VIDA, LA LIBERTAD Y LA PROPIEDAD""",true,exterior y cambios; mercado de cambios; casas de cambio; exportaciones de bienes + liquidacion,
comunicacion_A,data/raw/02_comunicaciones_A/A7998_ano_de_la_defensa_de_la_vida_l.pdf,https://www.bcra.gob.ar/archivos/Pdfs/comytexord/A7998.pdf,A7998,2026-05-07T19:10:07+00:00,2024-04-30,83863,1,".  ""AÑO DE LA DEFENSA DE LA VIDA, LA LIBERTAD Y LA PROPIEDAD""     ""AÑO DE LA DEFENSA DE LA VIDA, LA LIBERTAD Y LA PROPIEDAD""",true,exterior y cambios; casas de cambio; importaciones de bienes + pago,
comunicacion_A,data/raw/02_comunicaciones_A/A7997_ano_de_la_defensa_de_la_vida_l.pdf,https://www.bcra.gob.ar/archivos/Pdfs/comytexord/A7997.pdf,A7997,2026-05-07T19:10:07+00:00,2024-04-30,176764,6,"""AÑO DE LA DEFENSA DE LA VIDA, LA LIBERTAD Y LA PROPIEDAD""",true,bopreal,
comunicacion_A,data/raw/02_comunicaciones_A/A7999_ano_de_la_defensa_de_la_vida_l.pdf,https://www.bcra.gob.ar/archivos/Pdfs/comytexord/A7999.pdf,A7999,2026-05-07T19:10:09+00:00,2024-04-30,118187,4,".  ""AÑO DE LA DEFENSA DE LA VIDA, LA LIBERTAD Y LA PROPIEDAD""     ""AÑO DE LA DEFENSA DE LA VIDA, LA LIBERTAD Y LA PROPIEDAD""",true,exterior y cambios; mercado de cambios; casas de cambio; bopreal,
comunicacion_A,data/raw/02_comunicaciones_A/A8004_ano_de_la_defensa_de_la_vida_l.pdf,https://www.bcra.gob.ar/archivos/Pdfs/comytexord/A8004.pdf,A8004,2026-05-07T19:10:27+00:00,2024-05-07,157702,4,"""AÑO DE LA DEFENSA DE LA VIDA, LA LIBERTAD Y LA PROPIEDAD""",true,operadores de cambio; posicion general de cambios; bopreal,
comunicacion_A,data/raw/02_comunicaciones_A/A8005_ano_de_la_defensa_de_la_vida_l.pdf,https://www.bcra.gob.ar/archivos/Pdfs/comytexord/A8005.pdf,A8005,2026-05-07T19:10:29+00:00,2024-05-07,118761,2,"""AÑO DE LA DEFENSA DE LA VIDA, LA LIBERTAD Y LA PROPIEDAD""",true,operadores de cambio,
comunicacion_A,data/raw/02_comunicaciones_A/A8006_ano_de_la_defensa_de_la_vida_l.pdf,https://www.bcra.gob.ar/archivos/Pdfs/comytexord/A8006.pdf,A8006,2026-05-07T19:10:29+00:00,2024-05-09,87308,1,".  ""AÑO DE LA DEFENSA DE LA VIDA, LA LIBERTAD Y LA PROPIEDAD""     ""AÑO DE LA DEFENSA DE LA VIDA, LA LIBERTAD Y LA PROPIEDAD""",true,exterior y cambios; casas de cambio,
comunicacion_A,data/raw/02_comunicaciones_A/A8011_ano_de_la_defensa_de_la_vida_l.pdf,https://www.bcra.gob.ar/archivos/Pdfs/comytexord/A8011.pdf,A8011,2026-05-07T19:10:50+00:00,2024-05-13,155654,3,"""AÑO DE LA DEFENSA DE LA VIDA, LA LIBERTAD Y LA PROPIEDAD""",true,operadores de cambio,
comunicacion_A,data/raw/02_comunicaciones_A/A8012_ano_de_la_defensa_de_la_vida_l.pdf,https://www.bcra.gob.ar/archivos/Pdfs/comytexord/A8012.pdf,A8012,2026-05-07T19:10:52+00:00,2024-05-13,219248,5,"""AÑO DE LA DEFENSA DE LA VIDA, LA LIBERTAD Y LA PROPIEDAD""",true,operadores de cambio,
comunicacion_A,data/raw/02_comunicaciones_A/A8013_ano_de_la_defensa_de_la_vida_l.pdf,https://www.bcra.gob.ar/archivos/Pdfs/comytexord/A8013.pdf,A8013,2026-05-07T19:10:54+00:00,2024-05-13,150070,5,"""AÑO DE LA DEFENSA DE LA VIDA, LA LIBERTAD Y LA PROPIEDAD""",true,mercado de cambios; operadores de cambio; secoexpo; rioc,
comunicacion_A,data/raw/02_comunicaciones_A/A8014_ano_de_la_defensa_de_la_vida_l.pdf,https://www.bcra.gob.ar/archivos/Pdfs/comytexord/A8014.pdf,A8014,2026-05-07T19:10:55+00:00,2024-05-13,112005,2,"""AÑO DE LA DEFENSA DE LA VIDA, LA LIBERTAD Y LA PROPIEDAD""",true,operadores de cambio,
comunicacion_A,data/raw/02_comunicaciones_A/A8018_ano_de_la_defensa_de_la_vida_l.pdf,https://www.bcra.gob.ar/archivos/Pdfs/comytexord/A8018.pdf,A8018,2026-05-07T19:11:08+00:00,2024-05-15,383238,18,"""AÑO DE LA DEFENSA DE LA VIDA, LA LIBERTAD Y LA PROPIEDAD""",true,mercado de cambios; exportaciones de bienes + liquidacion,
comunicacion_A,data/raw/02_comunicaciones_A/A8031_ano_de_la_defensa_de_la_vida_l.pdf,https://www.bcra.gob.ar/archivos/Pdfs/comytexord/A8031.pdf,A8031,2026-05-07T19:12:02+00:00,2024-05-30,85756,1,".  ""AÑO DE LA DEFENSA DE LA VIDA, LA LIBERTAD Y LA PROPIEDAD""     ""AÑO DE LA DEFENSA DE LA VIDA, LA LIBERTAD Y LA PROPIEDAD""",true,exterior y cambios; mercado de cambios; casas de cambio,
comunicacion_A,data/raw/02_comunicaciones_A/A8033_ano_de_la_defensa_de_la_vida_l.pdf,https://www.bcra.gob.ar/archivos/Pdfs/comytexord/A8033.pdf,A8033,2026-05-07T19:12:07+00:00,2024-05-31,108884,2,"""AÑO DE LA DEFENSA DE LA VIDA, LA LIBERTAD Y LA PROPIEDAD""",true,operadores de cambio,
comunicacion_A,data/raw/02_comunicaciones_A/A8034_ano_de_la_defensa_de_la_vida_l.pdf,https://www.bcra.gob.ar/archivos/Pdfs/comytexord/A8034.pdf,A8034,2026-05-07T19:12:10+00:00,2024-05-31,127377,3,"""AÑO DE LA DEFENSA DE LA VIDA, LA LIBERTAD Y LA PROPIEDAD""",true,operadores de cambio,
comunicacion_A,data/raw/02_comunicaciones_A/A8035_ano_de_la_defensa_de_la_vida_l.pdf,https://www.bcra.gob.ar/archivos/Pdfs/comytexord/A8035.pdf,A8035,2026-05-07T19:12:16+00:00,2024-06-03,1279252,110,"""AÑO DE LA DEFENSA DE LA VIDA, LA LIBERTAD Y LA PROPIEDAD""",true,exterior y cambios; mercado de cambios; operaciones cambiarias; operadores de cambio; ingreso de divisas; sepaimpo; posicion general de cambios; bopreal; exportaciones de bienes + liquidacion; importaciones de bienes + pago,
comunicacion_A,data/raw/02_comunicaciones_A/A8042_ano_de_la_defensa_de_la_vida_l.pdf,https://www.bcra.gob.ar/archivos/Pdfs/comytexord/A8042.pdf,A8042,2026-05-07T19:12:35+00:00,2024-06-13,83492,1,".  ""AÑO DE LA DEFENSA DE LA VIDA, LA LIBERTAD Y LA PROPIEDAD""     ""AÑO DE LA DEFENSA DE LA VIDA, LA LIBERTAD Y LA PROPIEDAD""",true,exterior y cambios; casas de cambio,
comunicacion_A,data/raw/02_comunicaciones_A/A8054_ano_de_la_defensa_de_la_vida_l.pdf,https://www.bcra.gob.ar/archivos/Pdfs/comytexord/A8054.pdf,A8054,2026-05-07T19:13:33+00:00,2024-06-27,83029,1,".  ""AÑO DE LA DEFENSA DE LA VIDA, LA LIBERTAD Y LA PROPIEDAD""     ""AÑO DE LA DEFENSA DE LA VIDA, LA LIBERTAD Y LA PROPIEDAD""",true,exterior y cambios; mercado de cambios; casas de cambio,
comunicacion_A,data/raw/02_comunicaciones_A/A8055_ano_de_la_defensa_de_la_vida_l.pdf,https://www.bcra.gob.ar/archivos/Pdfs/comytexord/A8055.pdf,A8055,2026-05-07T19:13:35+00:00,2024-06-28,84841,1,".  ""AÑO DE LA DEFENSA DE LA VIDA, LA LIBERTAD Y LA PROPIEDAD""     ""AÑO DE LA DEFENSA DE LA VIDA, LA LIBERTAD Y LA PROPIEDAD""",true,exterior y cambios; mercado de cambios; casas de cambio; bopreal,
comunicacion_A,data/raw/02_comunicaciones_A/A8059_ano_de_la_defensa_de_la_vida_l.pdf,https://www.bcra.gob.ar/archivos/Pdfs/comytexord/A8059.pdf,A8059,2026-05-07T19:13:51+00:00,2024-07-04,104312,2,".  ""AÑO DE LA DEFENSA DE LA VIDA, LA LIBERTAD Y LA PROPIEDAD""     ""AÑO DE LA DEFENSA DE LA VIDA, LA LIBERTAD Y LA PROPIEDAD""",true,exterior y cambios; mercado de cambios; casas de cambio,
comunicacion_A,data/raw/02_comunicaciones_A/A8070_ano_de_la_defensa_de_la_vida_l.pdf,https://www.bcra.gob.ar/archivos/Pdfs/comytexord/A8070.pdf,A8070,2026-05-07T19:15:08+00:00,2024-07-22,91159,1,".  ""AÑO DE LA DEFENSA DE LA VIDA, LA LIBERTAD Y LA PROPIEDAD""     ""AÑO DE LA DEFENSA DE LA VIDA, LA LIBERTAD Y LA PROPIEDAD""",true,operadores de cambio; casas de cambio,
comunicacion_A,data/raw/02_comunicaciones_A/A8073_ano_de_la_defensa_de_la_vida_l.pdf,https://www.bcra.gob.ar/archivos/Pdfs/comytexord/A8073.pdf,A8073,2026-05-07T19:15:18+00:00,2024-07-23,81872,1,".  ""AÑO DE LA DEFENSA DE LA VIDA, LA LIBERTAD Y LA PROPIEDAD""     ""AÑO DE LA DEFENSA DE LA VIDA, LA LIBERTAD Y LA PROPIEDAD""",true,exterior y cambios; casas de cambio,
comunicacion_A,data/raw/02_comunicaciones_A/A8074_ano_de_la_defensa_de_la_vida_l.pdf,https://www.bcra.gob.ar/archivos/Pdfs/comytexord/A8074.pdf,A8074,2026-05-07T19:15:20+00:00,2024-07-23,86936,1,".  ""AÑO DE LA DEFENSA DE LA VIDA, LA LIBERTAD Y LA PROPIEDAD""     ""AÑO DE LA DEFENSA DE LA VIDA, LA LIBERTAD Y LA PROPIEDAD""",true,exterior y cambios; mercado de cambios; casas de cambio,
comunicacion_A,data/raw/02_comunicaciones_A/A8080_ano_de_la_defensa_de_la_vida_l.pdf,https://www.bcra.gob.ar/archivos/Pdfs/comytexord/A8080.pdf,A8080,2026-05-07T19:15:42+00:00,2024-08-02,204555,9,"""AÑO DE LA DEFENSA DE LA VIDA, LA LIBERTAD Y LA PROPIEDAD""",true,exterior y cambios; operadores de cambio,
comunicacion_A,data/raw/02_comunicaciones_A/A8081_ano_de_la_defensa_de_la_vida_l.pdf,https://www.bcra.gob.ar/archivos/Pdfs/comytexord/A8081.pdf,A8081,2026-05-07T19:15:45+00:00,2024-08-02,197728,3,"""AÑO DE LA DEFENSA DE LA VIDA, LA LIBERTAD Y LA PROPIEDAD""",true,operadores de cambio,
comunicacion_A,data/raw/02_comunicaciones_A/A8082_ano_de_la_defensa_de_la_vida_l.pdf,https://www.bcra.gob.ar/archivos/Pdfs/comytexord/A8082.pdf,A8082,2026-05-07T19:15:45+00:00,2024-08-02,151749,2,"""AÑO DE LA DEFENSA DE LA VIDA, LA LIBERTAD Y LA PROPIEDAD""",true,operadores de cambio,
comunicacion_A,data/raw/02_comunicaciones_A/A8085_ano_de_la_defensa_de_la_vida_l.pdf,https://www.bcra.gob.ar/archivos/Pdfs/comytexord/A8085.pdf,A8085,2026-05-07T19:15:55+00:00,2024-08-08,85394,1,".  ""AÑO DE LA DEFENSA DE LA VIDA, LA LIBERTAD Y LA PROPIEDAD""     ""AÑO DE LA DEFENSA DE LA VIDA, LA LIBERTAD Y LA PROPIEDAD""",true,exterior y cambios; operaciones cambiarias; operadores de cambio,
comunicacion_A,data/raw/02_comunicaciones_A/A8087_ano_de_la_defensa_de_la_vida_l.pdf,https://www.bcra.gob.ar/archivos/Pdfs/comytexord/A8087.pdf,A8087,2026-05-07T19:15:57+00:00,2024-08-09,108955,2,"""AÑO DE LA DEFENSA DE LA VIDA, LA LIBERTAD Y LA PROPIEDAD""",true,operadores de cambio,
comunicacion_A,data/raw/02_comunicaciones_A/A8094_ano_de_la_defensa_de_la_vida_l.pdf,https://www.bcra.gob.ar/archivos/Pdfs/comytexord/A8094.pdf,A8094,2026-05-07T19:16:23+00:00,2024-08-22,83219,1,".  ""AÑO DE LA DEFENSA DE LA VIDA, LA LIBERTAD Y LA PROPIEDAD""     ""AÑO DE LA DEFENSA DE LA VIDA, LA LIBERTAD Y LA PROPIEDAD""",true,exterior y cambios; casas de cambio; importaciones de bienes + pago,
comunicacion_A,data/raw/02_comunicaciones_A/A8097_ano_de_la_defensa_de_la_vida_l.pdf,https://www.bcra.gob.ar/archivos/Pdfs/comytexord/A8097.pdf,A8097,2026-05-07T19:16:35+00:00,2024-08-27,148538,2,"""AÑO DE LA DEFENSA DE LA VIDA, LA LIBERTAD Y LA PROPIEDAD""",true,operadores de cambio,
comunicacion_A,data/raw/02_comunicaciones_A/A8098_ano_de_la_defensa_de_la_vida_l.pdf,https://www.bcra.gob.ar/archivos/Pdfs/comytexord/A8098.pdf,A8098,2026-05-07T19:16:37+00:00,2024-08-27,199879,3,"""AÑO DE LA DEFENSA DE LA VIDA, LA LIBERTAD Y LA PROPIEDAD""",true,operadores de cambio,
comunicacion_A,data/raw/02_comunicaciones_A/A8099_ano_de_la_defensa_de_la_vida_l.pdf,https://www.bcra.gob.ar/archivos/Pdfs/comytexord/A8099.pdf,A8099,2026-05-07T19:16:39+00:00,2024-08-29,145900,8,".  ""AÑO DE LA DEFENSA DE LA VIDA, LA LIBERTAD Y LA PROPIEDAD""     ""AÑO DE LA DEFENSA DE LA VIDA, LA LIBERTAD Y LA PROPIEDAD""",true,exterior y cambios; mercado de cambios; casas de cambio; exportaciones de bienes + liquidacion; importaciones de bienes + pago,
comunicacion_A,data/raw/02_comunicaciones_A/A8108_ano_de_la_defensa_de_la_vida_l.pdf,https://www.bcra.gob.ar/archivos/Pdfs/comytexord/A8108.pdf,A8108,2026-05-07T19:17:13+00:00,2024-09-19,107167,2,".  ""AÑO DE LA DEFENSA DE LA VIDA, LA LIBERTAD Y LA PROPIEDAD""     ""AÑO DE LA DEFENSA DE LA VIDA, LA LIBERTAD Y LA PROPIEDAD""",true,exterior y cambios; mercado de cambios; operadores de cambio,
comunicacion_A,data/raw/02_comunicaciones_A/A8112_ano_de_la_defensa_de_la_vida_l.pdf,https://www.bcra.gob.ar/archivos/Pdfs/comytexord/A8112.pdf,A8112,2026-05-07T19:17:31+00:00,2024-10-03,106156,2,".  ""AÑO DE LA DEFENSA DE LA VIDA, LA LIBERTAD Y LA PROPIEDAD""     ""AÑO DE LA DEFENSA DE LA VIDA, LA LIBERTAD Y LA PROPIEDAD""",true,exterior y cambios; mercado de cambios; operadores de cambio,
comunicacion_A,data/raw/02_comunicaciones_A/A8116_ano_de_la_defensa_de_la_vida_l.pdf,https://www.bcra.gob.ar/archivos/Pdfs/comytexord/A8116.pdf,A8116,2026-05-07T19:17:44+00:00,2024-10-10,79972,1,".  ""AÑO DE LA DEFENSA DE LA VIDA, LA LIBERTAD Y LA PROPIEDAD""     ""AÑO DE LA DEFENSA DE LA VIDA, LA LIBERTAD Y LA PROPIEDAD""",true,exterior y cambios; casas de cambio,
comunicacion_A,data/raw/02_comunicaciones_A/A8118_ano_de_la_defensa_de_la_vida_l.pdf,https://www.bcra.gob.ar/archivos/Pdfs/comytexord/A8118.pdf,A8118,2026-05-07T19:17:49+00:00,2024-10-17,81750,1,".  ""AÑO DE LA DEFENSA DE LA VIDA, LA LIBERTAD Y LA PROPIEDAD""     ""AÑO DE LA DEFENSA DE LA VIDA, LA LIBERTAD Y LA PROPIEDAD""",true,exterior y cambios; mercado de cambios; casas de cambio,
comunicacion_A,data/raw/02_comunicaciones_A/A8122_ano_de_la_defensa_de_la_vida_l.pdf,https://www.bcra.gob.ar/archivos/Pdfs/comytexord/A8122.pdf,A8122,2026-05-07T19:18:01+00:00,2024-10-31,80177,1,".  ""AÑO DE LA DEFENSA DE LA VIDA, LA LIBERTAD Y LA PROPIEDAD""     ""AÑO DE LA DEFENSA DE LA VIDA, LA LIBERTAD Y LA PROPIEDAD""",true,exterior y cambios; mercado de cambios; casas de cambio,
comunicacion_A,data/raw/02_comunicaciones_A/A8128_ano_de_la_defensa_de_la_vida_l.pdf,https://www.bcra.gob.ar/archivos/Pdfs/comytexord/A8128.pdf,A8128,2026-05-07T19:18:28+00:00,2024-11-07,138696,5,"""AÑO DE LA DEFENSA DE LA VIDA, LA LIBERTAD Y LA PROPIEDAD""",true,operadores de cambio,
comunicacion_A,data/raw/02_comunicaciones_A/A8129_ano_de_la_defensa_de_la_vida_l.pdf,https://www.bcra.gob.ar/archivos/Pdfs/comytexord/A8129.pdf,A8129,2026-05-07T19:18:28+00:00,2024-11-07,85808,1,".  ""AÑO DE LA DEFENSA DE LA VIDA, LA LIBERTAD Y LA PROPIEDAD""     ""AÑO DE LA DEFENSA DE LA VIDA, LA LIBERTAD Y LA PROPIEDAD""",true,exterior y cambios; mercado de cambios; casas de cambio,
comunicacion_A,data/raw/02_comunicaciones_A/A8130_ano_de_la_defensa_de_la_vida_l.pdf,https://www.bcra.gob.ar/archivos/Pdfs/comytexord/A8130.pdf,A8130,2026-05-07T19:18:32+00:00,2024-11-08,552140,21,"""AÑO DE LA DEFENSA DE LA VIDA, LA LIBERTAD Y LA PROPIEDAD""",true,operaciones cambiarias,
comunicacion_A,data/raw/02_comunicaciones_A/A8131_ano_de_la_defensa_de_la_vida_l.pdf,https://www.bcra.gob.ar/archivos/Pdfs/comytexord/A8131.pdf,A8131,2026-05-07T19:18:34+00:00,2024-11-12,1434539,71,"""AÑO DE LA DEFENSA DE LA VIDA, LA LIBERTAD Y LA PROPIEDAD""",true,operadores de cambio; casas de cambio; exportaciones de bienes + liquidacion,
comunicacion_A,data/raw/02_comunicaciones_A/A8133_ano_de_la_defensa_de_la_vida_l.pdf,https://www.bcra.gob.ar/archivos/Pdfs/comytexord/A8133.pdf,A8133,2026-05-07T19:18:36+00:00,2024-11-21,105665,2,".  ""AÑO DE LA DEFENSA DE LA VIDA, LA LIBERTAD Y LA PROPIEDAD""     ""AÑO DE LA DEFENSA DE LA VIDA, LA LIBERTAD Y LA PROPIEDAD""",true,exterior y cambios; casas de cambio; importaciones de bienes + pago,
comunicacion_A,data/raw/02_comunicaciones_A/A8137_ano_de_la_defensa_de_la_vida_l.pdf,https://www.bcra.gob.ar/archivos/Pdfs/comytexord/A8137.pdf,A8137,2026-05-07T19:18:53+00:00,2024-11-28,107263,2,".  ""AÑO DE LA DEFENSA DE LA VIDA, LA LIBERTAD Y LA PROPIEDAD""     ""AÑO DE LA DEFENSA DE LA VIDA, LA LIBERTAD Y LA PROPIEDAD""",true,exterior y cambios; mercado de cambios; exportaciones de bienes + liquidacion,
comunicacion_A,data/raw/02_comunicaciones_A/A8140_ano_de_la_defensa_de_la_vida_l.pdf,https://www.bcra.gob.ar/archivos/Pdfs/comytexord/A8140.pdf,A8140,2026-05-07T19:19:05+00:00,2024-12-02,166811,10,"""AÑO DE LA DEFENSA DE LA VIDA, LA LIBERTAD Y LA PROPIEDAD""",true,operadores de cambio,
comunicacion_A,data/raw/02_comunicaciones_A/A8145_ano_de_la_defensa_de_la_vida_l.pdf,https://www.bcra.gob.ar/archivos/Pdfs/comytexord/A8145.pdf,A8145,2026-05-07T19:19:44+00:00,2024-12-09,335919,19,"""AÑO DE LA DEFENSA DE LA VIDA, LA LIBERTAD Y LA PROPIEDAD""",true,operadores de cambio,
comunicacion_A,data/raw/02_comunicaciones_A/A8149_ano_de_la_defensa_de_la_vida_l.pdf,https://www.bcra.gob.ar/archivos/Pdfs/comytexord/A8149.pdf,A8149,2026-05-07T19:20:00+00:00,2024-12-11,368494,24,"""AÑO DE LA DEFENSA DE LA VIDA, LA LIBERTAD Y LA PROPIEDAD""",true,exterior y cambios; mercado de cambios; operadores de cambio; boleto de cambio; exportaciones de bienes + liquidacion; importaciones de bienes + pago,
comunicacion_A,data/raw/02_comunicaciones_A/A8150_ano_de_la_defensa_de_la_vida_l.pdf,https://www.bcra.gob.ar/archivos/Pdfs/comytexord/A8150.pdf,A8150,2026-05-07T19:20:01+00:00,2024-12-11,299726,13,"""AÑO DE LA DEFENSA DE LA VIDA, LA LIBERTAD Y LA PROPIEDAD""",true,mercado de cambios; operadores de cambio,
comunicacion_A,data/raw/02_comunicaciones_A/A8153_ano_de_la_defensa_de_la_vida_l.pdf,https://www.bcra.gob.ar/archivos/Pdfs/comytexord/A8153.pdf,A8153,2026-05-07T19:20:10+00:00,2024-12-12,82217,1,".  ""AÑO DE LA DEFENSA DE LA VIDA, LA LIBERTAD Y LA PROPIEDAD""     ""AÑO DE LA DEFENSA DE LA VIDA, LA LIBERTAD Y LA PROPIEDAD""",true,exterior y cambios; casas de cambio,
comunicacion_A,data/raw/02_comunicaciones_A/A8155_ano_de_la_defensa_de_la_vida_l.pdf,https://www.bcra.gob.ar/archivos/Pdfs/comytexord/A8155.pdf,A8155,2026-05-07T19:20:13+00:00,2024-12-13,85380,1,".  ""AÑO DE LA DEFENSA DE LA VIDA, LA LIBERTAD Y LA PROPIEDAD""     ""AÑO DE LA DEFENSA DE LA VIDA, LA LIBERTAD Y LA PROPIEDAD""",true,exterior y cambios; operadores de cambio; secoexpo,
comunicacion_A,data/raw/02_comunicaciones_A/A8158_ano_de_la_defensa_de_la_vida_l.pdf,https://www.bcra.gob.ar/archivos/Pdfs/comytexord/A8158.pdf,A8158,2026-05-07T19:20:22+00:00,2024-12-18,122541,3,"""AÑO DE LA DEFENSA DE LA VIDA, LA LIBERTAD Y LA PROPIEDAD""",true,operadores de cambio; secoexpo,
comunicacion_A,data/raw/02_comunicaciones_A/A8160_ano_de_la_defensa_de_la_vida_l.pdf,https://www.bcra.gob.ar/archivos/Pdfs/comytexord/A8160.pdf,A8160,2026-05-07T19:20:29+00:00,2024-12-19,83074,1,".  ""AÑO DE LA DEFENSA DE LA VIDA, LA LIBERTAD Y LA PROPIEDAD""     ""AÑO DE LA DEFENSA DE LA VIDA, LA LIBERTAD Y LA PROPIEDAD""",true,exterior y cambios; mercado de cambios; casas de cambio,
comunicacion_A,data/raw/02_comunicaciones_A/A8161_ano_de_la_defensa_de_la_vida_l.pdf,https://www.bcra.gob.ar/archivos/Pdfs/comytexord/A8161.pdf,A8161,2026-05-07T19:20:30+00:00,2024-12-19,84510,1,".  ""AÑO DE LA DEFENSA DE LA VIDA, LA LIBERTAD Y LA PROPIEDAD""     ""AÑO DE LA DEFENSA DE LA VIDA, LA LIBERTAD Y LA PROPIEDAD""",true,exterior y cambios; mercado de cambios; casas de cambio,
comunicacion_A,data/raw/02_comunicaciones_A/A8169_ano_de_la_defensa_de_la_vida_l.pdf,https://www.bcra.gob.ar/archivos/Pdfs/comytexord/A8169.pdf,A8169,2026-05-07T19:21:01+00:00,2024-12-23,109802,2,"""AÑO DE LA DEFENSA DE LA VIDA, LA LIBERTAD Y LA PROPIEDAD""",true,operadores de cambio,
comunicacion_A,data/raw/02_comunicaciones_A/A8170_ano_de_la_defensa_de_la_vida_l.pdf,https://www.bcra.gob.ar/archivos/Pdfs/comytexord/A8170.pdf,A8170,2026-05-07T19:21:03+00:00,2024-12-23,125278,3,"""AÑO DE LA DEFENSA DE LA VIDA, LA LIBERTAD Y LA PROPIEDAD""",true,operadores de cambio,
comunicacion_A,data/raw/02_comunicaciones_A/A8173_ano_de_la_reconstruccion_de_la.pdf,https://www.bcra.gob.ar/archivos/Pdfs/comytexord/A8173.pdf,A8173,2026-05-07T19:21:13+00:00,2025-01-08,129014,4,“Año de la Reconstrucción de la Nación Argentina”,true,operadores de cambio,
comunicacion_A,data/raw/02_comunicaciones_A/A8178_ano_de_la_reconstruccion_de_la.pdf,https://www.bcra.gob.ar/archivos/Pdfs/comytexord/A8178.pdf,A8178,2026-05-07T19:21:32+00:00,2025-01-16,82696,1,. “Año de la Reconstrucción de la Nación Argentina”  “Año de la Reconstrucción de la Nación Argentina”,true,exterior y cambios; casas de cambio,
comunicacion_A,data/raw/02_comunicaciones_A/A8182_ano_de_la_reconstruccion_de_la.pdf,https://www.bcra.gob.ar/archivos/Pdfs/comytexord/A8182.pdf,A8182,2026-05-07T19:21:43+00:00,2025-01-21,108100,2,“Año de la Reconstrucción de la Nación Argentina”,true,operadores de cambio,
comunicacion_A,data/raw/02_comunicaciones_A/A8184_ano_de_la_reconstruccion_de_la.pdf,https://www.bcra.gob.ar/archivos/Pdfs/comytexord/A8184.pdf,A8184,2026-05-07T19:21:52+00:00,2025-01-27,241491,13,“Año de la Reconstrucción de la Nación Argentina”,true,mercado de cambios; operadores de cambio; posicion general de cambios; boleto de cambio,
comunicacion_A,data/raw/02_comunicaciones_A/A8185_ano_de_la_reconstruccion_de_la.pdf,https://www.bcra.gob.ar/archivos/Pdfs/comytexord/A8185.pdf,A8185,2026-05-07T19:21:55+00:00,2025-01-27,373074,17,“Año de la Reconstrucción de la Nación Argentina”,true,mercado de cambios; operadores de cambio; importaciones de bienes + pago,
comunicacion_A,data/raw/02_comunicaciones_A/A8191_ano_de_la_reconstruccion_de_la.pdf,https://www.bcra.gob.ar/archivos/Pdfs/comytexord/A8191.pdf,A8191,2026-05-07T19:22:18+00:00,2025-02-10,1146454,138,“Año de la Reconstrucción de la Nación Argentina”,true,exterior y cambios; mercado de cambios; operaciones cambiarias; operadores de cambio; ingreso de divisas; decreto 260/02; decreto 609/19; sepaimpo; secoexpo; posicion general de cambios; boleto de cambio; bopreal; exportaciones de bienes + liquidacion; importaciones de bienes + pago,
comunicacion_A,data/raw/02_comunicaciones_A/A8203_ano_de_la_reconstruccion_de_la.pdf,https://www.bcra.gob.ar/archivos/Pdfs/comytexord/A8203.pdf,A8203,2026-05-07T19:23:07+00:00,2025-02-26,301937,17,“Año de la Reconstrucción de la Nación Argentina”,true,operadores de cambio,
comunicacion_A,data/raw/02_comunicaciones_A/A8212_ano_de_la_reconstruccion_de_la.pdf,https://www.bcra.gob.ar/archivos/Pdfs/comytexord/A8212.pdf,A8212,2026-05-07T19:23:47+00:00,2025-03-11,87131,1,. “Año de la Reconstrucción de la Nación Argentina”  “Año de la Reconstrucción de la Nación Argentina”,true,casas de cambio; posicion general de cambios,
comunicacion_A,data/raw/02_comunicaciones_A/A8219_ano_de_la_reconstruccion_de_la.pdf,https://www.bcra.gob.ar/archivos/Pdfs/comytexord/A8219.pdf,A8219,2026-05-07T19:24:22+00:00,2025-03-20,159265,5,“Año de la Reconstrucción de la Nación Argentina”,true,exterior y cambios; operadores de cambio,
comunicacion_A,data/raw/02_comunicaciones_A/A8226_ano_de_la_reconstruccion_de_la.pdf,https://www.bcra.gob.ar/archivos/Pdfs/comytexord/A8226.pdf,A8226,2026-05-07T19:24:50+00:00,2025-04-11,112462,3,. “Año de la Reconstrucción de la Nación Argentina”  “Año de la Reconstrucción de la Nación Argentina”,true,exterior y cambios; mercado de cambios; operadores de cambio,
comunicacion_A,data/raw/02_comunicaciones_A/A8227_ano_de_la_reconstruccion_de_la.pdf,https://www.bcra.gob.ar/archivos/Pdfs/comytexord/A8227.pdf,A8227,2026-05-07T19:24:52+00:00,2025-04-14,84420,1,. “Año de la Reconstrucción de la Nación Argentina”  “Año de la Reconstrucción de la Nación Argentina”,true,exterior y cambios; casas de cambio,
comunicacion_A,data/raw/02_comunicaciones_A/A8230_ano_de_la_reconstruccion_de_la.pdf,https://www.bcra.gob.ar/archivos/Pdfs/comytexord/A8230.pdf,A8230,2026-05-07T19:24:59+00:00,2025-04-16,104858,2,. “Año de la Reconstrucción de la Nación Argentina”  “Año de la Reconstrucción de la Nación Argentina”,true,exterior y cambios; mercado de cambios; casas de cambio,
comunicacion_A,data/raw/02_comunicaciones_A/A8233_ano_de_la_reconstruccion_de_la.pdf,https://www.bcra.gob.ar/archivos/Pdfs/comytexord/A8233.pdf,A8233,2026-05-07T19:25:09+00:00,2025-04-30,108099,2,. “Año de la Reconstrucción de la Nación Argentina”  “Año de la Reconstrucción de la Nación Argentina”,true,bopreal; importaciones de bienes + pago,
comunicacion_A,data/raw/02_comunicaciones_A/A8234_ano_de_la_reconstruccion_de_la.pdf,https://www.bcra.gob.ar/archivos/Pdfs/comytexord/A8234.pdf,A8234,2026-05-07T19:25:10+00:00,2025-04-30,106237,2,. “Año de la Reconstrucción de la Nación Argentina”  “Año de la Reconstrucción de la Nación Argentina”,true,exterior y cambios; mercado de cambios; casas de cambio; bopreal; importaciones de bienes + pago,
comunicacion_A,data/raw/02_comunicaciones_A/A8235_ano_de_la_reconstruccion_de_la.pdf,https://www.bcra.gob.ar/archivos/Pdfs/comytexord/A8235.pdf,A8235,2026-05-07T19:25:13+00:00,2025-04-30,176390,6,“Año de la Reconstrucción de la Nación Argentina”,true,bopreal,
comunicacion_A,data/raw/02_comunicaciones_A/A8238_ano_de_la_reconstruccion_de_la.pdf,https://www.bcra.gob.ar/archivos/Pdfs/comytexord/A8238.pdf,A8238,2026-05-07T19:25:25+00:00,2025-05-07,217345,10,“Año de la Reconstrucción de la Nación Argentina”,true,operadores de cambio; bopreal; importaciones de bienes + pago,
comunicacion_A,data/raw/02_comunicaciones_A/A8239_ano_de_la_reconstruccion_de_la.pdf,https://www.bcra.gob.ar/archivos/Pdfs/comytexord/A8239.pdf,A8239,2026-05-07T19:25:27+00:00,2025-05-07,279318,8,“Año de la Reconstrucción de la Nación Argentina”,true,operadores de cambio,
comunicacion_A,data/raw/02_comunicaciones_A/A8240_ano_de_la_reconstruccion_de_la.pdf,https://www.bcra.gob.ar/archivos/Pdfs/comytexord/A8240.pdf,A8240,2026-05-07T19:25:27+00:00,2025-05-08,130783,3,“Año de la Reconstrucción de la Nación Argentina”,true,mercado de cambios,
comunicacion_A,data/raw/02_comunicaciones_A/A8244_ano_de_la_reconstruccion_de_la.pdf,https://www.bcra.gob.ar/archivos/Pdfs/comytexord/A8244.pdf,A8244,2026-05-07T19:25:39+00:00,2025-05-15,83273,1,. “Año de la Reconstrucción de la Nación Argentina”  “Año de la Reconstrucción de la Nación Argentina”,true,exterior y cambios; mercado de cambios; casas de cambio,
comunicacion_A,data/raw/02_comunicaciones_A/A8245_ano_de_la_reconstruccion_de_la.pdf,https://www.bcra.gob.ar/archivos/Pdfs/comytexord/A8245.pdf,A8245,2026-05-07T19:25:41+00:00,2025-05-22,84214,1,. “Año de la Reconstrucción de la Nación Argentina”  “Año de la Reconstrucción de la Nación Argentina”,true,exterior y cambios; mercado de cambios; casas de cambio,
comunicacion_A,data/raw/02_comunicaciones_A/A8248_ano_de_la_reconstruccion_de_la.pdf,https://www.bcra.gob.ar/archivos/Pdfs/comytexord/A8248.pdf,A8248,2026-05-07T19:25:51+00:00,2025-06-02,303967,25,“Año de la Reconstrucción de la Nación Argentina”,true,operadores de cambio,
comunicacion_A,data/raw/02_comunicaciones_A/A8251_ano_de_la_reconstruccion_de_la.pdf,https://www.bcra.gob.ar/archivos/Pdfs/comytexord/A8251.pdf,A8251,2026-05-07T19:26:01+00:00,2025-06-04,84514,1,. “Año de la Reconstrucción de la Nación Argentina”  “Año de la Reconstrucción de la Nación Argentina”,true,casas de cambio; posicion general de cambios,
comunicacion_A,data/raw/02_comunicaciones_A/A8254_ano_de_la_reconstruccion_de_la.pdf,https://www.bcra.gob.ar/archivos/Pdfs/comytexord/A8254.pdf,A8254,2026-05-07T19:26:13+00:00,2025-06-06,203392,5,“Año de la Reconstrucción de la Nación Argentina”,true,operadores de cambio,
comunicacion_A,data/raw/02_comunicaciones_A/A8255_ano_de_la_reconstruccion_de_la.pdf,https://www.bcra.gob.ar/archivos/Pdfs/comytexord/A8255.pdf,A8255,2026-05-07T19:26:14+00:00,2025-06-06,137895,5,“Año de la Reconstrucción de la Nación Argentina”,true,operadores de cambio,
comunicacion_A,data/raw/02_comunicaciones_A/A8257_ano_de_la_reconstruccion_de_la.pdf,https://www.bcra.gob.ar/archivos/Pdfs/comytexord/A8257.pdf,A8257,2026-05-07T19:26:16+00:00,2025-06-12,83762,1,. “Año de la Reconstrucción de la Nación Argentina”  “Año de la Reconstrucción de la Nación Argentina”,true,exterior y cambios; casas de cambio,
comunicacion_A,data/raw/02_comunicaciones_A/A8261_ano_de_la_reconstruccion_de_la.pdf,https://www.bcra.gob.ar/archivos/Pdfs/comytexord/A8261.pdf,A8261,2026-05-07T19:26:30+00:00,2025-06-19,83022,1,. “Año de la Reconstrucción de la Nación Argentina”  “Año de la Reconstrucción de la Nación Argentina”,true,exterior y cambios; operaciones cambiarias; operadores de cambio,
comunicacion_A,data/raw/02_comunicaciones_A/A8262_ano_de_la_reconstruccion_de_la.pdf,https://www.bcra.gob.ar/archivos/Pdfs/comytexord/A8262.pdf,A8262,2026-05-07T19:26:31+00:00,2025-06-19,78315,1,. “Año de la Reconstrucción de la Nación Argentina”  “Año de la Reconstrucción de la Nación Argentina”,true,operadores de cambio,
comunicacion_A,data/raw/02_comunicaciones_A/A8278_ano_de_la_reconstruccion_de_la.pdf,https://www.bcra.gob.ar/archivos/Pdfs/comytexord/A8278.pdf,A8278,2026-05-07T19:27:34+00:00,2025-07-11,426306,33,“Año de la Reconstrucción de la Nación Argentina”,true,operadores de cambio; regimen penal cambiario,
comunicacion_A,data/raw/02_comunicaciones_A/A8296_ano_de_la_reconstruccion_de_la.pdf,https://www.bcra.gob.ar/archivos/Pdfs/comytexord/A8296.pdf,A8296,2026-05-07T19:28:49+00:00,2025-08-07,108643,2,. “Año de la Reconstrucción de la Nación Argentina”  “Año de la Reconstrucción de la Nación Argentina”,true,exterior y cambios; mercado de cambios; casas de cambio; exportaciones de bienes + liquidacion,
comunicacion_A,data/raw/02_comunicaciones_A/A8307_ano_de_la_reconstruccion_de_la.pdf,https://www.bcra.gob.ar/archivos/Pdfs/comytexord/A8307.pdf,A8307,2026-05-07T19:29:40+00:00,2025-08-25,1229061,153,“Año de la Reconstrucción de la Nación Argentina”,true,exterior y cambios; mercado de cambios; operadores de cambio; ingreso de divisas; decreto 260/02; decreto 609/19; sepaimpo; secoexpo; posicion general de cambios; boleto de cambio; bopreal; exportaciones de bienes + liquidacion; importaciones de bienes + pago,
comunicacion_A,data/raw/02_comunicaciones_A/A8322_ano_de_la_reconstruccion_de_la.pdf,https://www.bcra.gob.ar/archivos/Pdfs/comytexord/A8322.pdf,A8322,2026-05-07T19:30:38+00:00,2025-09-09,259452,15,“Año de la Reconstrucción de la Nación Argentina”,true,exterior y cambios; operadores de cambio; posicion general de cambios; boleto de cambio; importaciones de bienes + pago,
comunicacion_A,data/raw/02_comunicaciones_A/A8323_ano_de_la_reconstruccion_de_la.pdf,https://www.bcra.gob.ar/archivos/Pdfs/comytexord/A8323.pdf,A8323,2026-05-07T19:30:40+00:00,2025-09-09,370351,16,“Año de la Reconstrucción de la Nación Argentina”,true,mercado de cambios; operadores de cambio; importaciones de bienes + pago,
comunicacion_A,data/raw/02_comunicaciones_A/A8330_ano_de_la_reconstruccion_de_la.pdf,https://www.bcra.gob.ar/archivos/Pdfs/comytexord/A8330.pdf,A8330,2026-05-07T19:31:06+00:00,2025-09-18,85977,1,. “Año de la Reconstrucción de la Nación Argentina”  “Año de la Reconstrucción de la Nación Argentina”,true,exterior y cambios; casas de cambio; exportaciones de bienes + liquidacion,
comunicacion_A,data/raw/02_comunicaciones_A/A8331_ano_de_la_reconstruccion_de_la.pdf,https://www.bcra.gob.ar/archivos/Pdfs/comytexord/A8331.pdf,A8331,2026-05-07T19:31:08+00:00,2025-09-18,106355,2,. “Año de la Reconstrucción de la Nación Argentina”  “Año de la Reconstrucción de la Nación Argentina”,true,exterior y cambios; mercado de cambios; casas de cambio,
comunicacion_A,data/raw/02_comunicaciones_A/A8332_ano_de_la_reconstruccion_de_la.pdf,https://www.bcra.gob.ar/archivos/Pdfs/comytexord/A8332.pdf,A8332,2026-05-07T19:31:09+00:00,2025-09-18,104166,2,. “Año de la Reconstrucción de la Nación Argentina”  “Año de la Reconstrucción de la Nación Argentina”,true,exterior y cambios; operadores de cambio,
comunicacion_A,data/raw/02_comunicaciones_A/A8333_ano_de_la_reconstruccion_de_la.pdf,https://www.bcra.gob.ar/archivos/Pdfs/comytexord/A8333.pdf,A8333,2026-05-07T19:31:09+00:00,2025-09-22,93546,1,. “Año de la Reconstrucción de la Nación Argentina”  “Año de la Reconstrucción de la Nación Argentina”,true,operadores de cambio,
comunicacion_A,data/raw/02_comunicaciones_A/A8335_ano_de_la_reconstruccion_de_la.pdf,https://www.bcra.gob.ar/archivos/Pdfs/comytexord/A8335.pdf,A8335,2026-05-07T19:31:13+00:00,2025-09-22,369981,18,“Año de la Reconstrucción de la Nación Argentina”,true,mercado de cambios; operadores de cambio; importaciones de bienes + pago,
comunicacion_A,data/raw/02_comunicaciones_A/A8334_ano_de_la_reconstruccion_de_la.pdf,https://www.bcra.gob.ar/archivos/Pdfs/comytexord/A8334.pdf,A8334,2026-05-07T19:31:13+00:00,2025-09-22,229616,11,“Año de la Reconstrucción de la Nación Argentina”,true,exterior y cambios; operadores de cambio; posicion general de cambios; boleto de cambio; importaciones de bienes + pago,
comunicacion_A,data/raw/02_comunicaciones_A/A8336_ano_de_la_reconstruccion_de_la.pdf,https://www.bcra.gob.ar/archivos/Pdfs/comytexord/A8336.pdf,A8336,2026-05-07T19:31:13+00:00,2025-09-26,84110,1,. “Año de la Reconstrucción de la Nación Argentina”  “Año de la Reconstrucción de la Nación Argentina”,true,exterior y cambios; operadores de cambio,
comunicacion_A,data/raw/02_comunicaciones_A/A8338_ano_de_la_reconstruccion_de_la.pdf,https://www.bcra.gob.ar/archivos/Pdfs/comytexord/A8338.pdf,A8338,2026-05-07T19:31:16+00:00,2025-10-01,121098,3,“Año de la Reconstrucción de la Nación Argentina”,true,operadores de cambio,
comunicacion_A,data/raw/02_comunicaciones_A/A8343_ano_de_la_reconstruccion_de_la.pdf,https://www.bcra.gob.ar/archivos/Pdfs/comytexord/A8343.pdf,A8343,2026-05-07T19:31:37+00:00,2025-10-14,546384,39,“Año de la Reconstrucción de la Nación Argentina”,true,casas de cambio,
comunicacion_A,data/raw/02_comunicaciones_A/A8354_ano_de_la_reconstruccion_de_la.pdf,https://www.bcra.gob.ar/archivos/Pdfs/comytexord/A8354.pdf,A8354,2026-05-07T19:32:20+00:00,2025-11-13,156361,4,“Año de la Reconstrucción de la Nación Argentina”,true,operadores de cambio,
comunicacion_A,data/raw/02_comunicaciones_A/A8359_ano_de_la_reconstruccion_de_la.pdf,https://www.bcra.gob.ar/archivos/Pdfs/comytexord/A8359.pdf,A8359,2026-05-07T19:32:38+00:00,2025-12-04,110770,2,. “Año de la Reconstrucción de la Nación Argentina”  “Año de la Reconstrucción de la Nación Argentina”,true,operadores de cambio; casas de cambio,
comunicacion_A,data/raw/02_comunicaciones_A/A8361_ano_de_la_reconstruccion_de_la.pdf,https://www.bcra.gob.ar/archivos/Pdfs/comytexord/A8361.pdf,A8361,2026-05-07T19:32:40+00:00,2025-12-09,85564,1,. “Año de la Reconstrucción de la Nación Argentina”  “Año de la Reconstrucción de la Nación Argentina”,true,exterior y cambios; operadores de cambio,
comunicacion_A,data/raw/02_comunicaciones_A/A8379_ano_de_la_reconstruccion_de_la.pdf,https://www.bcra.gob.ar/archivos/Pdfs/comytexord/A8379.pdf,A8379,2026-05-07T19:34:00+00:00,2025-12-23,191236,4,“Año de la Reconstrucción de la Nación Argentina”,true,rioc,
comunicacion_A,data/raw/02_comunicaciones_A/A8384_comunicacion_a_8384_09_01_2026.pdf,https://www.bcra.gob.ar/archivos/Pdfs/comytexord/A8384.pdf,A8384,2026-05-07T19:34:23+00:00,2026-01-09,130507,4,COMUNICACIÓN  “A”  8384 09/01/2026,true,operadores de cambio,
comunicacion_A,data/raw/02_comunicaciones_A/A8387_comunicacion_a_8387_19_01_2026.pdf,https://www.bcra.gob.ar/archivos/Pdfs/comytexord/A8387.pdf,A8387,2026-05-07T19:34:34+00:00,2026-01-19,110173,2,COMUNICACIÓN  “A”  8387 19/01/2026,true,operadores de cambio,
comunicacion_A,data/raw/02_comunicaciones_A/A8390_comunicacion_a_8390_22_01_2026.pdf,https://www.bcra.gob.ar/archivos/Pdfs/comytexord/A8390.pdf,A8390,2026-05-07T19:34:44+00:00,2026-01-22,105622,2,COMUNICACIÓN  “A”  8390 22/01/2026,true,exterior y cambios; casas de cambio,
comunicacion_A,data/raw/02_comunicaciones_A/A8402_2026_ano_de_la_grandeza_argent.pdf,https://www.bcra.gob.ar/archivos/Pdfs/comytexord/A8402.pdf,A8402,2026-05-07T19:35:29+00:00,2026-02-18,85216,1,".  ""2026 - AÑO DE LA GRANDEZA ARGENTINA""   ""2026 - AÑO DE LA GRANDEZA ARGENTINA""",true,casas de cambio; posicion general de cambios,
comunicacion_A,data/raw/02_comunicaciones_A/A8411_2026_ano_de_la_grandeza_argent.pdf,https://www.bcra.gob.ar/archivos/Pdfs/comytexord/A8411.pdf,A8411,2026-05-07T19:36:06+00:00,2026-03-20,159848,7,"""2026 - AÑO DE LA GRANDEZA ARGENTINA""",true,operadores de cambio,
comunicacion_A,data/raw/02_comunicaciones_A/A8414_2026_ano_de_la_grandeza_argent.pdf,https://www.bcra.gob.ar/archivos/Pdfs/comytexord/A8414.pdf,A8414,2026-05-07T19:36:16+00:00,2026-03-27,307101,18,"""2026 - AÑO DE LA GRANDEZA ARGENTINA""",true,operadores de cambio; casas de cambio,
comunicacion_A,data/raw/02_comunicaciones_A/A8415_2026_ano_de_la_grandeza_argent.pdf,https://www.bcra.gob.ar/archivos/Pdfs/comytexord/A8415.pdf,A8415,2026-05-07T19:36:18+00:00,2026-03-27,274223,14,"""2026 - AÑO DE LA GRANDEZA ARGENTINA""",true,operadores de cambio,
comunicacion_A,data/raw/02_comunicaciones_A/A8417_2026_ano_de_la_grandeza_argent.pdf,https://www.bcra.gob.ar/archivos/Pdfs/comytexord/A8417.pdf,A8417,2026-05-07T19:36:18+00:00,2026-04-09,116297,3,".  ""2026 - AÑO DE LA GRANDEZA ARGENTINA""   ""2026 - AÑO DE LA GRANDEZA ARGENTINA""",true,exterior y cambios; mercado de cambios; casas de cambio; exportaciones de bienes + liquidacion,
comunicacion_A,data/raw/02_comunicaciones_A/A8421_2026_ano_de_la_grandeza_argent.pdf,https://www.bcra.gob.ar/archivos/Pdfs/comytexord/A8421.pdf,A8421,2026-05-07T19:36:36+00:00,2026-04-15,165482,4,"""2026 - AÑO DE LA GRANDEZA ARGENTINA""",true,exterior y cambios; operadores de cambio,
comunicacion_A,data/raw/02_comunicaciones_A/A8425_2026_ano_de_la_grandeza_argent.pdf,https://www.bcra.gob.ar/archivos/Pdfs/comytexord/A8425.pdf,A8425,2026-05-07T19:36:53+00:00,2026-04-22,189461,5,"""2026 - AÑO DE LA GRANDEZA ARGENTINA""",true,exterior y cambios; operadores de cambio; boleto de cambio,
comunicacion_A,data/raw/02_comunicaciones_A/A8426_2026_ano_de_la_grandeza_argent.pdf,https://www.bcra.gob.ar/archivos/Pdfs/comytexord/A8426.pdf,A8426,2026-05-07T19:36:55+00:00,2026-04-23,113730,3,".  ""2026 - AÑO DE LA GRANDEZA ARGENTINA""   ""2026 - AÑO DE LA GRANDEZA ARGENTINA""",true,exterior y cambios; mercado de cambios; casas de cambio,
comunicacion_A,data/raw/02_comunicaciones_A/A8429_2026_ano_de_la_grandeza_argent.pdf,https://www.bcra.gob.ar/archivos/Pdfs/comytexord/A8429.pdf,A8429,2026-05-07T19:37:12+00:00,2026-04-24,697293,44,"""2026 - AÑO DE LA GRANDEZA ARGENTINA""",true,casas de cambio; ingreso de divisas,
comunicacion_A,data/raw/02_comunicaciones_A/A8433_2026_ano_de_la_grandeza_argent.pdf,https://www.bcra.gob.ar/archivos/Pdfs/comytexord/A8433.pdf,A8433,2026-05-07T19:37:26+00:00,2026-05-06,1116161,15,"""2026 - AÑO DE LA GRANDEZA ARGENTINA""",true,operadores de cambio,
tachado_negrita,data/raw/06_tachado_negrita/A6862n-ec.pdf,https://www.bcra.gob.ar/archivos/Pdfs/texord/texcomp/A6862n-ec.pdf,A6862n-ec,2026-05-07T19:41:50+00:00,2019-12-28,85826,1,TEXTO EN CARACTERES ESPECIALES (TACHADO Y NEGRITAS),true,,
tachado_negrita,data/raw/06_tachado_negrita/A6869n-ec.pdf,https://www.bcra.gob.ar/archivos/Pdfs/texord/texcomp/A6869n-ec.pdf,A6869n-ec,2026-05-07T19:41:51+00:00,,81801,1,TEXTO EN CARACTERES ESPECIALES (TACHADO Y NEGRITAS),true,,
tachado_negrita,data/raw/06_tachado_negrita/A6883n-ec.pdf,https://www.bcra.gob.ar/archivos/Pdfs/texord/texcomp/A6883n-ec.pdf,A6883n-ec,2026-05-07T19:42:00+00:00,,101710,5,TEXTO EN CARACTERES ESPECIALES (TACHADO Y NEGRITAS),true,,
tachado_negrita,data/raw/06_tachado_negrita/A6903n-ec.pdf,https://www.bcra.gob.ar/archivos/Pdfs/texord/texcomp/A6903n-ec.pdf,A6903n-ec,2026-05-07T19:42:12+00:00,,75851,2,TEXTO EN CARACTERES ESPECIALES (TACHADO Y NEGRITAS),true,,
tachado_negrita,data/raw/06_tachado_negrita/A6908n-ec.pdf,https://www.bcra.gob.ar/archivos/Pdfs/texord/texcomp/A6908n-ec.pdf,A6908n-ec,2026-05-07T19:42:14+00:00,,78633,1,TEXTO EN CARACTERES ESPECIALES (TACHADO Y NEGRITAS),true,,
tachado_negrita,data/raw/06_tachado_negrita/A7272n-ec.pdf,https://www.bcra.gob.ar/archivos/Pdfs/texord/texcomp/A7272n-ec.pdf,A7272n-ec,2026-05-07T19:47:30+00:00,,1088505,67,TEXTO EN CARACTERES ESPECIALES (TACHADO Y NEGRITAS),true,,
tachado_negrita,data/raw/06_tachado_negrita/A7293n-ec.pdf,https://www.bcra.gob.ar/archivos/Pdfs/texord/texcomp/A7293n-ec.pdf,A7293n-ec,2026-05-07T19:47:44+00:00,,74701,3,TEXTO EN CARACTERES ESPECIALES (TACHADO Y NEGRITAS),true,,
tachado_negrita,data/raw/06_tachado_negrita/A7308n-ec.pdf,https://www.bcra.gob.ar/archivos/Pdfs/texord/texcomp/A7308n-ec.pdf,A7308n-ec,2026-05-07T19:48:00+00:00,,265372,13,TEXTO EN CARACTERES ESPECIALES (TACHADO Y NEGRITAS),true,,
tachado_negrita,data/raw/06_tachado_negrita/A7313n-ec.pdf,https://www.bcra.gob.ar/archivos/Pdfs/texord/texcomp/A7313n-ec.pdf,A7313n-ec,2026-05-07T19:48:09+00:00,,440187,6,Banco Central de la República Argentina 1,true,,
tachado_negrita,data/raw/06_tachado_negrita/A7422n-ec.pdf,https://www.bcra.gob.ar/archivos/Pdfs/texord/texcomp/A7422n-ec.pdf,A7422n-ec,2026-05-07T19:49:41+00:00,,183813,25,TEXTO EN CARACTERES ESPECIALES (TACHADO Y NEGRITAS),true,,
tachado_negrita,data/raw/06_tachado_negrita/A7490n-ec.pdf,https://www.bcra.gob.ar/archivos/Pdfs/texord/texcomp/A7490n-ec.pdf,A7490n-ec,2026-05-07T19:50:38+00:00,,750311,21,TEXTO EN CARACTERES ESPECIALES (TACHADO Y NEGRITAS),true,,
tachado_negrita,data/raw/06_tachado_negrita/A7507n-ec.pdf,https://www.bcra.gob.ar/archivos/Pdfs/texord/texcomp/A7507n-ec.pdf,A7507n-ec,2026-05-07T19:50:50+00:00,,126343,5,TEXTO EN CARACTERES ESPECIALES (TACHADO Y NEGRITAS),true,,
tachado_negrita,data/raw/06_tachado_negrita/A7516n-ec.pdf,https://www.bcra.gob.ar/archivos/Pdfs/texord/texcomp/A7516n-ec.pdf,A7516n-ec,2026-05-07T19:50:52+00:00,,86237,5,TEXTO EN CARACTERES ESPECIALES (TACHADO Y NEGRITAS),true,,
tachado_negrita,data/raw/06_tachado_negrita/A7700n-ec.pdf,https://www.bcra.gob.ar/archivos/Pdfs/texord/texcomp/A7700n-ec.pdf,A7700n-ec,2026-05-07T19:54:35+00:00,,63374,1,TEXTO EN CARACTERES ESPECIALES (TACHADO Y NEGRITAS),true,,
tachado_negrita,data/raw/06_tachado_negrita/A7953n-ec.pdf,https://www.bcra.gob.ar/archivos/Pdfs/texord/texcomp/A7953n-ec.pdf,A7953n-ec,2026-05-07T20:00:01+00:00,,346372,48,TEXTO EN CARACTERES ESPECIALES (TACHADO Y NEGRITAS),true,,
tachado_negrita,data/raw/06_tachado_negrita/A8035n-ec.pdf,https://www.bcra.gob.ar/archivos/Pdfs/texord/texcomp/A8035n-ec.pdf,A8035n-ec,2026-05-07T20:01:22+00:00,,234162,24,TEXTO EN CARACTERES ESPECIALES (TACHADO Y NEGRITAS),true,,
tachado_negrita,data/raw/06_tachado_negrita/A8191n-ec.pdf,https://www.bcra.gob.ar/archivos/Pdfs/texord/texcomp/A8191n-ec.pdf,A8191n-ec,2026-05-07T20:03:49+00:00,,1012240,49,TEXTO EN CARACTERES ESPECIALES (TACHADO Y NEGRITAS) PARA RESALTAR CAMBIOS,true,,
tachado_negrita,data/raw/06_tachado_negrita/A8307n-ec.pdf,https://www.bcra.gob.ar/archivos/Pdfs/texord/texcomp/A8307n-ec.pdf,A8307n-ec,2026-05-07T20:05:09+00:00,,533715,41,TEXTO CON CARACTERES ESPECIALES (TACHADO Y NEGRITAS),true,,
comunicacion_A,data/raw/02_comunicaciones_A/A7721_1983_2023_40_anos_de_democraci.pdf,https://www.bcra.gob.ar/archivos/Pdfs/comytexord/A7721.pdf,A7721,2026-05-07T20:07:31+00:00,2023-03-10,782935,43,"""1983/2023 - 40 AÑOS DE DEMOCRACIA""",true,casas de cambio,
comunicacion_A,data/raw/02_comunicaciones_A/A7722_1983_2023_40_anos_de_democraci.pdf,https://www.bcra.gob.ar/archivos/Pdfs/comytexord/A7722.pdf,A7722,2026-05-07T20:07:33+00:00,2023-03-10,378834,25,"""1983/2023 - 40 AÑOS DE DEMOCRACIA""",true,casas de cambio,
comunicacion_A,data/raw/02_comunicaciones_A/A6771_2019_ano_de_la_exportacion.pdf,https://www.bcra.gob.ar/archivos/Pdfs/comytexord/A6771.pdf,A6771,2026-05-10T19:46:24+00:00,2019-09-01,330735,1,“2019 - AÑO DE LA EXPORTACIÓN”,true,,
comunicacion_A,data/raw/02_comunicaciones_A/A6772_2019_ano_de_la_exportacion.pdf,https://www.bcra.gob.ar/archivos/Pdfs/comytexord/A6772.pdf,A6772,2026-05-10T19:46:24+00:00,2019-09-02,135680,5,“2019 - AÑO DE LA EXPORTACIÓN”,true,,
comunicacion_A,data/raw/02_comunicaciones_A/A6774_2019_ano_de_la_exportacion.pdf,https://www.bcra.gob.ar/archivos/Pdfs/comytexord/A6774.pdf,A6774,2026-05-10T19:46:25+00:00,2019-09-03,185824,7,“2019 - AÑO DE LA EXPORTACIÓN”,true,,
comunicacion_A,data/raw/02_comunicaciones_A/A6777_2019_ano_de_la_exportacion.pdf,https://www.bcra.gob.ar/archivos/Pdfs/comytexord/A6777.pdf,A6777,2026-05-10T19:46:26+00:00,2019-09-05,60553,1,“2019 - AÑO DE LA EXPORTACIÓN”,true,,
comunicacion_A,data/raw/02_comunicaciones_A/A6775_2019_ano_de_la_exportacion.pdf,https://www.bcra.gob.ar/archivos/Pdfs/comytexord/A6775.pdf,A6775,2026-05-10T19:46:26+00:00,2019-09-04,337011,1,“2019 - AÑO DE LA EXPORTACIÓN”,true,,
comunicacion_A,data/raw/02_comunicaciones_A/A6778_2019_ano_de_la_exportacion.pdf,https://www.bcra.gob.ar/archivos/Pdfs/comytexord/A6778.pdf,A6778,2026-05-10T19:46:26+00:00,2019-09-05,80485,2,“2019 - AÑO DE LA EXPORTACIÓN”,true,,
comunicacion_A,data/raw/02_comunicaciones_A/A6779_2019_ano_de_la_exportacion.pdf,https://www.bcra.gob.ar/archivos/Pdfs/comytexord/A6779.pdf,A6779,2026-05-10T19:46:27+00:00,2019-09-06,117221,3,“2019 - AÑO DE LA EXPORTACIÓN”,true,,
comunicacion_A,data/raw/02_comunicaciones_A/A6783_2019_ano_de_la_exportacion.pdf,https://www.bcra.gob.ar/archivos/Pdfs/comytexord/A6783.pdf,A6783,2026-05-10T19:46:27+00:00,2019-09-17,136600,4,“2019 - AÑO DE LA EXPORTACIÓN”,true,,
comunicacion_A,data/raw/02_comunicaciones_A/A6784_2019_ano_de_la_exportacion.pdf,https://www.bcra.gob.ar/archivos/Pdfs/comytexord/A6784.pdf,A6784,2026-05-10T19:46:28+00:00,2019-09-18,141123,4,“2019 - AÑO DE LA EXPORTACIÓN”,true,,
comunicacion_A,data/raw/02_comunicaciones_A/A6786_2019_ano_de_la_exportacion.pdf,https://www.bcra.gob.ar/archivos/Pdfs/comytexord/A6786.pdf,A6786,2026-05-10T19:46:29+00:00,2019-09-18,138716,4,“2019 - AÑO DE LA EXPORTACIÓN”,true,,
comunicacion_A,data/raw/02_comunicaciones_A/A6785_2019_ano_de_la_exportacion.pdf,https://www.bcra.gob.ar/archivos/Pdfs/comytexord/A6785.pdf,A6785,2026-05-10T19:46:29+00:00,2019-09-18,467005,19,“2019 - AÑO DE LA EXPORTACIÓN”,true,,
comunicacion_A,data/raw/02_comunicaciones_A/A6789_2019_ano_de_la_exportacion.pdf,https://www.bcra.gob.ar/archivos/Pdfs/comytexord/A6789.pdf,A6789,2026-05-10T19:46:30+00:00,2019-09-20,61435,1,“2019 - AÑO DE LA EXPORTACIÓN”,true,,
comunicacion_A,data/raw/02_comunicaciones_A/A6790_2019_ano_de_la_exportacion.pdf,https://www.bcra.gob.ar/archivos/Pdfs/comytexord/A6790.pdf,A6790,2026-05-10T19:46:30+00:00,2019-09-23,198364,7,“2019 - AÑO DE LA EXPORTACIÓN”,true,,
comunicacion_A,data/raw/02_comunicaciones_A/A6794_2019_ano_de_la_exportacion.pdf,https://www.bcra.gob.ar/archivos/Pdfs/comytexord/A6794.pdf,A6794,2026-05-10T19:46:31+00:00,2019-09-27,61868,1,“2019 - AÑO DE LA EXPORTACIÓN”,true,,
comunicacion_A,data/raw/02_comunicaciones_A/A6791_2019_ano_de_la_exportacion.pdf,https://www.bcra.gob.ar/archivos/Pdfs/comytexord/A6791.pdf,A6791,2026-05-10T19:46:31+00:00,2019-09-23,644955,18,“2019 - AÑO DE LA EXPORTACIÓN”,true,,
comunicacion_A,data/raw/02_comunicaciones_A/A6795_2019_ano_de_la_exportacion.pdf,https://www.bcra.gob.ar/archivos/Pdfs/comytexord/A6795.pdf,A6795,2026-05-10T19:46:32+00:00,2019-09-27,119181,3,“2019 - AÑO DE LA EXPORTACIÓN”,true,,
comunicacion_A,data/raw/02_comunicaciones_A/A6798_2019_ano_de_la_exportacion.pdf,https://www.bcra.gob.ar/archivos/Pdfs/comytexord/A6798.pdf,A6798,2026-05-10T19:46:32+00:00,2019-09-30,116054,3,“2019 - AÑO DE LA EXPORTACIÓN”,true,,
comunicacion_A,data/raw/02_comunicaciones_A/A6801_2019_ano_de_la_exportacion.pdf,https://www.bcra.gob.ar/archivos/Pdfs/comytexord/A6801.pdf,A6801,2026-05-10T19:46:33+00:00,2019-10-01,44416,1,“2019 - AÑO DE LA EXPORTACIÓN”,true,,
comunicacion_A,data/raw/02_comunicaciones_A/A6800_2019_ano_de_la_exportacion.pdf,https://www.bcra.gob.ar/archivos/Pdfs/comytexord/A6800.pdf,A6800,2026-05-10T19:46:33+00:00,2019-10-01,209361,8,“2019 - AÑO DE LA EXPORTACIÓN”,true,,
comunicacion_A,data/raw/02_comunicaciones_A/A6802_2019_ano_de_la_exportacion.pdf,https://www.bcra.gob.ar/archivos/Pdfs/comytexord/A6802.pdf,A6802,2026-05-10T19:46:34+00:00,2019-10-01,163898,5,“2019 - AÑO DE LA EXPORTACIÓN”,true,,
comunicacion_A,data/raw/02_comunicaciones_A/A6803_2019_ano_de_la_exportacion.pdf,https://www.bcra.gob.ar/archivos/Pdfs/comytexord/A6803.pdf,A6803,2026-05-10T19:46:34+00:00,2019-10-02,106164,3,“2019 - AÑO DE LA EXPORTACIÓN”,true,,
comunicacion_A,data/raw/02_comunicaciones_A/A6813_2019_ano_de_la_exportacion.pdf,https://www.bcra.gob.ar/archivos/Pdfs/comytexord/A6813.pdf,A6813,2026-05-10T19:46:35+00:00,2019-10-16,128996,4,“2019 - AÑO DE LA EXPORTACIÓN”,true,,
comunicacion_A,data/raw/02_comunicaciones_A/A6806_2019_ano_de_la_exportacion.pdf,https://www.bcra.gob.ar/archivos/Pdfs/comytexord/A6806.pdf,A6806,2026-05-10T19:46:35+00:00,2019-10-04,413965,8,“2019 - AÑO DE LA EXPORTACIÓN”,true,,
comunicacion_A,data/raw/02_comunicaciones_A/A6816_2019_ano_de_la_exportacion.pdf,https://www.bcra.gob.ar/archivos/Pdfs/comytexord/A6816.pdf,A6816,2026-05-10T19:46:36+00:00,2019-10-28,257197,10,“2019 - AÑO DE LA EXPORTACIÓN”,true,,
comunicacion_A,data/raw/02_comunicaciones_A/A6817_2019_ano_de_la_exportacion.pdf,https://www.bcra.gob.ar/archivos/Pdfs/comytexord/A6817.pdf,A6817,2026-05-10T19:46:36+00:00,2019-10-28,146121,5,“2019 - AÑO DE LA EXPORTACIÓN”,true,,
comunicacion_A,data/raw/02_comunicaciones_A/A6819_2019_ano_de_la_exportacion.pdf,https://www.bcra.gob.ar/archivos/Pdfs/comytexord/A6819.pdf,A6819,2026-05-10T19:46:37+00:00,2019-10-28,123669,4,“2019 - AÑO DE LA EXPORTACIÓN”,true,,
comunicacion_A,data/raw/02_comunicaciones_A/A6830_2019_ano_de_la_exportacion.pdf,https://www.bcra.gob.ar/archivos/Pdfs/comytexord/A6830.pdf,A6830,2026-05-10T19:46:37+00:00,2019-11-15,62016,1,“2019 - AÑO DE LA EXPORTACIÓN”,true,,
comunicacion_A,data/raw/02_comunicaciones_A/A6827_2019_ano_de_la_exportacion.pdf,https://www.bcra.gob.ar/archivos/Pdfs/comytexord/A6827.pdf,A6827,2026-05-10T19:46:38+00:00,2019-11-12,117356,3,“2019 - AÑO DE LA EXPORTACIÓN”,true,,
comunicacion_A,data/raw/02_comunicaciones_A/A6831_2019_ano_de_la_exportacion.pdf,https://www.bcra.gob.ar/archivos/Pdfs/comytexord/A6831.pdf,A6831,2026-05-10T19:46:38+00:00,2019-11-15,62097,1,“2019 - AÑO DE LA EXPORTACIÓN”,true,,
comunicacion_A,data/raw/02_comunicaciones_A/A6834_2019_ano_de_la_exportacion.pdf,https://www.bcra.gob.ar/archivos/Pdfs/comytexord/A6834.pdf,A6834,2026-05-10T19:46:39+00:00,2019-11-19,197744,7,“2019 - AÑO DE LA EXPORTACIÓN”,true,,
comunicacion_A,data/raw/02_comunicaciones_A/A6835_2019_ano_de_la_exportacion.pdf,https://www.bcra.gob.ar/archivos/Pdfs/comytexord/A6835.pdf,A6835,2026-05-10T19:46:39+00:00,2019-11-21,77714,2,“2019 - AÑO DE LA EXPORTACIÓN”,true,,
comunicacion_A,data/raw/02_comunicaciones_A/A6836_2019_ano_de_la_exportacion.pdf,https://www.bcra.gob.ar/archivos/Pdfs/comytexord/A6836.pdf,A6836,2026-05-10T19:46:40+00:00,2019-11-22,95619,2,“2019 - AÑO DE LA EXPORTACIÓN”,true,,
comunicacion_A,data/raw/02_comunicaciones_A/A6839_2019_ano_de_la_exportacion.pdf,https://www.bcra.gob.ar/archivos/Pdfs/comytexord/A6839.pdf,A6839,2026-05-10T19:46:40+00:00,2019-11-29,123722,4,“2019 - AÑO DE LA EXPORTACIÓN”,true,,
comunicacion_A,data/raw/02_comunicaciones_A/A6840_2019_ano_de_la_exportacion.pdf,https://www.bcra.gob.ar/archivos/Pdfs/comytexord/A6840.pdf,A6840,2026-05-10T19:46:41+00:00,2019-11-29,139488,4,“2019 - AÑO DE LA EXPORTACIÓN”,true,,
comunicacion_A,data/raw/02_comunicaciones_A/A6841_2019_ano_de_la_exportacion.pdf,https://www.bcra.gob.ar/archivos/Pdfs/comytexord/A6841.pdf,A6841,2026-05-10T19:46:41+00:00,2019-11-29,252053,9,“2019 - AÑO DE LA EXPORTACIÓN”,true,,
comunicacion_A,data/raw/02_comunicaciones_A/A6842_2019_ano_de_la_exportacion.pdf,https://www.bcra.gob.ar/archivos/Pdfs/comytexord/A6842.pdf,A6842,2026-05-10T19:46:42+00:00,2019-12-03,221433,8,“2019 - AÑO DE LA EXPORTACIÓN”,true,,
comunicacion_A,data/raw/02_comunicaciones_A/A6845_2019_ano_de_la_exportacion.pdf,https://www.bcra.gob.ar/archivos/Pdfs/comytexord/A6845.pdf,A6845,2026-05-10T19:46:42+00:00,2019-12-06,61884,1,“2019 - AÑO DE LA EXPORTACIÓN”,true,,
comunicacion_A,data/raw/02_comunicaciones_A/A6846_2019_ano_de_la_exportacion.pdf,https://www.bcra.gob.ar/archivos/Pdfs/comytexord/A6846.pdf,A6846,2026-05-10T19:46:43+00:00,2019-12-19,80574,2,“2019 - AÑO DE LA EXPORTACIÓN”,true,,
comunicacion_A,data/raw/02_comunicaciones_A/A6848_2019_ano_de_la_exportacion.pdf,https://www.bcra.gob.ar/archivos/Pdfs/comytexord/A6848.pdf,A6848,2026-05-10T19:46:44+00:00,2019-12-27,118264,3,“2019 - AÑO DE LA EXPORTACIÓN”,true,,
comunicacion_A,data/raw/02_comunicaciones_A/A6847_2019_ano_de_la_exportacion.pdf,https://www.bcra.gob.ar/archivos/Pdfs/comytexord/A6847.pdf,A6847,2026-05-10T19:46:44+00:00,2019-12-27,774970,37,“2019 - AÑO DE LA EXPORTACIÓN”,true,,
comunicacion_A,data/raw/02_comunicaciones_A/A6849_2019_ano_de_la_exportacion.pdf,https://www.bcra.gob.ar/archivos/Pdfs/comytexord/A6849.pdf,A6849,2026-05-10T19:46:44+00:00,2019-12-27,414083,16,“2019 - AÑO DE LA EXPORTACIÓN”,true,,
comunicacion_A,data/raw/02_comunicaciones_A/A6851_2019_ano_de_la_exportacion.pdf,https://www.bcra.gob.ar/archivos/Pdfs/comytexord/A6851.pdf,A6851,2026-05-10T19:46:44+00:00,2019-12-27,61877,1,“2019 - AÑO DE LA EXPORTACIÓN”,true,,
comunicacion_A,data/raw/02_comunicaciones_A/A6852_2019_ano_de_la_exportacion.pdf,https://www.bcra.gob.ar/archivos/Pdfs/comytexord/A6852.pdf,A6852,2026-05-10T19:46:45+00:00,2019-12-27,122495,4,“2019 - AÑO DE LA EXPORTACIÓN”,true,,
comunicacion_A,data/raw/02_comunicaciones_A/A6853_2019_ano_de_la_exportacion.pdf,https://www.bcra.gob.ar/archivos/Pdfs/comytexord/A6853.pdf,A6853,2026-05-10T19:46:46+00:00,2019-12-27,162976,6,“2019 - AÑO DE LA EXPORTACIÓN”,true,,
comunicacion_A,data/raw/02_comunicaciones_A/A6857_comunicacion_a_6857_02_01_2020.pdf,https://www.bcra.gob.ar/archivos/Pdfs/comytexord/A6857.pdf,A6857,2026-05-10T19:46:46+00:00,2020-01-02,178265,6,COMUNICACIÓN  “A”  6857 02/01/2020,true,,
comunicacion_A,data/raw/02_comunicaciones_A/A6858_2020_ano_del_general_manuel_be.pdf,https://www.bcra.gob.ar/archivos/Pdfs/comytexord/A6858.pdf,A6858,2026-05-10T19:46:47+00:00,2020-01-09,195375,7,“2020 - AÑO DEL GENERAL MANUEL BELGRANO”,true,,
comunicacion_A,data/raw/02_comunicaciones_A/A6859_2020_ano_del_general_manuel_be.pdf,https://www.bcra.gob.ar/archivos/Pdfs/comytexord/A6859.pdf,A6859,2026-05-10T19:46:47+00:00,2020-01-09,79950,2,“2020 - AÑO DEL GENERAL MANUEL BELGRANO”,true,,
comunicacion_A,data/raw/02_comunicaciones_A/A6860_2020_ano_del_general_manuel_be.pdf,https://www.bcra.gob.ar/archivos/Pdfs/comytexord/A6860.pdf,A6860,2026-05-10T19:46:48+00:00,2020-01-10,46049,1,“2020 - AÑO DEL GENERAL MANUEL BELGRANO”,true,,
comunicacion_A,data/raw/02_comunicaciones_A/A6861_2020_ano_del_general_manuel_be.pdf,https://www.bcra.gob.ar/archivos/Pdfs/comytexord/A6861.pdf,A6861,2026-05-10T19:46:48+00:00,2020-01-10,63592,2,“2020 - AÑO DEL GENERAL MANUEL BELGRANO”,true,,
comunicacion_A,data/raw/02_comunicaciones_A/A6863_2020_ano_del_general_manuel_be.pdf,https://www.bcra.gob.ar/archivos/Pdfs/comytexord/A6863.pdf,A6863,2026-05-10T19:46:49+00:00,2020-01-14,98094,2,“2020 - AÑO DEL GENERAL MANUEL BELGRANO”,true,,
comunicacion_A,data/raw/02_comunicaciones_A/A6864_2020_ano_del_general_manuel_be.pdf,https://www.bcra.gob.ar/archivos/Pdfs/comytexord/A6864.pdf,A6864,2026-05-10T19:46:50+00:00,2020-01-14,218779,9,“2020 - AÑO DEL GENERAL MANUEL BELGRANO”,true,,
comunicacion_A,data/raw/02_comunicaciones_A/A6865_2020_ano_del_general_manuel_be.pdf,https://www.bcra.gob.ar/archivos/Pdfs/comytexord/A6865.pdf,A6865,2026-05-10T19:46:50+00:00,2020-01-14,237629,9,“2020 - AÑO DEL GENERAL MANUEL BELGRANO”,true,,
comunicacion_A,data/raw/02_comunicaciones_A/A6866_2020_ano_del_general_manuel_be.pdf,https://www.bcra.gob.ar/archivos/Pdfs/comytexord/A6866.pdf,A6866,2026-05-10T19:46:51+00:00,2020-01-14,428052,57,“2020 - AÑO DEL GENERAL MANUEL BELGRANO”,true,,
comunicacion_A,data/raw/02_comunicaciones_A/A6867_2020_ano_del_general_manuel_be.pdf,https://www.bcra.gob.ar/archivos/Pdfs/comytexord/A6867.pdf,A6867,2026-05-10T19:46:51+00:00,2020-01-16,239215,8,“2020 - AÑO DEL GENERAL MANUEL BELGRANO”,true,,
comunicacion_A,data/raw/02_comunicaciones_A/A6870_2020_ano_del_general_manuel_be.pdf,https://www.bcra.gob.ar/archivos/Pdfs/comytexord/A6870.pdf,A6870,2026-05-10T19:46:52+00:00,2020-01-16,61782,1,“2020 - AÑO DEL GENERAL MANUEL BELGRANO”,true,,
comunicacion_A,data/raw/02_comunicaciones_A/A6868_2020_ano_del_general_manuel_be.pdf,https://www.bcra.gob.ar/archivos/Pdfs/comytexord/A6868.pdf,A6868,2026-05-10T19:46:53+00:00,2020-01-16,979811,38,“2020 - AÑO DEL GENERAL MANUEL BELGRANO”,true,,
comunicacion_A,data/raw/02_comunicaciones_A/A6871_2020_ano_del_general_manuel_be.pdf,https://www.bcra.gob.ar/archivos/Pdfs/comytexord/A6871.pdf,A6871,2026-05-10T19:46:53+00:00,2020-01-16,99691,3,“2020 - AÑO DEL GENERAL MANUEL BELGRANO”,true,,
comunicacion_A,data/raw/02_comunicaciones_A/A6872_2020_ano_del_general_manuel_be.pdf,https://www.bcra.gob.ar/archivos/Pdfs/comytexord/A6872.pdf,A6872,2026-05-10T19:46:54+00:00,2020-01-23,155979,5,“2020 - AÑO DEL GENERAL MANUEL BELGRANO”,true,,
comunicacion_A,data/raw/02_comunicaciones_A/A6874_2020_ano_del_general_manuel_be.pdf,https://www.bcra.gob.ar/archivos/Pdfs/comytexord/A6874.pdf,A6874,2026-05-10T19:46:54+00:00,2020-01-23,60695,1,“2020 - AÑO DEL GENERAL MANUEL BELGRANO”,true,,
comunicacion_A,data/raw/02_comunicaciones_A/A6875_2020_ano_del_general_manuel_be.pdf,https://www.bcra.gob.ar/archivos/Pdfs/comytexord/A6875.pdf,A6875,2026-05-10T19:46:55+00:00,2020-01-23,200130,7,“2020 - AÑO DEL GENERAL MANUEL BELGRANO”,true,,
comunicacion_A,data/raw/02_comunicaciones_A/A6876_2020_ano_del_general_manuel_be.pdf,https://www.bcra.gob.ar/archivos/Pdfs/comytexord/A6876.pdf,A6876,2026-05-10T19:46:55+00:00,2020-01-23,139174,5,“2020 - AÑO DEL GENERAL MANUEL BELGRANO”,true,,
comunicacion_A,data/raw/02_comunicaciones_A/A6877_2020_ano_del_general_manuel_be.pdf,https://www.bcra.gob.ar/archivos/Pdfs/comytexord/A6877.pdf,A6877,2026-05-10T19:46:56+00:00,2020-01-24,60657,1,“2020 - AÑO DEL GENERAL MANUEL BELGRANO”,true,,
comunicacion_A,data/raw/02_comunicaciones_A/A6879_2020_ano_del_general_manuel_be.pdf,https://www.bcra.gob.ar/archivos/Pdfs/comytexord/A6879.pdf,A6879,2026-05-10T19:46:57+00:00,2020-01-24,93744,2,“2020 - AÑO DEL GENERAL MANUEL BELGRANO”,true,,
comunicacion_A,data/raw/02_comunicaciones_A/A6878_2020_ano_del_general_manuel_be.pdf,https://www.bcra.gob.ar/archivos/Pdfs/comytexord/A6878.pdf,A6878,2026-05-10T19:46:57+00:00,2020-01-24,403085,17,“2020 - AÑO DEL GENERAL MANUEL BELGRANO”,true,,
comunicacion_A,data/raw/02_comunicaciones_A/A6880_2020_ano_del_general_manuel_be.pdf,https://www.bcra.gob.ar/archivos/Pdfs/comytexord/A6880.pdf,A6880,2026-05-10T19:46:58+00:00,2020-01-29,370499,13,“2020 - AÑO DEL GENERAL MANUEL BELGRANO”,true,,
comunicacion_A,data/raw/02_comunicaciones_A/A6881_2020_ano_del_general_manuel_be.pdf,https://www.bcra.gob.ar/archivos/Pdfs/comytexord/A6881.pdf,A6881,2026-05-10T19:46:58+00:00,2020-01-30,171068,5,“2020 - AÑO DEL GENERAL MANUEL BELGRANO”,true,,
comunicacion_A,data/raw/02_comunicaciones_A/A6884_2020_ano_del_general_manuel_be.pdf,https://www.bcra.gob.ar/archivos/Pdfs/comytexord/A6884.pdf,A6884,2026-05-10T19:46:58+00:00,2020-01-30,82098,2,“2020 - AÑO DEL GENERAL MANUEL BELGRANO”,true,,
comunicacion_A,data/raw/02_comunicaciones_A/A6885_2020_ano_del_general_manuel_be.pdf,https://www.bcra.gob.ar/archivos/Pdfs/comytexord/A6885.pdf,A6885,2026-05-10T19:46:59+00:00,2020-01-30,149775,10,“2020 - AÑO DEL GENERAL MANUEL BELGRANO”,true,,
comunicacion_A,data/raw/02_comunicaciones_A/A6886_2020_ano_del_general_manuel_be.pdf,https://www.bcra.gob.ar/archivos/Pdfs/comytexord/A6886.pdf,A6886,2026-05-10T19:46:59+00:00,2020-01-31,138677,5,“2020 - AÑO DEL GENERAL MANUEL BELGRANO”,true,,
comunicacion_A,data/raw/02_comunicaciones_A/A6887_2020_ano_del_general_manuel_be.pdf,https://www.bcra.gob.ar/archivos/Pdfs/comytexord/A6887.pdf,A6887,2026-05-10T19:47:00+00:00,2020-02-03,242004,4,“2020 - AÑO DEL GENERAL MANUEL BELGRANO”,true,,
comunicacion_A,data/raw/02_comunicaciones_A/A6888_2020_ano_del_general_manuel_be.pdf,https://www.bcra.gob.ar/archivos/Pdfs/comytexord/A6888.pdf,A6888,2026-05-10T19:47:00+00:00,2020-02-03,61744,1,“2020 - AÑO DEL GENERAL MANUEL BELGRANO”,true,,
comunicacion_A,data/raw/02_comunicaciones_A/A6891_2020_ano_del_general_manuel_be.pdf,https://www.bcra.gob.ar/archivos/Pdfs/comytexord/A6891.pdf,A6891,2026-05-10T19:47:01+00:00,2020-02-05,113533,3,“2020 - AÑO DEL GENERAL MANUEL BELGRANO”,true,,
comunicacion_A,data/raw/02_comunicaciones_A/A6893_2020_ano_del_general_manuel_be.pdf,https://www.bcra.gob.ar/archivos/Pdfs/comytexord/A6893.pdf,A6893,2026-05-10T19:47:01+00:00,2020-02-07,227422,9,“2020 - AÑO DEL GENERAL MANUEL BELGRANO”,true,,
comunicacion_A,data/raw/02_comunicaciones_A/A6894_2020_ano_del_general_manuel_be.pdf,https://www.bcra.gob.ar/archivos/Pdfs/comytexord/A6894.pdf,A6894,2026-05-10T19:47:02+00:00,2020-02-07,168751,6,“2020 - AÑO DEL GENERAL MANUEL BELGRANO”,true,,
comunicacion_A,data/raw/02_comunicaciones_A/A6895_2020_ano_del_general_manuel_be.pdf,https://www.bcra.gob.ar/archivos/Pdfs/comytexord/A6895.pdf,A6895,2026-05-10T19:47:02+00:00,2020-02-07,95379,2,“2020 - AÑO DEL GENERAL MANUEL BELGRANO”,true,,
comunicacion_A,data/raw/02_comunicaciones_A/A6896_2020_ano_del_general_manuel_be.pdf,https://www.bcra.gob.ar/archivos/Pdfs/comytexord/A6896.pdf,A6896,2026-05-10T19:47:03+00:00,2020-02-07,162051,6,“2020 - AÑO DEL GENERAL MANUEL BELGRANO”,true,,
comunicacion_A,data/raw/02_comunicaciones_A/A6897_2020_ano_del_general_manuel_be.pdf,https://www.bcra.gob.ar/archivos/Pdfs/comytexord/A6897.pdf,A6897,2026-05-10T19:47:03+00:00,2020-02-11,181387,7,“2020 - AÑO DEL GENERAL MANUEL BELGRANO”,true,,
comunicacion_A,data/raw/02_comunicaciones_A/A6898_2020_ano_del_general_manuel_be.pdf,https://www.bcra.gob.ar/archivos/Pdfs/comytexord/A6898.pdf,A6898,2026-05-10T19:47:04+00:00,2020-02-11,105566,3,“2020 - AÑO DEL GENERAL MANUEL BELGRANO”,true,,
comunicacion_A,data/raw/02_comunicaciones_A/A6899_2020_ano_del_general_manuel_be.pdf,https://www.bcra.gob.ar/archivos/Pdfs/comytexord/A6899.pdf,A6899,2026-05-10T19:47:04+00:00,2020-02-11,61937,1,“2020 - AÑO DEL GENERAL MANUEL BELGRANO”,true,,
comunicacion_A,data/raw/02_comunicaciones_A/A6900_2020_ano_del_general_manuel_be.pdf,https://www.bcra.gob.ar/archivos/Pdfs/comytexord/A6900.pdf,A6900,2026-05-10T19:47:05+00:00,2020-02-13,121971,4,“2020 - AÑO DEL GENERAL MANUEL BELGRANO”,true,,
comunicacion_A,data/raw/02_comunicaciones_A/A6901_2020_ano_del_general_manuel_be.pdf,https://www.bcra.gob.ar/archivos/Pdfs/comytexord/A6901.pdf,A6901,2026-05-10T19:47:05+00:00,2020-02-13,136573,4,“2020 - AÑO DEL GENERAL MANUEL BELGRANO”,true,,
comunicacion_A,data/raw/02_comunicaciones_A/A6902_2020_ano_del_general_manuel_be.pdf,https://www.bcra.gob.ar/archivos/Pdfs/comytexord/A6902.pdf,A6902,2026-05-10T19:47:06+00:00,2020-02-13,61512,1,“2020 - AÑO DEL GENERAL MANUEL BELGRANO”,true,,
comunicacion_A,data/raw/02_comunicaciones_A/A6904_2020_ano_del_general_manuel_be.pdf,https://www.bcra.gob.ar/archivos/Pdfs/comytexord/A6904.pdf,A6904,2026-05-10T19:47:06+00:00,2020-02-14,61485,1,“2020 - AÑO DEL GENERAL MANUEL BELGRANO”,true,,
comunicacion_A,data/raw/02_comunicaciones_A/A6905_2020_ano_del_general_manuel_be.pdf,https://www.bcra.gob.ar/archivos/Pdfs/comytexord/A6905.pdf,A6905,2026-05-10T19:47:07+00:00,2020-02-17,356319,12,“2020 - AÑO DEL GENERAL MANUEL BELGRANO”,true,,
comunicacion_A,data/raw/02_comunicaciones_A/A6906_2020_ano_del_general_manuel_be.pdf,https://www.bcra.gob.ar/archivos/Pdfs/comytexord/A6906.pdf,A6906,2026-05-10T19:47:07+00:00,2020-02-19,142391,5,“2020 - AÑO DEL GENERAL MANUEL BELGRANO”,true,,
comunicacion_A,data/raw/02_comunicaciones_A/A6907_2020_ano_del_general_manuel_be.pdf,https://www.bcra.gob.ar/archivos/Pdfs/comytexord/A6907.pdf,A6907,2026-05-10T19:47:08+00:00,2020-02-19,79326,2,“2020 - AÑO DEL GENERAL MANUEL BELGRANO”,true,,
comunicacion_A,data/raw/02_comunicaciones_A/A6910_2020_ano_del_general_manuel_be.pdf,https://www.bcra.gob.ar/archivos/Pdfs/comytexord/A6910.pdf,A6910,2026-05-10T19:47:08+00:00,2020-02-19,60861,1,“2020 - AÑO DEL GENERAL MANUEL BELGRANO”,true,,
comunicacion_A,data/raw/02_comunicaciones_A/A6909_2020_ano_del_general_manuel_be.pdf,https://www.bcra.gob.ar/archivos/Pdfs/comytexord/A6909.pdf,A6909,2026-05-10T19:47:09+00:00,2020-02-19,531806,23,“2020 - AÑO DEL GENERAL MANUEL BELGRANO”,true,,
comunicacion_A,data/raw/02_comunicaciones_A/A6911_2020_ano_del_general_manuel_be.pdf,https://www.bcra.gob.ar/archivos/Pdfs/comytexord/A6911.pdf,A6911,2026-05-10T19:47:09+00:00,2020-02-19,60929,1,“2020 - AÑO DEL GENERAL MANUEL BELGRANO”,true,,
comunicacion_A,data/raw/02_comunicaciones_A/A6912_2020_ano_del_general_manuel_be.pdf,https://www.bcra.gob.ar/archivos/Pdfs/comytexord/A6912.pdf,A6912,2026-05-10T19:47:10+00:00,2020-02-19,59126,1,“2020 - AÑO DEL GENERAL MANUEL BELGRANO”,true,,
comunicacion_A,data/raw/02_comunicaciones_A/A6913_comunicacion_a_6913_20_02_2020.pdf,https://www.bcra.gob.ar/archivos/Pdfs/comytexord/A6913.pdf,A6913,2026-05-10T19:47:10+00:00,2020-02-20,60793,1,COMUNICACIÓN  “A”  6913 20/02/2020,true,,
comunicacion_A,data/raw/02_comunicaciones_A/A6916_2020_ano_del_general_manuel_be.pdf,https://www.bcra.gob.ar/archivos/Pdfs/comytexord/A6916.pdf,A6916,2026-05-10T19:47:12+00:00,2020-02-28,164764,6,“2020 - AÑO DEL GENERAL MANUEL BELGRANO”,true,,
comunicacion_A,data/raw/02_comunicaciones_A/A6918_2020_ano_del_general_manuel_be.pdf,https://www.bcra.gob.ar/archivos/Pdfs/comytexord/A6918.pdf,A6918,2026-05-10T19:47:12+00:00,2020-03-05,61910,1,“2020 - AÑO DEL GENERAL MANUEL BELGRANO”,true,,
comunicacion_A,data/raw/02_comunicaciones_A/A6914_2020_ano_del_general_manuel_be.pdf,https://www.bcra.gob.ar/archivos/Pdfs/comytexord/A6914.pdf,A6914,2026-05-10T19:47:12+00:00,2020-02-27,827646,35,“2020 - AÑO DEL GENERAL MANUEL BELGRANO”,true,,
comunicacion_A,data/raw/02_comunicaciones_A/A6919_2020_ano_del_general_manuel_be.pdf,https://www.bcra.gob.ar/archivos/Pdfs/comytexord/A6919.pdf,A6919,2026-05-10T19:47:13+00:00,2020-03-05,252591,4,“2020 - AÑO DEL GENERAL MANUEL BELGRANO”,true,,
comunicacion_A,data/raw/02_comunicaciones_A/A6920_2020_ano_del_general_manuel_be.pdf,https://www.bcra.gob.ar/archivos/Pdfs/comytexord/A6920.pdf,A6920,2026-05-10T19:47:13+00:00,2020-03-05,302193,12,“2020 - AÑO DEL GENERAL MANUEL BELGRANO”,true,,
comunicacion_A,data/raw/02_comunicaciones_A/A6921_2020_ano_del_general_manuel_be.pdf,https://www.bcra.gob.ar/archivos/Pdfs/comytexord/A6921.pdf,A6921,2026-05-10T19:47:13+00:00,2020-03-05,79637,2,“2020 - AÑO DEL GENERAL MANUEL BELGRANO”,true,,
comunicacion_A,data/raw/02_comunicaciones_A/A6922_2020_ano_del_general_manuel_be.pdf,https://www.bcra.gob.ar/archivos/Pdfs/comytexord/A6922.pdf,A6922,2026-05-10T19:47:14+00:00,2020-03-06,74761,1,“2020 - AÑO DEL GENERAL MANUEL BELGRANO”,true,,
comunicacion_A,data/raw/02_comunicaciones_A/A6923_2020_ano_del_general_manuel_be.pdf,https://www.bcra.gob.ar/archivos/Pdfs/comytexord/A6923.pdf,A6923,2026-05-10T19:47:15+00:00,2020-03-06,176648,6,“2020 - AÑO DEL GENERAL MANUEL BELGRANO”,true,,
comunicacion_A,data/raw/02_comunicaciones_A/A6926_2020_ano_del_general_manuel_be.pdf,https://www.bcra.gob.ar/archivos/Pdfs/comytexord/A6926.pdf,A6926,2026-05-10T19:47:16+00:00,2020-03-12,61500,1,“2020 - AÑO DEL GENERAL MANUEL BELGRANO”,true,,
comunicacion_A,data/raw/02_comunicaciones_A/A6925_2020_ano_del_general_manuel_be.pdf,https://www.bcra.gob.ar/archivos/Pdfs/comytexord/A6925.pdf,A6925,2026-05-10T19:47:16+00:00,2020-03-11,467631,17,“2020 - AÑO DEL GENERAL MANUEL BELGRANO”,true,,
comunicacion_A,data/raw/02_comunicaciones_A/A6927_2020_ano_del_general_manuel_be.pdf,https://www.bcra.gob.ar/archivos/Pdfs/comytexord/A6927.pdf,A6927,2026-05-10T19:47:16+00:00,2020-03-13,96773,2,“2020 - AÑO DEL GENERAL MANUEL BELGRANO”,true,,
comunicacion_A,data/raw/02_comunicaciones_A/A6929_2020_ano_del_general_manuel_be.pdf,https://www.bcra.gob.ar/archivos/Pdfs/comytexord/A6929.pdf,A6929,2026-05-10T19:47:17+00:00,2020-03-13,312458,13,“2020 - AÑO DEL GENERAL MANUEL BELGRANO”,true,,
comunicacion_A,data/raw/02_comunicaciones_A/A6931_2020_ano_del_general_manuel_be.pdf,https://www.bcra.gob.ar/archivos/Pdfs/comytexord/A6931.pdf,A6931,2026-05-10T19:47:17+00:00,2020-03-16,94423,2,“2020 - AÑO DEL GENERAL MANUEL BELGRANO”,true,,
comunicacion_A,data/raw/02_comunicaciones_A/A6933_2020_ano_del_general_manuel_be.pdf,https://www.bcra.gob.ar/archivos/Pdfs/comytexord/A6933.pdf,A6933,2026-05-10T19:47:18+00:00,2020-03-18,61035,1,“2020 - AÑO DEL GENERAL MANUEL BELGRANO”,true,,
comunicacion_A,data/raw/02_comunicaciones_A/A6932_2020_ano_del_general_manuel_be.pdf,https://www.bcra.gob.ar/archivos/Pdfs/comytexord/A6932.pdf,A6932,2026-05-10T19:47:18+00:00,2020-03-16,365222,15,“2020 - AÑO DEL GENERAL MANUEL BELGRANO”,true,,
comunicacion_A,data/raw/02_comunicaciones_A/A6934_2020_ano_del_general_manuel_be.pdf,https://www.bcra.gob.ar/archivos/Pdfs/comytexord/A6934.pdf,A6934,2026-05-10T19:47:19+00:00,2020-03-19,60380,1,“2020 - AÑO DEL GENERAL MANUEL BELGRANO”,true,,
comunicacion_A,data/raw/02_comunicaciones_A/A6935_2020_ano_del_general_manuel_be.pdf,https://www.bcra.gob.ar/archivos/Pdfs/comytexord/A6935.pdf,A6935,2026-05-10T19:47:19+00:00,2020-03-19,60898,1,“2020 - AÑO DEL GENERAL MANUEL BELGRANO”,true,,
comunicacion_A,data/raw/02_comunicaciones_A/A6936_2020_ano_del_general_manuel_be.pdf,https://www.bcra.gob.ar/archivos/Pdfs/comytexord/A6936.pdf,A6936,2026-05-10T19:47:20+00:00,2020-03-19,74754,1,“2020 - AÑO DEL GENERAL MANUEL BELGRANO”,true,,
comunicacion_A,data/raw/02_comunicaciones_A/A6937_2020_ano_del_general_manuel_be.pdf,https://www.bcra.gob.ar/archivos/Pdfs/comytexord/A6937.pdf,A6937,2026-05-10T19:47:20+00:00,2020-03-19,82418,2,“2020 - AÑO DEL GENERAL MANUEL BELGRANO”,true,,
comunicacion_A,data/raw/02_comunicaciones_A/A6938_2020_ano_del_general_manuel_be.pdf,https://www.bcra.gob.ar/archivos/Pdfs/comytexord/A6938.pdf,A6938,2026-05-10T19:47:21+00:00,2020-03-19,121948,4,“2020 - AÑO DEL GENERAL MANUEL BELGRANO”,true,,
comunicacion_A,data/raw/02_comunicaciones_A/A6939_2020_ano_del_general_manuel_be.pdf,https://www.bcra.gob.ar/archivos/Pdfs/comytexord/A6939.pdf,A6939,2026-05-10T19:47:21+00:00,2020-03-19,58348,1,“2020 - AÑO DEL GENERAL MANUEL BELGRANO”,true,,
comunicacion_A,data/raw/02_comunicaciones_A/A6940_2020_ano_del_general_manuel_be.pdf,https://www.bcra.gob.ar/archivos/Pdfs/comytexord/A6940.pdf,A6940,2026-05-10T19:47:22+00:00,2020-03-19,152406,5,“2020 - AÑO DEL GENERAL MANUEL BELGRANO”,true,,
comunicacion_A,data/raw/02_comunicaciones_A/A6941_2020_ano_del_general_manuel_be.pdf,https://www.bcra.gob.ar/archivos/Pdfs/comytexord/A6941.pdf,A6941,2026-05-10T19:47:22+00:00,2020-03-19,148118,5,“2020 - AÑO DEL GENERAL MANUEL BELGRANO”,true,,
comunicacion_A,data/raw/02_comunicaciones_A/A6943_2020_ano_del_general_manuel_be.pdf,https://www.bcra.gob.ar/archivos/Pdfs/comytexord/A6943.pdf,A6943,2026-05-10T19:47:23+00:00,2020-03-24,61786,1,“2020 - AÑO DEL GENERAL MANUEL BELGRANO”,true,,
comunicacion_A,data/raw/02_comunicaciones_A/A6944_2020_ano_del_general_manuel_be.pdf,https://www.bcra.gob.ar/archivos/Pdfs/comytexord/A6944.pdf,A6944,2026-05-10T19:47:23+00:00,2020-03-24,79228,2,“2020 - AÑO DEL GENERAL MANUEL BELGRANO”,true,,
comunicacion_A,data/raw/02_comunicaciones_A/A6945_2020_ano_del_general_manuel_be.pdf,https://www.bcra.gob.ar/archivos/Pdfs/comytexord/A6945.pdf,A6945,2026-05-10T19:47:24+00:00,2020-03-26,61112,1,“2020 - AÑO DEL GENERAL MANUEL BELGRANO”,true,,
comunicacion_A,data/raw/02_comunicaciones_A/A6946_2020_ano_del_general_manuel_be.pdf,https://www.bcra.gob.ar/archivos/Pdfs/comytexord/A6946.pdf,A6946,2026-05-10T19:47:24+00:00,2020-03-26,61900,1,“2020 - AÑO DEL GENERAL MANUEL BELGRANO”,true,,
comunicacion_A,data/raw/02_comunicaciones_A/A6947_2020_ano_del_general_manuel_be.pdf,https://www.bcra.gob.ar/archivos/Pdfs/comytexord/A6947.pdf,A6947,2026-05-10T19:47:25+00:00,2020-03-27,61796,1,“2020 - AÑO DEL GENERAL MANUEL BELGRANO”,true,,
comunicacion_A,data/raw/02_comunicaciones_A/A6950_2020_ano_del_general_manuel_be.pdf,https://www.bcra.gob.ar/archivos/Pdfs/comytexord/A6950.pdf,A6950,2026-05-10T19:47:25+00:00,2020-04-01,61452,1,“2020 - AÑO DEL GENERAL MANUEL BELGRANO”,true,,
comunicacion_A,data/raw/02_comunicaciones_A/A6951_2020_ano_del_general_manuel_be.pdf,https://www.bcra.gob.ar/archivos/Pdfs/comytexord/A6951.pdf,A6951,2026-05-10T19:47:26+00:00,2020-04-03,61036,1,“2020 - AÑO DEL GENERAL MANUEL BELGRANO”,true,,
comunicacion_A,data/raw/02_comunicaciones_A/A6953_2020_ano_del_general_manuel_be.pdf,https://www.bcra.gob.ar/archivos/Pdfs/comytexord/A6953.pdf,A6953,2026-05-10T19:47:26+00:00,2020-04-03,79318,2,“2020 - AÑO DEL GENERAL MANUEL BELGRANO”,true,,
comunicacion_A,data/raw/02_comunicaciones_A/A6954_2020_ano_del_general_manuel_be.pdf,https://www.bcra.gob.ar/archivos/Pdfs/comytexord/A6954.pdf,A6954,2026-05-10T19:47:27+00:00,2020-04-05,341970,1,“2020 - AÑO DEL GENERAL MANUEL BELGRANO”,true,,
comunicacion_A,data/raw/02_comunicaciones_A/A6955_2020_ano_del_general_manuel_be.pdf,https://www.bcra.gob.ar/archivos/Pdfs/comytexord/A6955.pdf,A6955,2026-05-10T19:47:27+00:00,2020-04-06,106165,3,“2020 - AÑO DEL GENERAL MANUEL BELGRANO”,true,,
comunicacion_A,data/raw/02_comunicaciones_A/A6956_2020_ano_del_general_manuel_be.pdf,https://www.bcra.gob.ar/archivos/Pdfs/comytexord/A6956.pdf,A6956,2026-05-10T19:47:28+00:00,2020-04-06,79580,2,“2020 - AÑO DEL GENERAL MANUEL BELGRANO”,true,,
comunicacion_A,data/raw/02_comunicaciones_A/A6957_2020_ano_del_general_manuel_be.pdf,https://www.bcra.gob.ar/archivos/Pdfs/comytexord/A6957.pdf,A6957,2026-05-10T19:47:28+00:00,2020-04-06,61545,1,“2020 - AÑO DEL GENERAL MANUEL BELGRANO”,true,,
comunicacion_A,data/raw/02_comunicaciones_A/A6959_2020_ano_del_general_manuel_be.pdf,https://www.bcra.gob.ar/archivos/Pdfs/comytexord/A6959.pdf,A6959,2026-05-10T19:47:29+00:00,2020-04-07,61304,1,“2020 - AÑO DEL GENERAL MANUEL BELGRANO”,true,,
comunicacion_A,data/raw/02_comunicaciones_A/A6960_2020_ano_del_general_manuel_be.pdf,https://www.bcra.gob.ar/archivos/Pdfs/comytexord/A6960.pdf,A6960,2026-05-10T19:47:29+00:00,2020-04-08,194724,7,“2020 - AÑO DEL GENERAL MANUEL BELGRANO”,true,,
comunicacion_A,data/raw/02_comunicaciones_A/A6961_2020_ano_del_general_manuel_be.pdf,https://www.bcra.gob.ar/archivos/Pdfs/comytexord/A6961.pdf,A6961,2026-05-10T19:47:30+00:00,2020-04-08,272004,10,“2020 - AÑO DEL GENERAL MANUEL BELGRANO”,true,,
comunicacion_A,data/raw/02_comunicaciones_A/A6962_2020_ano_del_general_manuel_be.pdf,https://www.bcra.gob.ar/archivos/Pdfs/comytexord/A6962.pdf,A6962,2026-05-10T19:47:30+00:00,2020-04-08,192416,10,“2020 - AÑO DEL GENERAL MANUEL BELGRANO”,true,,
comunicacion_A,data/raw/02_comunicaciones_A/A6963_2020_ano_del_general_manuel_be.pdf,https://www.bcra.gob.ar/archivos/Pdfs/comytexord/A6963.pdf,A6963,2026-05-10T19:47:31+00:00,2020-04-08,228516,9,“2020 - AÑO DEL GENERAL MANUEL BELGRANO”,true,,
comunicacion_A,data/raw/02_comunicaciones_A/A6964_2020_ano_del_general_manuel_be.pdf,https://www.bcra.gob.ar/archivos/Pdfs/comytexord/A6964.pdf,A6964,2026-05-10T19:47:31+00:00,2020-04-10,80022,2,“2020 - AÑO DEL GENERAL MANUEL BELGRANO”,true,,
comunicacion_A,data/raw/02_comunicaciones_A/A6965_2020_ano_del_general_manuel_be.pdf,https://www.bcra.gob.ar/archivos/Pdfs/comytexord/A6965.pdf,A6965,2026-05-10T19:47:32+00:00,2020-04-14,267277,11,“2020 - AÑO DEL GENERAL MANUEL BELGRANO”,true,,
comunicacion_A,data/raw/02_comunicaciones_A/A6966_2020_ano_del_general_manuel_be.pdf,https://www.bcra.gob.ar/archivos/Pdfs/comytexord/A6966.pdf,A6966,2026-05-10T19:47:32+00:00,2020-04-15,257613,10,“2020 - AÑO DEL GENERAL MANUEL BELGRANO”,true,,
comunicacion_A,data/raw/02_comunicaciones_A/A6968_2020_ano_del_general_manuel_be.pdf,https://www.bcra.gob.ar/archivos/Pdfs/comytexord/A6968.pdf,A6968,2026-05-10T19:47:34+00:00,2020-04-15,255707,9,“2020 - AÑO DEL GENERAL MANUEL BELGRANO”,true,,
comunicacion_A,data/raw/02_comunicaciones_A/A6967_2020_ano_del_general_manuel_be.pdf,https://www.bcra.gob.ar/archivos/Pdfs/comytexord/A6967.pdf,A6967,2026-05-10T19:47:34+00:00,2020-04-15,636196,25,“2020 - AÑO DEL GENERAL MANUEL BELGRANO”,true,,
comunicacion_A,data/raw/02_comunicaciones_A/A6970_2020_ano_del_general_manuel_be.pdf,https://www.bcra.gob.ar/archivos/Pdfs/comytexord/A6970.pdf,A6970,2026-05-10T19:47:34+00:00,2020-04-16,164468,5,“2020 - AÑO DEL GENERAL MANUEL BELGRANO”,true,,
comunicacion_A,data/raw/02_comunicaciones_A/A6971_2020_ano_del_general_manuel_be.pdf,https://www.bcra.gob.ar/archivos/Pdfs/comytexord/A6971.pdf,A6971,2026-05-10T19:47:35+00:00,2020-04-16,81422,2,“2020 - AÑO DEL GENERAL MANUEL BELGRANO”,true,,
comunicacion_A,data/raw/02_comunicaciones_A/A6973_2020_ano_del_general_manuel_be.pdf,https://www.bcra.gob.ar/archivos/Pdfs/comytexord/A6973.pdf,A6973,2026-05-10T19:47:35+00:00,2020-04-16,147015,5,“2020 - AÑO DEL GENERAL MANUEL BELGRANO”,true,,
comunicacion_A,data/raw/02_comunicaciones_A/A6974_2020_ano_del_general_manuel_be.pdf,https://www.bcra.gob.ar/archivos/Pdfs/comytexord/A6974.pdf,A6974,2026-05-10T19:47:36+00:00,2020-04-16,61735,1,“2020 - AÑO DEL GENERAL MANUEL BELGRANO”,true,,
comunicacion_A,data/raw/02_comunicaciones_A/A6975_2020_ano_del_general_manuel_be.pdf,https://www.bcra.gob.ar/archivos/Pdfs/comytexord/A6975.pdf,A6975,2026-05-10T19:47:36+00:00,2020-04-16,61720,1,“2020 - AÑO DEL GENERAL MANUEL BELGRANO”,true,,
comunicacion_A,data/raw/02_comunicaciones_A/A6976_2020_ano_del_general_manuel_be.pdf,https://www.bcra.gob.ar/archivos/Pdfs/comytexord/A6976.pdf,A6976,2026-05-10T19:47:37+00:00,2020-04-16,110917,4,“2020 - AÑO DEL GENERAL MANUEL BELGRANO”,true,,
comunicacion_A,data/raw/02_comunicaciones_A/A6977_2020_ano_del_general_manuel_be.pdf,https://www.bcra.gob.ar/archivos/Pdfs/comytexord/A6977.pdf,A6977,2026-05-10T19:47:37+00:00,2020-04-16,116334,3,“2020 - AÑO DEL GENERAL MANUEL BELGRANO”,true,,
comunicacion_A,data/raw/02_comunicaciones_A/A6978_2020_ano_del_general_manuel_be.pdf,https://www.bcra.gob.ar/archivos/Pdfs/comytexord/A6978.pdf,A6978,2026-05-10T19:47:38+00:00,2020-04-16,60522,1,“2020 - AÑO DEL GENERAL MANUEL BELGRANO”,true,,
comunicacion_A,data/raw/02_comunicaciones_A/A6979_2020_ano_del_general_manuel_be.pdf,https://www.bcra.gob.ar/archivos/Pdfs/comytexord/A6979.pdf,A6979,2026-05-10T19:47:38+00:00,2020-04-16,104172,3,“2020 - AÑO DEL GENERAL MANUEL BELGRANO”,true,,
comunicacion_A,data/raw/02_comunicaciones_A/A6980_2020_ano_del_general_manuel_be.pdf,https://www.bcra.gob.ar/archivos/Pdfs/comytexord/A6980.pdf,A6980,2026-05-10T19:47:39+00:00,2020-04-16,82627,2,“2020 - AÑO DEL GENERAL MANUEL BELGRANO”,true,,
comunicacion_A,data/raw/02_comunicaciones_A/A6981_2020_ano_del_general_manuel_be.pdf,https://www.bcra.gob.ar/archivos/Pdfs/comytexord/A6981.pdf,A6981,2026-05-10T19:47:39+00:00,2020-04-16,146051,5,“2020 - AÑO DEL GENERAL MANUEL BELGRANO”,true,,
comunicacion_A,data/raw/02_comunicaciones_A/A6982_2020_ano_del_general_manuel_be.pdf,https://www.bcra.gob.ar/archivos/Pdfs/comytexord/A6982.pdf,A6982,2026-05-10T19:47:40+00:00,2020-04-16,80546,2,“2020 - AÑO DEL GENERAL MANUEL BELGRANO”,true,,
comunicacion_A,data/raw/02_comunicaciones_A/A6983_2020_ano_del_general_manuel_be.pdf,https://www.bcra.gob.ar/archivos/Pdfs/comytexord/A6983.pdf,A6983,2026-05-10T19:47:41+00:00,2020-04-20,310193,13,“2020 - AÑO DEL GENERAL MANUEL BELGRANO”,true,,
comunicacion_A,data/raw/02_comunicaciones_A/A6984_2020_ano_del_general_manuel_be.pdf,https://www.bcra.gob.ar/archivos/Pdfs/comytexord/A6984.pdf,A6984,2026-05-10T19:47:41+00:00,2020-04-21,122302,3,“2020 - AÑO DEL GENERAL MANUEL BELGRANO”,true,,
comunicacion_A,data/raw/02_comunicaciones_A/A6985_2020_ano_del_general_manuel_be.pdf,https://www.bcra.gob.ar/archivos/Pdfs/comytexord/A6985.pdf,A6985,2026-05-10T19:47:41+00:00,2020-04-21,176708,5,“2020 - AÑO DEL GENERAL MANUEL BELGRANO”,true,,
comunicacion_A,data/raw/02_comunicaciones_A/A6987_2020_ano_del_general_manuel_be.pdf,https://www.bcra.gob.ar/archivos/Pdfs/comytexord/A6987.pdf,A6987,2026-05-10T19:47:42+00:00,2020-04-23,243348,10,“2020 - AÑO DEL GENERAL MANUEL BELGRANO”,true,,
comunicacion_A,data/raw/02_comunicaciones_A/A6988_2020_ano_del_general_manuel_be.pdf,https://www.bcra.gob.ar/archivos/Pdfs/comytexord/A6988.pdf,A6988,2026-05-10T19:47:42+00:00,2020-04-23,60730,1,“2020 - AÑO DEL GENERAL MANUEL BELGRANO”,true,,
comunicacion_A,data/raw/02_comunicaciones_A/A6989_2020_ano_del_general_manuel_be.pdf,https://www.bcra.gob.ar/archivos/Pdfs/comytexord/A6989.pdf,A6989,2026-05-10T19:47:43+00:00,2020-04-23,504464,19,“2020 - AÑO DEL GENERAL MANUEL BELGRANO”,true,,
comunicacion_A,data/raw/02_comunicaciones_A/A6990_2020_ano_del_general_manuel_be.pdf,https://www.bcra.gob.ar/archivos/Pdfs/comytexord/A6990.pdf,A6990,2026-05-10T19:47:43+00:00,2020-04-23,80586,2,“2020 - AÑO DEL GENERAL MANUEL BELGRANO”,true,,
comunicacion_A,data/raw/02_comunicaciones_A/A6992_2020_ano_del_general_manuel_be.pdf,https://www.bcra.gob.ar/archivos/Pdfs/comytexord/A6992.pdf,A6992,2026-05-10T19:47:44+00:00,2020-04-23,60672,1,“2020 - AÑO DEL GENERAL MANUEL BELGRANO”,true,,
comunicacion_A,data/raw/02_comunicaciones_A/A6991_2020_ano_del_general_manuel_be.pdf,https://www.bcra.gob.ar/archivos/Pdfs/comytexord/A6991.pdf,A6991,2026-05-10T19:47:44+00:00,2020-04-23,362285,15,“2020 - AÑO DEL GENERAL MANUEL BELGRANO”,true,,
comunicacion_A,data/raw/02_comunicaciones_A/A6994_2020_ano_del_general_manuel_be.pdf,https://www.bcra.gob.ar/archivos/Pdfs/comytexord/A6994.pdf,A6994,2026-05-10T19:47:45+00:00,2020-04-27,97566,2,“2020 - AÑO DEL GENERAL MANUEL BELGRANO”,true,,
comunicacion_A,data/raw/02_comunicaciones_A/A6998_2020_ano_del_general_manuel_be.pdf,https://www.bcra.gob.ar/archivos/Pdfs/comytexord/A6998.pdf,A6998,2026-05-10T19:47:45+00:00,2020-04-30,158737,6,“2020 - AÑO DEL GENERAL MANUEL BELGRANO”,true,,
comunicacion_A,data/raw/02_comunicaciones_A/A7000_2020_ano_del_general_manuel_be.pdf,https://www.bcra.gob.ar/archivos/Pdfs/comytexord/A7000.pdf,A7000,2026-05-10T19:47:46+00:00,2020-04-30,106090,3,“2020 - AÑO DEL GENERAL MANUEL BELGRANO”,true,,
comunicacion_A,data/raw/02_comunicaciones_A/A7004_2020_ano_del_general_manuel_be.pdf,https://www.bcra.gob.ar/archivos/Pdfs/comytexord/A7004.pdf,A7004,2026-05-10T19:47:46+00:00,2020-05-08,113488,3,“2020 - AÑO DEL GENERAL MANUEL BELGRANO”,true,,
comunicacion_A,data/raw/02_comunicaciones_A/A7005_2020_ano_del_general_manuel_be.pdf,https://www.bcra.gob.ar/archivos/Pdfs/comytexord/A7005.pdf,A7005,2026-05-10T19:47:47+00:00,2020-05-08,279157,12,“2020 - AÑO DEL GENERAL MANUEL BELGRANO”,true,,
comunicacion_A,data/raw/02_comunicaciones_A/A7007_2020_ano_del_general_manuel_be.pdf,https://www.bcra.gob.ar/archivos/Pdfs/comytexord/A7007.pdf,A7007,2026-05-10T19:47:47+00:00,2020-05-11,141433,5,“2020 - AÑO DEL GENERAL MANUEL BELGRANO”,true,,
comunicacion_A,data/raw/02_comunicaciones_A/A7009_2020_ano_del_general_manuel_be.pdf,https://www.bcra.gob.ar/archivos/Pdfs/comytexord/A7009.pdf,A7009,2026-05-10T19:47:48+00:00,2020-05-11,188409,7,“2020 - AÑO DEL GENERAL MANUEL BELGRANO”,true,,
comunicacion_A,data/raw/02_comunicaciones_A/A7010_2020_ano_del_general_manuel_be.pdf,https://www.bcra.gob.ar/archivos/Pdfs/comytexord/A7010.pdf,A7010,2026-05-10T19:47:48+00:00,2020-05-13,79375,2,“2020 - AÑO DEL GENERAL MANUEL BELGRANO”,true,,
comunicacion_A,data/raw/02_comunicaciones_A/A7012_2020_ano_del_general_manuel_be.pdf,https://www.bcra.gob.ar/archivos/Pdfs/comytexord/A7012.pdf,A7012,2026-05-10T19:47:50+00:00,2020-05-14,225752,8,“2020 - AÑO DEL GENERAL MANUEL BELGRANO”,true,,
comunicacion_A,data/raw/02_comunicaciones_A/A7011_2020_ano_del_general_manuel_be.pdf,https://www.bcra.gob.ar/archivos/Pdfs/comytexord/A7011.pdf,A7011,2026-05-10T19:47:50+00:00,2020-05-14,695668,30,“2020 - AÑO DEL GENERAL MANUEL BELGRANO”,true,,
comunicacion_A,data/raw/02_comunicaciones_A/A7014_2020_ano_del_general_manuel_be.pdf,https://www.bcra.gob.ar/archivos/Pdfs/comytexord/A7014.pdf,A7014,2026-05-10T19:47:50+00:00,2020-05-14,60311,1,“2020 - AÑO DEL GENERAL MANUEL BELGRANO”,true,,
comunicacion_A,data/raw/02_comunicaciones_A/A7013_2020_ano_del_general_manuel_be.pdf,https://www.bcra.gob.ar/archivos/Pdfs/comytexord/A7013.pdf,A7013,2026-05-10T19:47:51+00:00,2020-05-14,317368,12,“2020 - AÑO DEL GENERAL MANUEL BELGRANO”,true,,
comunicacion_A,data/raw/02_comunicaciones_A/A7015_2020_ano_del_general_manuel_be.pdf,https://www.bcra.gob.ar/archivos/Pdfs/comytexord/A7015.pdf,A7015,2026-05-10T19:47:51+00:00,2020-05-14,61798,1,“2020 - AÑO DEL GENERAL MANUEL BELGRANO”,true,,
comunicacion_A,data/raw/02_comunicaciones_A/A7016_2020_ano_del_general_manuel_be.pdf,https://www.bcra.gob.ar/archivos/Pdfs/comytexord/A7016.pdf,A7016,2026-05-10T19:47:52+00:00,2020-05-14,61333,1,“2020 - AÑO DEL GENERAL MANUEL BELGRANO”,true,,
comunicacion_A,data/raw/02_comunicaciones_A/A7017_2020_ano_del_general_manuel_be.pdf,https://www.bcra.gob.ar/archivos/Pdfs/comytexord/A7017.pdf,A7017,2026-05-10T19:47:52+00:00,2020-05-14,60197,1,“2020 - AÑO DEL GENERAL MANUEL BELGRANO”,true,,
comunicacion_A,data/raw/02_comunicaciones_A/A7018_2020_ano_del_general_manuel_be.pdf,https://www.bcra.gob.ar/archivos/Pdfs/comytexord/A7018.pdf,A7018,2026-05-10T19:47:53+00:00,2020-05-14,80574,2,“2020 - AÑO DEL GENERAL MANUEL BELGRANO”,true,,
comunicacion_A,data/raw/02_comunicaciones_A/A7019_2020_ano_del_general_manuel_be.pdf,https://www.bcra.gob.ar/archivos/Pdfs/comytexord/A7019.pdf,A7019,2026-05-10T19:47:53+00:00,2020-05-21,60536,1,“2020 - AÑO DEL GENERAL MANUEL BELGRANO”,true,,
comunicacion_A,data/raw/02_comunicaciones_A/A7020_2020_ano_del_general_manuel_be.pdf,https://www.bcra.gob.ar/archivos/Pdfs/comytexord/A7020.pdf,A7020,2026-05-10T19:47:54+00:00,2020-05-21,119465,4,“2020 - AÑO DEL GENERAL MANUEL BELGRANO”,true,,
comunicacion_A,data/raw/02_comunicaciones_A/A7023_2020_ano_del_general_manuel_be.pdf,https://www.bcra.gob.ar/archivos/Pdfs/comytexord/A7023.pdf,A7023,2026-05-10T19:47:55+00:00,2020-05-22,60576,1,“2020 - AÑO DEL GENERAL MANUEL BELGRANO”,true,,
comunicacion_A,data/raw/02_comunicaciones_A/A7022_2020_ano_del_general_manuel_be.pdf,https://www.bcra.gob.ar/archivos/Pdfs/comytexord/A7022.pdf,A7022,2026-05-10T19:47:54+00:00,2020-05-21,310576,13,“2020 - AÑO DEL GENERAL MANUEL BELGRANO”,true,,
comunicacion_A,data/raw/02_comunicaciones_A/A7026_2020_ano_del_general_manuel_be.pdf,https://www.bcra.gob.ar/archivos/Pdfs/comytexord/A7026.pdf,A7026,2026-05-10T19:47:55+00:00,2020-05-28,61930,1,“2020 - AÑO DEL GENERAL MANUEL BELGRANO”,true,,
comunicacion_A,data/raw/02_comunicaciones_A/A7027_2020_ano_del_general_manuel_be.pdf,https://www.bcra.gob.ar/archivos/Pdfs/comytexord/A7027.pdf,A7027,2026-05-10T19:47:56+00:00,2020-05-28,80952,2,“2020 - AÑO DEL GENERAL MANUEL BELGRANO”,true,,
comunicacion_A,data/raw/02_comunicaciones_A/A7024_2020_ano_del_general_manuel_be.pdf,https://www.bcra.gob.ar/archivos/Pdfs/comytexord/A7024.pdf,A7024,2026-05-10T19:47:56+00:00,2020-05-26,736046,32,“2020 - AÑO DEL GENERAL MANUEL BELGRANO”,true,,
comunicacion_A,data/raw/02_comunicaciones_A/A7029_2020_ano_del_general_manuel_be.pdf,https://www.bcra.gob.ar/archivos/Pdfs/comytexord/A7029.pdf,A7029,2026-05-10T19:47:57+00:00,2020-05-28,79800,2,“2020 - AÑO DEL GENERAL MANUEL BELGRANO”,true,,
comunicacion_A,data/raw/02_comunicaciones_A/A7031_2020_ano_del_general_manuel_be.pdf,https://www.bcra.gob.ar/archivos/Pdfs/comytexord/A7031.pdf,A7031,2026-05-10T19:47:57+00:00,2020-05-29,270891,10,“2020 - AÑO DEL GENERAL MANUEL BELGRANO”,true,,
comunicacion_A,data/raw/02_comunicaciones_A/A7032_2020_ano_del_general_manuel_be.pdf,https://www.bcra.gob.ar/archivos/Pdfs/comytexord/A7032.pdf,A7032,2026-05-10T19:47:58+00:00,2020-05-29,178877,6,“2020 - AÑO DEL GENERAL MANUEL BELGRANO”,true,,
comunicacion_A,data/raw/02_comunicaciones_A/A7033_2020_ano_del_general_manuel_be.pdf,https://www.bcra.gob.ar/archivos/Pdfs/comytexord/A7033.pdf,A7033,2026-05-10T19:47:58+00:00,2020-06-04,60909,1,“2020 - AÑO DEL GENERAL MANUEL BELGRANO”,true,,
comunicacion_A,data/raw/02_comunicaciones_A/A7034_2020_ano_del_general_manuel_be.pdf,https://www.bcra.gob.ar/archivos/Pdfs/comytexord/A7034.pdf,A7034,2026-05-10T19:47:59+00:00,2020-06-04,61505,1,“2020 - AÑO DEL GENERAL MANUEL BELGRANO”,true,,
comunicacion_A,data/raw/02_comunicaciones_A/A7035_2020_ano_del_general_manuel_be.pdf,https://www.bcra.gob.ar/archivos/Pdfs/comytexord/A7035.pdf,A7035,2026-05-10T19:47:59+00:00,2020-06-04,102863,3,“2020 - AÑO DEL GENERAL MANUEL BELGRANO”,true,,
comunicacion_A,data/raw/02_comunicaciones_A/A7037_2020_ano_del_general_manuel_be.pdf,https://www.bcra.gob.ar/archivos/Pdfs/comytexord/A7037.pdf,A7037,2026-05-10T19:48:00+00:00,2020-06-05,113618,3,“2020 - AÑO DEL GENERAL MANUEL BELGRANO”,true,,
comunicacion_A,data/raw/02_comunicaciones_A/A7036_2020_ano_del_general_manuel_be.pdf,https://www.bcra.gob.ar/archivos/Pdfs/comytexord/A7036.pdf,A7036,2026-05-10T19:48:00+00:00,2020-06-04,607746,27,“2020 - AÑO DEL GENERAL MANUEL BELGRANO”,true,,
comunicacion_A,data/raw/02_comunicaciones_A/A7038_2020_ano_del_general_manuel_be.pdf,https://www.bcra.gob.ar/archivos/Pdfs/comytexord/A7038.pdf,A7038,2026-05-10T19:48:01+00:00,2020-06-05,81784,2,“2020 - AÑO DEL GENERAL MANUEL BELGRANO”,true,,
comunicacion_A,data/raw/02_comunicaciones_A/A7039_2020_ano_del_general_manuel_be.pdf,https://www.bcra.gob.ar/archivos/Pdfs/comytexord/A7039.pdf,A7039,2026-05-10T19:48:01+00:00,2020-06-05,190860,6,“2020 - AÑO DEL GENERAL MANUEL BELGRANO”,true,,
comunicacion_A,data/raw/02_comunicaciones_A/A7040_2020_ano_del_general_manuel_be.pdf,https://www.bcra.gob.ar/archivos/Pdfs/comytexord/A7040.pdf,A7040,2026-05-10T19:48:02+00:00,2020-06-08,61700,1,“2020 - AÑO DEL GENERAL MANUEL BELGRANO”,true,,
comunicacion_A,data/raw/02_comunicaciones_A/A7041_2020_ano_del_general_manuel_be.pdf,https://www.bcra.gob.ar/archivos/Pdfs/comytexord/A7041.pdf,A7041,2026-05-10T19:48:02+00:00,2020-06-11,138448,4,“2020 - AÑO DEL GENERAL MANUEL BELGRANO”,true,,
comunicacion_A,data/raw/02_comunicaciones_A/A7045_2020_ano_del_general_manuel_be.pdf,https://www.bcra.gob.ar/archivos/Pdfs/comytexord/A7045.pdf,A7045,2026-05-10T19:48:03+00:00,2020-06-18,106797,3,“2020 - AÑO DEL GENERAL MANUEL BELGRANO”,true,,
comunicacion_A,data/raw/02_comunicaciones_A/A7046_2020_ano_del_general_manuel_be.pdf,https://www.bcra.gob.ar/archivos/Pdfs/comytexord/A7046.pdf,A7046,2026-05-10T19:48:03+00:00,2020-06-18,60546,1,“2020 - AÑO DEL GENERAL MANUEL BELGRANO”,true,,
comunicacion_A,data/raw/02_comunicaciones_A/A7048_2020_ano_del_general_manuel_be.pdf,https://www.bcra.gob.ar/archivos/Pdfs/comytexord/A7048.pdf,A7048,2026-05-10T19:48:04+00:00,2020-06-23,159777,6,“2020 - AÑO DEL GENERAL MANUEL BELGRANO”,true,,
comunicacion_A,data/raw/02_comunicaciones_A/A7047_2020_ano_del_general_manuel_be.pdf,https://www.bcra.gob.ar/archivos/Pdfs/comytexord/A7047.pdf,A7047,2026-05-10T19:48:05+00:00,2020-06-18,718008,32,“2020 - AÑO DEL GENERAL MANUEL BELGRANO”,true,,
comunicacion_A,data/raw/02_comunicaciones_A/A7049_2020_ano_del_general_manuel_be.pdf,https://www.bcra.gob.ar/archivos/Pdfs/comytexord/A7049.pdf,A7049,2026-05-10T19:48:05+00:00,2020-06-24,287641,12,“2020 - AÑO DEL GENERAL MANUEL BELGRANO”,true,,
comunicacion_A,data/raw/02_comunicaciones_A/A7050_2020_ano_del_general_manuel_be.pdf,https://www.bcra.gob.ar/archivos/Pdfs/comytexord/A7050.pdf,A7050,2026-05-10T19:48:05+00:00,2020-06-25,204235,8,“2020 - AÑO DEL GENERAL MANUEL BELGRANO”,true,,
comunicacion_A,data/raw/02_comunicaciones_A/A7051_2020_ano_del_general_manuel_be.pdf,https://www.bcra.gob.ar/archivos/Pdfs/comytexord/A7051.pdf,A7051,2026-05-10T19:48:06+00:00,2020-06-25,61544,1,“2020 - AÑO DEL GENERAL MANUEL BELGRANO”,true,,
comunicacion_A,data/raw/02_comunicaciones_A/A7053_2020_ano_del_general_manuel_be.pdf,https://www.bcra.gob.ar/archivos/Pdfs/comytexord/A7053.pdf,A7053,2026-05-10T19:48:06+00:00,2020-06-25,61067,1,“2020 - AÑO DEL GENERAL MANUEL BELGRANO”,true,,
comunicacion_A,data/raw/02_comunicaciones_A/A7055_2020_ano_del_general_manuel_be.pdf,https://www.bcra.gob.ar/archivos/Pdfs/comytexord/A7055.pdf,A7055,2026-05-10T19:48:07+00:00,2020-06-25,61382,1,“2020 - AÑO DEL GENERAL MANUEL BELGRANO”,true,,
comunicacion_A,data/raw/02_comunicaciones_A/A7060_2020_ano_del_general_manuel_be.pdf,https://www.bcra.gob.ar/archivos/Pdfs/comytexord/A7060.pdf,A7060,2026-05-10T19:48:07+00:00,2020-07-02,61253,1,“2020 - AÑO DEL GENERAL MANUEL BELGRANO”,true,,
comunicacion_A,data/raw/02_comunicaciones_A/A7061_2020_ano_del_general_manuel_be.pdf,https://www.bcra.gob.ar/archivos/Pdfs/comytexord/A7061.pdf,A7061,2026-05-10T19:48:08+00:00,2020-07-02,350389,14,“2020 - AÑO DEL GENERAL MANUEL BELGRANO”,true,,
comunicacion_A,data/raw/02_comunicaciones_A/A7062_2020_ano_del_general_manuel_be.pdf,https://www.bcra.gob.ar/archivos/Pdfs/comytexord/A7062.pdf,A7062,2026-05-10T19:48:09+00:00,2020-07-02,279391,11,“2020 - AÑO DEL GENERAL MANUEL BELGRANO”,true,,
comunicacion_A,data/raw/02_comunicaciones_A/A7063_2020_ano_del_general_manuel_be.pdf,https://www.bcra.gob.ar/archivos/Pdfs/comytexord/A7063.pdf,A7063,2026-05-10T19:48:09+00:00,2020-07-03,61374,1,“2020 - AÑO DEL GENERAL MANUEL BELGRANO”,true,,
comunicacion_A,data/raw/02_comunicaciones_A/A7064_2020_ano_del_general_manuel_be.pdf,https://www.bcra.gob.ar/archivos/Pdfs/comytexord/A7064.pdf,A7064,2026-05-10T19:48:11+00:00,2020-07-06,744388,32,“2020 - AÑO DEL GENERAL MANUEL BELGRANO”,true,,
comunicacion_A,data/raw/02_comunicaciones_A/A7065_2020_ano_del_general_manuel_be.pdf,https://www.bcra.gob.ar/archivos/Pdfs/comytexord/A7065.pdf,A7065,2026-05-10T19:48:11+00:00,2020-07-08,572708,25,“2020 - AÑO DEL GENERAL MANUEL BELGRANO”,true,,
comunicacion_A,data/raw/02_comunicaciones_A/A7066_2020_ano_del_general_manuel_be.pdf,https://www.bcra.gob.ar/archivos/Pdfs/comytexord/A7066.pdf,A7066,2026-05-10T19:48:11+00:00,2020-07-08,60335,1,“2020 - AÑO DEL GENERAL MANUEL BELGRANO”,true,,
comunicacion_A,data/raw/02_comunicaciones_A/A7067_2020_ano_del_general_manuel_be.pdf,https://www.bcra.gob.ar/archivos/Pdfs/comytexord/A7067.pdf,A7067,2026-05-10T19:48:12+00:00,2020-07-08,61068,1,“2020 - AÑO DEL GENERAL MANUEL BELGRANO”,true,,
comunicacion_A,data/raw/02_comunicaciones_A/A7069_2020_ano_del_general_manuel_be.pdf,https://www.bcra.gob.ar/archivos/Pdfs/comytexord/A7069.pdf,A7069,2026-05-10T19:48:12+00:00,2020-07-13,62442,1,“2020 - AÑO DEL GENERAL MANUEL BELGRANO”,true,,
comunicacion_A,data/raw/02_comunicaciones_A/A7070_2020_ano_del_general_manuel_be.pdf,https://www.bcra.gob.ar/archivos/Pdfs/comytexord/A7070.pdf,A7070,2026-05-10T19:48:13+00:00,2020-07-16,61646,1,“2020 - AÑO DEL GENERAL MANUEL BELGRANO”,true,,
comunicacion_A,data/raw/02_comunicaciones_A/A7071_2020_ano_del_general_manuel_be.pdf,https://www.bcra.gob.ar/archivos/Pdfs/comytexord/A7071.pdf,A7071,2026-05-10T19:48:13+00:00,2020-07-16,101298,3,“2020 - AÑO DEL GENERAL MANUEL BELGRANO”,true,,
comunicacion_A,data/raw/02_comunicaciones_A/A7072_2020_ano_del_general_manuel_be.pdf,https://www.bcra.gob.ar/archivos/Pdfs/comytexord/A7072.pdf,A7072,2026-05-10T19:48:14+00:00,2020-07-16,65726,2,“2020 - AÑO DEL GENERAL MANUEL BELGRANO”,true,,
comunicacion_A,data/raw/02_comunicaciones_A/A7074_2020_ano_del_general_manuel_be.pdf,https://www.bcra.gob.ar/archivos/Pdfs/comytexord/A7074.pdf,A7074,2026-05-10T19:48:14+00:00,2020-07-23,61689,1,“2020 - AÑO DEL GENERAL MANUEL BELGRANO”,true,,
comunicacion_A,data/raw/02_comunicaciones_A/A7075_2020_ano_del_general_manuel_be.pdf,https://www.bcra.gob.ar/archivos/Pdfs/comytexord/A7075.pdf,A7075,2026-05-10T19:48:15+00:00,2020-07-23,122237,4,“2020 - AÑO DEL GENERAL MANUEL BELGRANO”,true,,
comunicacion_A,data/raw/02_comunicaciones_A/A7076_2020_ano_del_general_manuel_be.pdf,https://www.bcra.gob.ar/archivos/Pdfs/comytexord/A7076.pdf,A7076,2026-05-10T19:48:15+00:00,2020-07-28,60913,1,“2020 - AÑO DEL GENERAL MANUEL BELGRANO”,true,,
comunicacion_A,data/raw/02_comunicaciones_A/A7077_2020_ano_del_general_manuel_be.pdf,https://www.bcra.gob.ar/archivos/Pdfs/comytexord/A7077.pdf,A7077,2026-05-10T19:48:16+00:00,2020-07-30,104733,3,“2020 - AÑO DEL GENERAL MANUEL BELGRANO”,true,,
comunicacion_A,data/raw/02_comunicaciones_A/A7078_2020_ano_del_general_manuel_be.pdf,https://www.bcra.gob.ar/archivos/Pdfs/comytexord/A7078.pdf,A7078,2026-05-10T19:48:16+00:00,2020-07-30,80692,2,“2020 - AÑO DEL GENERAL MANUEL BELGRANO”,true,,
comunicacion_A,data/raw/02_comunicaciones_A/A7083_2020_ano_del_general_manuel_be.pdf,https://www.bcra.gob.ar/archivos/Pdfs/comytexord/A7083.pdf,A7083,2026-05-10T19:48:17+00:00,2020-08-06,125490,4,“2020 - AÑO DEL GENERAL MANUEL BELGRANO”,true,,
comunicacion_A,data/raw/02_comunicaciones_A/A7085_2020_ano_del_general_manuel_be.pdf,https://www.bcra.gob.ar/archivos/Pdfs/comytexord/A7085.pdf,A7085,2026-05-10T19:48:17+00:00,2020-08-07,61053,1,“2020 - AÑO DEL GENERAL MANUEL BELGRANO”,true,,
comunicacion_A,data/raw/02_comunicaciones_A/A7087_2020_ano_del_general_manuel_be.pdf,https://www.bcra.gob.ar/archivos/Pdfs/comytexord/A7087.pdf,A7087,2026-05-10T19:48:18+00:00,2020-08-07,136995,4,“2020 - AÑO DEL GENERAL MANUEL BELGRANO”,true,,
comunicacion_A,data/raw/02_comunicaciones_A/A7089_2020_ano_del_general_manuel_be.pdf,https://www.bcra.gob.ar/archivos/Pdfs/comytexord/A7089.pdf,A7089,2026-05-10T19:48:18+00:00,2020-08-13,61928,1,“2020 - AÑO DEL GENERAL MANUEL BELGRANO”,true,,
comunicacion_A,data/raw/02_comunicaciones_A/A7090_2020_ano_del_general_manuel_be.pdf,https://www.bcra.gob.ar/archivos/Pdfs/comytexord/A7090.pdf,A7090,2026-05-10T19:48:19+00:00,2020-08-13,61436,1,“2020 - AÑO DEL GENERAL MANUEL BELGRANO”,true,,
comunicacion_A,data/raw/02_comunicaciones_A/A7093_2020_ano_del_general_manuel_be.pdf,https://www.bcra.gob.ar/archivos/Pdfs/comytexord/A7093.pdf,A7093,2026-05-10T19:48:20+00:00,2020-08-27,101226,3,“2020 - AÑO DEL GENERAL MANUEL BELGRANO”,true,,
comunicacion_A,data/raw/02_comunicaciones_A/A7091_2020_ano_del_general_manuel_be.pdf,https://www.bcra.gob.ar/archivos/Pdfs/comytexord/A7091.pdf,A7091,2026-05-10T19:48:20+00:00,2020-08-18,336679,14,“2020 - AÑO DEL GENERAL MANUEL BELGRANO”,true,,
comunicacion_A,data/raw/02_comunicaciones_A/A7095_2020_ano_del_general_manuel_be.pdf,https://www.bcra.gob.ar/archivos/Pdfs/comytexord/A7095.pdf,A7095,2026-05-10T19:48:20+00:00,2020-08-27,61417,1,“2020 - AÑO DEL GENERAL MANUEL BELGRANO”,true,,
comunicacion_A,data/raw/02_comunicaciones_A/A7096_2020_ano_del_general_manuel_be.pdf,https://www.bcra.gob.ar/archivos/Pdfs/comytexord/A7096.pdf,A7096,2026-05-10T19:48:21+00:00,2020-08-27,81070,2,“2020 - AÑO DEL GENERAL MANUEL BELGRANO”,true,,
comunicacion_A,data/raw/02_comunicaciones_A/A7097_2020_ano_del_general_manuel_be.pdf,https://www.bcra.gob.ar/archivos/Pdfs/comytexord/A7097.pdf,A7097,2026-05-10T19:48:21+00:00,2020-08-27,150148,5,“2020 - AÑO DEL GENERAL MANUEL BELGRANO”,true,,
comunicacion_A,data/raw/02_comunicaciones_A/A7099_2020_ano_del_general_manuel_be.pdf,https://www.bcra.gob.ar/archivos/Pdfs/comytexord/A7099.pdf,A7099,2026-05-10T19:48:22+00:00,2020-09-03,117475,3,“2020 - AÑO DEL GENERAL MANUEL BELGRANO”,true,,
comunicacion_A,data/raw/02_comunicaciones_A/A7098_2020_ano_del_general_manuel_be.pdf,https://www.bcra.gob.ar/archivos/Pdfs/comytexord/A7098.pdf,A7098,2026-05-10T19:48:22+00:00,2020-08-31,903302,25,“2020 - AÑO DEL GENERAL MANUEL BELGRANO”,true,,
comunicacion_A,data/raw/02_comunicaciones_A/A7100_2020_ano_del_general_manuel_be.pdf,https://www.bcra.gob.ar/archivos/Pdfs/comytexord/A7100.pdf,A7100,2026-05-10T19:48:23+00:00,2020-09-03,68005,2,“2020 - AÑO DEL GENERAL MANUEL BELGRANO”,true,,
comunicacion_A,data/raw/02_comunicaciones_A/A7101_2020_ano_del_general_manuel_be.pdf,https://www.bcra.gob.ar/archivos/Pdfs/comytexord/A7101.pdf,A7101,2026-05-10T19:48:23+00:00,2020-09-10,101744,3,“2020 - AÑO DEL GENERAL MANUEL BELGRANO”,true,,
comunicacion_A,data/raw/02_comunicaciones_A/A7103_2020_ano_del_general_manuel_be.pdf,https://www.bcra.gob.ar/archivos/Pdfs/comytexord/A7103.pdf,A7103,2026-05-10T19:48:24+00:00,2020-09-15,97821,2,“2020 - AÑO DEL GENERAL MANUEL BELGRANO”,true,,
comunicacion_A,data/raw/02_comunicaciones_A/A7104_2020_ano_del_general_manuel_be.pdf,https://www.bcra.gob.ar/archivos/Pdfs/comytexord/A7104.pdf,A7104,2026-05-10T19:48:24+00:00,2020-09-15,61342,1,“2020 - AÑO DEL GENERAL MANUEL BELGRANO”,true,,
comunicacion_A,data/raw/02_comunicaciones_A/A7105_2020_ano_del_general_manuel_be.pdf,https://www.bcra.gob.ar/archivos/Pdfs/comytexord/A7105.pdf,A7105,2026-05-10T19:48:25+00:00,2020-09-15,80792,2,“2020 - AÑO DEL GENERAL MANUEL BELGRANO”,true,,
comunicacion_A,data/raw/02_comunicaciones_A/A7107_2020_ano_del_general_manuel_be.pdf,https://www.bcra.gob.ar/archivos/Pdfs/comytexord/A7107.pdf,A7107,2026-05-10T19:48:25+00:00,2020-09-17,80541,2,“2020 - AÑO DEL GENERAL MANUEL BELGRANO”,true,,
comunicacion_A,data/raw/02_comunicaciones_A/A7108_2020_ano_del_general_manuel_be.pdf,https://www.bcra.gob.ar/archivos/Pdfs/comytexord/A7108.pdf,A7108,2026-05-10T19:48:26+00:00,2020-09-17,102453,3,“2020 - AÑO DEL GENERAL MANUEL BELGRANO”,true,,
comunicacion_A,data/raw/02_comunicaciones_A/A7109_2020_ano_del_general_manuel_be.pdf,https://www.bcra.gob.ar/archivos/Pdfs/comytexord/A7109.pdf,A7109,2026-05-10T19:48:27+00:00,2020-09-23,243782,9,“2020 - AÑO DEL GENERAL MANUEL BELGRANO”,true,,
comunicacion_A,data/raw/02_comunicaciones_A/A7110_2020_ano_del_general_manuel_be.pdf,https://www.bcra.gob.ar/archivos/Pdfs/comytexord/A7110.pdf,A7110,2026-05-10T19:48:27+00:00,2020-09-23,124130,4,“2020 - AÑO DEL GENERAL MANUEL BELGRANO”,true,,
comunicacion_A,data/raw/02_comunicaciones_A/A7113_2020_ano_del_general_manuel_be.pdf,https://www.bcra.gob.ar/archivos/Pdfs/comytexord/A7113.pdf,A7113,2026-05-10T19:48:28+00:00,2020-09-24,60722,1,“2020 - AÑO DEL GENERAL MANUEL BELGRANO”,true,,
comunicacion_A,data/raw/02_comunicaciones_A/A7112_2020_ano_del_general_manuel_be.pdf,https://www.bcra.gob.ar/archivos/Pdfs/comytexord/A7112.pdf,A7112,2026-05-10T19:48:28+00:00,2020-09-24,354548,15,“2020 - AÑO DEL GENERAL MANUEL BELGRANO”,true,,
comunicacion_A,data/raw/02_comunicaciones_A/A7114_2020_ano_del_general_manuel_be.pdf,https://www.bcra.gob.ar/archivos/Pdfs/comytexord/A7114.pdf,A7114,2026-05-10T19:48:28+00:00,2020-09-24,105193,3,“2020 - AÑO DEL GENERAL MANUEL BELGRANO”,true,,
comunicacion_A,data/raw/02_comunicaciones_A/A7115_2020_ano_del_general_manuel_be.pdf,https://www.bcra.gob.ar/archivos/Pdfs/comytexord/A7115.pdf,A7115,2026-05-10T19:48:29+00:00,2020-09-24,81536,2,“2020 - AÑO DEL GENERAL MANUEL BELGRANO”,true,,
comunicacion_A,data/raw/02_comunicaciones_A/A7116_2020_ano_del_general_manuel_be.pdf,https://www.bcra.gob.ar/archivos/Pdfs/comytexord/A7116.pdf,A7116,2026-05-10T19:48:30+00:00,2020-09-25,137088,4,“2020 - AÑO DEL GENERAL MANUEL BELGRANO”,true,,
comunicacion_A,data/raw/02_comunicaciones_A/A7117_2020_ano_del_general_manuel_be.pdf,https://www.bcra.gob.ar/archivos/Pdfs/comytexord/A7117.pdf,A7117,2026-05-10T19:48:30+00:00,2020-09-29,144012,5,“2020 - AÑO DEL GENERAL MANUEL BELGRANO”,true,,
comunicacion_A,data/raw/02_comunicaciones_A/A7118_2020_ano_del_general_manuel_be.pdf,https://www.bcra.gob.ar/archivos/Pdfs/comytexord/A7118.pdf,A7118,2026-05-10T19:48:31+00:00,2020-09-30,232319,8,“2020 - AÑO DEL GENERAL MANUEL BELGRANO”,true,,
comunicacion_A,data/raw/02_comunicaciones_A/A7119_2020_ano_del_general_manuel_be.pdf,https://www.bcra.gob.ar/archivos/Pdfs/comytexord/A7119.pdf,A7119,2026-05-10T19:48:31+00:00,2020-09-30,186076,6,“2020 - AÑO DEL GENERAL MANUEL BELGRANO”,true,,
comunicacion_A,data/raw/02_comunicaciones_A/A7120_2020_ano_del_general_manuel_be.pdf,https://www.bcra.gob.ar/archivos/Pdfs/comytexord/A7120.pdf,A7120,2026-05-10T19:48:32+00:00,2020-09-30,239528,6,“2020 - AÑO DEL GENERAL MANUEL BELGRANO”,true,,
comunicacion_A,data/raw/02_comunicaciones_A/A7121_2020_ano_del_general_manuel_be.pdf,https://www.bcra.gob.ar/archivos/Pdfs/comytexord/A7121.pdf,A7121,2026-05-10T19:48:32+00:00,2020-09-30,184110,6,“2020 - AÑO DEL GENERAL MANUEL BELGRANO”,true,,
comunicacion_A,data/raw/02_comunicaciones_A/A7122_2020_ano_del_general_manuel_be.pdf,https://www.bcra.gob.ar/archivos/Pdfs/comytexord/A7122.pdf,A7122,2026-05-10T19:48:32+00:00,2020-10-01,60717,1,“2020 - AÑO DEL GENERAL MANUEL BELGRANO”,true,,
comunicacion_A,data/raw/02_comunicaciones_A/A7124_2020_ano_del_general_manuel_be.pdf,https://www.bcra.gob.ar/archivos/Pdfs/comytexord/A7124.pdf,A7124,2026-05-10T19:48:33+00:00,2020-10-02,328151,13,“2020 - AÑO DEL GENERAL MANUEL BELGRANO”,true,,
comunicacion_A,data/raw/02_comunicaciones_A/A7125_2020_ano_del_general_manuel_be.pdf,https://www.bcra.gob.ar/archivos/Pdfs/comytexord/A7125.pdf,A7125,2026-05-10T19:48:34+00:00,2020-10-02,170988,6,“2020 - AÑO DEL GENERAL MANUEL BELGRANO”,true,,
comunicacion_A,data/raw/02_comunicaciones_A/A7127_2020_ano_del_general_manuel_be.pdf,https://www.bcra.gob.ar/archivos/Pdfs/comytexord/A7127.pdf,A7127,2026-05-10T19:48:34+00:00,2020-10-05,157685,5,“2020 - AÑO DEL GENERAL MANUEL BELGRANO”,true,,
comunicacion_A,data/raw/02_comunicaciones_A/A7129_2020_ano_del_general_manuel_be.pdf,https://www.bcra.gob.ar/archivos/Pdfs/comytexord/A7129.pdf,A7129,2026-05-10T19:48:35+00:00,2020-10-07,162375,6,“2020 - AÑO DEL GENERAL MANUEL BELGRANO”,true,,
comunicacion_A,data/raw/02_comunicaciones_A/A7131_2020_ano_del_general_manuel_be.pdf,https://www.bcra.gob.ar/archivos/Pdfs/comytexord/A7131.pdf,A7131,2026-05-10T19:48:35+00:00,2020-10-08,61024,1,“2020 - AÑO DEL GENERAL MANUEL BELGRANO”,true,,
comunicacion_A,data/raw/02_comunicaciones_A/A7132_2020_ano_del_general_manuel_be.pdf,https://www.bcra.gob.ar/archivos/Pdfs/comytexord/A7132.pdf,A7132,2026-05-10T19:48:36+00:00,2020-10-09,147243,5,“2020 - AÑO DEL GENERAL MANUEL BELGRANO”,true,,
comunicacion_A,data/raw/02_comunicaciones_A/A7134_2020_ano_del_general_manuel_be.pdf,https://www.bcra.gob.ar/archivos/Pdfs/comytexord/A7134.pdf,A7134,2026-05-10T19:48:36+00:00,2020-10-09,85058,3,“2020 - AÑO DEL GENERAL MANUEL BELGRANO”,true,,
comunicacion_A,data/raw/02_comunicaciones_A/A7136_2020_ano_del_general_manuel_be.pdf,https://www.bcra.gob.ar/archivos/Pdfs/comytexord/A7136.pdf,A7136,2026-05-10T19:48:37+00:00,2020-10-09,61699,1,“2020 - AÑO DEL GENERAL MANUEL BELGRANO”,true,,
comunicacion_A,data/raw/02_comunicaciones_A/A7137_2020_ano_del_general_manuel_be.pdf,https://www.bcra.gob.ar/archivos/Pdfs/comytexord/A7137.pdf,A7137,2026-05-10T19:48:37+00:00,2020-10-09,96891,2,“2020 - AÑO DEL GENERAL MANUEL BELGRANO”,true,,
comunicacion_A,data/raw/02_comunicaciones_A/A7139_2020_ano_del_general_manuel_be.pdf,https://www.bcra.gob.ar/archivos/Pdfs/comytexord/A7139.pdf,A7139,2026-05-10T19:48:38+00:00,2020-10-15,79642,2,“2020 - AÑO DEL GENERAL MANUEL BELGRANO”,true,,
comunicacion_A,data/raw/02_comunicaciones_A/A7140_2020_ano_del_general_manuel_be.pdf,https://www.bcra.gob.ar/archivos/Pdfs/comytexord/A7140.pdf,A7140,2026-05-10T19:48:38+00:00,2020-10-15,166895,6,“2020 - AÑO DEL GENERAL MANUEL BELGRANO”,true,,
comunicacion_A,data/raw/02_comunicaciones_A/A7143_2020_ano_del_general_manuel_be.pdf,https://www.bcra.gob.ar/archivos/Pdfs/comytexord/A7143.pdf,A7143,2026-05-10T19:48:39+00:00,2020-10-19,588567,25,“2020 - AÑO DEL GENERAL MANUEL BELGRANO”,true,,
comunicacion_A,data/raw/02_comunicaciones_A/A7144_2020_ano_del_general_manuel_be.pdf,https://www.bcra.gob.ar/archivos/Pdfs/comytexord/A7144.pdf,A7144,2026-05-10T19:48:39+00:00,2020-10-20,169447,6,“2020 - AÑO DEL GENERAL MANUEL BELGRANO”,true,,
comunicacion_A,data/raw/02_comunicaciones_A/A7145_2020_ano_del_general_manuel_be.pdf,https://www.bcra.gob.ar/archivos/Pdfs/comytexord/A7145.pdf,A7145,2026-05-10T19:48:40+00:00,2020-10-22,60990,1,“2020 - AÑO DEL GENERAL MANUEL BELGRANO”,true,,
comunicacion_A,data/raw/02_comunicaciones_A/A7146_2020_ano_del_general_manuel_be.pdf,https://www.bcra.gob.ar/archivos/Pdfs/comytexord/A7146.pdf,A7146,2026-05-10T19:48:40+00:00,2020-10-22,100977,3,“2020 - AÑO DEL GENERAL MANUEL BELGRANO”,true,,
comunicacion_A,data/raw/02_comunicaciones_A/A7147_2020_ano_del_general_manuel_be.pdf,https://www.bcra.gob.ar/archivos/Pdfs/comytexord/A7147.pdf,A7147,2026-05-10T19:48:41+00:00,2020-10-22,139169,5,“2020 - AÑO DEL GENERAL MANUEL BELGRANO”,true,,
comunicacion_A,data/raw/02_comunicaciones_A/A7148_2020_ano_del_general_manuel_be.pdf,https://www.bcra.gob.ar/archivos/Pdfs/comytexord/A7148.pdf,A7148,2026-05-10T19:48:41+00:00,2020-10-26,113861,3,“2020 - AÑO DEL GENERAL MANUEL BELGRANO”,true,,
comunicacion_A,data/raw/02_comunicaciones_A/A7149_2020_ano_del_general_manuel_be.pdf,https://www.bcra.gob.ar/archivos/Pdfs/comytexord/A7149.pdf,A7149,2026-05-10T19:48:42+00:00,2020-10-29,186829,6,“2020 - AÑO DEL GENERAL MANUEL BELGRANO”,true,,
comunicacion_A,data/raw/02_comunicaciones_A/A7150_2020_ano_del_general_manuel_be.pdf,https://www.bcra.gob.ar/archivos/Pdfs/comytexord/A7150.pdf,A7150,2026-05-10T19:48:42+00:00,2020-10-29,61632,1,“2020 - AÑO DEL GENERAL MANUEL BELGRANO”,true,,
comunicacion_A,data/raw/02_comunicaciones_A/A7152_2020_ano_del_general_manuel_be.pdf,https://www.bcra.gob.ar/archivos/Pdfs/comytexord/A7152.pdf,A7152,2026-05-10T19:48:43+00:00,2020-10-30,137021,4,“2020 - AÑO DEL GENERAL MANUEL BELGRANO”,true,,
comunicacion_A,data/raw/02_comunicaciones_A/A7154_2020_ano_del_general_manuel_be.pdf,https://www.bcra.gob.ar/archivos/Pdfs/comytexord/A7154.pdf,A7154,2026-05-10T19:48:43+00:00,2020-11-02,79612,2,“2020 - AÑO DEL GENERAL MANUEL BELGRANO”,true,,
comunicacion_A,data/raw/02_comunicaciones_A/A7159_2020_ano_del_general_manuel_be.pdf,https://www.bcra.gob.ar/archivos/Pdfs/comytexord/A7159.pdf,A7159,2026-05-10T19:48:44+00:00,2020-11-05,204913,8,“2020 - AÑO DEL GENERAL MANUEL BELGRANO”,true,,
comunicacion_A,data/raw/02_comunicaciones_A/A7160_2020_ano_del_general_manuel_be.pdf,https://www.bcra.gob.ar/archivos/Pdfs/comytexord/A7160.pdf,A7160,2026-05-10T19:48:45+00:00,2020-11-12,80101,2,“2020 - AÑO DEL GENERAL MANUEL BELGRANO”,true,,
comunicacion_A,data/raw/02_comunicaciones_A/A7153_2020_ano_del_general_manuel_be.pdf,https://www.bcra.gob.ar/archivos/Pdfs/comytexord/A7153.pdf,A7153,2026-05-10T19:48:46+00:00,2020-10-30,1659570,70,“2020 - AÑO DEL GENERAL MANUEL BELGRANO”,true,,
comunicacion_A,data/raw/02_comunicaciones_A/A7161_2020_ano_del_general_manuel_be.pdf,https://www.bcra.gob.ar/archivos/Pdfs/comytexord/A7161.pdf,A7161,2026-05-10T19:48:46+00:00,2020-11-12,347030,15,“2020 - AÑO DEL GENERAL MANUEL BELGRANO”,true,,
comunicacion_A,data/raw/02_comunicaciones_A/A7163_2020_ano_del_general_manuel_be.pdf,https://www.bcra.gob.ar/archivos/Pdfs/comytexord/A7163.pdf,A7163,2026-05-10T19:48:46+00:00,2020-11-17,136521,4,“2020 - AÑO DEL GENERAL MANUEL BELGRANO”,true,,
comunicacion_A,data/raw/02_comunicaciones_A/A7164_2020_ano_del_general_manuel_be.pdf,https://www.bcra.gob.ar/archivos/Pdfs/comytexord/A7164.pdf,A7164,2026-05-10T19:48:47+00:00,2020-11-17,136297,4,“2020 - AÑO DEL GENERAL MANUEL BELGRANO”,true,,
comunicacion_A,data/raw/02_comunicaciones_A/A7166_2020_ano_del_general_manuel_be.pdf,https://www.bcra.gob.ar/archivos/Pdfs/comytexord/A7166.pdf,A7166,2026-05-10T19:48:47+00:00,2020-11-19,117196,3,“2020 - AÑO DEL GENERAL MANUEL BELGRANO”,true,,
comunicacion_A,data/raw/02_comunicaciones_A/A7167_2020_ano_del_general_manuel_be.pdf,https://www.bcra.gob.ar/archivos/Pdfs/comytexord/A7167.pdf,A7167,2026-05-10T19:48:48+00:00,2020-11-19,116694,3,“2020 - AÑO DEL GENERAL MANUEL BELGRANO”,true,,
comunicacion_A,data/raw/02_comunicaciones_A/A7169_2020_ano_del_general_manuel_be.pdf,https://www.bcra.gob.ar/archivos/Pdfs/comytexord/A7169.pdf,A7169,2026-05-10T19:48:48+00:00,2020-11-20,91486,3,“2020 - AÑO DEL GENERAL MANUEL BELGRANO”,true,,
comunicacion_A,data/raw/02_comunicaciones_A/A7170_2020_ano_del_general_manuel_be.pdf,https://www.bcra.gob.ar/archivos/Pdfs/comytexord/A7170.pdf,A7170,2026-05-10T19:48:49+00:00,2020-11-30,265399,10,“2020 - AÑO DEL GENERAL MANUEL BELGRANO”,true,,
comunicacion_A,data/raw/02_comunicaciones_A/A7171_2020_ano_del_general_manuel_be.pdf,https://www.bcra.gob.ar/archivos/Pdfs/comytexord/A7171.pdf,A7171,2026-05-10T19:48:49+00:00,2020-12-01,137084,4,“2020 - AÑO DEL GENERAL MANUEL BELGRANO”,true,,
comunicacion_A,data/raw/02_comunicaciones_A/A7172_2020_ano_del_general_manuel_be.pdf,https://www.bcra.gob.ar/archivos/Pdfs/comytexord/A7172.pdf,A7172,2026-05-10T19:48:50+00:00,2020-12-01,117887,3,“2020 - AÑO DEL GENERAL MANUEL BELGRANO”,true,,
comunicacion_A,data/raw/02_comunicaciones_A/A7174_2020_ano_del_general_manuel_be.pdf,https://www.bcra.gob.ar/archivos/Pdfs/comytexord/A7174.pdf,A7174,2026-05-10T19:48:50+00:00,2020-12-03,102714,3,“2020 - AÑO DEL GENERAL MANUEL BELGRANO”,true,,
comunicacion_A,data/raw/02_comunicaciones_A/A7176_2020_ano_del_general_manuel_be.pdf,https://www.bcra.gob.ar/archivos/Pdfs/comytexord/A7176.pdf,A7176,2026-05-10T19:48:51+00:00,2020-12-10,61854,1,“2020 - AÑO DEL GENERAL MANUEL BELGRANO”,true,,
comunicacion_A,data/raw/02_comunicaciones_A/A7178_2020_ano_del_general_manuel_be.pdf,https://www.bcra.gob.ar/archivos/Pdfs/comytexord/A7178.pdf,A7178,2026-05-10T19:48:53+00:00,2020-12-11,400583,16,“2020 - AÑO DEL GENERAL MANUEL BELGRANO”,true,,
comunicacion_A,data/raw/02_comunicaciones_A/A7175_2020_ano_del_general_manuel_be.pdf,https://www.bcra.gob.ar/archivos/Pdfs/comytexord/A7175.pdf,A7175,2026-05-10T19:48:53+00:00,2020-12-05,2007674,89,“2020 - AÑO DEL GENERAL MANUEL BELGRANO”,true,,
comunicacion_A,data/raw/02_comunicaciones_A/A7179_2020_ano_del_general_manuel_be.pdf,https://www.bcra.gob.ar/archivos/Pdfs/comytexord/A7179.pdf,A7179,2026-05-10T19:48:53+00:00,2020-12-11,217960,8,“2020 - AÑO DEL GENERAL MANUEL BELGRANO”,true,,
comunicacion_A,data/raw/02_comunicaciones_A/A7180_2020_ano_del_general_manuel_be.pdf,https://www.bcra.gob.ar/archivos/Pdfs/comytexord/A7180.pdf,A7180,2026-05-10T19:48:54+00:00,2020-12-15,164144,6,“2020 - AÑO DEL GENERAL MANUEL BELGRANO”,true,,
comunicacion_A,data/raw/02_comunicaciones_A/A7182_2020_ano_del_general_manuel_be.pdf,https://www.bcra.gob.ar/archivos/Pdfs/comytexord/A7182.pdf,A7182,2026-05-10T19:48:55+00:00,2020-12-17,265666,11,“2020 - AÑO DEL GENERAL MANUEL BELGRANO”,true,,
comunicacion_A,data/raw/02_comunicaciones_A/A7183_2020_ano_del_general_manuel_be.pdf,https://www.bcra.gob.ar/archivos/Pdfs/comytexord/A7183.pdf,A7183,2026-05-10T19:48:55+00:00,2020-12-18,139489,4,“2020 - AÑO DEL GENERAL MANUEL BELGRANO”,true,,
comunicacion_A,data/raw/02_comunicaciones_A/A7185_2020_ano_del_general_manuel_be.pdf,https://www.bcra.gob.ar/archivos/Pdfs/comytexord/A7185.pdf,A7185,2026-05-10T19:48:55+00:00,2020-12-23,78084,2,“2020 - AÑO DEL GENERAL MANUEL BELGRANO”,true,,
comunicacion_A,data/raw/02_comunicaciones_A/A7186_2020_ano_del_general_manuel_be.pdf,https://www.bcra.gob.ar/archivos/Pdfs/comytexord/A7186.pdf,A7186,2026-05-10T19:48:56+00:00,2020-12-28,146015,4,“2020 - AÑO DEL GENERAL MANUEL BELGRANO”,true,,
comunicacion_A,data/raw/02_comunicaciones_A/A7187_2020_ano_del_general_manuel_be.pdf,https://www.bcra.gob.ar/archivos/Pdfs/comytexord/A7187.pdf,A7187,2026-05-10T19:48:56+00:00,2020-12-28,182100,6,“2020 - AÑO DEL GENERAL MANUEL BELGRANO”,true,,
comunicacion_A,data/raw/02_comunicaciones_A/A7188_2020_ano_del_general_manuel_be.pdf,https://www.bcra.gob.ar/archivos/Pdfs/comytexord/A7188.pdf,A7188,2026-05-10T19:48:57+00:00,2020-12-28,164634,5,“2020 - AÑO DEL GENERAL MANUEL BELGRANO”,true,,
comunicacion_A,data/raw/02_comunicaciones_A/A7189_2020_ano_del_general_manuel_be.pdf,https://www.bcra.gob.ar/archivos/Pdfs/comytexord/A7189.pdf,A7189,2026-05-10T19:48:57+00:00,2020-12-28,162550,5,“2020 - AÑO DEL GENERAL MANUEL BELGRANO”,true,,
comunicacion_A,data/raw/02_comunicaciones_A/A7190_2020_ano_del_general_manuel_be.pdf,https://www.bcra.gob.ar/archivos/Pdfs/comytexord/A7190.pdf,A7190,2026-05-10T19:48:58+00:00,2020-12-28,162553,5,“2020 - AÑO DEL GENERAL MANUEL BELGRANO”,true,,
comunicacion_A,data/raw/02_comunicaciones_A/A7195_comunicacion_a_7195_05_01_2021.pdf,https://www.bcra.gob.ar/archivos/Pdfs/comytexord/A7195.pdf,A7195,2026-05-10T19:48:59+00:00,2021-01-05,60344,1,COMUNICACIÓN  “A”  7195 05/01/2021,true,,
comunicacion_A,data/raw/02_comunicaciones_A/A7197_comunicacion_a_7197_06_01_2021.pdf,https://www.bcra.gob.ar/archivos/Pdfs/comytexord/A7197.pdf,A7197,2026-05-10T19:48:59+00:00,2021-01-06,103185,3,COMUNICACIÓN  “A”  7197 06/01/2021,true,,
comunicacion_A,data/raw/02_comunicaciones_A/A7192_2020_ano_del_general_manuel_be.pdf,https://www.bcra.gob.ar/archivos/Pdfs/comytexord/A7192.pdf,A7192,2026-05-10T19:49:00+00:00,2020-12-29,858651,38,“2020 - AÑO DEL GENERAL MANUEL BELGRANO”,true,,
comunicacion_A,data/raw/02_comunicaciones_A/A7198_comunicacion_a_7198_06_01_2021.pdf,https://www.bcra.gob.ar/archivos/Pdfs/comytexord/A7198.pdf,A7198,2026-05-10T19:49:00+00:00,2021-01-06,130823,4,COMUNICACIÓN  “A”  7198 06/01/2021,true,,
comunicacion_A,data/raw/02_comunicaciones_A/A7203_comunicacion_a_7203_12_01_2021.pdf,https://www.bcra.gob.ar/archivos/Pdfs/comytexord/A7203.pdf,A7203,2026-05-10T19:49:01+00:00,2021-01-12,270557,10,COMUNICACIÓN  “A”  7203 12/01/2021,true,,
comunicacion_A,data/raw/02_comunicaciones_A/A7204_comunicacion_a_7204_15_01_2021.pdf,https://www.bcra.gob.ar/archivos/Pdfs/comytexord/A7204.pdf,A7204,2026-05-10T19:49:01+00:00,2021-01-15,102423,3,COMUNICACIÓN  “A”  7204 15/01/2021,true,,
comunicacion_A,data/raw/02_comunicaciones_A/A7205_2021_ano_de_homenaje_al_premio.pdf,https://www.bcra.gob.ar/archivos/Pdfs/comytexord/A7205.pdf,A7205,2026-05-10T19:49:01+00:00,2021-01-20,115363,3,"""2021 - AÑO DE HOMENAJE AL PREMIO NOBEL DE MEDICINA DR. CÉSAR MILSTEIN""",true,,
comunicacion_A,data/raw/02_comunicaciones_A/A7206_2021_ano_de_homenaje_al_premio.pdf,https://www.bcra.gob.ar/archivos/Pdfs/comytexord/A7206.pdf,A7206,2026-05-10T19:49:02+00:00,2021-01-21,118401,3,"""2021 - AÑO DE HOMENAJE AL PREMIO NOBEL DE MEDICINA DR. CÉSAR MILSTEIN""",true,,
comunicacion_A,data/raw/02_comunicaciones_A/A7207_2021_ano_de_homenaje_al_premio.pdf,https://www.bcra.gob.ar/archivos/Pdfs/comytexord/A7207.pdf,A7207,2026-05-10T19:49:02+00:00,2021-01-21,105811,3,"""2021 - AÑO DE HOMENAJE AL PREMIO NOBEL DE MEDICINA DR. CÉSAR MILSTEIN""",true,,
comunicacion_A,data/raw/02_comunicaciones_A/A7208_2021_ano_de_homenaje_al_premio.pdf,https://www.bcra.gob.ar/archivos/Pdfs/comytexord/A7208.pdf,A7208,2026-05-10T19:49:05+00:00,2021-01-22,81441,2,"""2021 - AÑO DE HOMENAJE AL PREMIO NOBEL DE MEDICINA DR. CÉSAR MILSTEIN""",true,,
comunicacion_A,data/raw/02_comunicaciones_A/A7210_2021_ano_de_homenaje_al_premio.pdf,https://www.bcra.gob.ar/archivos/Pdfs/comytexord/A7210.pdf,A7210,2026-05-10T19:49:05+00:00,2021-01-28,60401,1,"""2021 - AÑO DE HOMENAJE AL PREMIO NOBEL DE MEDICINA DR. CÉSAR MILSTEIN""",true,,
comunicacion_A,data/raw/02_comunicaciones_A/A7209_2021_ano_de_homenaje_al_premio.pdf,https://www.bcra.gob.ar/archivos/Pdfs/comytexord/A7209.pdf,A7209,2026-05-10T19:49:06+00:00,2021-01-25,137203,4,"""2021 - AÑO DE HOMENAJE AL PREMIO NOBEL DE MEDICINA DR. CÉSAR MILSTEIN""",true,,
comunicacion_A,data/raw/02_comunicaciones_A/A7211_2021_ano_de_homenaje_al_premio.pdf,https://www.bcra.gob.ar/archivos/Pdfs/comytexord/A7211.pdf,A7211,2026-05-10T19:49:06+00:00,2021-01-28,291376,4,"""2021 - AÑO DE HOMENAJE AL PREMIO NOBEL DE MEDICINA DR. CÉSAR MILSTEIN""",true,,
comunicacion_A,data/raw/02_comunicaciones_A/A7212_2021_ano_de_homenaje_al_premio.pdf,https://www.bcra.gob.ar/archivos/Pdfs/comytexord/A7212.pdf,A7212,2026-05-10T19:49:07+00:00,2021-02-01,61117,1,"""2021 - AÑO DE HOMENAJE AL PREMIO NOBEL DE MEDICINA DR. CÉSAR MILSTEIN""",true,,
comunicacion_A,data/raw/02_comunicaciones_A/A7213_2021_ano_de_homenaje_al_premio.pdf,https://www.bcra.gob.ar/archivos/Pdfs/comytexord/A7213.pdf,A7213,2026-05-10T19:49:07+00:00,2021-02-01,328112,13,"""2021 - AÑO DE HOMENAJE AL PREMIO NOBEL DE MEDICINA DR. CÉSAR MILSTEIN""",true,,
comunicacion_A,data/raw/02_comunicaciones_A/A7215_2021_ano_de_homenaje_al_premio.pdf,https://www.bcra.gob.ar/archivos/Pdfs/comytexord/A7215.pdf,A7215,2026-05-10T19:49:08+00:00,2021-02-04,61759,1,"""2021 - AÑO DE HOMENAJE AL PREMIO NOBEL DE MEDICINA DR. CÉSAR MILSTEIN""",true,,
comunicacion_A,data/raw/02_comunicaciones_A/A7216_2021_ano_de_homenaje_al_premio.pdf,https://www.bcra.gob.ar/archivos/Pdfs/comytexord/A7216.pdf,A7216,2026-05-10T19:49:08+00:00,2021-02-04,61196,1,"""2021 - AÑO DE HOMENAJE AL PREMIO NOBEL DE MEDICINA DR. CÉSAR MILSTEIN""",true,,
comunicacion_A,data/raw/02_comunicaciones_A/A7219_2021_ano_de_homenaje_al_premio.pdf,https://www.bcra.gob.ar/archivos/Pdfs/comytexord/A7219.pdf,A7219,2026-05-10T19:49:09+00:00,2021-02-05,127952,4,"""2021 - AÑO DE HOMENAJE AL PREMIO NOBEL DE MEDICINA DR. CÉSAR MILSTEIN""",true,,
comunicacion_A,data/raw/02_comunicaciones_A/A7220_2021_ano_de_homenaje_al_premio.pdf,https://www.bcra.gob.ar/archivos/Pdfs/comytexord/A7220.pdf,A7220,2026-05-10T19:49:09+00:00,2021-02-05,80530,2,"""2021 - AÑO DE HOMENAJE AL PREMIO NOBEL DE MEDICINA DR. CÉSAR MILSTEIN""",true,,
comunicacion_A,data/raw/02_comunicaciones_A/A7222_2021_ano_de_homenaje_al_premio.pdf,https://www.bcra.gob.ar/archivos/Pdfs/comytexord/A7222.pdf,A7222,2026-05-10T19:49:10+00:00,2021-02-09,60819,1,"""2021 - AÑO DE HOMENAJE AL PREMIO NOBEL DE MEDICINA DR. CÉSAR MILSTEIN""",true,,
comunicacion_A,data/raw/02_comunicaciones_A/A7223_2021_ano_de_homenaje_al_premio.pdf,https://www.bcra.gob.ar/archivos/Pdfs/comytexord/A7223.pdf,A7223,2026-05-10T19:49:10+00:00,2021-02-09,79704,2,"""2021 - AÑO DE HOMENAJE AL PREMIO NOBEL DE MEDICINA DR. CÉSAR MILSTEIN""",true,,
comunicacion_A,data/raw/02_comunicaciones_A/A7225_2021_ano_de_homenaje_al_premio.pdf,https://www.bcra.gob.ar/archivos/Pdfs/comytexord/A7225.pdf,A7225,2026-05-10T19:49:11+00:00,2021-02-11,164982,6,"""2021 - AÑO DE HOMENAJE AL PREMIO NOBEL DE MEDICINA DR. CÉSAR MILSTEIN""",true,,
comunicacion_A,data/raw/02_comunicaciones_A/A7226_2021_ano_de_homenaje_al_premio.pdf,https://www.bcra.gob.ar/archivos/Pdfs/comytexord/A7226.pdf,A7226,2026-05-10T19:49:11+00:00,2021-02-17,109172,3,"""2021 - AÑO DE HOMENAJE AL PREMIO NOBEL DE MEDICINA DR. CÉSAR MILSTEIN""",true,,
comunicacion_A,data/raw/02_comunicaciones_A/A7227_2021_ano_de_homenaje_al_premio.pdf,https://www.bcra.gob.ar/archivos/Pdfs/comytexord/A7227.pdf,A7227,2026-05-10T19:49:12+00:00,2021-02-25,103216,3,"""2021 - AÑO DE HOMENAJE AL PREMIO NOBEL DE MEDICINA DR. CÉSAR MILSTEIN""",true,,
comunicacion_A,data/raw/02_comunicaciones_A/A7228_ano_de_homenaje_al_premio_nobe.pdf,https://www.bcra.gob.ar/archivos/Pdfs/comytexord/A7228.pdf,A7228,2026-05-10T19:49:12+00:00,2021-02-25,180268,6,“AÑO DE HOMENAJE AL PREMIO NOBEL DE MEDICINA DR. CÉSAR MILSTEIN”,true,,
comunicacion_A,data/raw/02_comunicaciones_A/A7231_2021_ano_de_homenaje_al_premio.pdf,https://www.bcra.gob.ar/archivos/Pdfs/comytexord/A7231.pdf,A7231,2026-05-10T19:49:13+00:00,2021-03-04,341455,7,“2021 - AÑO DE HOMENAJE AL PREMIO NOBEL DE MEDICINA DR. CÉSAR MILSTEIN”,true,,
comunicacion_A,data/raw/02_comunicaciones_A/A7232_2021_ano_de_homenaje_al_premio.pdf,https://www.bcra.gob.ar/archivos/Pdfs/comytexord/A7232.pdf,A7232,2026-05-10T19:49:13+00:00,2021-03-04,410426,7,“2021 - AÑO DE HOMENAJE AL PREMIO NOBEL DE MEDICINA DR. CÉSAR MILSTEIN”,true,,
comunicacion_A,data/raw/02_comunicaciones_A/A7233_2021_ano_de_homenaje_al_premio.pdf,https://www.bcra.gob.ar/archivos/Pdfs/comytexord/A7233.pdf,A7233,2026-05-10T19:49:14+00:00,2021-03-05,130984,1,“2021 - AÑO DE HOMENAJE AL PREMIO NOBEL DE MEDICINA DR. CÉSAR MILSTEIN”,true,,
comunicacion_A,data/raw/02_comunicaciones_A/A7234_2021_ano_de_homenaje_al_premio.pdf,https://www.bcra.gob.ar/archivos/Pdfs/comytexord/A7234.pdf,A7234,2026-05-10T19:49:14+00:00,2021-03-11,197707,5,“2021 - AÑO DE HOMENAJE AL PREMIO NOBEL DE MEDICINA DR. CÉSAR MILSTEIN”,true,,
comunicacion_A,data/raw/02_comunicaciones_A/A7235_2021_ano_de_homenaje_al_premio.pdf,https://www.bcra.gob.ar/archivos/Pdfs/comytexord/A7235.pdf,A7235,2026-05-10T19:49:15+00:00,2021-03-11,232858,3,“2021 - AÑO DE HOMENAJE AL PREMIO NOBEL DE MEDICINA DR. CÉSAR MILSTEIN”,true,,
comunicacion_A,data/raw/02_comunicaciones_A/A7236_2021_ano_de_homenaje_al_premio.pdf,https://www.bcra.gob.ar/archivos/Pdfs/comytexord/A7236.pdf,A7236,2026-05-10T19:49:15+00:00,2021-03-12,167937,2,“2021 - AÑO DE HOMENAJE AL PREMIO NOBEL DE MEDICINA DR. CÉSAR MILSTEIN”,true,,
comunicacion_A,data/raw/02_comunicaciones_A/A7238_2021_ano_de_homenaje_al_premio.pdf,https://www.bcra.gob.ar/archivos/Pdfs/comytexord/A7238.pdf,A7238,2026-05-10T19:49:16+00:00,2021-03-12,339703,8,“2021 - AÑO DE HOMENAJE AL PREMIO NOBEL DE MEDICINA DR. CÉSAR MILSTEIN”,true,,
comunicacion_A,data/raw/02_comunicaciones_A/A7240_2021_ano_de_homenaje_al_premio.pdf,https://www.bcra.gob.ar/archivos/Pdfs/comytexord/A7240.pdf,A7240,2026-05-10T19:49:16+00:00,2021-03-18,374609,14,“2021 - AÑO DE HOMENAJE AL PREMIO NOBEL DE MEDICINA DR. CÉSAR MILSTEIN”,true,,
comunicacion_A,data/raw/02_comunicaciones_A/A7241_2021_ano_de_homenaje_al_premio.pdf,https://www.bcra.gob.ar/archivos/Pdfs/comytexord/A7241.pdf,A7241,2026-05-10T19:49:17+00:00,2021-03-19,126943,1,“2021 - AÑO DE HOMENAJE AL PREMIO NOBEL DE MEDICINA DR. CÉSAR MILSTEIN”,true,,
comunicacion_A,data/raw/02_comunicaciones_A/A7243_2021_ano_de_homenaje_al_premio.pdf,https://www.bcra.gob.ar/archivos/Pdfs/comytexord/A7243.pdf,A7243,2026-05-10T19:49:17+00:00,2021-03-23,240839,4,“2021 - AÑO DE HOMENAJE AL PREMIO NOBEL DE MEDICINA DR. CÉSAR MILSTEIN”,true,,
comunicacion_A,data/raw/02_comunicaciones_A/A7244_2021_ano_de_homenaje_al_premio.pdf,https://www.bcra.gob.ar/archivos/Pdfs/comytexord/A7244.pdf,A7244,2026-05-10T19:49:18+00:00,2021-03-25,235093,9,“2021 - AÑO DE HOMENAJE AL PREMIO NOBEL DE MEDICINA DR. CÉSAR MILSTEIN”,true,,
comunicacion_A,data/raw/02_comunicaciones_A/A7245_2021_ano_de_homenaje_al_premio.pdf,https://www.bcra.gob.ar/archivos/Pdfs/comytexord/A7245.pdf,A7245,2026-05-10T19:49:18+00:00,2021-03-25,183805,4,“2021 - AÑO DE HOMENAJE AL PREMIO NOBEL DE MEDICINA DR. CÉSAR MILSTEIN”,true,,
comunicacion_A,data/raw/02_comunicaciones_A/A7246_2021_ano_de_homenaje_al_premio.pdf,https://www.bcra.gob.ar/archivos/Pdfs/comytexord/A7246.pdf,A7246,2026-05-10T19:49:19+00:00,2021-03-25,408991,5,“2021 - AÑO DE HOMENAJE AL PREMIO NOBEL DE MEDICINA DR. CÉSAR MILSTEIN”,true,,
comunicacion_A,data/raw/02_comunicaciones_A/A7247_2021_ano_de_homenaje_al_premio.pdf,https://www.bcra.gob.ar/archivos/Pdfs/comytexord/A7247.pdf,A7247,2026-05-10T19:49:19+00:00,2021-03-25,251559,8,“2021 - AÑO DE HOMENAJE AL PREMIO NOBEL DE MEDICINA DR. CÉSAR MILSTEIN”,true,,
comunicacion_A,data/raw/02_comunicaciones_A/A7248_2021_ano_de_homenaje_al_premio.pdf,https://www.bcra.gob.ar/archivos/Pdfs/comytexord/A7248.pdf,A7248,2026-05-10T19:49:20+00:00,2021-03-31,128290,1,“2021 - AÑO DE HOMENAJE AL PREMIO NOBEL DE MEDICINA DR. CÉSAR MILSTEIN”,true,,
comunicacion_A,data/raw/02_comunicaciones_A/A7250_2021_ano_de_homenaje_al_premio.pdf,https://www.bcra.gob.ar/archivos/Pdfs/comytexord/A7250.pdf,A7250,2026-05-10T19:49:20+00:00,2021-03-31,130518,1,“2021 - AÑO DE HOMENAJE AL PREMIO NOBEL DE MEDICINA DR. CÉSAR MILSTEIN”,true,,
comunicacion_A,data/raw/02_comunicaciones_A/A7251_2021_ano_de_homenaje_al_premio.pdf,https://www.bcra.gob.ar/archivos/Pdfs/comytexord/A7251.pdf,A7251,2026-05-10T19:49:21+00:00,2021-03-31,131390,1,“2021 - AÑO DE HOMENAJE AL PREMIO NOBEL DE MEDICINA DR. CÉSAR MILSTEIN”,true,,
comunicacion_A,data/raw/02_comunicaciones_A/A7252_2021_ano_de_homenaje_al_premio.pdf,https://www.bcra.gob.ar/archivos/Pdfs/comytexord/A7252.pdf,A7252,2026-05-10T19:49:21+00:00,2021-03-31,128673,1,“2021 - AÑO DE HOMENAJE AL PREMIO NOBEL DE MEDICINA DR. CÉSAR MILSTEIN”,true,,
comunicacion_A,data/raw/02_comunicaciones_A/A7254_2021_ano_de_homenaje_al_premio.pdf,https://www.bcra.gob.ar/archivos/Pdfs/comytexord/A7254.pdf,A7254,2026-05-10T19:49:22+00:00,2021-03-31,259009,4,“2021 - AÑO DE HOMENAJE AL PREMIO NOBEL DE MEDICINA DR. CÉSAR MILSTEIN”,true,,
comunicacion_A,data/raw/02_comunicaciones_A/A7255_2021_ano_de_homenaje_al_premio.pdf,https://www.bcra.gob.ar/archivos/Pdfs/comytexord/A7255.pdf,A7255,2026-05-10T19:49:22+00:00,2021-04-06,254398,2,“2021 - AÑO DE HOMENAJE AL PREMIO NOBEL DE MEDICINA DR. CÉSAR MILSTEIN”,true,,
comunicacion_A,data/raw/02_comunicaciones_A/A7256_2021_ano_de_homenaje_al_premio.pdf,https://www.bcra.gob.ar/archivos/Pdfs/comytexord/A7256.pdf,A7256,2026-05-10T19:49:23+00:00,2021-04-06,295975,3,“2021 - AÑO DE HOMENAJE AL PREMIO NOBEL DE MEDICINA DR. CÉSAR MILSTEIN”,true,,
comunicacion_A,data/raw/02_comunicaciones_A/A7257_2021_ano_de_homenaje_al_premio.pdf,https://www.bcra.gob.ar/archivos/Pdfs/comytexord/A7257.pdf,A7257,2026-05-10T19:49:23+00:00,2021-04-06,199684,3,“2021 - AÑO DE HOMENAJE AL PREMIO NOBEL DE MEDICINA DR. CÉSAR MILSTEIN”,true,,
comunicacion_A,data/raw/02_comunicaciones_A/A7258_2021_ano_de_homenaje_al_premio.pdf,https://www.bcra.gob.ar/archivos/Pdfs/comytexord/A7258.pdf,A7258,2026-05-10T19:49:24+00:00,2021-04-06,293994,3,“2021 - AÑO DE HOMENAJE AL PREMIO NOBEL DE MEDICINA DR. CÉSAR MILSTEIN”,true,,
comunicacion_A,data/raw/02_comunicaciones_A/A7260_2021_ano_de_homenaje_al_premio.pdf,https://www.bcra.gob.ar/archivos/Pdfs/comytexord/A7260.pdf,A7260,2026-05-10T19:49:24+00:00,2021-04-08,128478,1,“2021 - AÑO DE HOMENAJE AL PREMIO NOBEL DE MEDICINA DR. CÉSAR MILSTEIN”,true,,
comunicacion_A,data/raw/02_comunicaciones_A/A7261_2021_ano_de_homenaje_al_premio.pdf,https://www.bcra.gob.ar/archivos/Pdfs/comytexord/A7261.pdf,A7261,2026-05-10T19:49:25+00:00,2021-04-13,291514,5,“2021 - AÑO DE HOMENAJE AL PREMIO NOBEL DE MEDICINA DR. CÉSAR MILSTEIN”,true,,
comunicacion_A,data/raw/02_comunicaciones_A/A7262_2021_ano_de_homenaje_al_premio.pdf,https://www.bcra.gob.ar/archivos/Pdfs/comytexord/A7262.pdf,A7262,2026-05-10T19:49:25+00:00,2021-04-15,175729,3,“2021 - AÑO DE HOMENAJE AL PREMIO NOBEL DE MEDICINA DR. CÉSAR MILSTEIN”,true,,
comunicacion_A,data/raw/02_comunicaciones_A/A7264_2021_ano_de_homenaje_al_premio.pdf,https://www.bcra.gob.ar/archivos/Pdfs/comytexord/A7264.pdf,A7264,2026-05-10T19:49:26+00:00,2021-04-15,282318,4,“2021 - AÑO DE HOMENAJE AL PREMIO NOBEL DE MEDICINA DR. CÉSAR MILSTEIN”,true,,
comunicacion_A,data/raw/02_comunicaciones_A/A7265_2021_ano_de_homenaje_al_premio.pdf,https://www.bcra.gob.ar/archivos/Pdfs/comytexord/A7265.pdf,A7265,2026-05-10T19:49:26+00:00,2021-04-15,213829,6,“2021 - AÑO DE HOMENAJE AL PREMIO NOBEL DE MEDICINA DR. CÉSAR MILSTEIN”,true,,
comunicacion_A,data/raw/02_comunicaciones_A/A7266_2021_ano_de_homenaje_al_premio.pdf,https://www.bcra.gob.ar/archivos/Pdfs/comytexord/A7266.pdf,A7266,2026-05-10T19:49:27+00:00,2021-04-16,358132,14,“2021 - AÑO DE HOMENAJE AL PREMIO NOBEL DE MEDICINA DR. CÉSAR MILSTEIN”,true,,
comunicacion_A,data/raw/02_comunicaciones_A/A7267_2021_ano_de_homenaje_al_premio.pdf,https://www.bcra.gob.ar/archivos/Pdfs/comytexord/A7267.pdf,A7267,2026-05-10T19:49:27+00:00,2021-04-22,129379,1,“2021 - AÑO DE HOMENAJE AL PREMIO NOBEL DE MEDICINA DR. CÉSAR MILSTEIN”,true,,
comunicacion_A,data/raw/02_comunicaciones_A/A7268_2021_ano_de_homenaje_al_premio.pdf,https://www.bcra.gob.ar/archivos/Pdfs/comytexord/A7268.pdf,A7268,2026-05-10T19:49:28+00:00,2021-04-22,130786,1,“2021 - AÑO DE HOMENAJE AL PREMIO NOBEL DE MEDICINA DR. CÉSAR MILSTEIN”,true,,
comunicacion_A,data/raw/02_comunicaciones_A/A7271_2021_ano_de_homenaje_al_premio.pdf,https://www.bcra.gob.ar/archivos/Pdfs/comytexord/A7271.pdf,A7271,2026-05-10T19:49:28+00:00,2021-04-27,321685,7,“2021 - AÑO DE HOMENAJE AL PREMIO NOBEL DE MEDICINA DR. CÉSAR MILSTEIN”,true,,
comunicacion_A,data/raw/02_comunicaciones_A/A7274_2021_ano_de_homenaje_al_premio.pdf,https://www.bcra.gob.ar/archivos/Pdfs/comytexord/A7274.pdf,A7274,2026-05-10T19:49:29+00:00,2021-04-29,154525,2,“2021 - AÑO DE HOMENAJE AL PREMIO NOBEL DE MEDICINA DR. CÉSAR MILSTEIN”,true,,
comunicacion_A,data/raw/02_comunicaciones_A/A7275_2021_ano_de_homenaje_al_premio.pdf,https://www.bcra.gob.ar/archivos/Pdfs/comytexord/A7275.pdf,A7275,2026-05-10T19:49:30+00:00,2021-04-29,310590,9,“2021 - AÑO DE HOMENAJE AL PREMIO NOBEL DE MEDICINA DR. CÉSAR MILSTEIN”,true,,
comunicacion_A,data/raw/02_comunicaciones_A/A7276_2021_ano_de_homenaje_al_premio.pdf,https://www.bcra.gob.ar/archivos/Pdfs/comytexord/A7276.pdf,A7276,2026-05-10T19:49:30+00:00,2021-04-29,129500,1,“2021 - AÑO DE HOMENAJE AL PREMIO NOBEL DE MEDICINA DR. CÉSAR MILSTEIN”,true,,
comunicacion_A,data/raw/02_comunicaciones_A/A7278_2021_ano_de_homenaje_al_premio.pdf,https://www.bcra.gob.ar/archivos/Pdfs/comytexord/A7278.pdf,A7278,2026-05-10T19:49:31+00:00,2021-05-06,176968,4,“2021 - AÑO DE HOMENAJE AL PREMIO NOBEL DE MEDICINA DR. CÉSAR MILSTEIN”,true,,
comunicacion_A,data/raw/02_comunicaciones_A/A7280_2021_ano_de_homenaje_al_premio.pdf,https://www.bcra.gob.ar/archivos/Pdfs/comytexord/A7280.pdf,A7280,2026-05-10T19:49:31+00:00,2021-05-12,265743,3,“2021 - AÑO DE HOMENAJE AL PREMIO NOBEL DE MEDICINA DR. CÉSAR MILSTEIN”,true,,
comunicacion_A,data/raw/02_comunicaciones_A/A7281_2021_ano_de_homenaje_al_premio.pdf,https://www.bcra.gob.ar/archivos/Pdfs/comytexord/A7281.pdf,A7281,2026-05-10T19:49:32+00:00,2021-05-12,358510,5,“2021 - AÑO DE HOMENAJE AL PREMIO NOBEL DE MEDICINA DR. CÉSAR MILSTEIN”,true,,
comunicacion_A,data/raw/02_comunicaciones_A/A7282_2021_ano_de_homenaje_al_premio.pdf,https://www.bcra.gob.ar/archivos/Pdfs/comytexord/A7282.pdf,A7282,2026-05-10T19:49:32+00:00,2021-05-13,265948,7,“2021 - AÑO DE HOMENAJE AL PREMIO NOBEL DE MEDICINA DR. CÉSAR MILSTEIN”,true,,
comunicacion_A,data/raw/02_comunicaciones_A/A7283_2021_ano_de_homenaje_al_premio.pdf,https://www.bcra.gob.ar/archivos/Pdfs/comytexord/A7283.pdf,A7283,2026-05-10T19:49:32+00:00,2021-05-13,152779,2,“2021 - AÑO DE HOMENAJE AL PREMIO NOBEL DE MEDICINA DR. CÉSAR MILSTEIN”,true,,
comunicacion_A,data/raw/02_comunicaciones_A/A7284_2021_ano_de_homenaje_al_premio.pdf,https://www.bcra.gob.ar/archivos/Pdfs/comytexord/A7284.pdf,A7284,2026-05-10T19:49:33+00:00,2021-05-13,131972,1,“2021 - AÑO DE HOMENAJE AL PREMIO NOBEL DE MEDICINA DR. CÉSAR MILSTEIN”,true,,
comunicacion_A,data/raw/02_comunicaciones_A/A7286_2021_ano_de_homenaje_al_premio.pdf,https://www.bcra.gob.ar/archivos/Pdfs/comytexord/A7286.pdf,A7286,2026-05-10T19:49:33+00:00,2021-05-20,260822,5,“2021 - AÑO DE HOMENAJE AL PREMIO NOBEL DE MEDICINA DR. CÉSAR MILSTEIN”,true,,
comunicacion_A,data/raw/02_comunicaciones_A/A7287_2021_ano_de_homenaje_al_premio.pdf,https://www.bcra.gob.ar/archivos/Pdfs/comytexord/A7287.pdf,A7287,2026-05-10T19:49:34+00:00,2021-05-21,338858,10,“2021 - AÑO DE HOMENAJE AL PREMIO NOBEL DE MEDICINA DR. CÉSAR MILSTEIN”,true,,
comunicacion_A,data/raw/02_comunicaciones_A/A7288_2021_ano_de_homenaje_al_premio.pdf,https://www.bcra.gob.ar/archivos/Pdfs/comytexord/A7288.pdf,A7288,2026-05-10T19:49:34+00:00,2021-05-27,129206,1,“2021 - AÑO DE HOMENAJE AL PREMIO NOBEL DE MEDICINA DR. CÉSAR MILSTEIN”,true,,
comunicacion_A,data/raw/02_comunicaciones_A/A7289_2021_ano_de_homenaje_al_premio.pdf,https://www.bcra.gob.ar/archivos/Pdfs/comytexord/A7289.pdf,A7289,2026-05-10T19:49:35+00:00,2021-05-27,249119,9,“2021 - AÑO DE HOMENAJE AL PREMIO NOBEL DE MEDICINA DR. CÉSAR MILSTEIN”,true,,
comunicacion_A,data/raw/02_comunicaciones_A/A7290_2021_ano_de_homenaje_al_premio.pdf,https://www.bcra.gob.ar/archivos/Pdfs/comytexord/A7290.pdf,A7290,2026-05-10T19:49:36+00:00,2021-05-27,270360,10,“2021 - AÑO DE HOMENAJE AL PREMIO NOBEL DE MEDICINA DR. CÉSAR MILSTEIN”,true,,
comunicacion_A,data/raw/02_comunicaciones_A/A7291_comunicacion_a_7291_27_05_2021.pdf,https://www.bcra.gob.ar/archivos/Pdfs/comytexord/A7291.pdf,A7291,2026-05-10T19:49:36+00:00,2021-05-27,146451,2,COMUNICACIÓN  “A”  7291 27/05/2021,true,,
comunicacion_A,data/raw/02_comunicaciones_A/A7292_2021_ano_de_homenaje_al_premio.pdf,https://www.bcra.gob.ar/archivos/Pdfs/comytexord/A7292.pdf,A7292,2026-05-10T19:49:37+00:00,2021-05-27,310466,4,“2021 - AÑO DE HOMENAJE AL PREMIO NOBEL DE MEDICINA DR. CÉSAR MILSTEIN”,true,,
comunicacion_A,data/raw/02_comunicaciones_A/A7294_2021_ano_de_homenaje_al_premio.pdf,https://www.bcra.gob.ar/archivos/Pdfs/comytexord/A7294.pdf,A7294,2026-05-10T19:49:37+00:00,2021-05-28,258990,3,“2021 - AÑO DE HOMENAJE AL PREMIO NOBEL DE MEDICINA DR. CÉSAR MILSTEIN”,true,,
comunicacion_A,data/raw/02_comunicaciones_A/A7295_2021_ano_de_homenaje_al_premio.pdf,https://www.bcra.gob.ar/archivos/Pdfs/comytexord/A7295.pdf,A7295,2026-05-10T19:49:38+00:00,2021-05-28,261136,8,“2021 - AÑO DE HOMENAJE AL PREMIO NOBEL DE MEDICINA DR. CÉSAR MILSTEIN”,true,,
comunicacion_A,data/raw/02_comunicaciones_A/A7300_2021_ano_de_homenaje_al_premio.pdf,https://www.bcra.gob.ar/archivos/Pdfs/comytexord/A7300.pdf,A7300,2026-05-10T19:49:39+00:00,2021-05-31,237468,11,“2021 - AÑO DE HOMENAJE AL PREMIO NOBEL DE MEDICINA DR. CÉSAR MILSTEIN”,true,,
comunicacion_A,data/raw/02_comunicaciones_A/A7299_2021_ano_de_homenaje_al_premio.pdf,https://www.bcra.gob.ar/archivos/Pdfs/comytexord/A7299.pdf,A7299,2026-05-10T19:49:39+00:00,2021-05-31,834708,32,“2021 - AÑO DE HOMENAJE AL PREMIO NOBEL DE MEDICINA DR. CÉSAR MILSTEIN”,true,,
comunicacion_A,data/raw/02_comunicaciones_A/A7302_2021_ano_de_homenaje_al_premio.pdf,https://www.bcra.gob.ar/archivos/Pdfs/comytexord/A7302.pdf,A7302,2026-05-10T19:49:39+00:00,2021-06-08,423401,11,“2021 - AÑO DE HOMENAJE AL PREMIO NOBEL DE MEDICINA DR. CÉSAR MILSTEIN”,true,,
comunicacion_A,data/raw/02_comunicaciones_A/A7303_2021_ano_de_homenaje_al_premio.pdf,https://www.bcra.gob.ar/archivos/Pdfs/comytexord/A7303.pdf,A7303,2026-05-10T19:49:40+00:00,2021-06-08,412586,10,“2021 - AÑO DE HOMENAJE AL PREMIO NOBEL DE MEDICINA DR. CÉSAR MILSTEIN”,true,,
comunicacion_A,data/raw/02_comunicaciones_A/A7304_2021_ano_de_homenaje_al_premio.pdf,https://www.bcra.gob.ar/archivos/Pdfs/comytexord/A7304.pdf,A7304,2026-05-10T19:49:40+00:00,2021-06-09,169507,3,“2021 - AÑO DE HOMENAJE AL PREMIO NOBEL DE MEDICINA DR. CÉSAR MILSTEIN”,true,,
comunicacion_A,data/raw/02_comunicaciones_A/A7305_2021_ano_de_homenaje_al_premio.pdf,https://www.bcra.gob.ar/archivos/Pdfs/comytexord/A7305.pdf,A7305,2026-05-10T19:49:41+00:00,2021-06-11,148707,2,“2021 - AÑO DE HOMENAJE AL PREMIO NOBEL DE MEDICINA DR. CÉSAR MILSTEIN”,true,,
comunicacion_A,data/raw/02_comunicaciones_A/A7306_2021_ano_de_homenaje_al_premio.pdf,https://www.bcra.gob.ar/archivos/Pdfs/comytexord/A7306.pdf,A7306,2026-05-10T19:49:41+00:00,2021-06-15,149528,2,“2021 - AÑO DE HOMENAJE AL PREMIO NOBEL DE MEDICINA DR. CÉSAR MILSTEIN”,true,,
comunicacion_A,data/raw/02_comunicaciones_A/A7307_2021_ano_de_homenaje_al_premio.pdf,https://www.bcra.gob.ar/archivos/Pdfs/comytexord/A7307.pdf,A7307,2026-05-10T19:49:42+00:00,2021-06-18,189484,6,“2021 - AÑO DE HOMENAJE AL PREMIO NOBEL DE MEDICINA DR. CÉSAR MILSTEIN”,true,,
comunicacion_A,data/raw/02_comunicaciones_A/A7311_2021_ano_de_homenaje_al_premio.pdf,https://www.bcra.gob.ar/archivos/Pdfs/comytexord/A7311.pdf,A7311,2026-05-10T19:49:42+00:00,2021-06-22,274340,8,“2021 - AÑO DE HOMENAJE AL PREMIO NOBEL DE MEDICINA DR. CÉSAR MILSTEIN”,true,,
comunicacion_A,data/raw/02_comunicaciones_A/A7312_2021_ano_de_homenaje_al_premio.pdf,https://www.bcra.gob.ar/archivos/Pdfs/comytexord/A7312.pdf,A7312,2026-05-10T19:49:43+00:00,2021-06-24,186228,3,“2021 - AÑO DE HOMENAJE AL PREMIO NOBEL DE MEDICINA DR. CÉSAR MILSTEIN”,true,,
comunicacion_A,data/raw/02_comunicaciones_A/A7314_2021_ano_de_homenaje_al_premio.pdf,https://www.bcra.gob.ar/archivos/Pdfs/comytexord/A7314.pdf,A7314,2026-05-10T19:49:43+00:00,2021-06-25,165228,4,“2021 - AÑO DE HOMENAJE AL PREMIO NOBEL DE MEDICINA DR. CÉSAR MILSTEIN”,true,,
comunicacion_A,data/raw/02_comunicaciones_A/A7317_2021_ano_de_homenaje_al_premio.pdf,https://www.bcra.gob.ar/archivos/Pdfs/comytexord/A7317.pdf,A7317,2026-05-10T19:49:44+00:00,2021-07-01,237898,6,“2021 - AÑO DE HOMENAJE AL PREMIO NOBEL DE MEDICINA DR. CÉSAR MILSTEIN”,true,,
comunicacion_A,data/raw/02_comunicaciones_A/A7318_2021_ano_de_homenaje_al_premio.pdf,https://www.bcra.gob.ar/archivos/Pdfs/comytexord/A7318.pdf,A7318,2026-05-10T19:49:44+00:00,2021-07-01,258095,3,“2021 - AÑO DE HOMENAJE AL PREMIO NOBEL DE MEDICINA DR. CÉSAR MILSTEIN”,true,,
comunicacion_A,data/raw/02_comunicaciones_A/A7319_2021_ano_de_homenaje_al_premio.pdf,https://www.bcra.gob.ar/archivos/Pdfs/comytexord/A7319.pdf,A7319,2026-05-10T19:49:45+00:00,2021-07-01,233210,5,“2021 - AÑO DE HOMENAJE AL PREMIO NOBEL DE MEDICINA DR. CÉSAR MILSTEIN”,true,,
comunicacion_A,data/raw/02_comunicaciones_A/A7320_2021_ano_de_homenaje_al_premio.pdf,https://www.bcra.gob.ar/archivos/Pdfs/comytexord/A7320.pdf,A7320,2026-05-10T19:49:45+00:00,2021-07-02,127249,1,“2021 - AÑO DE HOMENAJE AL PREMIO NOBEL DE MEDICINA DR. CÉSAR MILSTEIN”,true,,
comunicacion_A,data/raw/02_comunicaciones_A/A7321_2021_ano_de_homenaje_al_premio.pdf,https://www.bcra.gob.ar/archivos/Pdfs/comytexord/A7321.pdf,A7321,2026-05-10T19:49:46+00:00,2021-07-06,164767,2,“2021 - AÑO DE HOMENAJE AL PREMIO NOBEL DE MEDICINA DR. CÉSAR MILSTEIN”,true,,
comunicacion_A,data/raw/02_comunicaciones_A/A7322_2021_ano_de_homenaje_al_premio.pdf,https://www.bcra.gob.ar/archivos/Pdfs/comytexord/A7322.pdf,A7322,2026-05-10T19:49:46+00:00,2021-07-06,292242,13,“2021 - AÑO DE HOMENAJE AL PREMIO NOBEL DE MEDICINA DR. CÉSAR MILSTEIN”,true,,
comunicacion_A,data/raw/02_comunicaciones_A/A7324_2021_ano_de_homenaje_al_premio.pdf,https://www.bcra.gob.ar/archivos/Pdfs/comytexord/A7324.pdf,A7324,2026-05-10T19:49:47+00:00,2021-07-08,201257,6,“2021 - AÑO DE HOMENAJE AL PREMIO NOBEL DE MEDICINA DR. CÉSAR MILSTEIN”,true,,
comunicacion_A,data/raw/02_comunicaciones_A/A7323_2021_ano_de_homenaje_al_premio.pdf,https://www.bcra.gob.ar/archivos/Pdfs/comytexord/A7323.pdf,A7323,2026-05-10T19:49:47+00:00,2021-07-08,630780,25,“2021 - AÑO DE HOMENAJE AL PREMIO NOBEL DE MEDICINA DR. CÉSAR MILSTEIN”,true,,
comunicacion_A,data/raw/02_comunicaciones_A/A7325_2021_ano_de_homenaje_al_premio.pdf,https://www.bcra.gob.ar/archivos/Pdfs/comytexord/A7325.pdf,A7325,2026-05-10T19:49:48+00:00,2021-07-08,209604,3,“2021 - AÑO DE HOMENAJE AL PREMIO NOBEL DE MEDICINA DR. CÉSAR MILSTEIN”,true,,
comunicacion_A,data/raw/02_comunicaciones_A/A7326_2021_ano_de_homenaje_al_premio.pdf,https://www.bcra.gob.ar/archivos/Pdfs/comytexord/A7326.pdf,A7326,2026-05-10T19:49:48+00:00,2021-07-08,150093,2,“2021 - AÑO DE HOMENAJE AL PREMIO NOBEL DE MEDICINA DR. CÉSAR MILSTEIN”,true,,
comunicacion_A,data/raw/02_comunicaciones_A/A7328_2021_ano_de_homenaje_al_premio.pdf,https://www.bcra.gob.ar/archivos/Pdfs/comytexord/A7328.pdf,A7328,2026-05-10T19:49:49+00:00,2021-07-12,151207,2,“2021 - AÑO DE HOMENAJE AL PREMIO NOBEL DE MEDICINA DR. CÉSAR MILSTEIN”,true,,
comunicacion_A,data/raw/02_comunicaciones_A/A7329_2021_ano_de_homenaje_al_premio.pdf,https://www.bcra.gob.ar/archivos/Pdfs/comytexord/A7329.pdf,A7329,2026-05-10T19:49:49+00:00,2021-07-15,127045,1,“2021 - AÑO DE HOMENAJE AL PREMIO NOBEL DE MEDICINA DR. CÉSAR MILSTEIN”,true,,
comunicacion_A,data/raw/02_comunicaciones_A/A7330_2021_ano_de_homenaje_al_premio.pdf,https://www.bcra.gob.ar/archivos/Pdfs/comytexord/A7330.pdf,A7330,2026-05-10T19:49:50+00:00,2021-07-15,180315,3,“2021 - AÑO DE HOMENAJE AL PREMIO NOBEL DE MEDICINA DR. CÉSAR MILSTEIN”,true,,
comunicacion_A,data/raw/02_comunicaciones_A/A7331_2021_ano_de_homenaje_al_premio.pdf,https://www.bcra.gob.ar/archivos/Pdfs/comytexord/A7331.pdf,A7331,2026-05-10T19:49:50+00:00,2021-07-22,133447,1,“2021 - AÑO DE HOMENAJE AL PREMIO NOBEL DE MEDICINA DR. CÉSAR MILSTEIN”,true,,
comunicacion_A,data/raw/02_comunicaciones_A/A7332_2021_ano_de_homenaje_al_premio.pdf,https://www.bcra.gob.ar/archivos/Pdfs/comytexord/A7332.pdf,A7332,2026-05-10T19:49:51+00:00,2021-07-23,196862,3,“2021 - AÑO DE HOMENAJE AL PREMIO NOBEL DE MEDICINA DR. CÉSAR MILSTEIN”,true,,
comunicacion_A,data/raw/02_comunicaciones_A/A7333_2021_ano_de_homenaje_al_premio.pdf,https://www.bcra.gob.ar/archivos/Pdfs/comytexord/A7333.pdf,A7333,2026-05-10T19:49:52+00:00,2021-07-23,255536,9,“2021 - AÑO DE HOMENAJE AL PREMIO NOBEL DE MEDICINA DR. CÉSAR MILSTEIN”,true,,
comunicacion_A,data/raw/02_comunicaciones_A/A7334_2021_ano_de_homenaje_al_premio.pdf,https://www.bcra.gob.ar/archivos/Pdfs/comytexord/A7334.pdf,A7334,2026-05-10T19:49:52+00:00,2021-07-29,130364,1,“2021 - AÑO DE HOMENAJE AL PREMIO NOBEL DE MEDICINA DR. CÉSAR MILSTEIN”,true,,
comunicacion_A,data/raw/02_comunicaciones_A/A7337_2021_ano_de_homenaje_al_premio.pdf,https://www.bcra.gob.ar/archivos/Pdfs/comytexord/A7337.pdf,A7337,2026-05-10T19:49:52+00:00,2021-08-05,150911,2,“2021 - AÑO DE HOMENAJE AL PREMIO NOBEL DE MEDICINA DR. CÉSAR MILSTEIN”,true,,
comunicacion_A,data/raw/02_comunicaciones_A/A7338_2021_ano_de_homenaje_al_premio.pdf,https://www.bcra.gob.ar/archivos/Pdfs/comytexord/A7338.pdf,A7338,2026-05-10T19:49:53+00:00,2021-08-05,227554,5,“2021 - AÑO DE HOMENAJE AL PREMIO NOBEL DE MEDICINA DR. CÉSAR MILSTEIN”,true,,
comunicacion_A,data/raw/02_comunicaciones_A/A7341_2021_ano_de_homenaje_al_premio.pdf,https://www.bcra.gob.ar/archivos/Pdfs/comytexord/A7341.pdf,A7341,2026-05-10T19:49:54+00:00,2021-08-12,257147,7,“2021 - AÑO DE HOMENAJE AL PREMIO NOBEL DE MEDICINA DR. CÉSAR MILSTEIN”,true,,
comunicacion_A,data/raw/02_comunicaciones_A/A7343_2021_ano_de_homenaje_al_premio.pdf,https://www.bcra.gob.ar/archivos/Pdfs/comytexord/A7343.pdf,A7343,2026-05-10T19:49:54+00:00,2021-08-13,129309,1,“2021 - AÑO DE HOMENAJE AL PREMIO NOBEL DE MEDICINA DR. CÉSAR MILSTEIN”,true,,
comunicacion_A,data/raw/02_comunicaciones_A/A7344_2021_ano_de_homenaje_al_premio.pdf,https://www.bcra.gob.ar/archivos/Pdfs/comytexord/A7344.pdf,A7344,2026-05-10T19:49:55+00:00,2021-08-19,156330,2,“2021 - AÑO DE HOMENAJE AL PREMIO NOBEL DE MEDICINA DR. CÉSAR MILSTEIN”,true,,
comunicacion_A,data/raw/02_comunicaciones_A/A7345_2021_ano_de_homenaje_al_premio.pdf,https://www.bcra.gob.ar/archivos/Pdfs/comytexord/A7345.pdf,A7345,2026-05-10T19:49:55+00:00,2021-08-19,205037,5,“2021 - AÑO DE HOMENAJE AL PREMIO NOBEL DE MEDICINA DR. CÉSAR MILSTEIN”,true,,
comunicacion_A,data/raw/02_comunicaciones_A/A7346_2021_ano_de_homenaje_al_premio.pdf,https://www.bcra.gob.ar/archivos/Pdfs/comytexord/A7346.pdf,A7346,2026-05-10T19:49:56+00:00,2021-08-23,128807,1,“2021 - AÑO DE HOMENAJE AL PREMIO NOBEL DE MEDICINA DR. CÉSAR MILSTEIN”,true,,
comunicacion_A,data/raw/02_comunicaciones_A/A7349_2021_ano_de_homenaje_al_premio.pdf,https://www.bcra.gob.ar/archivos/Pdfs/comytexord/A7349.pdf,A7349,2026-05-10T19:49:56+00:00,2021-08-27,233174,5,“2021 - AÑO DE HOMENAJE AL PREMIO NOBEL DE MEDICINA DR. CÉSAR MILSTEIN”,true,,
comunicacion_A,data/raw/02_comunicaciones_A/A7350_2021_ano_de_homenaje_al_premio.pdf,https://www.bcra.gob.ar/archivos/Pdfs/comytexord/A7350.pdf,A7350,2026-05-10T19:49:57+00:00,2021-08-31,306350,8,“2021 - AÑO DE HOMENAJE AL PREMIO NOBEL DE MEDICINA DR. CÉSAR MILSTEIN”,true,,
comunicacion_A,data/raw/02_comunicaciones_A/A7351_2021_ano_de_homenaje_al_premio.pdf,https://www.bcra.gob.ar/archivos/Pdfs/comytexord/A7351.pdf,A7351,2026-05-10T19:49:57+00:00,2021-09-01,291704,4,“2021 - AÑO DE HOMENAJE AL PREMIO NOBEL DE MEDICINA DR. CÉSAR MILSTEIN”,true,,
comunicacion_A,data/raw/02_comunicaciones_A/A7353_2021_ano_de_homenaje_al_premio.pdf,https://www.bcra.gob.ar/archivos/Pdfs/comytexord/A7353.pdf,A7353,2026-05-10T19:49:58+00:00,2021-09-02,203019,1,“2021 - AÑO DE HOMENAJE AL PREMIO NOBEL DE MEDICINA DR. CÉSAR MILSTEIN”,true,,
comunicacion_A,data/raw/02_comunicaciones_A/A7354_2021_ano_de_homenaje_al_premio.pdf,https://www.bcra.gob.ar/archivos/Pdfs/comytexord/A7354.pdf,A7354,2026-05-10T19:49:58+00:00,2021-09-02,286652,1,“2021 - AÑO DE HOMENAJE AL PREMIO NOBEL DE MEDICINA DR. CÉSAR MILSTEIN”,true,,
comunicacion_A,data/raw/02_comunicaciones_A/A7355_2021_ano_de_homenaje_al_premio.pdf,https://www.bcra.gob.ar/archivos/Pdfs/comytexord/A7355.pdf,A7355,2026-05-10T19:49:59+00:00,2021-09-02,133428,1,“2021 - AÑO DE HOMENAJE AL PREMIO NOBEL DE MEDICINA DR. CÉSAR MILSTEIN”,true,,
comunicacion_A,data/raw/02_comunicaciones_A/A7358_2021_ano_de_homenaje_al_premio.pdf,https://www.bcra.gob.ar/archivos/Pdfs/comytexord/A7358.pdf,A7358,2026-05-10T19:49:59+00:00,2021-09-06,166018,4,“2021 - AÑO DE HOMENAJE AL PREMIO NOBEL DE MEDICINA DR. CÉSAR MILSTEIN”,true,,
comunicacion_A,data/raw/02_comunicaciones_A/A7359_2021_ano_de_homenaje_al_premio.pdf,https://www.bcra.gob.ar/archivos/Pdfs/comytexord/A7359.pdf,A7359,2026-05-10T19:50:00+00:00,2021-09-07,606871,12,“2021 - AÑO DE HOMENAJE AL PREMIO NOBEL DE MEDICINA DR. CÉSAR MILSTEIN”,true,,
comunicacion_A,data/raw/02_comunicaciones_A/A7360_2021_ano_de_homenaje_al_premio.pdf,https://www.bcra.gob.ar/archivos/Pdfs/comytexord/A7360.pdf,A7360,2026-05-10T19:50:00+00:00,2021-09-07,189827,5,“2021 - AÑO DE HOMENAJE AL PREMIO NOBEL DE MEDICINA DR. CÉSAR MILSTEIN”,true,,
comunicacion_A,data/raw/02_comunicaciones_A/A7361_2021_ano_de_homenaje_al_premio.pdf,https://www.bcra.gob.ar/archivos/Pdfs/comytexord/A7361.pdf,A7361,2026-05-10T19:50:01+00:00,2021-09-08,400160,8,“2021 - AÑO DE HOMENAJE AL PREMIO NOBEL DE MEDICINA DR. CÉSAR MILSTEIN”,true,,
comunicacion_A,data/raw/02_comunicaciones_A/A7362_2021_ano_de_homenaje_al_premio.pdf,https://www.bcra.gob.ar/archivos/Pdfs/comytexord/A7362.pdf,A7362,2026-05-10T19:50:01+00:00,2021-09-09,207486,1,“2021 - AÑO DE HOMENAJE AL PREMIO NOBEL DE MEDICINA DR. CÉSAR MILSTEIN”,true,,
comunicacion_A,data/raw/02_comunicaciones_A/A7363_2021_ano_de_homenaje_al_premio.pdf,https://www.bcra.gob.ar/archivos/Pdfs/comytexord/A7363.pdf,A7363,2026-05-10T19:50:02+00:00,2021-09-10,126528,1,“2021 - AÑO DE HOMENAJE AL PREMIO NOBEL DE MEDICINA DR. CÉSAR MILSTEIN”,true,,
comunicacion_A,data/raw/02_comunicaciones_A/A7364_2021_ano_de_homenaje_al_premio.pdf,https://www.bcra.gob.ar/archivos/Pdfs/comytexord/A7364.pdf,A7364,2026-05-10T19:50:02+00:00,2021-09-10,190168,7,“2021 - AÑO DE HOMENAJE AL PREMIO NOBEL DE MEDICINA DR. CÉSAR MILSTEIN”,true,,
comunicacion_A,data/raw/02_comunicaciones_A/A7365_2021_ano_de_homenaje_al_premio.pdf,https://www.bcra.gob.ar/archivos/Pdfs/comytexord/A7365.pdf,A7365,2026-05-10T19:50:03+00:00,2021-09-14,130065,1,“2021 - AÑO DE HOMENAJE AL PREMIO NOBEL DE MEDICINA DR. CÉSAR MILSTEIN”,true,,
comunicacion_A,data/raw/02_comunicaciones_A/A7366_2021_ano_de_homenaje_al_premio.pdf,https://www.bcra.gob.ar/archivos/Pdfs/comytexord/A7366.pdf,A7366,2026-05-10T19:50:03+00:00,2021-09-16,129880,1,“2021 - AÑO DE HOMENAJE AL PREMIO NOBEL DE MEDICINA DR. CÉSAR MILSTEIN”,true,,
comunicacion_A,data/raw/02_comunicaciones_A/A7367_2021_ano_de_homenaje_al_premio.pdf,https://www.bcra.gob.ar/archivos/Pdfs/comytexord/A7367.pdf,A7367,2026-05-10T19:50:04+00:00,2021-09-17,227901,3,“2021 - AÑO DE HOMENAJE AL PREMIO NOBEL DE MEDICINA DR. CÉSAR MILSTEIN”,true,,
comunicacion_A,data/raw/02_comunicaciones_A/A7369_2021_ano_de_homenaje_al_premio.pdf,https://www.bcra.gob.ar/archivos/Pdfs/comytexord/A7369.pdf,A7369,2026-05-10T19:50:04+00:00,2021-09-23,152504,2,“2021 - AÑO DE HOMENAJE AL PREMIO NOBEL DE MEDICINA DR. CÉSAR MILSTEIN”,true,,
comunicacion_A,data/raw/02_comunicaciones_A/A7368_2021_ano_de_homenaje_al_premio.pdf,https://www.bcra.gob.ar/archivos/Pdfs/comytexord/A7368.pdf,A7368,2026-05-10T19:50:04+00:00,2021-09-17,547004,10,“2021 - AÑO DE HOMENAJE AL PREMIO NOBEL DE MEDICINA DR. CÉSAR MILSTEIN”,true,,
comunicacion_A,data/raw/02_comunicaciones_A/A7370_2021_ano_de_homenaje_al_premio.pdf,https://www.bcra.gob.ar/archivos/Pdfs/comytexord/A7370.pdf,A7370,2026-05-10T19:50:05+00:00,2021-09-24,230086,5,“2021 - AÑO DE HOMENAJE AL PREMIO NOBEL DE MEDICINA DR. CÉSAR MILSTEIN”,true,,
comunicacion_A,data/raw/02_comunicaciones_A/A7371_2021_ano_de_homenaje_al_premio.pdf,https://www.bcra.gob.ar/archivos/Pdfs/comytexord/A7371.pdf,A7371,2026-05-10T19:50:06+00:00,2021-09-24,295016,1,“2021 - AÑO DE HOMENAJE AL PREMIO NOBEL DE MEDICINA DR. CÉSAR MILSTEIN”,true,,
comunicacion_A,data/raw/02_comunicaciones_A/A7372_2021_ano_de_homenaje_al_premio.pdf,https://www.bcra.gob.ar/archivos/Pdfs/comytexord/A7372.pdf,A7372,2026-05-10T19:50:06+00:00,2021-09-29,273392,4,“2021 - AÑO DE HOMENAJE AL PREMIO NOBEL DE MEDICINA DR. CÉSAR MILSTEIN”,true,,
comunicacion_A,data/raw/02_comunicaciones_A/A7373_2021_ano_de_homenaje_al_premio.pdf,https://www.bcra.gob.ar/archivos/Pdfs/comytexord/A7373.pdf,A7373,2026-05-10T19:50:07+00:00,2021-09-30,361393,14,“2021 - AÑO DE HOMENAJE AL PREMIO NOBEL DE MEDICINA DR. CÉSAR MILSTEIN”,true,,
comunicacion_A,data/raw/02_comunicaciones_A/A7378_2021_ano_de_homenaje_al_premio.pdf,https://www.bcra.gob.ar/archivos/Pdfs/comytexord/A7378.pdf,A7378,2026-05-10T19:50:07+00:00,2021-10-22,262140,3,“2021 - AÑO DE HOMENAJE AL PREMIO NOBEL DE MEDICINA DR. CÉSAR MILSTEIN”,true,,
comunicacion_A,data/raw/02_comunicaciones_A/A7379_2021_ano_de_homenaje_al_premio.pdf,https://www.bcra.gob.ar/archivos/Pdfs/comytexord/A7379.pdf,A7379,2026-05-10T19:50:08+00:00,2021-10-22,190652,5,“2021 - AÑO DE HOMENAJE AL PREMIO NOBEL DE MEDICINA DR. CÉSAR MILSTEIN”,true,,
comunicacion_A,data/raw/02_comunicaciones_A/A7380_2021_ano_de_homenaje_al_premio.pdf,https://www.bcra.gob.ar/archivos/Pdfs/comytexord/A7380.pdf,A7380,2026-05-10T19:50:08+00:00,2021-10-26,268521,11,“2021 - AÑO DE HOMENAJE AL PREMIO NOBEL DE MEDICINA DR. CÉSAR MILSTEIN”,true,,
comunicacion_A,data/raw/02_comunicaciones_A/A7381_2021_ano_de_homenaje_al_premio.pdf,https://www.bcra.gob.ar/archivos/Pdfs/comytexord/A7381.pdf,A7381,2026-05-10T19:50:09+00:00,2021-10-27,476770,10,“2021 - AÑO DE HOMENAJE AL PREMIO NOBEL DE MEDICINA DR. CÉSAR MILSTEIN”,true,,
comunicacion_A,data/raw/02_comunicaciones_A/A7382_2021_ano_de_homenaje_al_premio.pdf,https://www.bcra.gob.ar/archivos/Pdfs/comytexord/A7382.pdf,A7382,2026-05-10T19:50:09+00:00,2021-10-27,129055,1,“2021 - AÑO DE HOMENAJE AL PREMIO NOBEL DE MEDICINA DR. CÉSAR MILSTEIN”,true,,
comunicacion_A,data/raw/02_comunicaciones_A/A7383_2021_ano_de_homenaje_al_premio.pdf,https://www.bcra.gob.ar/archivos/Pdfs/comytexord/A7383.pdf,A7383,2026-05-10T19:50:10+00:00,2021-10-28,130188,1,“2021 - AÑO DE HOMENAJE AL PREMIO NOBEL DE MEDICINA DR. CÉSAR MILSTEIN”,true,,
comunicacion_A,data/raw/02_comunicaciones_A/A7384_2021_ano_de_homenaje_al_premio.pdf,https://www.bcra.gob.ar/archivos/Pdfs/comytexord/A7384.pdf,A7384,2026-05-10T19:50:10+00:00,2021-10-28,279733,7,“2021 - AÑO DE HOMENAJE AL PREMIO NOBEL DE MEDICINA DR. CÉSAR MILSTEIN”,true,,
comunicacion_A,data/raw/02_comunicaciones_A/A7386_2021_ano_de_homenaje_al_premio.pdf,https://www.bcra.gob.ar/archivos/Pdfs/comytexord/A7386.pdf,A7386,2026-05-10T19:50:11+00:00,2021-10-29,127616,1,“2021 - AÑO DE HOMENAJE AL PREMIO NOBEL DE MEDICINA DR. CÉSAR MILSTEIN”,true,,
comunicacion_A,data/raw/02_comunicaciones_A/A7387_2021_ano_de_homenaje_al_premio.pdf,https://www.bcra.gob.ar/archivos/Pdfs/comytexord/A7387.pdf,A7387,2026-05-10T19:50:11+00:00,2021-10-29,236418,4,“2021 - AÑO DE HOMENAJE AL PREMIO NOBEL DE MEDICINA DR. CÉSAR MILSTEIN”,true,,
comunicacion_A,data/raw/02_comunicaciones_A/A7388_2021_ano_de_homenaje_al_premio.pdf,https://www.bcra.gob.ar/archivos/Pdfs/comytexord/A7388.pdf,A7388,2026-05-10T19:50:12+00:00,2021-10-29,258360,2,“2021 - AÑO DE HOMENAJE AL PREMIO NOBEL DE MEDICINA DR. CÉSAR MILSTEIN”,true,,
comunicacion_A,data/raw/02_comunicaciones_A/A7392_2021_ano_de_homenaje_al_premio.pdf,https://www.bcra.gob.ar/archivos/Pdfs/comytexord/A7392.pdf,A7392,2026-05-10T19:50:13+00:00,2021-11-02,185108,7,“2021 - AÑO DE HOMENAJE AL PREMIO NOBEL DE MEDICINA DR. CÉSAR MILSTEIN”,true,,
comunicacion_A,data/raw/02_comunicaciones_A/A7391_2021_ano_de_homenaje_al_premio.pdf,https://www.bcra.gob.ar/archivos/Pdfs/comytexord/A7391.pdf,A7391,2026-05-10T19:50:13+00:00,2021-10-29,519585,26,“2021 - AÑO DE HOMENAJE AL PREMIO NOBEL DE MEDICINA DR. CÉSAR MILSTEIN”,true,,
comunicacion_A,data/raw/02_comunicaciones_A/A7393_2021_ano_de_homenaje_al_premio.pdf,https://www.bcra.gob.ar/archivos/Pdfs/comytexord/A7393.pdf,A7393,2026-05-10T19:50:14+00:00,2021-11-03,459230,21,“2021 - AÑO DE HOMENAJE AL PREMIO NOBEL DE MEDICINA DR. CÉSAR MILSTEIN”,true,,
comunicacion_A,data/raw/02_comunicaciones_A/A7394_2021_ano_de_homenaje_al_premio.pdf,https://www.bcra.gob.ar/archivos/Pdfs/comytexord/A7394.pdf,A7394,2026-05-10T19:50:14+00:00,2021-11-03,256305,8,“2021 - AÑO DE HOMENAJE AL PREMIO NOBEL DE MEDICINA DR. CÉSAR MILSTEIN”,true,,
comunicacion_A,data/raw/02_comunicaciones_A/A7395_2021_ano_de_homenaje_al_premio.pdf,https://www.bcra.gob.ar/archivos/Pdfs/comytexord/A7395.pdf,A7395,2026-05-10T19:50:14+00:00,2021-11-04,175519,3,“2021 - AÑO DE HOMENAJE AL PREMIO NOBEL DE MEDICINA DR. CÉSAR MILSTEIN”,true,,
comunicacion_A,data/raw/02_comunicaciones_A/A7396_2021_ano_de_homenaje_al_premio.pdf,https://www.bcra.gob.ar/archivos/Pdfs/comytexord/A7396.pdf,A7396,2026-05-10T19:50:15+00:00,2021-11-05,327472,9,“2021 - AÑO DE HOMENAJE AL PREMIO NOBEL DE MEDICINA DR. CÉSAR MILSTEIN”,true,,
comunicacion_A,data/raw/02_comunicaciones_A/A7397_2021_ano_de_homenaje_al_premio.pdf,https://www.bcra.gob.ar/archivos/Pdfs/comytexord/A7397.pdf,A7397,2026-05-10T19:50:15+00:00,2021-11-09,183248,5,“2021 - AÑO DE HOMENAJE AL PREMIO NOBEL DE MEDICINA DR. CÉSAR MILSTEIN”,true,,
comunicacion_A,data/raw/02_comunicaciones_A/A7399_2021_ano_de_homenaje_al_premio.pdf,https://www.bcra.gob.ar/archivos/Pdfs/comytexord/A7399.pdf,A7399,2026-05-10T19:50:16+00:00,2021-11-15,172922,3,“2021 - AÑO DE HOMENAJE AL PREMIO NOBEL DE MEDICINA DR. CÉSAR MILSTEIN”,true,,
comunicacion_A,data/raw/02_comunicaciones_A/A7400_2021_ano_de_homenaje_al_premio.pdf,https://www.bcra.gob.ar/archivos/Pdfs/comytexord/A7400.pdf,A7400,2026-05-10T19:50:16+00:00,2021-11-16,302879,10,“2021 - AÑO DE HOMENAJE AL PREMIO NOBEL DE MEDICINA DR. CÉSAR MILSTEIN”,true,,
comunicacion_A,data/raw/02_comunicaciones_A/A7402_2021_ano_de_homenaje_al_premio.pdf,https://www.bcra.gob.ar/archivos/Pdfs/comytexord/A7402.pdf,A7402,2026-05-10T19:50:17+00:00,2021-11-19,154188,2,“2021 - AÑO DE HOMENAJE AL PREMIO NOBEL DE MEDICINA DR. CÉSAR MILSTEIN”,true,,
comunicacion_A,data/raw/02_comunicaciones_A/A7403_2021_ano_de_homenaje_al_premio.pdf,https://www.bcra.gob.ar/archivos/Pdfs/comytexord/A7403.pdf,A7403,2026-05-10T19:50:17+00:00,2021-11-23,180773,3,“2021 - AÑO DE HOMENAJE AL PREMIO NOBEL DE MEDICINA DR. CÉSAR MILSTEIN”,true,,
comunicacion_A,data/raw/02_comunicaciones_A/A7404_2021_ano_de_homenaje_al_premio.pdf,https://www.bcra.gob.ar/archivos/Pdfs/comytexord/A7404.pdf,A7404,2026-05-10T19:50:18+00:00,2021-11-25,362070,16,“2021 - AÑO DE HOMENAJE AL PREMIO NOBEL DE MEDICINA DR. CÉSAR MILSTEIN”,true,,
comunicacion_A,data/raw/02_comunicaciones_A/A7405_2021_ano_de_homenaje_al_premio.pdf,https://www.bcra.gob.ar/archivos/Pdfs/comytexord/A7405.pdf,A7405,2026-05-10T19:50:18+00:00,2021-11-25,175015,3,“2021 - AÑO DE HOMENAJE AL PREMIO NOBEL DE MEDICINA DR. CÉSAR MILSTEIN”,true,,
comunicacion_A,data/raw/02_comunicaciones_A/A7406_2021_ano_de_homenaje_al_premio.pdf,https://www.bcra.gob.ar/archivos/Pdfs/comytexord/A7406.pdf,A7406,2026-05-10T19:50:19+00:00,2021-11-25,305474,9,“2021 - AÑO DE HOMENAJE AL PREMIO NOBEL DE MEDICINA DR. CÉSAR MILSTEIN”,true,,
comunicacion_A,data/raw/02_comunicaciones_A/A7407_2021_ano_de_homenaje_al_premio.pdf,https://www.bcra.gob.ar/archivos/Pdfs/comytexord/A7407.pdf,A7407,2026-05-10T19:50:19+00:00,2021-11-25,247170,5,“2021 - AÑO DE HOMENAJE AL PREMIO NOBEL DE MEDICINA DR. CÉSAR MILSTEIN”,true,,
comunicacion_A,data/raw/02_comunicaciones_A/A7409_2021_ano_de_homenaje_al_premio.pdf,https://www.bcra.gob.ar/archivos/Pdfs/comytexord/A7409.pdf,A7409,2026-05-10T19:50:20+00:00,2021-11-25,230118,3,“2021 - AÑO DE HOMENAJE AL PREMIO NOBEL DE MEDICINA DR. CÉSAR MILSTEIN”,true,,
comunicacion_A,data/raw/02_comunicaciones_A/A7410_2021_ano_de_homenaje_al_premio.pdf,https://www.bcra.gob.ar/archivos/Pdfs/comytexord/A7410.pdf,A7410,2026-05-10T19:50:20+00:00,2021-11-25,276636,3,“2021 - AÑO DE HOMENAJE AL PREMIO NOBEL DE MEDICINA DR. CÉSAR MILSTEIN”,true,,
comunicacion_A,data/raw/02_comunicaciones_A/A7411_2021_ano_de_homenaje_al_premio.pdf,https://www.bcra.gob.ar/archivos/Pdfs/comytexord/A7411.pdf,A7411,2026-05-10T19:50:21+00:00,2021-11-26,495937,4,“2021 - AÑO DE HOMENAJE AL PREMIO NOBEL DE MEDICINA DR. CÉSAR MILSTEIN”,true,,
comunicacion_A,data/raw/02_comunicaciones_A/A7412_2021_ano_de_homenaje_al_premio.pdf,https://www.bcra.gob.ar/archivos/Pdfs/comytexord/A7412.pdf,A7412,2026-05-10T19:50:21+00:00,2021-11-30,209014,5,“2021 - AÑO DE HOMENAJE AL PREMIO NOBEL DE MEDICINA DR. CÉSAR MILSTEIN”,true,,
comunicacion_A,data/raw/02_comunicaciones_A/A7415_2021_ano_de_homenaje_al_premio.pdf,https://www.bcra.gob.ar/archivos/Pdfs/comytexord/A7415.pdf,A7415,2026-05-10T19:50:22+00:00,2021-12-09,186349,4,“2021 - AÑO DE HOMENAJE AL PREMIO NOBEL DE MEDICINA DR. CÉSAR MILSTEIN”,true,,
comunicacion_A,data/raw/02_comunicaciones_A/A7417_2021_ano_de_homenaje_al_premio.pdf,https://www.bcra.gob.ar/archivos/Pdfs/comytexord/A7417.pdf,A7417,2026-05-10T19:50:22+00:00,2021-12-10,174935,3,“2021 - AÑO DE HOMENAJE AL PREMIO NOBEL DE MEDICINA DR. CÉSAR MILSTEIN”,true,,
comunicacion_A,data/raw/02_comunicaciones_A/A7418_2021_ano_de_homenaje_al_premio.pdf,https://www.bcra.gob.ar/archivos/Pdfs/comytexord/A7418.pdf,A7418,2026-05-10T19:50:23+00:00,2021-12-13,170612,2,“2021 - AÑO DE HOMENAJE AL PREMIO NOBEL DE MEDICINA DR. CÉSAR MILSTEIN”,true,,
comunicacion_A,data/raw/02_comunicaciones_A/A7419_2021_ano_de_homenaje_al_premio.pdf,https://www.bcra.gob.ar/archivos/Pdfs/comytexord/A7419.pdf,A7419,2026-05-10T19:50:23+00:00,2021-12-13,387838,7,“2021 - AÑO DE HOMENAJE AL PREMIO NOBEL DE MEDICINA DR. CÉSAR MILSTEIN”,true,,
comunicacion_A,data/raw/02_comunicaciones_A/A7421_2021_ano_de_homenaje_al_premio.pdf,https://www.bcra.gob.ar/archivos/Pdfs/comytexord/A7421.pdf,A7421,2026-05-10T19:50:24+00:00,2021-12-16,189982,3,“2021 - AÑO DE HOMENAJE AL PREMIO NOBEL DE MEDICINA DR. CÉSAR MILSTEIN”,true,,
comunicacion_A,data/raw/02_comunicaciones_A/A7423_2021_ano_de_homenaje_al_premio.pdf,https://www.bcra.gob.ar/archivos/Pdfs/comytexord/A7423.pdf,A7423,2026-05-10T19:50:24+00:00,2021-12-21,312172,8,“2021 - AÑO DE HOMENAJE AL PREMIO NOBEL DE MEDICINA DR. CÉSAR MILSTEIN”,true,,
comunicacion_A,data/raw/02_comunicaciones_A/A7424_2021_ano_de_homenaje_al_premio.pdf,https://www.bcra.gob.ar/archivos/Pdfs/comytexord/A7424.pdf,A7424,2026-05-10T19:50:25+00:00,2021-12-21,220063,5,“2021 - AÑO DE HOMENAJE AL PREMIO NOBEL DE MEDICINA DR. CÉSAR MILSTEIN”,true,,
comunicacion_A,data/raw/02_comunicaciones_A/A7428_2021_ano_de_homenaje_al_premio.pdf,https://www.bcra.gob.ar/archivos/Pdfs/comytexord/A7428.pdf,A7428,2026-05-10T19:50:25+00:00,2021-12-28,126827,1,“2021 - AÑO DE HOMENAJE AL PREMIO NOBEL DE MEDICINA DR. CÉSAR MILSTEIN”,true,,
comunicacion_A,data/raw/02_comunicaciones_A/A7429_2021_ano_de_homenaje_al_premio.pdf,https://www.bcra.gob.ar/archivos/Pdfs/comytexord/A7429.pdf,A7429,2026-05-10T19:50:26+00:00,2021-12-30,376020,11,“2021 - AÑO DE HOMENAJE AL PREMIO NOBEL DE MEDICINA DR. CÉSAR MILSTEIN”,true,,
comunicacion_A,data/raw/02_comunicaciones_A/A7430_2021_ano_de_homenaje_al_premio.pdf,https://www.bcra.gob.ar/archivos/Pdfs/comytexord/A7430.pdf,A7430,2026-05-10T19:50:27+00:00,2021-12-30,225789,7,“2021 - AÑO DE HOMENAJE AL PREMIO NOBEL DE MEDICINA DR. CÉSAR MILSTEIN”,true,,
comunicacion_A,data/raw/02_comunicaciones_A/A7431_2021_ano_de_homenaje_al_premio.pdf,https://www.bcra.gob.ar/archivos/Pdfs/comytexord/A7431.pdf,A7431,2026-05-10T19:50:27+00:00,2022-01-03,203370,2,“2021 - AÑO DE HOMENAJE AL PREMIO NOBEL DE MEDICINA DR. CÉSAR MILSTEIN”,true,,
comunicacion_A,data/raw/02_comunicaciones_A/A7432_comunicacion_a_7432_06_01_2022.pdf,https://www.bcra.gob.ar/archivos/Pdfs/comytexord/A7432.pdf,A7432,2026-05-10T19:50:28+00:00,2022-01-06,578138,26,COMUNICACIÓN  “A”  7432 06/01/2022,true,,
comunicacion_A,data/raw/02_comunicaciones_A/A7434_comunicacion_a_7434_10_01_2022.pdf,https://www.bcra.gob.ar/archivos/Pdfs/comytexord/A7434.pdf,A7434,2026-05-10T19:50:28+00:00,2022-01-10,267348,3,COMUNICACIÓN  “A”  7434 10/01/2022,true,,
comunicacion_A,data/raw/02_comunicaciones_A/A7436_comunicacion_a_7436_10_01_2022.pdf,https://www.bcra.gob.ar/archivos/Pdfs/comytexord/A7436.pdf,A7436,2026-05-10T19:50:29+00:00,2022-01-10,164183,2,COMUNICACIÓN  “A”  7436 10/01/2022,true,,
comunicacion_A,data/raw/02_comunicaciones_A/A7435_comunicacion_a_7435_10_01_2022.pdf,https://www.bcra.gob.ar/archivos/Pdfs/comytexord/A7435.pdf,A7435,2026-05-10T19:50:29+00:00,2022-01-10,380026,12,COMUNICACIÓN  “A”  7435 10/01/2022,true,,
comunicacion_A,data/raw/02_comunicaciones_A/A7437_comunicacion_a_7437_10_01_2022.pdf,https://www.bcra.gob.ar/archivos/Pdfs/comytexord/A7437.pdf,A7437,2026-05-10T19:50:30+00:00,2022-01-10,394068,13,COMUNICACIÓN  “A”  7437 10/01/2022,true,,
comunicacion_A,data/raw/02_comunicaciones_A/A7438_comunicacion_a_7438_10_01_2022.pdf,https://www.bcra.gob.ar/archivos/Pdfs/comytexord/A7438.pdf,A7438,2026-05-10T19:50:30+00:00,2022-01-10,168274,3,COMUNICACIÓN  “A”  7438 10/01/2022,true,,
comunicacion_A,data/raw/02_comunicaciones_A/A7440_comunicacion_a_7440_12_01_2022.pdf,https://www.bcra.gob.ar/archivos/Pdfs/comytexord/A7440.pdf,A7440,2026-05-10T19:50:31+00:00,2022-01-12,123135,1,COMUNICACIÓN  “A”  7440 12/01/2022,true,,
comunicacion_A,data/raw/02_comunicaciones_A/A7444_las_malvinas_son_argentinas.pdf,https://www.bcra.gob.ar/archivos/Pdfs/comytexord/A7444.pdf,A7444,2026-05-10T19:50:32+00:00,2022-01-20,184613,4,"""Las Malvinas son argentinas""",true,,
comunicacion_A,data/raw/02_comunicaciones_A/A7445_las_malvinas_son_argentinas.pdf,https://www.bcra.gob.ar/archivos/Pdfs/comytexord/A7445.pdf,A7445,2026-05-10T19:50:32+00:00,2022-01-20,202435,1,".   ""Las Malvinas son argentinas""",true,,
comunicacion_A,data/raw/02_comunicaciones_A/A7443_comunicacion_a_7443_14_01_2022.pdf,https://www.bcra.gob.ar/archivos/Pdfs/comytexord/A7443.pdf,A7443,2026-05-10T19:50:34+00:00,2022-01-14,1056479,60,COMUNICACIÓN  “A”  7443 14/01/2022,true,,
comunicacion_A,data/raw/02_comunicaciones_A/A7447_las_malvinas_son_argentinas.pdf,https://www.bcra.gob.ar/archivos/Pdfs/comytexord/A7447.pdf,A7447,2026-05-10T19:50:34+00:00,2022-01-26,260395,9,"""Las Malvinas son argentinas""",true,,
comunicacion_A,data/raw/02_comunicaciones_A/A7448_las_malvinas_son_argentinas.pdf,https://www.bcra.gob.ar/archivos/Pdfs/comytexord/A7448.pdf,A7448,2026-05-10T19:50:34+00:00,2022-01-27,208478,4,"""Las Malvinas son argentinas""",true,,
comunicacion_A,data/raw/02_comunicaciones_A/A7449_las_malvinas_son_argentinas.pdf,https://www.bcra.gob.ar/archivos/Pdfs/comytexord/A7449.pdf,A7449,2026-05-10T19:50:35+00:00,2022-01-28,148901,2,".   ""Las Malvinas son argentinas""",true,,
comunicacion_A,data/raw/02_comunicaciones_A/A7451_las_malvinas_son_argentinas.pdf,https://www.bcra.gob.ar/archivos/Pdfs/comytexord/A7451.pdf,A7451,2026-05-10T19:50:35+00:00,2022-02-02,156004,2,"""Las Malvinas son argentinas""",true,,
comunicacion_A,data/raw/02_comunicaciones_A/A7452_las_malvinas_son_argentinas.pdf,https://www.bcra.gob.ar/archivos/Pdfs/comytexord/A7452.pdf,A7452,2026-05-10T19:50:36+00:00,2022-02-02,244192,7,"""Las Malvinas son argentinas""",true,,
comunicacion_A,data/raw/02_comunicaciones_A/A7453_las_malvinas_son_argentinas.pdf,https://www.bcra.gob.ar/archivos/Pdfs/comytexord/A7453.pdf,A7453,2026-05-10T19:50:36+00:00,2022-02-02,224370,7,"""Las Malvinas son argentinas""",true,,
comunicacion_A,data/raw/02_comunicaciones_A/A7454_las_malvinas_son_argentinas.pdf,https://www.bcra.gob.ar/archivos/Pdfs/comytexord/A7454.pdf,A7454,2026-05-10T19:50:37+00:00,2022-02-02,236892,6,"""Las Malvinas son argentinas""",true,,
comunicacion_A,data/raw/02_comunicaciones_A/A7455_las_malvinas_son_argentinas.pdf,https://www.bcra.gob.ar/archivos/Pdfs/comytexord/A7455.pdf,A7455,2026-05-10T19:50:37+00:00,2022-02-03,248677,2,"""Las Malvinas son argentinas""",true,,
comunicacion_A,data/raw/02_comunicaciones_A/A7458_las_malvinas_son_argentinas.pdf,https://www.bcra.gob.ar/archivos/Pdfs/comytexord/A7458.pdf,A7458,2026-05-10T19:50:38+00:00,2022-02-17,130871,1,".   ""Las Malvinas son argentinas""",true,,
comunicacion_A,data/raw/02_comunicaciones_A/A7459_las_malvinas_son_argentinas.pdf,https://www.bcra.gob.ar/archivos/Pdfs/comytexord/A7459.pdf,A7459,2026-05-10T19:50:39+00:00,2022-02-17,293126,9,"""Las Malvinas son argentinas""",true,,
comunicacion_A,data/raw/02_comunicaciones_A/A7460_las_malvinas_son_argentinas.pdf,https://www.bcra.gob.ar/archivos/Pdfs/comytexord/A7460.pdf,A7460,2026-05-10T19:50:39+00:00,2022-02-17,149163,2,".   ""Las Malvinas son argentinas""",true,,
comunicacion_A,data/raw/02_comunicaciones_A/A7461_las_malvinas_son_argentinas.pdf,https://www.bcra.gob.ar/archivos/Pdfs/comytexord/A7461.pdf,A7461,2026-05-10T19:50:39+00:00,2022-02-23,125108,1,".   ""Las Malvinas son argentinas""",true,,
comunicacion_A,data/raw/02_comunicaciones_A/A7462_las_malvinas_son_argentinas.pdf,https://www.bcra.gob.ar/archivos/Pdfs/comytexord/A7462.pdf,A7462,2026-05-10T19:50:40+00:00,2022-02-24,349779,5,"""Las Malvinas son argentinas""",true,,
comunicacion_A,data/raw/02_comunicaciones_A/A7463_las_malvinas_son_argentinas.pdf,https://www.bcra.gob.ar/archivos/Pdfs/comytexord/A7463.pdf,A7463,2026-05-10T19:50:40+00:00,2022-02-24,168139,2,".   ""Las Malvinas son argentinas""",true,,
comunicacion_A,data/raw/02_comunicaciones_A/A7464_las_malvinas_son_argentinas.pdf,https://www.bcra.gob.ar/archivos/Pdfs/comytexord/A7464.pdf,A7464,2026-05-10T19:50:41+00:00,2022-02-25,721084,10,"""Las Malvinas son argentinas""",true,,
comunicacion_A,data/raw/02_comunicaciones_A/A7465_las_malvinas_son_argentinas.pdf,https://www.bcra.gob.ar/archivos/Pdfs/comytexord/A7465.pdf,A7465,2026-05-10T19:50:42+00:00,2022-02-25,251369,13,"""Las Malvinas son argentinas""",true,,
comunicacion_A,data/raw/02_comunicaciones_A/A7467_las_malvinas_son_argentinas.pdf,https://www.bcra.gob.ar/archivos/Pdfs/comytexord/A7467.pdf,A7467,2026-05-10T19:50:42+00:00,2022-03-10,171567,3,"""Las Malvinas son argentinas""",true,,
comunicacion_A,data/raw/02_comunicaciones_A/A7468_las_malvinas_son_argentinas.pdf,https://www.bcra.gob.ar/archivos/Pdfs/comytexord/A7468.pdf,A7468,2026-05-10T19:50:43+00:00,2022-03-10,129509,1,"""Las Malvinas son argentinas""",true,,
comunicacion_A,data/raw/02_comunicaciones_A/A7470_las_malvinas_son_argentinas.pdf,https://www.bcra.gob.ar/archivos/Pdfs/comytexord/A7470.pdf,A7470,2026-05-10T19:50:43+00:00,2022-03-10,153642,2,".   ""Las Malvinas son argentinas""",true,,
comunicacion_A,data/raw/02_comunicaciones_A/A7473_las_malvinas_son_argentinas.pdf,https://www.bcra.gob.ar/archivos/Pdfs/comytexord/A7473.pdf,A7473,2026-05-10T19:50:44+00:00,2022-03-22,185678,5,"""Las Malvinas son argentinas""",true,,
comunicacion_A,data/raw/02_comunicaciones_A/A7475_las_malvinas_son_argentinas.pdf,https://www.bcra.gob.ar/archivos/Pdfs/comytexord/A7475.pdf,A7475,2026-05-10T19:50:44+00:00,2022-03-22,151699,2,".   ""Las Malvinas son argentinas""",true,,
comunicacion_A,data/raw/02_comunicaciones_A/A7474_las_malvinas_son_argentinas.pdf,https://www.bcra.gob.ar/archivos/Pdfs/comytexord/A7474.pdf,A7474,2026-05-10T19:50:45+00:00,2022-03-22,393052,13,"""Las Malvinas son argentinas""",true,,
comunicacion_A,data/raw/02_comunicaciones_A/A7476_las_malvinas_son_argentinas.pdf,https://www.bcra.gob.ar/archivos/Pdfs/comytexord/A7476.pdf,A7476,2026-05-10T19:50:45+00:00,2022-03-23,404752,12,"""Las Malvinas son argentinas""",true,,
comunicacion_A,data/raw/02_comunicaciones_A/A7477_las_malvinas_son_argentinas.pdf,https://www.bcra.gob.ar/archivos/Pdfs/comytexord/A7477.pdf,A7477,2026-05-10T19:50:46+00:00,2022-03-23,369051,7,"""Las Malvinas son argentinas""",true,,
comunicacion_A,data/raw/02_comunicaciones_A/A7478_las_malvinas_son_argentinas.pdf,https://www.bcra.gob.ar/archivos/Pdfs/comytexord/A7478.pdf,A7478,2026-05-10T19:50:46+00:00,2022-03-23,228519,6,"""Las Malvinas son argentinas""",true,,
comunicacion_A,data/raw/02_comunicaciones_A/A7479_las_malvinas_son_argentinas.pdf,https://www.bcra.gob.ar/archivos/Pdfs/comytexord/A7479.pdf,A7479,2026-05-10T19:50:47+00:00,2022-03-25,327344,9,"""Las Malvinas son argentinas""",true,,
comunicacion_A,data/raw/02_comunicaciones_A/A7480_las_malvinas_son_argentinas.pdf,https://www.bcra.gob.ar/archivos/Pdfs/comytexord/A7480.pdf,A7480,2026-05-10T19:50:47+00:00,2022-03-30,330919,9,"""Las Malvinas son argentinas""",true,,
comunicacion_A,data/raw/02_comunicaciones_A/A7481_las_malvinas_son_argentinas.pdf,https://www.bcra.gob.ar/archivos/Pdfs/comytexord/A7481.pdf,A7481,2026-05-10T19:50:48+00:00,2022-03-31,132182,1,".   ""Las Malvinas son argentinas""",true,,
comunicacion_A,data/raw/02_comunicaciones_A/A7482_las_malvinas_son_argentinas.pdf,https://www.bcra.gob.ar/archivos/Pdfs/comytexord/A7482.pdf,A7482,2026-05-10T19:50:48+00:00,2022-03-31,129765,1,".   ""Las Malvinas son argentinas""",true,,
comunicacion_A,data/raw/02_comunicaciones_A/A7483_las_malvinas_son_argentinas.pdf,https://www.bcra.gob.ar/archivos/Pdfs/comytexord/A7483.pdf,A7483,2026-05-10T19:50:49+00:00,2022-03-31,204416,1,".   ""Las Malvinas son argentinas""",true,,
comunicacion_A,data/raw/02_comunicaciones_A/A7484_las_malvinas_son_argentinas.pdf,https://www.bcra.gob.ar/archivos/Pdfs/comytexord/A7484.pdf,A7484,2026-05-10T19:50:49+00:00,2022-03-31,151029,2,".   ""Las Malvinas son argentinas""",true,,
comunicacion_A,data/raw/02_comunicaciones_A/A7486_las_malvinas_son_argentinas.pdf,https://www.bcra.gob.ar/archivos/Pdfs/comytexord/A7486.pdf,A7486,2026-05-10T19:50:50+00:00,2022-04-01,125984,1,".   ""Las Malvinas son argentinas""",true,,
comunicacion_A,data/raw/02_comunicaciones_A/A7485_las_malvinas_son_argentinas.pdf,https://www.bcra.gob.ar/archivos/Pdfs/comytexord/A7485.pdf,A7485,2026-05-10T19:50:50+00:00,2022-04-01,418854,22,"""Las Malvinas son argentinas""",true,,
comunicacion_A,data/raw/02_comunicaciones_A/A7487_las_malvinas_son_argentinas.pdf,https://www.bcra.gob.ar/archivos/Pdfs/comytexord/A7487.pdf,A7487,2026-05-10T19:50:51+00:00,2022-04-07,128529,1,".   ""Las Malvinas son argentinas""",true,,
comunicacion_A,data/raw/02_comunicaciones_A/A7489_las_malvinas_son_argentinas.pdf,https://www.bcra.gob.ar/archivos/Pdfs/comytexord/A7489.pdf,A7489,2026-05-10T19:50:51+00:00,2022-04-12,287341,12,"""Las Malvinas son argentinas""",true,,
comunicacion_A,data/raw/02_comunicaciones_A/A7491_las_malvinas_son_argentinas.pdf,https://www.bcra.gob.ar/archivos/Pdfs/comytexord/A7491.pdf,A7491,2026-05-10T19:50:52+00:00,2022-04-13,341690,11,"""Las Malvinas son argentinas""",true,,
comunicacion_A,data/raw/02_comunicaciones_A/A7492_las_malvinas_son_argentinas.pdf,https://www.bcra.gob.ar/archivos/Pdfs/comytexord/A7492.pdf,A7492,2026-05-10T19:50:52+00:00,2022-04-18,180403,3,"""Las Malvinas son argentinas""",true,,
comunicacion_A,data/raw/02_comunicaciones_A/A7493_las_malvinas_son_argentinas.pdf,https://www.bcra.gob.ar/archivos/Pdfs/comytexord/A7493.pdf,A7493,2026-05-10T19:50:53+00:00,2022-04-25,383467,10,"""Las Malvinas son argentinas""",true,,
comunicacion_A,data/raw/02_comunicaciones_A/A7494_las_malvinas_son_argentinas.pdf,https://www.bcra.gob.ar/archivos/Pdfs/comytexord/A7494.pdf,A7494,2026-05-10T19:50:53+00:00,2022-04-26,158101,2,".   ""Las Malvinas son argentinas""",true,,
comunicacion_A,data/raw/02_comunicaciones_A/A7496_las_malvinas_son_argentinas.pdf,https://www.bcra.gob.ar/archivos/Pdfs/comytexord/A7496.pdf,A7496,2026-05-10T19:50:54+00:00,2022-04-28,131831,1,".   ""Las Malvinas son argentinas""",true,,
comunicacion_A,data/raw/02_comunicaciones_A/A7499_las_malvinas_son_argentinas.pdf,https://www.bcra.gob.ar/archivos/Pdfs/comytexord/A7499.pdf,A7499,2026-05-10T19:50:54+00:00,2022-05-02,126800,1,".   ""Las Malvinas son argentinas""",true,,
comunicacion_A,data/raw/02_comunicaciones_A/A7500_las_malvinas_son_argentinas.pdf,https://www.bcra.gob.ar/archivos/Pdfs/comytexord/A7500.pdf,A7500,2026-05-10T19:50:55+00:00,2022-05-02,130051,1,".   ""Las Malvinas son argentinas""",true,,
comunicacion_A,data/raw/02_comunicaciones_A/A7501_las_malvinas_son_argentinas.pdf,https://www.bcra.gob.ar/archivos/Pdfs/comytexord/A7501.pdf,A7501,2026-05-10T19:50:55+00:00,2022-05-03,503626,8,"""Las Malvinas son argentinas""",true,,
comunicacion_A,data/raw/02_comunicaciones_A/A7502_las_malvinas_son_argentinas.pdf,https://www.bcra.gob.ar/archivos/Pdfs/comytexord/A7502.pdf,A7502,2026-05-10T19:50:56+00:00,2022-05-04,258910,3,"""Las Malvinas son argentinas""",true,,
comunicacion_A,data/raw/02_comunicaciones_A/A7503_las_malvinas_son_argentinas.pdf,https://www.bcra.gob.ar/archivos/Pdfs/comytexord/A7503.pdf,A7503,2026-05-10T19:50:56+00:00,2022-05-05,133686,1,".   ""Las Malvinas son argentinas""",true,,
comunicacion_A,data/raw/02_comunicaciones_A/A7504_las_malvinas_son_argentinas.pdf,https://www.bcra.gob.ar/archivos/Pdfs/comytexord/A7504.pdf,A7504,2026-05-10T19:50:57+00:00,2022-05-05,131250,1,".   ""Las Malvinas son argentinas""",true,,
comunicacion_A,data/raw/02_comunicaciones_A/A7505_las_malvinas_son_argentinas.pdf,https://www.bcra.gob.ar/archivos/Pdfs/comytexord/A7505.pdf,A7505,2026-05-10T19:50:57+00:00,2022-05-05,203878,1,".   ""Las Malvinas son argentinas""",true,,
comunicacion_A,data/raw/02_comunicaciones_A/A7506_las_malvinas_son_argentinas.pdf,https://www.bcra.gob.ar/archivos/Pdfs/comytexord/A7506.pdf,A7506,2026-05-10T19:50:58+00:00,2022-05-05,200881,3,"""Las Malvinas son argentinas""",true,,
comunicacion_A,data/raw/02_comunicaciones_A/A7508_las_malvinas_son_argentinas.pdf,https://www.bcra.gob.ar/archivos/Pdfs/comytexord/A7508.pdf,A7508,2026-05-10T19:50:58+00:00,2022-05-06,235255,6,"""Las Malvinas son argentinas""",true,,
comunicacion_A,data/raw/02_comunicaciones_A/A7510_las_malvinas_son_argentinas.pdf,https://www.bcra.gob.ar/archivos/Pdfs/comytexord/A7510.pdf,A7510,2026-05-10T19:50:59+00:00,2022-05-12,210512,5,"""Las Malvinas son argentinas""",true,,
comunicacion_A,data/raw/02_comunicaciones_A/A7509_las_malvinas_son_argentinas.pdf,https://www.bcra.gob.ar/archivos/Pdfs/comytexord/A7509.pdf,A7509,2026-05-10T19:50:59+00:00,2022-05-09,601110,37,"""Las Malvinas son argentinas""",true,,
comunicacion_A,data/raw/02_comunicaciones_A/A7511_las_malvinas_son_argentinas.pdf,https://www.bcra.gob.ar/archivos/Pdfs/comytexord/A7511.pdf,A7511,2026-05-10T19:51:00+00:00,2022-05-12,305013,10,"""Las Malvinas son argentinas""",true,,
comunicacion_A,data/raw/02_comunicaciones_A/A7512_las_malvinas_son_argentinas.pdf,https://www.bcra.gob.ar/archivos/Pdfs/comytexord/A7512.pdf,A7512,2026-05-10T19:51:01+00:00,2022-05-12,353069,11,"""Las Malvinas son argentinas""",true,,
comunicacion_A,data/raw/02_comunicaciones_A/A7513_las_malvinas_son_argentinas.pdf,https://www.bcra.gob.ar/archivos/Pdfs/comytexord/A7513.pdf,A7513,2026-05-10T19:51:01+00:00,2022-05-19,133447,1,"""Las Malvinas son argentinas""",true,,
comunicacion_A,data/raw/02_comunicaciones_A/A7514_las_malvinas_son_argentinas.pdf,https://www.bcra.gob.ar/archivos/Pdfs/comytexord/A7514.pdf,A7514,2026-05-10T19:51:01+00:00,2022-05-19,227796,2,".   ""Las Malvinas son argentinas""",true,,
comunicacion_A,data/raw/02_comunicaciones_A/A7515_las_malvinas_son_argentinas.pdf,https://www.bcra.gob.ar/archivos/Pdfs/comytexord/A7515.pdf,A7515,2026-05-10T19:51:02+00:00,2022-05-19,258401,3,"""Las Malvinas son argentinas""",true,,
comunicacion_A,data/raw/02_comunicaciones_A/A7517_las_malvinas_son_argentinas.pdf,https://www.bcra.gob.ar/archivos/Pdfs/comytexord/A7517.pdf,A7517,2026-05-10T19:51:02+00:00,2022-05-26,153760,2,".   ""Las Malvinas son argentinas""",true,,
comunicacion_A,data/raw/02_comunicaciones_A/A7522_las_malvinas_son_argentinas.pdf,https://www.bcra.gob.ar/archivos/Pdfs/comytexord/A7522.pdf,A7522,2026-05-10T19:51:03+00:00,2022-06-06,541677,11,"""Las Malvinas son argentinas""",true,,
comunicacion_A,data/raw/02_comunicaciones_A/A7523_las_malvinas_son_argentinas.pdf,https://www.bcra.gob.ar/archivos/Pdfs/comytexord/A7523.pdf,A7523,2026-05-10T19:51:04+00:00,2022-06-06,182370,4,"""Las Malvinas son argentinas""",true,,
comunicacion_A,data/raw/02_comunicaciones_A/A7524_las_malvinas_son_argentinas.pdf,https://www.bcra.gob.ar/archivos/Pdfs/comytexord/A7524.pdf,A7524,2026-05-10T19:51:04+00:00,2022-06-09,261705,8,"""Las Malvinas son argentinas""",true,,
comunicacion_A,data/raw/02_comunicaciones_A/A7526_las_malvinas_son_argentinas.pdf,https://www.bcra.gob.ar/archivos/Pdfs/comytexord/A7526.pdf,A7526,2026-05-10T19:51:04+00:00,2022-06-14,149389,2,".   ""Las Malvinas son argentinas""",true,,
comunicacion_A,data/raw/02_comunicaciones_A/A7527_las_malvinas_son_argentinas.pdf,https://www.bcra.gob.ar/archivos/Pdfs/comytexord/A7527.pdf,A7527,2026-05-10T19:51:05+00:00,2022-06-16,354150,11,"""Las Malvinas son argentinas""",true,,
comunicacion_A,data/raw/02_comunicaciones_A/A7529_las_malvinas_son_argentinas.pdf,https://www.bcra.gob.ar/archivos/Pdfs/comytexord/A7529.pdf,A7529,2026-05-10T19:51:06+00:00,2022-06-23,313311,14,"""Las Malvinas son argentinas""",true,,
comunicacion_A,data/raw/02_comunicaciones_A/A7530_las_malvinas_son_argentinas.pdf,https://www.bcra.gob.ar/archivos/Pdfs/comytexord/A7530.pdf,A7530,2026-05-10T19:51:06+00:00,2022-06-23,194842,3,"""Las Malvinas son argentinas""",true,,
comunicacion_A,data/raw/02_comunicaciones_A/A7531_las_malvinas_son_argentinas.pdf,https://www.bcra.gob.ar/archivos/Pdfs/comytexord/A7531.pdf,A7531,2026-05-10T19:51:07+00:00,2022-06-23,286532,5,"""Las Malvinas son argentinas""",true,,
comunicacion_A,data/raw/02_comunicaciones_A/A7533_las_malvinas_son_argentinas.pdf,https://www.bcra.gob.ar/archivos/Pdfs/comytexord/A7533.pdf,A7533,2026-05-10T19:51:07+00:00,2022-06-29,484667,18,"""Las Malvinas son argentinas""",true,,
comunicacion_A,data/raw/02_comunicaciones_A/A7534_las_malvinas_son_argentinas.pdf,https://www.bcra.gob.ar/archivos/Pdfs/comytexord/A7534.pdf,A7534,2026-05-10T19:51:08+00:00,2022-06-30,201573,1,"""Las Malvinas son argentinas""",true,,
comunicacion_A,data/raw/02_comunicaciones_A/A7535_las_malvinas_son_argentinas.pdf,https://www.bcra.gob.ar/archivos/Pdfs/comytexord/A7535.pdf,A7535,2026-05-10T19:51:08+00:00,2022-06-30,225132,6,"""Las Malvinas son argentinas""",true,,
comunicacion_A,data/raw/02_comunicaciones_A/A7536_las_malvinas_son_argentinas.pdf,https://www.bcra.gob.ar/archivos/Pdfs/comytexord/A7536.pdf,A7536,2026-05-10T19:51:09+00:00,2022-06-30,213135,8,".   ""Las Malvinas son argentinas""",true,,
comunicacion_A,data/raw/02_comunicaciones_A/A7537_las_malvinas_son_argentinas.pdf,https://www.bcra.gob.ar/archivos/Pdfs/comytexord/A7537.pdf,A7537,2026-05-10T19:51:09+00:00,2022-07-01,487004,6,"""Las Malvinas son argentinas""",true,,
comunicacion_A,data/raw/02_comunicaciones_A/A7540_las_malvinas_son_argentinas.pdf,https://www.bcra.gob.ar/archivos/Pdfs/comytexord/A7540.pdf,A7540,2026-05-10T19:51:10+00:00,2022-07-07,219941,5,"""Las Malvinas son argentinas""",true,,
comunicacion_A,data/raw/02_comunicaciones_A/A7541_las_malvinas_son_argentinas.pdf,https://www.bcra.gob.ar/archivos/Pdfs/comytexord/A7541.pdf,A7541,2026-05-10T19:51:10+00:00,2022-07-07,162146,2,"""Las Malvinas son argentinas""",true,,
comunicacion_A,data/raw/02_comunicaciones_A/A7545_las_malvinas_son_argentinas.pdf,https://www.bcra.gob.ar/archivos/Pdfs/comytexord/A7545.pdf,A7545,2026-05-10T19:51:11+00:00,2022-07-12,401798,17,"""Las Malvinas son argentinas""",true,,
comunicacion_A,data/raw/02_comunicaciones_A/A7546_comunicacion_a_7546_12_07_2022.pdf,https://www.bcra.gob.ar/archivos/Pdfs/comytexord/A7546.pdf,A7546,2026-05-10T19:51:11+00:00,2022-07-12,130925,2,COMUNICACIÓN  “A”  7546 12/07/2022,true,,
comunicacion_A,data/raw/02_comunicaciones_A/A7548_comunicacion_a_7548_15_07_2022.pdf,https://www.bcra.gob.ar/archivos/Pdfs/comytexord/A7548.pdf,A7548,2026-05-10T19:51:12+00:00,2022-07-15,121289,1,COMUNICACIÓN  “A”  7548 15/07/2022,true,,
comunicacion_A,data/raw/02_comunicaciones_A/A7549_las_malvinas_son_argentinas.pdf,https://www.bcra.gob.ar/archivos/Pdfs/comytexord/A7549.pdf,A7549,2026-05-10T19:51:12+00:00,2022-07-21,182722,4,"""Las Malvinas son argentinas""",true,,
comunicacion_A,data/raw/02_comunicaciones_A/A7550_las_malvinas_son_argentinas.pdf,https://www.bcra.gob.ar/archivos/Pdfs/comytexord/A7550.pdf,A7550,2026-05-10T19:51:13+00:00,2022-07-21,193555,3,"""Las Malvinas son argentinas""",true,,
comunicacion_A,data/raw/02_comunicaciones_A/A7555_comunicacion_a_7555_26_07_2022.pdf,https://www.bcra.gob.ar/archivos/Pdfs/comytexord/A7555.pdf,A7555,2026-05-10T19:51:13+00:00,2022-07-26,132912,2,COMUNICACIÓN  “A”  7555 26/07/2022,true,,
comunicacion_A,data/raw/02_comunicaciones_A/A7557_comunicacion_a_7557_26_07_2022.pdf,https://www.bcra.gob.ar/archivos/Pdfs/comytexord/A7557.pdf,A7557,2026-05-10T19:51:14+00:00,2022-07-26,207540,2,COMUNICACIÓN  “A”  7557 26/07/2022,true,,
comunicacion_A,data/raw/02_comunicaciones_A/A7558_las_malvinas_son_argentinas.pdf,https://www.bcra.gob.ar/archivos/Pdfs/comytexord/A7558.pdf,A7558,2026-05-10T19:51:14+00:00,2022-07-28,128621,1,".   ""Las Malvinas son argentinas""",true,,
comunicacion_A,data/raw/02_comunicaciones_A/A7559_las_malvinas_son_argentinas.pdf,https://www.bcra.gob.ar/archivos/Pdfs/comytexord/A7559.pdf,A7559,2026-05-10T19:51:15+00:00,2022-07-28,206155,3,"""Las Malvinas son argentinas""",true,,
comunicacion_A,data/raw/02_comunicaciones_A/A7560_las_malvinas_son_argentinas.pdf,https://www.bcra.gob.ar/archivos/Pdfs/comytexord/A7560.pdf,A7560,2026-05-10T19:51:15+00:00,2022-07-28,173217,6,"""Las Malvinas son argentinas""",true,,
comunicacion_A,data/raw/02_comunicaciones_A/A7561_las_malvinas_son_argentinas.pdf,https://www.bcra.gob.ar/archivos/Pdfs/comytexord/A7561.pdf,A7561,2026-05-10T19:51:16+00:00,2022-07-28,420239,14,"""Las Malvinas son argentinas""",true,,
comunicacion_A,data/raw/02_comunicaciones_A/A7566_las_malvinas_son_argentinas.pdf,https://www.bcra.gob.ar/archivos/Pdfs/comytexord/A7566.pdf,A7566,2026-05-10T19:51:16+00:00,2022-08-04,206885,6,"""Las Malvinas son argentinas""",true,,
comunicacion_A,data/raw/02_comunicaciones_A/A7567_las_malvinas_son_argentinas.pdf,https://www.bcra.gob.ar/archivos/Pdfs/comytexord/A7567.pdf,A7567,2026-05-10T19:51:17+00:00,2022-08-05,130417,1,".   ""Las Malvinas son argentinas""",true,,
comunicacion_A,data/raw/02_comunicaciones_A/A7569_las_malvinas_son_argentinas.pdf,https://www.bcra.gob.ar/archivos/Pdfs/comytexord/A7569.pdf,A7569,2026-05-10T19:51:17+00:00,2022-08-05,150505,2,".   ""Las Malvinas son argentinas""",true,,
comunicacion_A,data/raw/02_comunicaciones_A/A7573_las_malvinas_son_argentinas.pdf,https://www.bcra.gob.ar/archivos/Pdfs/comytexord/A7573.pdf,A7573,2026-05-10T19:51:18+00:00,2022-08-05,482102,20,"""Las Malvinas son argentinas""",true,,
comunicacion_A,data/raw/02_comunicaciones_A/A7574_comunicacion_a_7574_05_08_2022.pdf,https://www.bcra.gob.ar/archivos/Pdfs/comytexord/A7574.pdf,A7574,2026-05-10T19:51:18+00:00,2022-08-05,128975,2,COMUNICACIÓN  “A”  7574 05/08/2022,true,,
comunicacion_A,data/raw/02_comunicaciones_A/A7575_las_malvinas_son_argentinas.pdf,https://www.bcra.gob.ar/archivos/Pdfs/comytexord/A7575.pdf,A7575,2026-05-10T19:51:19+00:00,2022-08-09,567526,9,"""Las Malvinas son argentinas""",true,,
comunicacion_A,data/raw/02_comunicaciones_A/A7576_las_malvinas_son_argentinas.pdf,https://www.bcra.gob.ar/archivos/Pdfs/comytexord/A7576.pdf,A7576,2026-05-10T19:51:19+00:00,2022-08-11,261377,3,"""Las Malvinas son argentinas""",true,,
comunicacion_A,data/raw/02_comunicaciones_A/A7577_las_malvinas_son_argentinas.pdf,https://www.bcra.gob.ar/archivos/Pdfs/comytexord/A7577.pdf,A7577,2026-05-10T19:51:20+00:00,2022-08-11,401876,12,"""Las Malvinas son argentinas""",true,,
comunicacion_A,data/raw/02_comunicaciones_A/A7578_las_malvinas_son_argentinas.pdf,https://www.bcra.gob.ar/archivos/Pdfs/comytexord/A7578.pdf,A7578,2026-05-10T19:51:20+00:00,2022-08-12,300098,2,".   ""Las Malvinas son argentinas""",true,,
comunicacion_A,data/raw/02_comunicaciones_A/A7579_las_malvinas_son_argentinas.pdf,https://www.bcra.gob.ar/archivos/Pdfs/comytexord/A7579.pdf,A7579,2026-05-10T19:51:21+00:00,2022-08-12,128644,1,".   ""Las Malvinas son argentinas""",true,,
comunicacion_A,data/raw/02_comunicaciones_A/A7580_las_malvinas_son_argentinas.pdf,https://www.bcra.gob.ar/archivos/Pdfs/comytexord/A7580.pdf,A7580,2026-05-10T19:51:21+00:00,2022-08-17,352597,4,"""Las Malvinas son argentinas""",true,,
comunicacion_A,data/raw/02_comunicaciones_A/A7581_las_malvinas_son_argentinas.pdf,https://www.bcra.gob.ar/archivos/Pdfs/comytexord/A7581.pdf,A7581,2026-05-10T19:51:22+00:00,2022-08-17,174089,3,"""Las Malvinas son argentinas""",true,,
comunicacion_A,data/raw/02_comunicaciones_A/A7582_las_malvinas_son_argentinas.pdf,https://www.bcra.gob.ar/archivos/Pdfs/comytexord/A7582.pdf,A7582,2026-05-10T19:51:22+00:00,2022-08-25,131959,1,".   ""Las Malvinas son argentinas""",true,,
comunicacion_A,data/raw/02_comunicaciones_A/A7583_las_malvinas_son_argentinas.pdf,https://www.bcra.gob.ar/archivos/Pdfs/comytexord/A7583.pdf,A7583,2026-05-10T19:51:23+00:00,2022-08-25,161162,3,"""Las Malvinas son argentinas""",true,,
comunicacion_A,data/raw/02_comunicaciones_A/A7585_las_malvinas_son_argentinas.pdf,https://www.bcra.gob.ar/archivos/Pdfs/comytexord/A7585.pdf,A7585,2026-05-10T19:51:23+00:00,2022-08-25,267400,8,"""Las Malvinas son argentinas""",true,,
comunicacion_A,data/raw/02_comunicaciones_A/A7589_las_malvinas_son_argentinas.pdf,https://www.bcra.gob.ar/archivos/Pdfs/comytexord/A7589.pdf,A7589,2026-05-10T19:51:24+00:00,2022-08-30,220626,5,"""Las Malvinas son argentinas""",true,,
comunicacion_A,data/raw/02_comunicaciones_A/A7591_las_malvinas_son_argentinas.pdf,https://www.bcra.gob.ar/archivos/Pdfs/comytexord/A7591.pdf,A7591,2026-05-10T19:51:24+00:00,2022-09-01,368857,6,"""Las Malvinas son argentinas""",true,,
comunicacion_A,data/raw/02_comunicaciones_A/A7595_las_malvinas_son_argentinas.pdf,https://www.bcra.gob.ar/archivos/Pdfs/comytexord/A7595.pdf,A7595,2026-05-10T19:51:25+00:00,2022-09-05,130329,1,".   ""Las Malvinas son argentinas""",true,,
comunicacion_A,data/raw/02_comunicaciones_A/A7598_las_malvinas_son_argentinas.pdf,https://www.bcra.gob.ar/archivos/Pdfs/comytexord/A7598.pdf,A7598,2026-05-10T19:51:25+00:00,2022-09-07,548436,17,"""Las Malvinas son argentinas""",true,,
comunicacion_A,data/raw/02_comunicaciones_A/A7599_las_malvinas_son_argentinas.pdf,https://www.bcra.gob.ar/archivos/Pdfs/comytexord/A7599.pdf,A7599,2026-05-10T19:51:26+00:00,2022-09-08,201046,1,".   ""Las Malvinas son argentinas""",true,,
comunicacion_A,data/raw/02_comunicaciones_A/A7600_las_malvinas_son_argentinas.pdf,https://www.bcra.gob.ar/archivos/Pdfs/comytexord/A7600.pdf,A7600,2026-05-10T19:51:26+00:00,2022-09-08,247307,7,"""Las Malvinas son argentinas""",true,,
comunicacion_A,data/raw/02_comunicaciones_A/A7602_las_malvinas_son_argentinas.pdf,https://www.bcra.gob.ar/archivos/Pdfs/comytexord/A7602.pdf,A7602,2026-05-10T19:51:27+00:00,2022-09-09,161509,2,"""Las Malvinas son argentinas""",true,,
comunicacion_A,data/raw/02_comunicaciones_A/A7604_las_malvinas_son_argentinas.pdf,https://www.bcra.gob.ar/archivos/Pdfs/comytexord/A7604.pdf,A7604,2026-05-10T19:51:27+00:00,2022-09-14,435337,8,"""Las Malvinas son argentinas""",true,,
comunicacion_A,data/raw/02_comunicaciones_A/A7605_las_malvinas_son_argentinas.pdf,https://www.bcra.gob.ar/archivos/Pdfs/comytexord/A7605.pdf,A7605,2026-05-10T19:51:28+00:00,2022-09-15,366930,11,"""Las Malvinas son argentinas""",true,,
comunicacion_A,data/raw/02_comunicaciones_A/A7611_las_malvinas_son_argentinas.pdf,https://www.bcra.gob.ar/archivos/Pdfs/comytexord/A7611.pdf,A7611,2026-05-10T19:51:28+00:00,2022-09-22,342379,10,"""Las Malvinas son argentinas""",true,,
comunicacion_A,data/raw/02_comunicaciones_A/A7612_las_malvinas_son_argentinas.pdf,https://www.bcra.gob.ar/archivos/Pdfs/comytexord/A7612.pdf,A7612,2026-05-10T19:51:29+00:00,2022-09-22,347339,12,"""Las Malvinas son argentinas""",true,,
comunicacion_A,data/raw/02_comunicaciones_A/A7613_las_malvinas_son_argentinas.pdf,https://www.bcra.gob.ar/archivos/Pdfs/comytexord/A7613.pdf,A7613,2026-05-10T19:51:29+00:00,2022-09-22,223718,2,".   ""Las Malvinas son argentinas""",true,,
comunicacion_A,data/raw/02_comunicaciones_A/A7614_las_malvinas_son_argentinas.pdf,https://www.bcra.gob.ar/archivos/Pdfs/comytexord/A7614.pdf,A7614,2026-05-10T19:51:30+00:00,2022-09-27,267283,9,"""Las Malvinas son argentinas""",true,,
comunicacion_A,data/raw/02_comunicaciones_A/A7615_las_malvinas_son_argentinas.pdf,https://www.bcra.gob.ar/archivos/Pdfs/comytexord/A7615.pdf,A7615,2026-05-10T19:51:30+00:00,2022-09-29,201107,3,"""Las Malvinas son argentinas""",true,,
comunicacion_A,data/raw/02_comunicaciones_A/A7616_las_malvinas_son_argentinas.pdf,https://www.bcra.gob.ar/archivos/Pdfs/comytexord/A7616.pdf,A7616,2026-05-10T19:51:31+00:00,2022-09-30,653753,30,"""Las Malvinas son argentinas""",true,,
comunicacion_A,data/raw/02_comunicaciones_A/A7617_comunicacion_a_7617_06_10_2022.pdf,https://www.bcra.gob.ar/archivos/Pdfs/comytexord/A7617.pdf,A7617,2026-05-10T19:51:31+00:00,2022-10-06,267399,12,COMUNICACIÓN  “A”  7617 06/10/2022,true,,
comunicacion_A,data/raw/02_comunicaciones_A/A7618_las_malvinas_son_argentinas.pdf,https://www.bcra.gob.ar/archivos/Pdfs/comytexord/A7618.pdf,A7618,2026-05-10T19:51:32+00:00,2022-10-12,420954,3,"""Las Malvinas son argentinas""",true,,
comunicacion_A,data/raw/02_comunicaciones_A/A7619_las_malvinas_son_argentinas.pdf,https://www.bcra.gob.ar/archivos/Pdfs/comytexord/A7619.pdf,A7619,2026-05-10T19:51:33+00:00,2022-10-12,558145,11,"""Las Malvinas son argentinas""",true,,
comunicacion_A,data/raw/02_comunicaciones_A/A7620_las_malvinas_son_argentinas.pdf,https://www.bcra.gob.ar/archivos/Pdfs/comytexord/A7620.pdf,A7620,2026-05-10T19:51:33+00:00,2022-10-12,214816,6,"""Las Malvinas son argentinas""",true,,
comunicacion_A,data/raw/02_comunicaciones_A/A7623_las_malvinas_son_argentinas.pdf,https://www.bcra.gob.ar/archivos/Pdfs/comytexord/A7623.pdf,A7623,2026-05-10T19:51:33+00:00,2022-10-20,128201,1,".   ""Las Malvinas son argentinas""",true,,
comunicacion_A,data/raw/02_comunicaciones_A/A7625_las_malvinas_son_argentinas.pdf,https://www.bcra.gob.ar/archivos/Pdfs/comytexord/A7625.pdf,A7625,2026-05-10T19:51:34+00:00,2022-10-27,134438,1,".   ""Las Malvinas son argentinas""",true,,
comunicacion_A,data/raw/02_comunicaciones_A/A7628_las_malvinas_son_argentinas.pdf,https://www.bcra.gob.ar/archivos/Pdfs/comytexord/A7628.pdf,A7628,2026-05-10T19:51:35+00:00,2022-11-03,288725,12,"""Las Malvinas son argentinas""",true,,
comunicacion_A,data/raw/02_comunicaciones_A/A7627_las_malvinas_son_argentinas.pdf,https://www.bcra.gob.ar/archivos/Pdfs/comytexord/A7627.pdf,A7627,2026-05-10T19:51:35+00:00,2022-11-03,680693,34,"""Las Malvinas son argentinas""",true,,
comunicacion_A,data/raw/02_comunicaciones_A/A7631_las_malvinas_son_argentinas.pdf,https://www.bcra.gob.ar/archivos/Pdfs/comytexord/A7631.pdf,A7631,2026-05-10T19:51:36+00:00,2022-11-10,213221,4,"""Las Malvinas son argentinas""",true,,
comunicacion_A,data/raw/02_comunicaciones_A/A7632_las_malvinas_son_argentinas.pdf,https://www.bcra.gob.ar/archivos/Pdfs/comytexord/A7632.pdf,A7632,2026-05-10T19:51:36+00:00,2022-11-10,150630,2,"""Las Malvinas son argentinas""",true,,
comunicacion_A,data/raw/02_comunicaciones_A/A7633_las_malvinas_son_argentinas.pdf,https://www.bcra.gob.ar/archivos/Pdfs/comytexord/A7633.pdf,A7633,2026-05-10T19:51:37+00:00,2022-11-10,290875,2,"""Las Malvinas son argentinas""",true,,
comunicacion_A,data/raw/02_comunicaciones_A/A7635_las_malvinas_son_argentinas.pdf,https://www.bcra.gob.ar/archivos/Pdfs/comytexord/A7635.pdf,A7635,2026-05-10T19:51:37+00:00,2022-11-16,434798,4,"""Las Malvinas son argentinas""",true,,
comunicacion_A,data/raw/02_comunicaciones_A/A7636_las_malvinas_son_argentinas.pdf,https://www.bcra.gob.ar/archivos/Pdfs/comytexord/A7636.pdf,A7636,2026-05-10T19:51:38+00:00,2022-11-17,255535,3,"""Las Malvinas son argentinas""",true,,
comunicacion_A,data/raw/02_comunicaciones_A/A7637_las_malvinas_son_argentinas.pdf,https://www.bcra.gob.ar/archivos/Pdfs/comytexord/A7637.pdf,A7637,2026-05-10T19:51:38+00:00,2022-11-17,129335,1,".   ""Las Malvinas son argentinas""",true,,
comunicacion_A,data/raw/02_comunicaciones_A/A7639_las_malvinas_son_argentinas.pdf,https://www.bcra.gob.ar/archivos/Pdfs/comytexord/A7639.pdf,A7639,2026-05-10T19:51:39+00:00,2022-11-22,153040,2,"""Las Malvinas son argentinas""",true,,
comunicacion_A,data/raw/02_comunicaciones_A/A7640_las_malvinas_son_argentinas.pdf,https://www.bcra.gob.ar/archivos/Pdfs/comytexord/A7640.pdf,A7640,2026-05-10T19:51:39+00:00,2022-11-22,166609,3,"""Las Malvinas son argentinas""",true,,
comunicacion_A,data/raw/02_comunicaciones_A/A7641_las_malvinas_son_argentinas.pdf,https://www.bcra.gob.ar/archivos/Pdfs/comytexord/A7641.pdf,A7641,2026-05-10T19:51:40+00:00,2022-11-24,413892,4,"""Las Malvinas son argentinas""",true,,
comunicacion_A,data/raw/02_comunicaciones_A/A7642_las_malvinas_son_argentinas.pdf,https://www.bcra.gob.ar/archivos/Pdfs/comytexord/A7642.pdf,A7642,2026-05-10T19:51:41+00:00,2022-11-24,526240,5,"""Las Malvinas son argentinas""",true,,
comunicacion_A,data/raw/02_comunicaciones_A/A7644_las_malvinas_son_argentinas.pdf,https://www.bcra.gob.ar/archivos/Pdfs/comytexord/A7644.pdf,A7644,2026-05-10T19:51:41+00:00,2022-11-25,260807,10,"""Las Malvinas son argentinas""",true,,
comunicacion_A,data/raw/02_comunicaciones_A/A7648_las_malvinas_son_argentinas.pdf,https://www.bcra.gob.ar/archivos/Pdfs/comytexord/A7648.pdf,A7648,2026-05-10T19:51:41+00:00,2022-12-01,282126,4,"""Las Malvinas son argentinas""",true,,
comunicacion_A,data/raw/02_comunicaciones_A/A7650_las_malvinas_son_argentinas.pdf,https://www.bcra.gob.ar/archivos/Pdfs/comytexord/A7650.pdf,A7650,2026-05-10T19:51:42+00:00,2022-12-01,273109,6,"""Las Malvinas son argentinas""",true,,
comunicacion_A,data/raw/02_comunicaciones_A/A7651_las_malvinas_son_argentinas.pdf,https://www.bcra.gob.ar/archivos/Pdfs/comytexord/A7651.pdf,A7651,2026-05-10T19:51:42+00:00,2022-12-02,264433,4,"""Las Malvinas son argentinas""",true,,
comunicacion_A,data/raw/02_comunicaciones_A/A7652_las_malvinas_son_argentinas.pdf,https://www.bcra.gob.ar/archivos/Pdfs/comytexord/A7652.pdf,A7652,2026-05-10T19:51:43+00:00,2022-12-07,130408,1,".   ""Las Malvinas son argentinas""",true,,
comunicacion_A,data/raw/02_comunicaciones_A/A7653_las_malvinas_son_argentinas.pdf,https://www.bcra.gob.ar/archivos/Pdfs/comytexord/A7653.pdf,A7653,2026-05-10T19:51:44+00:00,2022-12-07,418360,9,"""Las Malvinas son argentinas""",true,,
comunicacion_A,data/raw/02_comunicaciones_A/A7654_las_malvinas_son_argentinas.pdf,https://www.bcra.gob.ar/archivos/Pdfs/comytexord/A7654.pdf,A7654,2026-05-10T19:51:44+00:00,2022-12-07,157562,2,"""Las Malvinas son argentinas""",true,,
comunicacion_A,data/raw/02_comunicaciones_A/A7656_las_malvinas_son_argentinas.pdf,https://www.bcra.gob.ar/archivos/Pdfs/comytexord/A7656.pdf,A7656,2026-05-10T19:51:44+00:00,2022-12-15,84685,1,".   ""Las Malvinas son argentinas""",true,,
comunicacion_A,data/raw/02_comunicaciones_A/A7657_las_malvinas_son_argentinas.pdf,https://www.bcra.gob.ar/archivos/Pdfs/comytexord/A7657.pdf,A7657,2026-05-10T19:51:45+00:00,2022-12-15,203635,1,".   ""Las Malvinas son argentinas""",true,,
comunicacion_A,data/raw/02_comunicaciones_A/A7658_las_malvinas_son_argentinas.pdf,https://www.bcra.gob.ar/archivos/Pdfs/comytexord/A7658.pdf,A7658,2026-05-10T19:51:45+00:00,2022-12-15,330146,3,"""Las Malvinas son argentinas""",true,,
comunicacion_A,data/raw/02_comunicaciones_A/A7659_las_malvinas_son_argentinas.pdf,https://www.bcra.gob.ar/archivos/Pdfs/comytexord/A7659.pdf,A7659,2026-05-10T19:51:46+00:00,2022-12-15,339396,12,"""Las Malvinas son argentinas""",true,,
comunicacion_A,data/raw/02_comunicaciones_A/A7660_las_malvinas_son_argentinas.pdf,https://www.bcra.gob.ar/archivos/Pdfs/comytexord/A7660.pdf,A7660,2026-05-10T19:51:47+00:00,2022-12-15,290050,5,"""Las Malvinas son argentinas""",true,,
comunicacion_A,data/raw/02_comunicaciones_A/A7661_las_malvinas_son_argentinas.pdf,https://www.bcra.gob.ar/archivos/Pdfs/comytexord/A7661.pdf,A7661,2026-05-10T19:51:47+00:00,2022-12-22,401852,14,"""Las Malvinas son argentinas""",true,,
comunicacion_A,data/raw/02_comunicaciones_A/A7665_1983_2023_40_anos_de_democraci.pdf,https://www.bcra.gob.ar/archivos/Pdfs/comytexord/A7665.pdf,A7665,2026-05-10T19:51:48+00:00,2023-01-04,129025,1,". ""1983/2023 - 40 AÑOS DE DEMOCRACIA""    ""1983/2023 - 40 AÑOS DE DEMOCRACIA""",true,,
comunicacion_A,data/raw/02_comunicaciones_A/A7666_1983_2023_40_anos_de_democraci.pdf,https://www.bcra.gob.ar/archivos/Pdfs/comytexord/A7666.pdf,A7666,2026-05-10T19:51:48+00:00,2023-01-05,202371,1,". ""1983/2023 - 40 AÑOS DE DEMOCRACIA""    ""1983/2023 - 40 AÑOS DE DEMOCRACIA""",true,,
comunicacion_A,data/raw/02_comunicaciones_A/A7667_1983_2023_40_anos_de_democraci.pdf,https://www.bcra.gob.ar/archivos/Pdfs/comytexord/A7667.pdf,A7667,2026-05-10T19:51:49+00:00,2023-01-05,281664,4,"""1983/2023 - 40 AÑOS DE DEMOCRACIA""",true,,
comunicacion_A,data/raw/02_comunicaciones_A/A7669_1983_2023_40_anos_de_democraci.pdf,https://www.bcra.gob.ar/archivos/Pdfs/comytexord/A7669.pdf,A7669,2026-05-10T19:51:49+00:00,2023-01-10,283421,4,"""1983/2023 - 40 AÑOS DE DEMOCRACIA""",true,,
comunicacion_A,data/raw/02_comunicaciones_A/A7671_1983_2023_40_anos_de_democraci.pdf,https://www.bcra.gob.ar/archivos/Pdfs/comytexord/A7671.pdf,A7671,2026-05-10T19:51:50+00:00,2023-01-12,505139,5,"""1983/2023 - 40 AÑOS DE DEMOCRACIA""",true,,
comunicacion_A,data/raw/02_comunicaciones_A/A7672_1983_2023_40_anos_de_democraci.pdf,https://www.bcra.gob.ar/archivos/Pdfs/comytexord/A7672.pdf,A7672,2026-05-10T19:51:50+00:00,2023-01-19,240601,4,"""1983/2023 - 40 AÑOS DE DEMOCRACIA""",true,,
comunicacion_A,data/raw/02_comunicaciones_A/A7673_1983_2023_40_anos_de_democraci.pdf,https://www.bcra.gob.ar/archivos/Pdfs/comytexord/A7673.pdf,A7673,2026-05-10T19:51:51+00:00,2023-01-19,265916,13,"""1983/2023 - 40 AÑOS DE DEMOCRACIA""",true,,
comunicacion_A,data/raw/02_comunicaciones_A/A7674_1983_2023_40_anos_de_democraci.pdf,https://www.bcra.gob.ar/archivos/Pdfs/comytexord/A7674.pdf,A7674,2026-05-10T19:51:51+00:00,2023-01-19,175116,3,"""1983/2023 - 40 AÑOS DE DEMOCRACIA""",true,,
comunicacion_A,data/raw/02_comunicaciones_A/A7675_1983_2023_40_anos_de_democraci.pdf,https://www.bcra.gob.ar/archivos/Pdfs/comytexord/A7675.pdf,A7675,2026-05-10T19:51:52+00:00,2023-01-19,201521,7,"""1983/2023 - 40 AÑOS DE DEMOCRACIA""",true,,
comunicacion_A,data/raw/02_comunicaciones_A/A7678_1983_2023_40_anos_de_democraci.pdf,https://www.bcra.gob.ar/archivos/Pdfs/comytexord/A7678.pdf,A7678,2026-05-10T19:51:52+00:00,2023-01-23,201142,5,"""1983/2023 - 40 AÑOS DE DEMOCRACIA""",true,,
comunicacion_A,data/raw/02_comunicaciones_A/A7679_1983_2023_40_anos_de_democraci.pdf,https://www.bcra.gob.ar/archivos/Pdfs/comytexord/A7679.pdf,A7679,2026-05-10T19:51:53+00:00,2023-01-23,162852,2,"""1983/2023 - 40 AÑOS DE DEMOCRACIA""",true,,
comunicacion_A,data/raw/02_comunicaciones_A/A7680_1983_2023_40_anos_de_democraci.pdf,https://www.bcra.gob.ar/archivos/Pdfs/comytexord/A7680.pdf,A7680,2026-05-10T19:51:53+00:00,2023-01-24,267287,3,"""1983/2023 - 40 AÑOS DE DEMOCRACIA""",true,,
comunicacion_A,data/raw/02_comunicaciones_A/A7681_1983_2023_40_anos_de_democraci.pdf,https://www.bcra.gob.ar/archivos/Pdfs/comytexord/A7681.pdf,A7681,2026-05-10T19:51:54+00:00,2023-01-25,237907,2,". ""1983/2023 - 40 AÑOS DE DEMOCRACIA""    ""1983/2023 - 40 AÑOS DE DEMOCRACIA""",true,,
comunicacion_A,data/raw/02_comunicaciones_A/A7683_1983_2023_40_anos_de_democraci.pdf,https://www.bcra.gob.ar/archivos/Pdfs/comytexord/A7683.pdf,A7683,2026-05-10T19:51:54+00:00,2023-01-26,368613,12,"""1983/2023 - 40 AÑOS DE DEMOCRACIA""",true,,
comunicacion_A,data/raw/02_comunicaciones_A/A7684_1983_2023_40_anos_de_democraci.pdf,https://www.bcra.gob.ar/archivos/Pdfs/comytexord/A7684.pdf,A7684,2026-05-10T19:51:55+00:00,2023-01-26,630333,8,"""1983/2023 - 40 AÑOS DE DEMOCRACIA""",true,,
comunicacion_A,data/raw/02_comunicaciones_A/A7687_1983_2023_40_anos_de_democraci.pdf,https://www.bcra.gob.ar/archivos/Pdfs/comytexord/A7687.pdf,A7687,2026-05-10T19:51:55+00:00,2023-02-02,181671,4,"""1983/2023 - 40 AÑOS DE DEMOCRACIA""",true,,
comunicacion_A,data/raw/02_comunicaciones_A/A7688_1983_2023_40_anos_de_democraci.pdf,https://www.bcra.gob.ar/archivos/Pdfs/comytexord/A7688.pdf,A7688,2026-05-10T19:51:56+00:00,2023-02-02,198174,1,". ""1983/2023 - 40 AÑOS DE DEMOCRACIA""    ""1983/2023 - 40 AÑOS DE DEMOCRACIA""",true,,
comunicacion_A,data/raw/02_comunicaciones_A/A7689_1983_2023_40_anos_de_democraci.pdf,https://www.bcra.gob.ar/archivos/Pdfs/comytexord/A7689.pdf,A7689,2026-05-10T19:51:56+00:00,2023-02-03,128696,1,". ""1983/2023 - 40 AÑOS DE DEMOCRACIA""    ""1983/2023 - 40 AÑOS DE DEMOCRACIA""",true,,
comunicacion_A,data/raw/02_comunicaciones_A/A7690_comunicacion_a_7690_03_02_2023.pdf,https://www.bcra.gob.ar/archivos/Pdfs/comytexord/A7690.pdf,A7690,2026-05-10T19:51:57+00:00,2023-02-03,237712,3,COMUNICACIÓN  “A”  7690 03/02/2023,true,,
comunicacion_A,data/raw/02_comunicaciones_A/A7692_1983_2023_40_anos_de_democraci.pdf,https://www.bcra.gob.ar/archivos/Pdfs/comytexord/A7692.pdf,A7692,2026-05-10T19:51:57+00:00,2023-02-09,160034,2,"""1983/2023 - 40 AÑOS DE DEMOCRACIA""",true,,
comunicacion_A,data/raw/02_comunicaciones_A/A7693_1983_2023_40_anos_de_democraci.pdf,https://www.bcra.gob.ar/archivos/Pdfs/comytexord/A7693.pdf,A7693,2026-05-10T19:51:58+00:00,2023-02-09,162758,2,"""1983/2023 - 40 AÑOS DE DEMOCRACIA""",true,,
comunicacion_A,data/raw/02_comunicaciones_A/A7694_1983_2023_40_anos_de_democraci.pdf,https://www.bcra.gob.ar/archivos/Pdfs/comytexord/A7694.pdf,A7694,2026-05-10T19:51:58+00:00,2023-02-09,163081,2,"""1983/2023 - 40 AÑOS DE DEMOCRACIA""",true,,
comunicacion_A,data/raw/02_comunicaciones_A/A7695_1983_2023_40_anos_de_democraci.pdf,https://www.bcra.gob.ar/archivos/Pdfs/comytexord/A7695.pdf,A7695,2026-05-10T19:51:59+00:00,2023-02-09,163314,2,"""1983/2023 - 40 AÑOS DE DEMOCRACIA""",true,,
comunicacion_A,data/raw/02_comunicaciones_A/A7696_1983_2023_40_anos_de_democraci.pdf,https://www.bcra.gob.ar/archivos/Pdfs/comytexord/A7696.pdf,A7696,2026-05-10T19:51:59+00:00,2023-02-09,159538,2,"""1983/2023 - 40 AÑOS DE DEMOCRACIA""",true,,
comunicacion_A,data/raw/02_comunicaciones_A/A7697_1983_2023_40_anos_de_democraci.pdf,https://www.bcra.gob.ar/archivos/Pdfs/comytexord/A7697.pdf,A7697,2026-05-10T19:52:00+00:00,2023-02-13,532442,6,"""1983/2023 - 40 AÑOS DE DEMOCRACIA""",true,,
comunicacion_A,data/raw/02_comunicaciones_A/A7698_1983_2023_40_anos_de_democraci.pdf,https://www.bcra.gob.ar/archivos/Pdfs/comytexord/A7698.pdf,A7698,2026-05-10T19:52:00+00:00,2023-02-14,174794,2,"""1983/2023 - 40 AÑOS DE DEMOCRACIA""",true,,
comunicacion_A,data/raw/02_comunicaciones_A/A7699_1983_2023_40_anos_de_democraci.pdf,https://www.bcra.gob.ar/archivos/Pdfs/comytexord/A7699.pdf,A7699,2026-05-10T19:52:01+00:00,2023-02-15,166676,3,"""1983/2023 - 40 AÑOS DE DEMOCRACIA""",true,,
comunicacion_A,data/raw/02_comunicaciones_A/A7701_1983_2023_40_anos_de_democraci.pdf,https://www.bcra.gob.ar/archivos/Pdfs/comytexord/A7701.pdf,A7701,2026-05-10T19:52:01+00:00,2023-02-16,208446,1,". ""1983/2023 - 40 AÑOS DE DEMOCRACIA""    ""1983/2023 - 40 AÑOS DE DEMOCRACIA""",true,,
comunicacion_A,data/raw/02_comunicaciones_A/A7702_1983_2023_40_anos_de_democraci.pdf,https://www.bcra.gob.ar/archivos/Pdfs/comytexord/A7702.pdf,A7702,2026-05-10T19:52:02+00:00,2023-02-16,201247,1,". ""1983/2023 - 40 AÑOS DE DEMOCRACIA""    ""1983/2023 - 40 AÑOS DE DEMOCRACIA""",true,,
comunicacion_A,data/raw/02_comunicaciones_A/A7703_1983_2023_40_anos_de_democraci.pdf,https://www.bcra.gob.ar/archivos/Pdfs/comytexord/A7703.pdf,A7703,2026-05-10T19:52:02+00:00,2023-02-24,208729,6,"""1983/2023 - 40 AÑOS DE DEMOCRACIA""",true,,
comunicacion_A,data/raw/02_comunicaciones_A/A7704_1983_2023_40_anos_de_democraci.pdf,https://www.bcra.gob.ar/archivos/Pdfs/comytexord/A7704.pdf,A7704,2026-05-10T19:52:03+00:00,2023-02-24,376266,3,"""1983/2023 - 40 AÑOS DE DEMOCRACIA""",true,,
comunicacion_A,data/raw/02_comunicaciones_A/A7706_1983_2023_40_anos_de_democraci.pdf,https://www.bcra.gob.ar/archivos/Pdfs/comytexord/A7706.pdf,A7706,2026-05-10T19:52:03+00:00,2023-02-27,229461,6,"""1983/2023 - 40 AÑOS DE DEMOCRACIA""",true,,
comunicacion_A,data/raw/02_comunicaciones_A/A7707_1983_2023_40_anos_de_democraci.pdf,https://www.bcra.gob.ar/archivos/Pdfs/comytexord/A7707.pdf,A7707,2026-05-10T19:52:04+00:00,2023-03-02,203672,1,". ""1983/2023 - 40 AÑOS DE DEMOCRACIA""    ""1983/2023 - 40 AÑOS DE DEMOCRACIA""",true,,
comunicacion_A,data/raw/02_comunicaciones_A/A7708_1983_2023_40_anos_de_democraci.pdf,https://www.bcra.gob.ar/archivos/Pdfs/comytexord/A7708.pdf,A7708,2026-05-10T19:52:04+00:00,2023-03-02,134152,1,". ""1983/2023 - 40 AÑOS DE DEMOCRACIA""    ""1983/2023 - 40 AÑOS DE DEMOCRACIA""",true,,
comunicacion_A,data/raw/02_comunicaciones_A/A7711_1983_2023_40_anos_de_democraci.pdf,https://www.bcra.gob.ar/archivos/Pdfs/comytexord/A7711.pdf,A7711,2026-05-10T19:52:05+00:00,2023-03-06,282731,7,"""1983/2023 - 40 AÑOS DE DEMOCRACIA""",true,,
comunicacion_A,data/raw/02_comunicaciones_A/A7712_1983_2023_40_anos_de_democraci.pdf,https://www.bcra.gob.ar/archivos/Pdfs/comytexord/A7712.pdf,A7712,2026-05-10T19:52:05+00:00,2023-03-07,349126,13,"""1983/2023 - 40 AÑOS DE DEMOCRACIA""",true,,
comunicacion_A,data/raw/02_comunicaciones_A/A7713_comunicacion_a_7713_07_03_2023.pdf,https://www.bcra.gob.ar/archivos/Pdfs/comytexord/A7713.pdf,A7713,2026-05-10T19:52:06+00:00,2023-03-07,98790,1,COMUNICACIÓN  “A”  7713 07/03/2023,true,,
comunicacion_A,data/raw/02_comunicaciones_A/A7715_1983_2023_40_anos_de_democraci.pdf,https://www.bcra.gob.ar/archivos/Pdfs/comytexord/A7715.pdf,A7715,2026-05-10T19:52:07+00:00,2023-03-07,303617,6,"""1983/2023 - 40 AÑOS DE DEMOCRACIA""",true,,
comunicacion_A,data/raw/02_comunicaciones_A/A7714_1983_2023_40_anos_de_democraci.pdf,https://www.bcra.gob.ar/archivos/Pdfs/comytexord/A7714.pdf,A7714,2026-05-10T19:52:07+00:00,2023-03-07,632685,24,"""1983/2023 - 40 AÑOS DE DEMOCRACIA""",true,,
comunicacion_A,data/raw/02_comunicaciones_A/A7716_comunicacion_a_7716_07_03_2023.pdf,https://www.bcra.gob.ar/archivos/Pdfs/comytexord/A7716.pdf,A7716,2026-05-10T19:52:07+00:00,2023-03-07,136147,2,COMUNICACIÓN  “A”  7716 07/03/2023,true,,
comunicacion_A,data/raw/02_comunicaciones_A/A7717_1983_2023_40_anos_de_democraci.pdf,https://www.bcra.gob.ar/archivos/Pdfs/comytexord/A7717.pdf,A7717,2026-05-10T19:52:08+00:00,2023-03-09,153848,2,". ""1983/2023 - 40 AÑOS DE DEMOCRACIA""    ""1983/2023 - 40 AÑOS DE DEMOCRACIA""",true,,
comunicacion_A,data/raw/02_comunicaciones_A/A7718_1983_2023_40_anos_de_democraci.pdf,https://www.bcra.gob.ar/archivos/Pdfs/comytexord/A7718.pdf,A7718,2026-05-10T19:52:08+00:00,2023-03-09,152644,2,". ""1983/2023 - 40 AÑOS DE DEMOCRACIA""    ""1983/2023 - 40 AÑOS DE DEMOCRACIA""",true,,
comunicacion_A,data/raw/02_comunicaciones_A/A7719_1983_2023_40_anos_de_democraci.pdf,https://www.bcra.gob.ar/archivos/Pdfs/comytexord/A7719.pdf,A7719,2026-05-10T19:52:09+00:00,2023-03-09,190483,3,"""1983/2023 - 40 AÑOS DE DEMOCRACIA""",true,,
comunicacion_A,data/raw/02_comunicaciones_A/A7720_1983_2023_40_anos_de_democraci.pdf,https://www.bcra.gob.ar/archivos/Pdfs/comytexord/A7720.pdf,A7720,2026-05-10T19:52:10+00:00,2023-03-09,458967,18,"""1983/2023 - 40 AÑOS DE DEMOCRACIA""",true,,
comunicacion_A,data/raw/02_comunicaciones_A/A7723_1983_2023_40_anos_de_democraci.pdf,https://www.bcra.gob.ar/archivos/Pdfs/comytexord/A7723.pdf,A7723,2026-05-10T19:52:10+00:00,2023-03-10,158084,2,"""1983/2023 - 40 AÑOS DE DEMOCRACIA""",true,,
comunicacion_A,data/raw/02_comunicaciones_A/A7725_1983_2023_40_anos_de_democraci.pdf,https://www.bcra.gob.ar/archivos/Pdfs/comytexord/A7725.pdf,A7725,2026-05-10T19:52:11+00:00,2023-03-16,132982,1,". ""1983/2023 - 40 AÑOS DE DEMOCRACIA""    ""1983/2023 - 40 AÑOS DE DEMOCRACIA""",true,,
comunicacion_A,data/raw/02_comunicaciones_A/A7724_1983_2023_40_anos_de_democraci.pdf,https://www.bcra.gob.ar/archivos/Pdfs/comytexord/A7724.pdf,A7724,2026-05-10T19:52:12+00:00,2023-03-10,805514,76,"""1983/2023 - 40 AÑOS DE DEMOCRACIA""",true,,
comunicacion_A,data/raw/02_comunicaciones_A/A7726_1983_2023_40_anos_de_democraci.pdf,https://www.bcra.gob.ar/archivos/Pdfs/comytexord/A7726.pdf,A7726,2026-05-10T19:52:12+00:00,2023-03-16,258428,7,"""1983/2023 - 40 AÑOS DE DEMOCRACIA""",true,,
comunicacion_A,data/raw/02_comunicaciones_A/A7727_1983_2023_40_anos_de_democraci.pdf,https://www.bcra.gob.ar/archivos/Pdfs/comytexord/A7727.pdf,A7727,2026-05-10T19:52:12+00:00,2023-03-22,373684,19,"""1983/2023 - 40 AÑOS DE DEMOCRACIA""",true,,
comunicacion_A,data/raw/02_comunicaciones_A/A7728_1983_2023_40_anos_de_democraci.pdf,https://www.bcra.gob.ar/archivos/Pdfs/comytexord/A7728.pdf,A7728,2026-05-10T19:52:13+00:00,2023-03-23,166519,3,"""1983/2023 - 40 AÑOS DE DEMOCRACIA""",true,,
comunicacion_A,data/raw/02_comunicaciones_A/A7730_1983_2023_40_anos_de_democraci.pdf,https://www.bcra.gob.ar/archivos/Pdfs/comytexord/A7730.pdf,A7730,2026-05-10T19:52:13+00:00,2023-03-23,133721,1,". ""1983/2023 - 40 AÑOS DE DEMOCRACIA""    ""1983/2023 - 40 AÑOS DE DEMOCRACIA""",true,,
comunicacion_A,data/raw/02_comunicaciones_A/A7731_1983_2023_40_anos_de_democraci.pdf,https://www.bcra.gob.ar/archivos/Pdfs/comytexord/A7731.pdf,A7731,2026-05-10T19:52:14+00:00,2023-03-23,130142,1,". ""1983/2023 - 40 AÑOS DE DEMOCRACIA""    ""1983/2023 - 40 AÑOS DE DEMOCRACIA""",true,,
comunicacion_A,data/raw/02_comunicaciones_A/A7734_1983_2023_40_anos_de_democraci.pdf,https://www.bcra.gob.ar/archivos/Pdfs/comytexord/A7734.pdf,A7734,2026-05-10T19:52:14+00:00,2023-03-27,293099,12,"""1983/2023 - 40 AÑOS DE DEMOCRACIA""",true,,
comunicacion_A,data/raw/02_comunicaciones_A/A7736_1983_2023_40_anos_de_democraci.pdf,https://www.bcra.gob.ar/archivos/Pdfs/comytexord/A7736.pdf,A7736,2026-05-10T19:52:15+00:00,2023-04-03,235768,3,"""1983/2023 - 40 AÑOS DE DEMOCRACIA""",true,,
comunicacion_A,data/raw/02_comunicaciones_A/A7737_1983_2023_40_anos_de_democraci.pdf,https://www.bcra.gob.ar/archivos/Pdfs/comytexord/A7737.pdf,A7737,2026-05-10T19:52:15+00:00,2023-04-04,130062,1,". ""1983/2023 - 40 AÑOS DE DEMOCRACIA""    ""1983/2023 - 40 AÑOS DE DEMOCRACIA""",true,,
comunicacion_A,data/raw/02_comunicaciones_A/A7738_1983_2023_40_anos_de_democraci.pdf,https://www.bcra.gob.ar/archivos/Pdfs/comytexord/A7738.pdf,A7738,2026-05-10T19:52:16+00:00,2023-04-05,132062,1,". ""1983/2023 - 40 AÑOS DE DEMOCRACIA""    ""1983/2023 - 40 AÑOS DE DEMOCRACIA""",true,,
comunicacion_A,data/raw/02_comunicaciones_A/A7739_1983_2023_40_anos_de_democraci.pdf,https://www.bcra.gob.ar/archivos/Pdfs/comytexord/A7739.pdf,A7739,2026-05-10T19:52:17+00:00,2023-04-10,555057,29,"""1983/2023 - 40 AÑOS DE DEMOCRACIA""",true,,
comunicacion_A,data/raw/02_comunicaciones_A/A7741_1983_2023_40_anos_de_democraci.pdf,https://www.bcra.gob.ar/archivos/Pdfs/comytexord/A7741.pdf,A7741,2026-05-10T19:52:17+00:00,2023-04-14,315609,6,"""1983/2023 - 40 AÑOS DE DEMOCRACIA""",true,,
comunicacion_A,data/raw/02_comunicaciones_A/A7742_1983_2023_40_anos_de_democraci.pdf,https://www.bcra.gob.ar/archivos/Pdfs/comytexord/A7742.pdf,A7742,2026-05-10T19:52:17+00:00,2023-04-14,193008,4,"""1983/2023 - 40 AÑOS DE DEMOCRACIA""",true,,
comunicacion_A,data/raw/02_comunicaciones_A/A7743_1983_2023_40_anos_de_democraci.pdf,https://www.bcra.gob.ar/archivos/Pdfs/comytexord/A7743.pdf,A7743,2026-05-10T19:52:18+00:00,2023-04-14,313443,10,"""1983/2023 - 40 AÑOS DE DEMOCRACIA""",true,,
comunicacion_A,data/raw/02_comunicaciones_A/A7745_1983_2023_40_anos_de_democraci.pdf,https://www.bcra.gob.ar/archivos/Pdfs/comytexord/A7745.pdf,A7745,2026-05-10T19:52:18+00:00,2023-04-20,366779,11,"""1983/2023 - 40 AÑOS DE DEMOCRACIA""",true,,
comunicacion_A,data/raw/02_comunicaciones_A/A7750_1983_2023_40_anos_de_democraci.pdf,https://www.bcra.gob.ar/archivos/Pdfs/comytexord/A7750.pdf,A7750,2026-05-10T19:52:19+00:00,2023-04-27,206040,1,". ""1983/2023 - 40 AÑOS DE DEMOCRACIA""    ""1983/2023 - 40 AÑOS DE DEMOCRACIA""",true,,
comunicacion_A,data/raw/02_comunicaciones_A/A7751_1983_2023_40_anos_de_democraci.pdf,https://www.bcra.gob.ar/archivos/Pdfs/comytexord/A7751.pdf,A7751,2026-05-10T19:52:20+00:00,2023-04-27,362611,11,"""1983/2023 - 40 AÑOS DE DEMOCRACIA""",true,,
comunicacion_A,data/raw/02_comunicaciones_A/A7752_1983_2023_40_anos_de_democraci.pdf,https://www.bcra.gob.ar/archivos/Pdfs/comytexord/A7752.pdf,A7752,2026-05-10T19:52:21+00:00,2023-05-02,336545,9,"""1983/2023 - 40 AÑOS DE DEMOCRACIA""",true,,
comunicacion_A,data/raw/02_comunicaciones_A/A7749_1983_2023_40_anos_de_democraci.pdf,https://www.bcra.gob.ar/archivos/Pdfs/comytexord/A7749.pdf,A7749,2026-05-10T19:52:22+00:00,2023-04-24,2377221,79,"""1983/2023 - 40 AÑOS DE DEMOCRACIA""",true,,
comunicacion_A,data/raw/02_comunicaciones_A/A7755_1983_2023_40_anos_de_democraci.pdf,https://www.bcra.gob.ar/archivos/Pdfs/comytexord/A7755.pdf,A7755,2026-05-10T19:52:22+00:00,2023-05-03,396963,8,"""1983/2023 - 40 AÑOS DE DEMOCRACIA""",true,,
comunicacion_A,data/raw/02_comunicaciones_A/A7756_1983_2023_40_anos_de_democraci.pdf,https://www.bcra.gob.ar/archivos/Pdfs/comytexord/A7756.pdf,A7756,2026-05-10T19:52:22+00:00,2023-05-04,362404,10,"""1983/2023 - 40 AÑOS DE DEMOCRACIA""",true,,
comunicacion_A,data/raw/02_comunicaciones_A/A7757_1983_2023_40_anos_de_democraci.pdf,https://www.bcra.gob.ar/archivos/Pdfs/comytexord/A7757.pdf,A7757,2026-05-10T19:52:23+00:00,2023-05-04,215814,5,"""1983/2023 - 40 AÑOS DE DEMOCRACIA""",true,,
comunicacion_A,data/raw/02_comunicaciones_A/A7758_1983_2023_40_anos_de_democraci.pdf,https://www.bcra.gob.ar/archivos/Pdfs/comytexord/A7758.pdf,A7758,2026-05-10T19:52:23+00:00,2023-05-04,250753,6,"""1983/2023 - 40 AÑOS DE DEMOCRACIA""",true,,
comunicacion_A,data/raw/02_comunicaciones_A/A7759_1983_2023_40_anos_de_democraci.pdf,https://www.bcra.gob.ar/archivos/Pdfs/comytexord/A7759.pdf,A7759,2026-05-10T19:52:24+00:00,2023-05-04,128871,1,". ""1983/2023 - 40 AÑOS DE DEMOCRACIA""    ""1983/2023 - 40 AÑOS DE DEMOCRACIA""",true,,
comunicacion_A,data/raw/02_comunicaciones_A/A7761_1983_2023_40_anos_de_democraci.pdf,https://www.bcra.gob.ar/archivos/Pdfs/comytexord/A7761.pdf,A7761,2026-05-10T19:52:24+00:00,2023-05-04,200356,1,". ""1983/2023 - 40 AÑOS DE DEMOCRACIA""    ""1983/2023 - 40 AÑOS DE DEMOCRACIA""",true,,
comunicacion_A,data/raw/02_comunicaciones_A/A7764_1983_2023_40_anos_de_democraci.pdf,https://www.bcra.gob.ar/archivos/Pdfs/comytexord/A7764.pdf,A7764,2026-05-10T19:52:25+00:00,2023-05-08,301788,12,"""1983/2023 - 40 AÑOS DE DEMOCRACIA""",true,,
comunicacion_A,data/raw/02_comunicaciones_A/A7765_comunicacion_a_7765_09_05_2023.pdf,https://www.bcra.gob.ar/archivos/Pdfs/comytexord/A7765.pdf,A7765,2026-05-10T19:52:25+00:00,2023-05-09,195581,4,COMUNICACIÓN  “A”  7765 09/05/2023,true,,
comunicacion_A,data/raw/02_comunicaciones_A/A7767_1983_2023_40_anos_de_democraci.pdf,https://www.bcra.gob.ar/archivos/Pdfs/comytexord/A7767.pdf,A7767,2026-05-10T19:52:26+00:00,2023-05-15,414998,15,"""1983/2023 - 40 AÑOS DE DEMOCRACIA""",true,,
comunicacion_A,data/raw/02_comunicaciones_A/A7769_1983_2023_40_anos_de_democraci.pdf,https://www.bcra.gob.ar/archivos/Pdfs/comytexord/A7769.pdf,A7769,2026-05-10T19:52:26+00:00,2023-05-18,274023,6,". ""1983/2023 - 40 AÑOS DE DEMOCRACIA""    ""1983/2023 - 40 AÑOS DE DEMOCRACIA""",true,,
comunicacion_A,data/raw/02_comunicaciones_A/A7773_1983_2023_40_anos_de_democraci.pdf,https://www.bcra.gob.ar/archivos/Pdfs/comytexord/A7773.pdf,A7773,2026-05-10T19:52:27+00:00,2023-05-22,476158,8,"""1983/2023 - 40 AÑOS DE DEMOCRACIA""",true,,
comunicacion_A,data/raw/02_comunicaciones_A/A7775_1983_2023_40_anos_de_democraci.pdf,https://www.bcra.gob.ar/archivos/Pdfs/comytexord/A7775.pdf,A7775,2026-05-10T19:52:27+00:00,2023-05-29,205601,5,"""1983/2023 - 40 AÑOS DE DEMOCRACIA""",true,,
comunicacion_A,data/raw/02_comunicaciones_A/A7778_1983_2023_40_anos_de_democraci.pdf,https://www.bcra.gob.ar/archivos/Pdfs/comytexord/A7778.pdf,A7778,2026-05-10T19:52:28+00:00,2023-06-01,133295,1,". ""1983/2023 - 40 AÑOS DE DEMOCRACIA""    ""1983/2023 - 40 AÑOS DE DEMOCRACIA""",true,,
comunicacion_A,data/raw/02_comunicaciones_A/A7779_1983_2023_40_anos_de_democraci.pdf,https://www.bcra.gob.ar/archivos/Pdfs/comytexord/A7779.pdf,A7779,2026-05-10T19:52:29+00:00,2023-06-01,134623,1,". ""1983/2023 - 40 AÑOS DE DEMOCRACIA""    ""1983/2023 - 40 AÑOS DE DEMOCRACIA""",true,,
comunicacion_A,data/raw/02_comunicaciones_A/A7777_1983_2023_40_anos_de_democraci.pdf,https://www.bcra.gob.ar/archivos/Pdfs/comytexord/A7777.pdf,A7777,2026-05-10T19:52:30+00:00,2023-06-01,1022935,78,"""1983/2023 - 40 AÑOS DE DEMOCRACIA""",true,,
comunicacion_A,data/raw/02_comunicaciones_A/A7783_1983_2023_40_anos_de_democraci.pdf,https://www.bcra.gob.ar/archivos/Pdfs/comytexord/A7783.pdf,A7783,2026-05-10T19:52:30+00:00,2023-06-02,491027,28,"""1983/2023 - 40 AÑOS DE DEMOCRACIA""",true,,
comunicacion_A,data/raw/02_comunicaciones_A/A7786_1983_2023_40_anos_de_democraci.pdf,https://www.bcra.gob.ar/archivos/Pdfs/comytexord/A7786.pdf,A7786,2026-05-10T19:52:31+00:00,2023-06-08,183843,4,"""1983/2023 - 40 AÑOS DE DEMOCRACIA""",true,,
comunicacion_A,data/raw/02_comunicaciones_A/A7787_1983_2023_40_anos_de_democraci.pdf,https://www.bcra.gob.ar/archivos/Pdfs/comytexord/A7787.pdf,A7787,2026-05-10T19:52:31+00:00,2023-06-08,131635,1,". ""1983/2023 - 40 AÑOS DE DEMOCRACIA""    ""1983/2023 - 40 AÑOS DE DEMOCRACIA""",true,,
comunicacion_A,data/raw/02_comunicaciones_A/A7791_1983_2023_40_anos_de_democraci.pdf,https://www.bcra.gob.ar/archivos/Pdfs/comytexord/A7791.pdf,A7791,2026-05-10T19:52:32+00:00,2023-06-12,332679,8,"""1983/2023 - 40 AÑOS DE DEMOCRACIA""",true,,
comunicacion_A,data/raw/02_comunicaciones_A/A7792_1983_2023_40_anos_de_democraci.pdf,https://www.bcra.gob.ar/archivos/Pdfs/comytexord/A7792.pdf,A7792,2026-05-10T19:52:32+00:00,2023-06-12,158404,3,"""1983/2023 - 40 AÑOS DE DEMOCRACIA""",true,,
comunicacion_A,data/raw/02_comunicaciones_A/A7795_1983_2023_40_anos_de_democraci.pdf,https://www.bcra.gob.ar/archivos/Pdfs/comytexord/A7795.pdf,A7795,2026-05-10T19:52:33+00:00,2023-06-29,489921,17,"""1983/2023 - 40 AÑOS DE DEMOCRACIA""",true,,
comunicacion_A,data/raw/02_comunicaciones_A/A7796_1983_2023_40_anos_de_democraci.pdf,https://www.bcra.gob.ar/archivos/Pdfs/comytexord/A7796.pdf,A7796,2026-05-10T19:52:33+00:00,2023-06-29,261861,5,"""1983/2023 - 40 AÑOS DE DEMOCRACIA""",true,,
comunicacion_A,data/raw/02_comunicaciones_A/A7797_1983_2023_40_anos_de_democraci.pdf,https://www.bcra.gob.ar/archivos/Pdfs/comytexord/A7797.pdf,A7797,2026-05-10T19:52:34+00:00,2023-06-29,130554,1,". ""1983/2023 - 40 AÑOS DE DEMOCRACIA""    ""1983/2023 - 40 AÑOS DE DEMOCRACIA""",true,,
comunicacion_A,data/raw/02_comunicaciones_A/A7800_1983_2023_40_anos_de_democraci.pdf,https://www.bcra.gob.ar/archivos/Pdfs/comytexord/A7800.pdf,A7800,2026-05-10T19:52:34+00:00,2023-06-29,127205,1,". ""1983/2023 - 40 AÑOS DE DEMOCRACIA""    ""1983/2023 - 40 AÑOS DE DEMOCRACIA""",true,,
comunicacion_A,data/raw/02_comunicaciones_A/A7803_comunicacion_a_7803_06_07_2023.pdf,https://www.bcra.gob.ar/archivos/Pdfs/comytexord/A7803.pdf,A7803,2026-05-10T19:52:35+00:00,2023-07-06,199541,3,COMUNICACIÓN  “A”  7803 06/07/2023,true,,
comunicacion_A,data/raw/02_comunicaciones_A/A7804_1983_2023_40_anos_de_democraci.pdf,https://www.bcra.gob.ar/archivos/Pdfs/comytexord/A7804.pdf,A7804,2026-05-10T19:52:35+00:00,2023-07-10,150031,2,"""1983/2023 - 40 AÑOS DE DEMOCRACIA""",true,,
comunicacion_A,data/raw/02_comunicaciones_A/A7805_1983_2023_40_anos_de_democraci.pdf,https://www.bcra.gob.ar/archivos/Pdfs/comytexord/A7805.pdf,A7805,2026-05-10T19:52:36+00:00,2023-07-10,270938,8,"""1983/2023 - 40 AÑOS DE DEMOCRACIA""",true,,
comunicacion_A,data/raw/02_comunicaciones_A/A7806_1983_2023_40_anos_de_democraci.pdf,https://www.bcra.gob.ar/archivos/Pdfs/comytexord/A7806.pdf,A7806,2026-05-10T19:52:36+00:00,2023-07-12,163700,4,"""1983/2023 - 40 AÑOS DE DEMOCRACIA""",true,,
comunicacion_A,data/raw/02_comunicaciones_A/A7807_1983_2023_40_anos_de_democraci.pdf,https://www.bcra.gob.ar/archivos/Pdfs/comytexord/A7807.pdf,A7807,2026-05-10T19:52:37+00:00,2023-07-13,85073,1,". ""1983/2023 - 40 AÑOS DE DEMOCRACIA""    ""1983/2023 - 40 AÑOS DE DEMOCRACIA""",true,,
comunicacion_A,data/raw/02_comunicaciones_A/A7808_1983_2023_40_anos_de_democraci.pdf,https://www.bcra.gob.ar/archivos/Pdfs/comytexord/A7808.pdf,A7808,2026-05-10T19:52:37+00:00,2023-07-14,266009,8,"""1983/2023 - 40 AÑOS DE DEMOCRACIA""",true,,
comunicacion_A,data/raw/02_comunicaciones_A/A7811_1983_2023_40_anos_de_democraci.pdf,https://www.bcra.gob.ar/archivos/Pdfs/comytexord/A7811.pdf,A7811,2026-05-10T19:52:38+00:00,2023-07-20,146079,3,"""1983/2023 - 40 AÑOS DE DEMOCRACIA""",true,,
comunicacion_A,data/raw/02_comunicaciones_A/A7809_1983_2023_40_anos_de_democraci.pdf,https://www.bcra.gob.ar/archivos/Pdfs/comytexord/A7809.pdf,A7809,2026-05-10T19:52:38+00:00,2023-07-14,988467,23,"""1983/2023 - 40 AÑOS DE DEMOCRACIA""",true,,
comunicacion_A,data/raw/02_comunicaciones_A/A7812_1983_2023_40_anos_de_democraci.pdf,https://www.bcra.gob.ar/archivos/Pdfs/comytexord/A7812.pdf,A7812,2026-05-10T19:52:38+00:00,2023-07-21,83117,1,". ""1983/2023 - 40 AÑOS DE DEMOCRACIA""    ""1983/2023 - 40 AÑOS DE DEMOCRACIA""",true,,
comunicacion_A,data/raw/02_comunicaciones_A/A7814_1983_2023_40_anos_de_democraci.pdf,https://www.bcra.gob.ar/archivos/Pdfs/comytexord/A7814.pdf,A7814,2026-05-10T19:52:39+00:00,2023-08-03,120056,1,". ""1983/2023 - 40 AÑOS DE DEMOCRACIA""    ""1983/2023 - 40 AÑOS DE DEMOCRACIA""",true,,
comunicacion_A,data/raw/02_comunicaciones_A/A7816_1983_2023_40_anos_de_democraci.pdf,https://www.bcra.gob.ar/archivos/Pdfs/comytexord/A7816.pdf,A7816,2026-05-10T19:52:40+00:00,2023-08-08,403517,12,"""1983/2023 - 40 AÑOS DE DEMOCRACIA""",true,,
comunicacion_A,data/raw/02_comunicaciones_A/A7817_1983_2023_40_anos_de_democraci.pdf,https://www.bcra.gob.ar/archivos/Pdfs/comytexord/A7817.pdf,A7817,2026-05-10T19:52:40+00:00,2023-08-08,126508,3,"""1983/2023 - 40 AÑOS DE DEMOCRACIA""",true,,
comunicacion_A,data/raw/02_comunicaciones_A/A7818_1983_2023_40_anos_de_democraci.pdf,https://www.bcra.gob.ar/archivos/Pdfs/comytexord/A7818.pdf,A7818,2026-05-10T19:52:41+00:00,2023-08-10,269103,11,"""1983/2023 - 40 AÑOS DE DEMOCRACIA""",true,,
comunicacion_A,data/raw/02_comunicaciones_A/A7819_1983_2023_40_anos_de_democraci.pdf,https://www.bcra.gob.ar/archivos/Pdfs/comytexord/A7819.pdf,A7819,2026-05-10T19:52:41+00:00,2023-08-10,129778,6,"""1983/2023 - 40 AÑOS DE DEMOCRACIA""",true,,
comunicacion_A,data/raw/02_comunicaciones_A/A7822_1983_2023_40_anos_de_democraci.pdf,https://www.bcra.gob.ar/archivos/Pdfs/comytexord/A7822.pdf,A7822,2026-05-10T19:52:42+00:00,2023-08-14,312346,11,"""1983/2023 - 40 AÑOS DE DEMOCRACIA""",true,,
comunicacion_A,data/raw/02_comunicaciones_A/A7824_1983_2023_40_anos_de_democraci.pdf,https://www.bcra.gob.ar/archivos/Pdfs/comytexord/A7824.pdf,A7824,2026-05-10T19:52:42+00:00,2023-08-17,135232,3,"""1983/2023 - 40 AÑOS DE DEMOCRACIA""",true,,
comunicacion_A,data/raw/02_comunicaciones_A/A7825_1983_2023_40_anos_de_democraci.pdf,https://www.bcra.gob.ar/archivos/Pdfs/comytexord/A7825.pdf,A7825,2026-05-10T19:52:43+00:00,2023-08-24,136882,3,"""1983/2023 - 40 AÑOS DE DEMOCRACIA""",true,,
comunicacion_A,data/raw/02_comunicaciones_A/A7827_comunicacion_a_7827_24_08_2023.pdf,https://www.bcra.gob.ar/archivos/Pdfs/comytexord/A7827.pdf,A7827,2026-05-10T19:52:43+00:00,2023-08-24,184079,12,COMUNICACIÓN  “A”  7827 24/08/2023,true,,
comunicacion_A,data/raw/02_comunicaciones_A/A7829_1983_2023_40_anos_de_democraci.pdf,https://www.bcra.gob.ar/archivos/Pdfs/comytexord/A7829.pdf,A7829,2026-05-10T19:52:44+00:00,2023-08-25,146362,3,". ""1983/2023 - 40 AÑOS DE DEMOCRACIA""    ""1983/2023 - 40 AÑOS DE DEMOCRACIA""",true,,
comunicacion_A,data/raw/02_comunicaciones_A/A7831_1983_2023_40_anos_de_democraci.pdf,https://www.bcra.gob.ar/archivos/Pdfs/comytexord/A7831.pdf,A7831,2026-05-10T19:52:44+00:00,2023-08-31,82714,1,". ""1983/2023 - 40 AÑOS DE DEMOCRACIA""    ""1983/2023 - 40 AÑOS DE DEMOCRACIA""",true,,
comunicacion_A,data/raw/02_comunicaciones_A/A7832_1983_2023_40_anos_de_democraci.pdf,https://www.bcra.gob.ar/archivos/Pdfs/comytexord/A7832.pdf,A7832,2026-05-10T19:52:45+00:00,2023-08-31,220515,8,"""1983/2023 - 40 AÑOS DE DEMOCRACIA""",true,,
comunicacion_A,data/raw/02_comunicaciones_A/A7835_1983_2023_40_anos_de_democraci.pdf,https://www.bcra.gob.ar/archivos/Pdfs/comytexord/A7835.pdf,A7835,2026-05-10T19:52:45+00:00,2023-09-05,86437,1,". ""1983/2023 - 40 AÑOS DE DEMOCRACIA""    ""1983/2023 - 40 AÑOS DE DEMOCRACIA""",true,,
comunicacion_A,data/raw/02_comunicaciones_A/A7837_1983_2023_40_anos_de_democraci.pdf,https://www.bcra.gob.ar/archivos/Pdfs/comytexord/A7837.pdf,A7837,2026-05-10T19:52:46+00:00,2023-09-05,196074,4,"""1983/2023 - 40 AÑOS DE DEMOCRACIA""",true,,
comunicacion_A,data/raw/02_comunicaciones_A/A7839_1983_2023_40_anos_de_democraci.pdf,https://www.bcra.gob.ar/archivos/Pdfs/comytexord/A7839.pdf,A7839,2026-05-10T19:52:46+00:00,2023-09-12,106004,2,". ""1983/2023 - 40 AÑOS DE DEMOCRACIA""    ""1983/2023 - 40 AÑOS DE DEMOCRACIA""",true,,
comunicacion_A,data/raw/02_comunicaciones_A/A7841_1983_2023_40_anos_de_democraci.pdf,https://www.bcra.gob.ar/archivos/Pdfs/comytexord/A7841.pdf,A7841,2026-05-10T19:52:47+00:00,2023-09-14,142657,2,". ""1983/2023 - 40 AÑOS DE DEMOCRACIA""    ""1983/2023 - 40 AÑOS DE DEMOCRACIA""",true,,
comunicacion_A,data/raw/02_comunicaciones_A/A7842_1983_2023_40_anos_de_democraci.pdf,https://www.bcra.gob.ar/archivos/Pdfs/comytexord/A7842.pdf,A7842,2026-05-10T19:52:47+00:00,2023-09-14,81500,1,". ""1983/2023 - 40 AÑOS DE DEMOCRACIA""    ""1983/2023 - 40 AÑOS DE DEMOCRACIA""",true,,
comunicacion_A,data/raw/02_comunicaciones_A/A7843_1983_2023_40_anos_de_democraci.pdf,https://www.bcra.gob.ar/archivos/Pdfs/comytexord/A7843.pdf,A7843,2026-05-10T19:52:48+00:00,2023-09-14,159514,3,"""1983/2023 - 40 AÑOS DE DEMOCRACIA""",true,,
comunicacion_A,data/raw/02_comunicaciones_A/A7844_1983_2023_40_anos_de_democraci.pdf,https://www.bcra.gob.ar/archivos/Pdfs/comytexord/A7844.pdf,A7844,2026-05-10T19:52:48+00:00,2023-09-14,84787,1,". ""1983/2023 - 40 AÑOS DE DEMOCRACIA""    ""1983/2023 - 40 AÑOS DE DEMOCRACIA""",true,,
comunicacion_A,data/raw/02_comunicaciones_A/A7847_1983_2023_40_anos_de_democraci.pdf,https://www.bcra.gob.ar/archivos/Pdfs/comytexord/A7847.pdf,A7847,2026-05-10T19:52:49+00:00,2023-09-22,107765,2,". ""1983/2023 - 40 AÑOS DE DEMOCRACIA""    ""1983/2023 - 40 AÑOS DE DEMOCRACIA""",true,,
comunicacion_A,data/raw/02_comunicaciones_A/A7846_1983_2023_40_anos_de_democraci.pdf,https://www.bcra.gob.ar/archivos/Pdfs/comytexord/A7846.pdf,A7846,2026-05-10T19:52:49+00:00,2023-09-20,196971,8,"""1983/2023 - 40 AÑOS DE DEMOCRACIA""",true,,
comunicacion_A,data/raw/02_comunicaciones_A/A7848_1983_2023_40_anos_de_democraci.pdf,https://www.bcra.gob.ar/archivos/Pdfs/comytexord/A7848.pdf,A7848,2026-05-10T19:52:50+00:00,2023-09-28,256320,11,"""1983/2023 - 40 AÑOS DE DEMOCRACIA""",true,,
comunicacion_A,data/raw/02_comunicaciones_A/A7849_1983_2023_40_anos_de_democraci.pdf,https://www.bcra.gob.ar/archivos/Pdfs/comytexord/A7849.pdf,A7849,2026-05-10T19:52:50+00:00,2023-09-28,176982,5,"""1983/2023 - 40 AÑOS DE DEMOCRACIA""",true,,
comunicacion_A,data/raw/02_comunicaciones_A/A7850_1983_2023_40_anos_de_democraci.pdf,https://www.bcra.gob.ar/archivos/Pdfs/comytexord/A7850.pdf,A7850,2026-05-10T19:52:51+00:00,2023-09-28,85490,1,". ""1983/2023 - 40 AÑOS DE DEMOCRACIA""    ""1983/2023 - 40 AÑOS DE DEMOCRACIA""",true,,
comunicacion_A,data/raw/02_comunicaciones_A/A7855_1983_2023_40_anos_de_democraci.pdf,https://www.bcra.gob.ar/archivos/Pdfs/comytexord/A7855.pdf,A7855,2026-05-10T19:52:52+00:00,2023-10-05,356403,12,"""1983/2023 - 40 AÑOS DE DEMOCRACIA""",true,,
comunicacion_A,data/raw/02_comunicaciones_A/A7856_1983_2023_40_anos_de_democraci.pdf,https://www.bcra.gob.ar/archivos/Pdfs/comytexord/A7856.pdf,A7856,2026-05-10T19:52:52+00:00,2023-10-05,209768,3,"""1983/2023 - 40 AÑOS DE DEMOCRACIA""",true,,
comunicacion_A,data/raw/02_comunicaciones_A/A7858_1983_2023_40_anos_de_democraci.pdf,https://www.bcra.gob.ar/archivos/Pdfs/comytexord/A7858.pdf,A7858,2026-05-10T19:52:53+00:00,2023-10-10,372390,10,"""1983/2023 - 40 AÑOS DE DEMOCRACIA""",true,,
comunicacion_A,data/raw/02_comunicaciones_A/A7859_1983_2023_40_anos_de_democraci.pdf,https://www.bcra.gob.ar/archivos/Pdfs/comytexord/A7859.pdf,A7859,2026-05-10T19:52:53+00:00,2023-10-11,218234,12,"""1983/2023 - 40 AÑOS DE DEMOCRACIA""",true,,
comunicacion_A,data/raw/02_comunicaciones_A/A7860_1983_2023_40_anos_de_democraci.pdf,https://www.bcra.gob.ar/archivos/Pdfs/comytexord/A7860.pdf,A7860,2026-05-10T19:52:53+00:00,2023-10-12,125542,1,". ""1983/2023 - 40 AÑOS DE DEMOCRACIA""    ""1983/2023 - 40 AÑOS DE DEMOCRACIA""",true,,
comunicacion_A,data/raw/02_comunicaciones_A/A7861_1983_2023_40_anos_de_democraci.pdf,https://www.bcra.gob.ar/archivos/Pdfs/comytexord/A7861.pdf,A7861,2026-05-10T19:52:54+00:00,2023-10-12,81930,1,". ""1983/2023 - 40 AÑOS DE DEMOCRACIA""    ""1983/2023 - 40 AÑOS DE DEMOCRACIA""",true,,
comunicacion_A,data/raw/02_comunicaciones_A/A7863_1983_2023_40_anos_de_democraci.pdf,https://www.bcra.gob.ar/archivos/Pdfs/comytexord/A7863.pdf,A7863,2026-05-10T19:52:55+00:00,2023-10-12,85429,1,". ""1983/2023 - 40 AÑOS DE DEMOCRACIA""    ""1983/2023 - 40 AÑOS DE DEMOCRACIA""",true,,
comunicacion_A,data/raw/02_comunicaciones_A/A7862_1983_2023_40_anos_de_democraci.pdf,https://www.bcra.gob.ar/archivos/Pdfs/comytexord/A7862.pdf,A7862,2026-05-10T19:52:55+00:00,2023-10-12,311832,11,"""1983/2023 - 40 AÑOS DE DEMOCRACIA""",true,,
comunicacion_A,data/raw/02_comunicaciones_A/A7868_1983_2023_40_anos_de_democraci.pdf,https://www.bcra.gob.ar/archivos/Pdfs/comytexord/A7868.pdf,A7868,2026-05-10T19:52:55+00:00,2023-10-24,164705,4,"""1983/2023 - 40 AÑOS DE DEMOCRACIA""",true,,
comunicacion_A,data/raw/02_comunicaciones_A/A7871_1983_2023_40_anos_de_democraci.pdf,https://www.bcra.gob.ar/archivos/Pdfs/comytexord/A7871.pdf,A7871,2026-05-10T19:52:56+00:00,2023-10-26,82706,1,". ""1983/2023 - 40 AÑOS DE DEMOCRACIA""    ""1983/2023 - 40 AÑOS DE DEMOCRACIA""",true,,
comunicacion_A,data/raw/02_comunicaciones_A/A7872_1983_2023_40_anos_de_democraci.pdf,https://www.bcra.gob.ar/archivos/Pdfs/comytexord/A7872.pdf,A7872,2026-05-10T19:52:56+00:00,2023-10-26,170016,5,"""1983/2023 - 40 AÑOS DE DEMOCRACIA""",true,,
comunicacion_A,data/raw/02_comunicaciones_A/A7879_1983_2023_40_anos_de_democraci.pdf,https://www.bcra.gob.ar/archivos/Pdfs/comytexord/A7879.pdf,A7879,2026-05-10T19:52:57+00:00,2023-11-02,114215,1,". ""1983/2023 - 40 AÑOS DE DEMOCRACIA""    ""1983/2023 - 40 AÑOS DE DEMOCRACIA""",true,,
comunicacion_A,data/raw/02_comunicaciones_A/A7880_1983_2023_40_anos_de_democraci.pdf,https://www.bcra.gob.ar/archivos/Pdfs/comytexord/A7880.pdf,A7880,2026-05-10T19:52:57+00:00,2023-11-03,151854,3,"""1983/2023 - 40 AÑOS DE DEMOCRACIA""",true,,
comunicacion_A,data/raw/02_comunicaciones_A/A7881_1983_2023_40_anos_de_democraci.pdf,https://www.bcra.gob.ar/archivos/Pdfs/comytexord/A7881.pdf,A7881,2026-05-10T19:52:58+00:00,2023-11-03,157082,5,"""1983/2023 - 40 AÑOS DE DEMOCRACIA""",true,,
comunicacion_A,data/raw/02_comunicaciones_A/A7882_1983_2023_40_anos_de_democraci.pdf,https://www.bcra.gob.ar/archivos/Pdfs/comytexord/A7882.pdf,A7882,2026-05-10T19:52:59+00:00,2023-11-07,334114,8,"""1983/2023 - 40 AÑOS DE DEMOCRACIA""",true,,
comunicacion_A,data/raw/02_comunicaciones_A/A7885_1983_2023_40_anos_de_democraci.pdf,https://www.bcra.gob.ar/archivos/Pdfs/comytexord/A7885.pdf,A7885,2026-05-10T19:52:59+00:00,2023-11-09,123400,1,". ""1983/2023 - 40 AÑOS DE DEMOCRACIA""    ""1983/2023 - 40 AÑOS DE DEMOCRACIA""",true,,
comunicacion_A,data/raw/02_comunicaciones_A/A7886_1983_2023_40_anos_de_democraci.pdf,https://www.bcra.gob.ar/archivos/Pdfs/comytexord/A7886.pdf,A7886,2026-05-10T19:52:59+00:00,2023-11-09,117680,1,". ""1983/2023 - 40 AÑOS DE DEMOCRACIA""    ""1983/2023 - 40 AÑOS DE DEMOCRACIA""",true,,
comunicacion_A,data/raw/02_comunicaciones_A/A7887_1983_2023_40_anos_de_democraci.pdf,https://www.bcra.gob.ar/archivos/Pdfs/comytexord/A7887.pdf,A7887,2026-05-10T19:53:00+00:00,2023-11-16,86276,1,". ""1983/2023 - 40 AÑOS DE DEMOCRACIA""    ""1983/2023 - 40 AÑOS DE DEMOCRACIA""",true,,
comunicacion_A,data/raw/02_comunicaciones_A/A7888_1983_2023_40_anos_de_democraci.pdf,https://www.bcra.gob.ar/archivos/Pdfs/comytexord/A7888.pdf,A7888,2026-05-10T19:53:00+00:00,2023-11-16,87592,1,". ""1983/2023 - 40 AÑOS DE DEMOCRACIA""    ""1983/2023 - 40 AÑOS DE DEMOCRACIA""",true,,
comunicacion_A,data/raw/02_comunicaciones_A/A7889_1983_2023_40_anos_de_democraci.pdf,https://www.bcra.gob.ar/archivos/Pdfs/comytexord/A7889.pdf,A7889,2026-05-10T19:53:01+00:00,2023-11-16,165230,4,"""1983/2023 - 40 AÑOS DE DEMOCRACIA""",true,,
comunicacion_A,data/raw/02_comunicaciones_A/A7890_1983_2023_40_anos_de_democraci.pdf,https://www.bcra.gob.ar/archivos/Pdfs/comytexord/A7890.pdf,A7890,2026-05-10T19:53:01+00:00,2023-11-16,154922,3,"""1983/2023 - 40 AÑOS DE DEMOCRACIA""",true,,
comunicacion_A,data/raw/02_comunicaciones_A/A7891_1983_2023_40_anos_de_democraci.pdf,https://www.bcra.gob.ar/archivos/Pdfs/comytexord/A7891.pdf,A7891,2026-05-10T19:53:02+00:00,2023-11-23,167637,5,"""1983/2023 - 40 AÑOS DE DEMOCRACIA""",true,,
comunicacion_A,data/raw/02_comunicaciones_A/A7892_1983_2023_40_anos_de_democraci.pdf,https://www.bcra.gob.ar/archivos/Pdfs/comytexord/A7892.pdf,A7892,2026-05-10T19:53:02+00:00,2023-11-23,139844,3,". ""1983/2023 - 40 AÑOS DE DEMOCRACIA""    ""1983/2023 - 40 AÑOS DE DEMOCRACIA""",true,,
comunicacion_A,data/raw/02_comunicaciones_A/A7896_1983_2023_40_anos_de_democraci.pdf,https://www.bcra.gob.ar/archivos/Pdfs/comytexord/A7896.pdf,A7896,2026-05-10T19:53:03+00:00,2023-11-24,212433,4,"""1983/2023 - 40 AÑOS DE DEMOCRACIA""",true,,
comunicacion_A,data/raw/02_comunicaciones_A/A7897_1983_2023_40_anos_de_democraci.pdf,https://www.bcra.gob.ar/archivos/Pdfs/comytexord/A7897.pdf,A7897,2026-05-10T19:53:03+00:00,2023-11-27,167731,2,". ""1983/2023 - 40 AÑOS DE DEMOCRACIA""    ""1983/2023 - 40 AÑOS DE DEMOCRACIA""",true,,
comunicacion_A,data/raw/02_comunicaciones_A/A7898_1983_2023_40_anos_de_democraci.pdf,https://www.bcra.gob.ar/archivos/Pdfs/comytexord/A7898.pdf,A7898,2026-05-10T19:53:04+00:00,2023-11-30,137384,1,". ""1983/2023 - 40 AÑOS DE DEMOCRACIA""    ""1983/2023 - 40 AÑOS DE DEMOCRACIA""",true,,
comunicacion_A,data/raw/02_comunicaciones_A/A7899_1983_2023_40_anos_de_democraci.pdf,https://www.bcra.gob.ar/archivos/Pdfs/comytexord/A7899.pdf,A7899,2026-05-10T19:53:05+00:00,2023-11-30,277015,4,"""1983/2023 - 40 AÑOS DE DEMOCRACIA""",true,,
comunicacion_A,data/raw/02_comunicaciones_A/A7900_1983_2023_40_anos_de_democraci.pdf,https://www.bcra.gob.ar/archivos/Pdfs/comytexord/A7900.pdf,A7900,2026-05-10T19:53:05+00:00,2023-11-30,140547,3,"""1983/2023 - 40 AÑOS DE DEMOCRACIA""",true,,
comunicacion_A,data/raw/02_comunicaciones_A/A7902_1983_2023_40_anos_de_democraci.pdf,https://www.bcra.gob.ar/archivos/Pdfs/comytexord/A7902.pdf,A7902,2026-05-10T19:53:05+00:00,2023-11-30,118634,1,". ""1983/2023 - 40 AÑOS DE DEMOCRACIA""    ""1983/2023 - 40 AÑOS DE DEMOCRACIA""",true,,
comunicacion_A,data/raw/02_comunicaciones_A/A7905_1983_2023_40_anos_de_democraci.pdf,https://www.bcra.gob.ar/archivos/Pdfs/comytexord/A7905.pdf,A7905,2026-05-10T19:53:06+00:00,2023-11-30,84614,1,". ""1983/2023 - 40 AÑOS DE DEMOCRACIA""    ""1983/2023 - 40 AÑOS DE DEMOCRACIA""",true,,
comunicacion_A,data/raw/02_comunicaciones_A/A7906_1983_2023_40_anos_de_democraci.pdf,https://www.bcra.gob.ar/archivos/Pdfs/comytexord/A7906.pdf,A7906,2026-05-10T19:53:07+00:00,2023-12-01,252695,9,"""1983/2023 - 40 AÑOS DE DEMOCRACIA""",true,,
comunicacion_A,data/raw/02_comunicaciones_A/A7907_1983_2023_40_anos_de_democraci.pdf,https://www.bcra.gob.ar/archivos/Pdfs/comytexord/A7907.pdf,A7907,2026-05-10T19:53:07+00:00,2023-12-01,255324,14,"""1983/2023 - 40 AÑOS DE DEMOCRACIA""",true,,
comunicacion_A,data/raw/02_comunicaciones_A/A7910_1983_2023_40_anos_de_democraci.pdf,https://www.bcra.gob.ar/archivos/Pdfs/comytexord/A7910.pdf,A7910,2026-05-10T19:53:08+00:00,2023-12-07,84017,1,". ""1983/2023 - 40 AÑOS DE DEMOCRACIA""    ""1983/2023 - 40 AÑOS DE DEMOCRACIA""",true,,
comunicacion_A,data/raw/02_comunicaciones_A/A7912_1983_2023_40_anos_de_democraci.pdf,https://www.bcra.gob.ar/archivos/Pdfs/comytexord/A7912.pdf,A7912,2026-05-10T19:53:08+00:00,2023-12-07,217677,7,"""1983/2023 - 40 AÑOS DE DEMOCRACIA""",true,,
comunicacion_A,data/raw/02_comunicaciones_A/A7913_1983_2023_40_anos_de_democraci.pdf,https://www.bcra.gob.ar/archivos/Pdfs/comytexord/A7913.pdf,A7913,2026-05-10T19:53:09+00:00,2023-12-07,148433,4,"""1983/2023 - 40 AÑOS DE DEMOCRACIA""",true,,
comunicacion_A,data/raw/02_comunicaciones_A/A7919_1983_2023_40_anos_de_democraci.pdf,https://www.bcra.gob.ar/archivos/Pdfs/comytexord/A7919.pdf,A7919,2026-05-10T19:53:09+00:00,2023-12-13,333282,14,"""1983/2023 - 40 AÑOS DE DEMOCRACIA""",true,,
comunicacion_A,data/raw/02_comunicaciones_A/A7920_1983_2023_40_anos_de_democraci.pdf,https://www.bcra.gob.ar/archivos/Pdfs/comytexord/A7920.pdf,A7920,2026-05-10T19:53:09+00:00,2023-12-15,131526,3,"""1983/2023 - 40 AÑOS DE DEMOCRACIA""",true,,
comunicacion_A,data/raw/02_comunicaciones_A/A7921_1983_2023_40_anos_de_democraci.pdf,https://www.bcra.gob.ar/archivos/Pdfs/comytexord/A7921.pdf,A7921,2026-05-10T19:53:10+00:00,2023-12-18,85274,1,". ""1983/2023 - 40 AÑOS DE DEMOCRACIA""    ""1983/2023 - 40 AÑOS DE DEMOCRACIA""",true,,
comunicacion_A,data/raw/02_comunicaciones_A/A7922_1983_2023_40_anos_de_democraci.pdf,https://www.bcra.gob.ar/archivos/Pdfs/comytexord/A7922.pdf,A7922,2026-05-10T19:53:11+00:00,2023-12-18,253598,7,"""1983/2023 - 40 AÑOS DE DEMOCRACIA""",true,,
comunicacion_A,data/raw/02_comunicaciones_A/A7923_1983_2023_40_anos_de_democraci.pdf,https://www.bcra.gob.ar/archivos/Pdfs/comytexord/A7923.pdf,A7923,2026-05-10T19:53:11+00:00,2023-12-19,149273,4,"""1983/2023 - 40 AÑOS DE DEMOCRACIA""",true,,
comunicacion_A,data/raw/02_comunicaciones_A/A7924_1983_2023_40_anos_de_democraci.pdf,https://www.bcra.gob.ar/archivos/Pdfs/comytexord/A7924.pdf,A7924,2026-05-10T19:53:12+00:00,2023-12-20,218596,10,"""1983/2023 - 40 AÑOS DE DEMOCRACIA""",true,,
comunicacion_A,data/raw/02_comunicaciones_A/A7928_1983_2023_40_anos_de_democraci.pdf,https://www.bcra.gob.ar/archivos/Pdfs/comytexord/A7928.pdf,A7928,2026-05-10T19:53:12+00:00,2023-12-28,212390,9,"""1983/2023 - 40 AÑOS DE DEMOCRACIA""",true,,
comunicacion_A,data/raw/02_comunicaciones_A/A7929_1983_2023_40_anos_de_democraci.pdf,https://www.bcra.gob.ar/archivos/Pdfs/comytexord/A7929.pdf,A7929,2026-05-10T19:53:12+00:00,2023-12-28,214036,7,"""1983/2023 - 40 AÑOS DE DEMOCRACIA""",true,,
comunicacion_A,data/raw/02_comunicaciones_A/A7930_1983_2023_40_anos_de_democraci.pdf,https://www.bcra.gob.ar/archivos/Pdfs/comytexord/A7930.pdf,A7930,2026-05-10T19:53:13+00:00,2023-12-28,196496,6,"""1983/2023 - 40 AÑOS DE DEMOCRACIA""",true,,
comunicacion_A,data/raw/02_comunicaciones_A/A7931_1983_2023_40_anos_de_democraci.pdf,https://www.bcra.gob.ar/archivos/Pdfs/comytexord/A7931.pdf,A7931,2026-05-10T19:53:14+00:00,2023-12-28,154228,3,"""1983/2023 - 40 AÑOS DE DEMOCRACIA""",true,,
comunicacion_A,data/raw/02_comunicaciones_A/A7932_1983_2023_40_anos_de_democraci.pdf,https://www.bcra.gob.ar/archivos/Pdfs/comytexord/A7932.pdf,A7932,2026-05-10T19:53:14+00:00,2023-12-28,140722,3,"""1983/2023 - 40 AÑOS DE DEMOCRACIA""",true,,
comunicacion_A,data/raw/02_comunicaciones_A/A7933_1983_2023_40_anos_de_democraci.pdf,https://www.bcra.gob.ar/archivos/Pdfs/comytexord/A7933.pdf,A7933,2026-05-10T19:53:15+00:00,2023-12-28,80345,1,". ""1983/2023 - 40 AÑOS DE DEMOCRACIA""    ""1983/2023 - 40 AÑOS DE DEMOCRACIA""",true,,
comunicacion_A,data/raw/02_comunicaciones_A/A7934_1983_2023_40_anos_de_democraci.pdf,https://www.bcra.gob.ar/archivos/Pdfs/comytexord/A7934.pdf,A7934,2026-05-10T19:53:15+00:00,2023-12-28,81812,1,". ""1983/2023 - 40 AÑOS DE DEMOCRACIA""    ""1983/2023 - 40 AÑOS DE DEMOCRACIA""",true,,
comunicacion_A,data/raw/02_comunicaciones_A/A7938_comunicacion_a_7938_04_01_2024.pdf,https://www.bcra.gob.ar/archivos/Pdfs/comytexord/A7938.pdf,A7938,2026-05-10T19:53:16+00:00,2024-01-04,116134,1,COMUNICACIÓN  “A”  7938 04/01/2024,true,,
comunicacion_A,data/raw/02_comunicaciones_A/A7936_1983_2023_40_anos_de_democraci.pdf,https://www.bcra.gob.ar/archivos/Pdfs/comytexord/A7936.pdf,A7936,2026-05-10T19:53:16+00:00,2023-12-29,262678,13,"""1983/2023 - 40 AÑOS DE DEMOCRACIA""",true,,
comunicacion_A,data/raw/02_comunicaciones_A/A7939_comunicacion_a_7939_10_01_2024.pdf,https://www.bcra.gob.ar/archivos/Pdfs/comytexord/A7939.pdf,A7939,2026-05-10T19:53:17+00:00,2024-01-10,211371,7,COMUNICACIÓN  “A”  7939 10/01/2024,true,,
comunicacion_A,data/raw/02_comunicaciones_A/A7942_comunicacion_a_7942_11_01_2024.pdf,https://www.bcra.gob.ar/archivos/Pdfs/comytexord/A7942.pdf,A7942,2026-05-10T19:53:17+00:00,2024-01-11,81996,1,COMUNICACIÓN  “A”  7942 11/01/2024,true,,
comunicacion_A,data/raw/02_comunicaciones_A/A7943_comunicacion_a_7943_11_01_2024.pdf,https://www.bcra.gob.ar/archivos/Pdfs/comytexord/A7943.pdf,A7943,2026-05-10T19:53:18+00:00,2024-01-11,80269,1,COMUNICACIÓN  “A”  7943 11/01/2024,true,,
comunicacion_A,data/raw/02_comunicaciones_A/A7946_comunicacion_a_7946_18_01_2024.pdf,https://www.bcra.gob.ar/archivos/Pdfs/comytexord/A7946.pdf,A7946,2026-05-10T19:53:18+00:00,2024-01-18,188445,3,COMUNICACIÓN  “A”  7946 18/01/2024,true,,
comunicacion_A,data/raw/02_comunicaciones_A/A7948_ano_de_la_defensa_de_la_vida_l.pdf,https://www.bcra.gob.ar/archivos/Pdfs/comytexord/A7948.pdf,A7948,2026-05-10T19:53:19+00:00,2024-01-24,264220,9,"“AÑO DE LA DEFENSA DE LA VIDA, LA LIBERTAD Y LA PROPIEDAD”",true,,
comunicacion_A,data/raw/02_comunicaciones_A/A7951_ano_de_la_defensa_de_la_vida_l.pdf,https://www.bcra.gob.ar/archivos/Pdfs/comytexord/A7951.pdf,A7951,2026-05-10T19:53:19+00:00,2024-01-25,172844,7,"""AÑO DE LA DEFENSA DE LA VIDA, LA LIBERTAD Y LA PROPIEDAD""",true,,
comunicacion_A,data/raw/02_comunicaciones_A/A7954_ano_de_la_defensa_de_la_vida_l.pdf,https://www.bcra.gob.ar/archivos/Pdfs/comytexord/A7954.pdf,A7954,2026-05-10T19:53:20+00:00,2024-01-29,141929,2,".  ""AÑO DE LA DEFENSA DE LA VIDA, LA LIBERTAD Y LA PROPIEDAD""     ""AÑO DE LA DEFENSA DE LA VIDA, LA LIBERTAD Y LA PROPIEDAD""",true,,
comunicacion_A,data/raw/02_comunicaciones_A/A7958_ano_de_la_defensa_de_la_vida_l.pdf,https://www.bcra.gob.ar/archivos/Pdfs/comytexord/A7958.pdf,A7958,2026-05-10T19:53:20+00:00,2024-02-01,81359,1,".  ""AÑO DE LA DEFENSA DE LA VIDA, LA LIBERTAD Y LA PROPIEDAD""     ""AÑO DE LA DEFENSA DE LA VIDA, LA LIBERTAD Y LA PROPIEDAD""",true,,
comunicacion_A,data/raw/02_comunicaciones_A/A7957_ano_de_la_defensa_de_la_vida_l.pdf,https://www.bcra.gob.ar/archivos/Pdfs/comytexord/A7957.pdf,A7957,2026-05-10T19:53:21+00:00,2024-01-31,131538,3,"""AÑO DE LA DEFENSA DE LA VIDA, LA LIBERTAD Y LA PROPIEDAD""",true,,
comunicacion_A,data/raw/02_comunicaciones_A/A7959_ano_de_la_defensa_de_la_vida_l.pdf,https://www.bcra.gob.ar/archivos/Pdfs/comytexord/A7959.pdf,A7959,2026-05-10T19:53:21+00:00,2024-02-01,163844,5,"""AÑO DE LA DEFENSA DE LA VIDA, LA LIBERTAD Y LA PROPIEDAD""",true,,
comunicacion_A,data/raw/02_comunicaciones_A/A7962_ano_de_la_defensa_de_la_vida_l.pdf,https://www.bcra.gob.ar/archivos/Pdfs/comytexord/A7962.pdf,A7962,2026-05-10T19:53:22+00:00,2024-02-09,85122,1,".  ""AÑO DE LA DEFENSA DE LA VIDA, LA LIBERTAD Y LA PROPIEDAD""     ""AÑO DE LA DEFENSA DE LA VIDA, LA LIBERTAD Y LA PROPIEDAD""",true,,
comunicacion_A,data/raw/02_comunicaciones_A/A7964_ano_de_la_defensa_de_la_vida_l.pdf,https://www.bcra.gob.ar/archivos/Pdfs/comytexord/A7964.pdf,A7964,2026-05-10T19:53:22+00:00,2024-02-15,104390,2,"""AÑO DE LA DEFENSA DE LA VIDA, LA LIBERTAD Y LA PROPIEDAD""",true,,
comunicacion_A,data/raw/02_comunicaciones_A/A7966_ano_de_la_defensa_de_la_vida_l.pdf,https://www.bcra.gob.ar/archivos/Pdfs/comytexord/A7966.pdf,A7966,2026-05-10T19:53:23+00:00,2024-02-16,240160,4,"""AÑO DE LA DEFENSA DE LA VIDA, LA LIBERTAD Y LA PROPIEDAD""",true,,
comunicacion_A,data/raw/02_comunicaciones_A/A7967_ano_de_la_defensa_de_la_vida_l.pdf,https://www.bcra.gob.ar/archivos/Pdfs/comytexord/A7967.pdf,A7967,2026-05-10T19:53:23+00:00,2024-02-16,170301,4,"""AÑO DE LA DEFENSA DE LA VIDA, LA LIBERTAD Y LA PROPIEDAD""",true,,
comunicacion_A,data/raw/02_comunicaciones_A/A7970_ano_de_la_defensa_de_la_vida_l.pdf,https://www.bcra.gob.ar/archivos/Pdfs/comytexord/A7970.pdf,A7970,2026-05-10T19:53:24+00:00,2024-02-22,152898,5,"""AÑO DE LA DEFENSA DE LA VIDA, LA LIBERTAD Y LA PROPIEDAD""",true,,
comunicacion_A,data/raw/02_comunicaciones_A/A7969_ano_de_la_defensa_de_la_vida_l.pdf,https://www.bcra.gob.ar/archivos/Pdfs/comytexord/A7969.pdf,A7969,2026-05-10T19:53:24+00:00,2024-02-22,357671,12,"""AÑO DE LA DEFENSA DE LA VIDA, LA LIBERTAD Y LA PROPIEDAD""",true,,
comunicacion_A,data/raw/02_comunicaciones_A/A7971_ano_de_la_defensa_de_la_vida_l.pdf,https://www.bcra.gob.ar/archivos/Pdfs/comytexord/A7971.pdf,A7971,2026-05-10T19:53:25+00:00,2024-02-26,162972,2,"""AÑO DE LA DEFENSA DE LA VIDA, LA LIBERTAD Y LA PROPIEDAD""",true,,
comunicacion_A,data/raw/02_comunicaciones_A/A7972_ano_de_la_defensa_de_la_vida_l.pdf,https://www.bcra.gob.ar/archivos/Pdfs/comytexord/A7972.pdf,A7972,2026-05-10T19:53:25+00:00,2024-03-05,298615,18,"""AÑO DE LA DEFENSA DE LA VIDA, LA LIBERTAD Y LA PROPIEDAD""",true,,
comunicacion_A,data/raw/02_comunicaciones_A/A7974_ano_de_la_defensa_de_la_vida_l.pdf,https://www.bcra.gob.ar/archivos/Pdfs/comytexord/A7974.pdf,A7974,2026-05-10T19:53:25+00:00,2024-03-07,115636,1,".  ""AÑO DE LA DEFENSA DE LA VIDA, LA LIBERTAD Y LA PROPIEDAD""     ""AÑO DE LA DEFENSA DE LA VIDA, LA LIBERTAD Y LA PROPIEDAD""",true,,
comunicacion_A,data/raw/02_comunicaciones_A/A7975_ano_de_la_defensa_de_la_vida_l.pdf,https://www.bcra.gob.ar/archivos/Pdfs/comytexord/A7975.pdf,A7975,2026-05-10T19:53:26+00:00,2024-03-07,83634,1,".  ""AÑO DE LA DEFENSA DE LA VIDA, LA LIBERTAD Y LA PROPIEDAD""     ""AÑO DE LA DEFENSA DE LA VIDA, LA LIBERTAD Y LA PROPIEDAD""",true,,
comunicacion_A,data/raw/02_comunicaciones_A/A7976_ano_de_la_defensa_de_la_vida_l.pdf,https://www.bcra.gob.ar/archivos/Pdfs/comytexord/A7976.pdf,A7976,2026-05-10T19:53:27+00:00,2024-03-08,139964,2,"""AÑO DE LA DEFENSA DE LA VIDA, LA LIBERTAD Y LA PROPIEDAD""",true,,
comunicacion_A,data/raw/02_comunicaciones_A/A7977_ano_de_la_defensa_de_la_vida_l.pdf,https://www.bcra.gob.ar/archivos/Pdfs/comytexord/A7977.pdf,A7977,2026-05-10T19:53:27+00:00,2024-03-11,107320,1,".  ""AÑO DE LA DEFENSA DE LA VIDA, LA LIBERTAD Y LA PROPIEDAD""     ""AÑO DE LA DEFENSA DE LA VIDA, LA LIBERTAD Y LA PROPIEDAD""",true,,
comunicacion_A,data/raw/02_comunicaciones_A/A7978_ano_de_la_defensa_de_la_vida_l.pdf,https://www.bcra.gob.ar/archivos/Pdfs/comytexord/A7978.pdf,A7978,2026-05-10T19:53:28+00:00,2024-03-11,222550,10,"""AÑO DE LA DEFENSA DE LA VIDA, LA LIBERTAD Y LA PROPIEDAD""",true,,
comunicacion_A,data/raw/02_comunicaciones_A/A7979_ano_de_la_defensa_de_la_vida_l.pdf,https://www.bcra.gob.ar/archivos/Pdfs/comytexord/A7979.pdf,A7979,2026-05-10T19:53:28+00:00,2024-03-12,177849,6,"""AÑO DE LA DEFENSA DE LA VIDA, LA LIBERTAD Y LA PROPIEDAD""",true,,
comunicacion_A,data/raw/02_comunicaciones_A/A7981_ano_de_la_defensa_de_la_vida_l.pdf,https://www.bcra.gob.ar/archivos/Pdfs/comytexord/A7981.pdf,A7981,2026-05-10T19:53:29+00:00,2024-03-15,132849,6,"""AÑO DE LA DEFENSA DE LA VIDA, LA LIBERTAD Y LA PROPIEDAD""",true,,
comunicacion_A,data/raw/02_comunicaciones_A/A7982_ano_de_la_defensa_de_la_vida_l.pdf,https://www.bcra.gob.ar/archivos/Pdfs/comytexord/A7982.pdf,A7982,2026-05-10T19:53:29+00:00,2024-03-21,137452,5,"""AÑO DE LA DEFENSA DE LA VIDA, LA LIBERTAD Y LA PROPIEDAD""",true,,
comunicacion_A,data/raw/02_comunicaciones_A/A7983_ano_de_la_defensa_de_la_vida_l.pdf,https://www.bcra.gob.ar/archivos/Pdfs/comytexord/A7983.pdf,A7983,2026-05-10T19:53:30+00:00,2024-03-21,429435,27,"""AÑO DE LA DEFENSA DE LA VIDA, LA LIBERTAD Y LA PROPIEDAD""",true,,
comunicacion_A,data/raw/02_comunicaciones_A/A7984_ano_de_la_defensa_de_la_vida_l.pdf,https://www.bcra.gob.ar/archivos/Pdfs/comytexord/A7984.pdf,A7984,2026-05-10T19:53:30+00:00,2024-03-21,141838,3,"""AÑO DE LA DEFENSA DE LA VIDA, LA LIBERTAD Y LA PROPIEDAD""",true,,
comunicacion_A,data/raw/02_comunicaciones_A/A7985_ano_de_la_defensa_de_la_vida_l.pdf,https://www.bcra.gob.ar/archivos/Pdfs/comytexord/A7985.pdf,A7985,2026-05-10T19:53:31+00:00,2024-03-27,168139,7,"""AÑO DE LA DEFENSA DE LA VIDA, LA LIBERTAD Y LA PROPIEDAD""",true,,
comunicacion_A,data/raw/02_comunicaciones_A/A7986_ano_de_la_defensa_de_la_vida_l.pdf,https://www.bcra.gob.ar/archivos/Pdfs/comytexord/A7986.pdf,A7986,2026-05-10T19:53:32+00:00,2024-04-05,381063,15,"""AÑO DE LA DEFENSA DE LA VIDA, LA LIBERTAD Y LA PROPIEDAD""",true,,
comunicacion_A,data/raw/02_comunicaciones_A/A7987_ano_de_la_defensa_de_la_vida_l.pdf,https://www.bcra.gob.ar/archivos/Pdfs/comytexord/A7987.pdf,A7987,2026-05-10T19:53:32+00:00,2024-04-05,141565,3,"""AÑO DE LA DEFENSA DE LA VIDA, LA LIBERTAD Y LA PROPIEDAD""",true,,
comunicacion_A,data/raw/02_comunicaciones_A/A7988_ano_de_la_defensa_de_la_vida_l.pdf,https://www.bcra.gob.ar/archivos/Pdfs/comytexord/A7988.pdf,A7988,2026-05-10T19:53:32+00:00,2024-04-11,143238,3,"""AÑO DE LA DEFENSA DE LA VIDA, LA LIBERTAD Y LA PROPIEDAD""",true,,
comunicacion_A,data/raw/02_comunicaciones_A/A7989_ano_de_la_defensa_de_la_vida_l.pdf,https://www.bcra.gob.ar/archivos/Pdfs/comytexord/A7989.pdf,A7989,2026-05-10T19:53:33+00:00,2024-04-11,157833,4,".  ""AÑO DE LA DEFENSA DE LA VIDA, LA LIBERTAD Y LA PROPIEDAD""     ""AÑO DE LA DEFENSA DE LA VIDA, LA LIBERTAD Y LA PROPIEDAD""",true,,
comunicacion_A,data/raw/02_comunicaciones_A/A7991_ano_de_la_defensa_de_la_vida_l.pdf,https://www.bcra.gob.ar/archivos/Pdfs/comytexord/A7991.pdf,A7991,2026-05-10T19:53:33+00:00,2024-04-12,139028,2,"""AÑO DE LA DEFENSA DE LA VIDA, LA LIBERTAD Y LA PROPIEDAD""",true,,
comunicacion_A,data/raw/02_comunicaciones_A/A7992_ano_de_la_defensa_de_la_vida_l.pdf,https://www.bcra.gob.ar/archivos/Pdfs/comytexord/A7992.pdf,A7992,2026-05-10T19:53:34+00:00,2024-04-17,80260,1,".  ""AÑO DE LA DEFENSA DE LA VIDA, LA LIBERTAD Y LA PROPIEDAD""     ""AÑO DE LA DEFENSA DE LA VIDA, LA LIBERTAD Y LA PROPIEDAD""",true,,
comunicacion_A,data/raw/02_comunicaciones_A/A7993_ano_de_la_defensa_de_la_vida_l.pdf,https://www.bcra.gob.ar/archivos/Pdfs/comytexord/A7993.pdf,A7993,2026-05-10T19:53:34+00:00,2024-04-18,82734,1,".  ""AÑO DE LA DEFENSA DE LA VIDA, LA LIBERTAD Y LA PROPIEDAD""     ""AÑO DE LA DEFENSA DE LA VIDA, LA LIBERTAD Y LA PROPIEDAD""",true,,
comunicacion_A,data/raw/02_comunicaciones_A/A7995_ano_de_la_defensa_de_la_vida_l.pdf,https://www.bcra.gob.ar/archivos/Pdfs/comytexord/A7995.pdf,A7995,2026-05-10T19:53:35+00:00,2024-04-30,371901,19,"""AÑO DE LA DEFENSA DE LA VIDA, LA LIBERTAD Y LA PROPIEDAD""",true,,
comunicacion_A,data/raw/02_comunicaciones_A/A7996_ano_de_la_defensa_de_la_vida_l.pdf,https://www.bcra.gob.ar/archivos/Pdfs/comytexord/A7996.pdf,A7996,2026-05-10T19:53:35+00:00,2024-04-30,141702,2,".  ""AÑO DE LA DEFENSA DE LA VIDA, LA LIBERTAD Y LA PROPIEDAD""     ""AÑO DE LA DEFENSA DE LA VIDA, LA LIBERTAD Y LA PROPIEDAD""",true,,
comunicacion_A,data/raw/02_comunicaciones_A/A8000_ano_de_la_defensa_de_la_vida_l.pdf,https://www.bcra.gob.ar/archivos/Pdfs/comytexord/A8000.pdf,A8000,2026-05-10T19:53:36+00:00,2024-05-02,221932,10,"""AÑO DE LA DEFENSA DE LA VIDA, LA LIBERTAD Y LA PROPIEDAD""",true,,
comunicacion_A,data/raw/02_comunicaciones_A/A8001_ano_de_la_defensa_de_la_vida_l.pdf,https://www.bcra.gob.ar/archivos/Pdfs/comytexord/A8001.pdf,A8001,2026-05-10T19:53:36+00:00,2024-05-03,132983,4,"""AÑO DE LA DEFENSA DE LA VIDA, LA LIBERTAD Y LA PROPIEDAD""",true,,
comunicacion_A,data/raw/02_comunicaciones_A/A8002_ano_de_la_defensa_de_la_vida_l.pdf,https://www.bcra.gob.ar/archivos/Pdfs/comytexord/A8002.pdf,A8002,2026-05-10T19:53:37+00:00,2024-05-06,323152,8,"""AÑO DE LA DEFENSA DE LA VIDA, LA LIBERTAD Y LA PROPIEDAD""",true,,
comunicacion_A,data/raw/02_comunicaciones_A/A8003_ano_de_la_defensa_de_la_vida_l.pdf,https://www.bcra.gob.ar/archivos/Pdfs/comytexord/A8003.pdf,A8003,2026-05-10T19:53:37+00:00,2024-05-07,386492,8,"""AÑO DE LA DEFENSA DE LA VIDA, LA LIBERTAD Y LA PROPIEDAD""",true,,
comunicacion_A,data/raw/02_comunicaciones_A/A8007_ano_de_la_defensa_de_la_vida_l.pdf,https://www.bcra.gob.ar/archivos/Pdfs/comytexord/A8007.pdf,A8007,2026-05-10T19:53:38+00:00,2024-05-10,423415,16,"""AÑO DE LA DEFENSA DE LA VIDA, LA LIBERTAD Y LA PROPIEDAD""",true,,
comunicacion_A,data/raw/02_comunicaciones_A/A8008_ano_de_la_defensa_de_la_vida_l.pdf,https://www.bcra.gob.ar/archivos/Pdfs/comytexord/A8008.pdf,A8008,2026-05-10T19:53:38+00:00,2024-05-10,222001,9,"""AÑO DE LA DEFENSA DE LA VIDA, LA LIBERTAD Y LA PROPIEDAD""",true,,
comunicacion_A,data/raw/02_comunicaciones_A/A8009_ano_de_la_defensa_de_la_vida_l.pdf,https://www.bcra.gob.ar/archivos/Pdfs/comytexord/A8009.pdf,A8009,2026-05-10T19:53:39+00:00,2024-05-10,290519,20,"""AÑO DE LA DEFENSA DE LA VIDA, LA LIBERTAD Y LA PROPIEDAD""",true,,
comunicacion_A,data/raw/02_comunicaciones_A/A8010_ano_de_la_defensa_de_la_vida_l.pdf,https://www.bcra.gob.ar/archivos/Pdfs/comytexord/A8010.pdf,A8010,2026-05-10T19:53:40+00:00,2024-05-10,416743,28,"""AÑO DE LA DEFENSA DE LA VIDA, LA LIBERTAD Y LA PROPIEDAD""",true,,
comunicacion_A,data/raw/02_comunicaciones_A/A8016_ano_de_la_defensa_de_la_vida_l.pdf,https://www.bcra.gob.ar/archivos/Pdfs/comytexord/A8016.pdf,A8016,2026-05-10T19:53:40+00:00,2024-05-14,84445,1,".  ""AÑO DE LA DEFENSA DE LA VIDA, LA LIBERTAD Y LA PROPIEDAD""     ""AÑO DE LA DEFENSA DE LA VIDA, LA LIBERTAD Y LA PROPIEDAD""",true,,
comunicacion_A,data/raw/02_comunicaciones_A/A8015_ano_de_la_defensa_de_la_vida_l.pdf,https://www.bcra.gob.ar/archivos/Pdfs/comytexord/A8015.pdf,A8015,2026-05-10T19:53:40+00:00,2024-05-14,117702,2,"""AÑO DE LA DEFENSA DE LA VIDA, LA LIBERTAD Y LA PROPIEDAD""",true,,
comunicacion_A,data/raw/02_comunicaciones_A/A8019_ano_de_la_defensa_de_la_vida_l.pdf,https://www.bcra.gob.ar/archivos/Pdfs/comytexord/A8019.pdf,A8019,2026-05-10T19:53:41+00:00,2024-05-16,113118,1,".  ""AÑO DE LA DEFENSA DE LA VIDA, LA LIBERTAD Y LA PROPIEDAD""     ""AÑO DE LA DEFENSA DE LA VIDA, LA LIBERTAD Y LA PROPIEDAD""",true,,
comunicacion_A,data/raw/02_comunicaciones_A/A8017_ano_de_la_defensa_de_la_vida_l.pdf,https://www.bcra.gob.ar/archivos/Pdfs/comytexord/A8017.pdf,A8017,2026-05-10T19:53:41+00:00,2024-05-15,107077,1,".  ""AÑO DE LA DEFENSA DE LA VIDA, LA LIBERTAD Y LA PROPIEDAD""     ""AÑO DE LA DEFENSA DE LA VIDA, LA LIBERTAD Y LA PROPIEDAD""",true,,
comunicacion_A,data/raw/02_comunicaciones_A/A8020_ano_de_la_defensa_de_la_vida_l.pdf,https://www.bcra.gob.ar/archivos/Pdfs/comytexord/A8020.pdf,A8020,2026-05-10T19:53:42+00:00,2024-05-16,131892,3,"""AÑO DE LA DEFENSA DE LA VIDA, LA LIBERTAD Y LA PROPIEDAD""",true,,
comunicacion_A,data/raw/02_comunicaciones_A/A8021_ano_de_la_defensa_de_la_vida_l.pdf,https://www.bcra.gob.ar/archivos/Pdfs/comytexord/A8021.pdf,A8021,2026-05-10T19:53:43+00:00,2024-05-16,182816,6,"""AÑO DE LA DEFENSA DE LA VIDA, LA LIBERTAD Y LA PROPIEDAD""",true,,
comunicacion_A,data/raw/02_comunicaciones_A/A8022_ano_de_la_defensa_de_la_vida_l.pdf,https://www.bcra.gob.ar/archivos/Pdfs/comytexord/A8022.pdf,A8022,2026-05-10T19:53:43+00:00,2024-05-17,153131,3,"""AÑO DE LA DEFENSA DE LA VIDA, LA LIBERTAD Y LA PROPIEDAD""",true,,
comunicacion_A,data/raw/02_comunicaciones_A/A8023_ano_de_la_defensa_de_la_vida_l.pdf,https://www.bcra.gob.ar/archivos/Pdfs/comytexord/A8023.pdf,A8023,2026-05-10T19:53:43+00:00,2024-05-17,145578,5,"“AÑO DE LA DEFENSA DE LA VIDA, LA LIBERTAD Y LA PROPIEDAD”",true,,
comunicacion_A,data/raw/02_comunicaciones_A/A8025_ano_de_la_defensa_de_la_vida_l.pdf,https://www.bcra.gob.ar/archivos/Pdfs/comytexord/A8025.pdf,A8025,2026-05-10T19:53:44+00:00,2024-05-23,131933,3,"""AÑO DE LA DEFENSA DE LA VIDA, LA LIBERTAD Y LA PROPIEDAD""",true,,
comunicacion_A,data/raw/02_comunicaciones_A/A8024_ano_de_la_defensa_de_la_vida_l.pdf,https://www.bcra.gob.ar/archivos/Pdfs/comytexord/A8024.pdf,A8024,2026-05-10T19:53:44+00:00,2024-05-23,167827,7,"""AÑO DE LA DEFENSA DE LA VIDA, LA LIBERTAD Y LA PROPIEDAD""",true,,
comunicacion_A,data/raw/02_comunicaciones_A/A8026_ano_de_la_defensa_de_la_vida_l.pdf,https://www.bcra.gob.ar/archivos/Pdfs/comytexord/A8026.pdf,A8026,2026-05-10T19:53:45+00:00,2024-05-23,342544,15,"""AÑO DE LA DEFENSA DE LA VIDA, LA LIBERTAD Y LA PROPIEDAD""",true,,
comunicacion_A,data/raw/02_comunicaciones_A/A8027_ano_de_la_defensa_de_la_vida_l.pdf,https://www.bcra.gob.ar/archivos/Pdfs/comytexord/A8027.pdf,A8027,2026-05-10T19:53:46+00:00,2024-05-23,230543,12,"""AÑO DE LA DEFENSA DE LA VIDA, LA LIBERTAD Y LA PROPIEDAD""",true,,
comunicacion_A,data/raw/02_comunicaciones_A/A8028_ano_de_la_defensa_de_la_vida_l.pdf,https://www.bcra.gob.ar/archivos/Pdfs/comytexord/A8028.pdf,A8028,2026-05-10T19:53:46+00:00,2024-05-23,161379,6,"""AÑO DE LA DEFENSA DE LA VIDA, LA LIBERTAD Y LA PROPIEDAD""",true,,
comunicacion_A,data/raw/02_comunicaciones_A/A8029_ano_de_la_defensa_de_la_vida_l.pdf,https://www.bcra.gob.ar/archivos/Pdfs/comytexord/A8029.pdf,A8029,2026-05-10T19:53:46+00:00,2024-05-30,83330,1,".  ""AÑO DE LA DEFENSA DE LA VIDA, LA LIBERTAD Y LA PROPIEDAD""     ""AÑO DE LA DEFENSA DE LA VIDA, LA LIBERTAD Y LA PROPIEDAD""",true,,
comunicacion_A,data/raw/02_comunicaciones_A/A8030_ano_de_la_defensa_de_la_vida_l.pdf,https://www.bcra.gob.ar/archivos/Pdfs/comytexord/A8030.pdf,A8030,2026-05-10T19:53:47+00:00,2024-05-30,116041,1,".  ""AÑO DE LA DEFENSA DE LA VIDA, LA LIBERTAD Y LA PROPIEDAD""     ""AÑO DE LA DEFENSA DE LA VIDA, LA LIBERTAD Y LA PROPIEDAD""",true,,
comunicacion_A,data/raw/02_comunicaciones_A/A8032_ano_de_la_defensa_de_la_vida_l.pdf,https://www.bcra.gob.ar/archivos/Pdfs/comytexord/A8032.pdf,A8032,2026-05-10T19:53:47+00:00,2024-05-30,139401,2,".  ""AÑO DE LA DEFENSA DE LA VIDA, LA LIBERTAD Y LA PROPIEDAD""     ""AÑO DE LA DEFENSA DE LA VIDA, LA LIBERTAD Y LA PROPIEDAD""",true,,
comunicacion_A,data/raw/02_comunicaciones_A/A8036_ano_de_la_defensa_de_la_vida_l.pdf,https://www.bcra.gob.ar/archivos/Pdfs/comytexord/A8036.pdf,A8036,2026-05-10T19:53:48+00:00,2024-06-06,115102,1,".  ""AÑO DE LA DEFENSA DE LA VIDA, LA LIBERTAD Y LA PROPIEDAD""     ""AÑO DE LA DEFENSA DE LA VIDA, LA LIBERTAD Y LA PROPIEDAD""",true,,
comunicacion_A,data/raw/02_comunicaciones_A/A8037_ano_de_la_defensa_de_la_vida_l.pdf,https://www.bcra.gob.ar/archivos/Pdfs/comytexord/A8037.pdf,A8037,2026-05-10T19:53:48+00:00,2024-06-06,84819,1,".  ""AÑO DE LA DEFENSA DE LA VIDA, LA LIBERTAD Y LA PROPIEDAD""     ""AÑO DE LA DEFENSA DE LA VIDA, LA LIBERTAD Y LA PROPIEDAD""",true,,
comunicacion_A,data/raw/02_comunicaciones_A/A8038_ano_de_la_defensa_de_la_vida_l.pdf,https://www.bcra.gob.ar/archivos/Pdfs/comytexord/A8038.pdf,A8038,2026-05-10T19:53:49+00:00,2024-06-06,142090,3,"""AÑO DE LA DEFENSA DE LA VIDA, LA LIBERTAD Y LA PROPIEDAD""",true,,
comunicacion_A,data/raw/02_comunicaciones_A/A8040_ano_de_la_defensa_de_la_vida_l.pdf,https://www.bcra.gob.ar/archivos/Pdfs/comytexord/A8040.pdf,A8040,2026-05-10T19:53:50+00:00,2024-06-13,84987,1,".  ""AÑO DE LA DEFENSA DE LA VIDA, LA LIBERTAD Y LA PROPIEDAD""     ""AÑO DE LA DEFENSA DE LA VIDA, LA LIBERTAD Y LA PROPIEDAD""",true,,
comunicacion_A,data/raw/02_comunicaciones_A/A8039_ano_de_la_defensa_de_la_vida_l.pdf,https://www.bcra.gob.ar/archivos/Pdfs/comytexord/A8039.pdf,A8039,2026-05-10T19:53:50+00:00,2024-06-12,387924,20,"""AÑO DE LA DEFENSA DE LA VIDA, LA LIBERTAD Y LA PROPIEDAD""",true,,
comunicacion_A,data/raw/02_comunicaciones_A/A8041_ano_de_la_defensa_de_la_vida_l.pdf,https://www.bcra.gob.ar/archivos/Pdfs/comytexord/A8041.pdf,A8041,2026-05-10T19:53:51+00:00,2024-06-13,117127,1,".  ""AÑO DE LA DEFENSA DE LA VIDA, LA LIBERTAD Y LA PROPIEDAD""     ""AÑO DE LA DEFENSA DE LA VIDA, LA LIBERTAD Y LA PROPIEDAD""",true,,
comunicacion_A,data/raw/02_comunicaciones_A/A8043_ano_de_la_defensa_de_la_vida_l.pdf,https://www.bcra.gob.ar/archivos/Pdfs/comytexord/A8043.pdf,A8043,2026-05-10T19:53:51+00:00,2024-06-13,175945,5,"""AÑO DE LA DEFENSA DE LA VIDA, LA LIBERTAD Y LA PROPIEDAD""",true,,
comunicacion_A,data/raw/02_comunicaciones_A/A8044_ano_de_la_defensa_de_la_vida_l.pdf,https://www.bcra.gob.ar/archivos/Pdfs/comytexord/A8044.pdf,A8044,2026-05-10T19:53:52+00:00,2024-06-14,379185,5,"""AÑO DE LA DEFENSA DE LA VIDA, LA LIBERTAD Y LA PROPIEDAD""",true,,
comunicacion_A,data/raw/02_comunicaciones_A/A8045_ano_de_la_defensa_de_la_vida_l.pdf,https://www.bcra.gob.ar/archivos/Pdfs/comytexord/A8045.pdf,A8045,2026-05-10T19:53:52+00:00,2024-06-25,208719,9,"""AÑO DE LA DEFENSA DE LA VIDA, LA LIBERTAD Y LA PROPIEDAD""",true,,
comunicacion_A,data/raw/02_comunicaciones_A/A8046_ano_de_la_defensa_de_la_vida_l.pdf,https://www.bcra.gob.ar/archivos/Pdfs/comytexord/A8046.pdf,A8046,2026-05-10T19:53:53+00:00,2024-06-25,112082,2,"""AÑO DE LA DEFENSA DE LA VIDA, LA LIBERTAD Y LA PROPIEDAD""",true,,
comunicacion_A,data/raw/02_comunicaciones_A/A8047_ano_de_la_defensa_de_la_vida_l.pdf,https://www.bcra.gob.ar/archivos/Pdfs/comytexord/A8047.pdf,A8047,2026-05-10T19:53:53+00:00,2024-06-25,128870,3,"""AÑO DE LA DEFENSA DE LA VIDA, LA LIBERTAD Y LA PROPIEDAD""",true,,
comunicacion_A,data/raw/02_comunicaciones_A/A8048_ano_de_la_defensa_de_la_vida_l.pdf,https://www.bcra.gob.ar/archivos/Pdfs/comytexord/A8048.pdf,A8048,2026-05-10T19:53:54+00:00,2024-06-25,138940,3,"""AÑO DE LA DEFENSA DE LA VIDA, LA LIBERTAD Y LA PROPIEDAD""",true,,
comunicacion_A,data/raw/02_comunicaciones_A/A8049_ano_de_la_defensa_de_la_vida_l.pdf,https://www.bcra.gob.ar/archivos/Pdfs/comytexord/A8049.pdf,A8049,2026-05-10T19:53:54+00:00,2024-06-25,131508,3,"""AÑO DE LA DEFENSA DE LA VIDA, LA LIBERTAD Y LA PROPIEDAD""",true,,
comunicacion_A,data/raw/02_comunicaciones_A/A8050_ano_de_la_defensa_de_la_vida_l.pdf,https://www.bcra.gob.ar/archivos/Pdfs/comytexord/A8050.pdf,A8050,2026-05-10T19:53:55+00:00,2024-06-26,131574,3,"""AÑO DE LA DEFENSA DE LA VIDA, LA LIBERTAD Y LA PROPIEDAD""",true,,
comunicacion_A,data/raw/02_comunicaciones_A/A8052_ano_de_la_defensa_de_la_vida_l.pdf,https://www.bcra.gob.ar/archivos/Pdfs/comytexord/A8052.pdf,A8052,2026-05-10T19:53:55+00:00,2024-06-27,114595,1,".  ""AÑO DE LA DEFENSA DE LA VIDA, LA LIBERTAD Y LA PROPIEDAD""     ""AÑO DE LA DEFENSA DE LA VIDA, LA LIBERTAD Y LA PROPIEDAD""",true,,
comunicacion_A,data/raw/02_comunicaciones_A/A8051_ano_de_la_defensa_de_la_vida_l.pdf,https://www.bcra.gob.ar/archivos/Pdfs/comytexord/A8051.pdf,A8051,2026-05-10T19:53:56+00:00,2024-06-27,487369,29,"""AÑO DE LA DEFENSA DE LA VIDA, LA LIBERTAD Y LA PROPIEDAD""",true,,
comunicacion_A,data/raw/02_comunicaciones_A/A8053_ano_de_la_defensa_de_la_vida_l.pdf,https://www.bcra.gob.ar/archivos/Pdfs/comytexord/A8053.pdf,A8053,2026-05-10T19:53:56+00:00,2024-06-27,142544,3,"""AÑO DE LA DEFENSA DE LA VIDA, LA LIBERTAD Y LA PROPIEDAD""",true,,
comunicacion_A,data/raw/02_comunicaciones_A/A8056_ano_de_la_defensa_de_la_vida_l.pdf,https://www.bcra.gob.ar/archivos/Pdfs/comytexord/A8056.pdf,A8056,2026-05-10T19:53:57+00:00,2024-06-28,81091,1,".  ""AÑO DE LA DEFENSA DE LA VIDA, LA LIBERTAD Y LA PROPIEDAD""     ""AÑO DE LA DEFENSA DE LA VIDA, LA LIBERTAD Y LA PROPIEDAD""",true,,
comunicacion_A,data/raw/02_comunicaciones_A/A8057_ano_de_la_defensa_de_la_vida_l.pdf,https://www.bcra.gob.ar/archivos/Pdfs/comytexord/A8057.pdf,A8057,2026-05-10T19:53:57+00:00,2024-07-01,354841,18,"""AÑO DE LA DEFENSA DE LA VIDA, LA LIBERTAD Y LA PROPIEDAD""",true,,
comunicacion_A,data/raw/02_comunicaciones_A/A8058_ano_de_la_defensa_de_la_vida_l.pdf,https://www.bcra.gob.ar/archivos/Pdfs/comytexord/A8058.pdf,A8058,2026-05-10T19:53:57+00:00,2024-07-04,131867,3,"""AÑO DE LA DEFENSA DE LA VIDA, LA LIBERTAD Y LA PROPIEDAD""",true,,
comunicacion_A,data/raw/02_comunicaciones_A/A8060_ano_de_la_defensa_de_la_vida_l.pdf,https://www.bcra.gob.ar/archivos/Pdfs/comytexord/A8060.pdf,A8060,2026-05-10T19:53:58+00:00,2024-07-11,104358,2,".  ""AÑO DE LA DEFENSA DE LA VIDA, LA LIBERTAD Y LA PROPIEDAD""     ""AÑO DE LA DEFENSA DE LA VIDA, LA LIBERTAD Y LA PROPIEDAD""",true,,
comunicacion_A,data/raw/02_comunicaciones_A/A8061_ano_de_la_defensa_de_la_vida_l.pdf,https://www.bcra.gob.ar/archivos/Pdfs/comytexord/A8061.pdf,A8061,2026-05-10T19:53:59+00:00,2024-07-11,219150,10,"""AÑO DE LA DEFENSA DE LA VIDA, LA LIBERTAD Y LA PROPIEDAD""",true,,
comunicacion_A,data/raw/02_comunicaciones_A/A8062_ano_de_la_defensa_de_la_vida_l.pdf,https://www.bcra.gob.ar/archivos/Pdfs/comytexord/A8062.pdf,A8062,2026-05-10T19:53:59+00:00,2024-07-15,185805,9,"""AÑO DE LA DEFENSA DE LA VIDA, LA LIBERTAD Y LA PROPIEDAD""",true,,
comunicacion_A,data/raw/02_comunicaciones_A/A8063_ano_de_la_defensa_de_la_vida_l.pdf,https://www.bcra.gob.ar/archivos/Pdfs/comytexord/A8063.pdf,A8063,2026-05-10T19:54:00+00:00,2024-07-15,134693,3,"""AÑO DE LA DEFENSA DE LA VIDA, LA LIBERTAD Y LA PROPIEDAD""",true,,
comunicacion_A,data/raw/02_comunicaciones_A/A8064_ano_de_la_defensa_de_la_vida_l.pdf,https://www.bcra.gob.ar/archivos/Pdfs/comytexord/A8064.pdf,A8064,2026-05-10T19:54:00+00:00,2024-07-18,83908,1,".  ""AÑO DE LA DEFENSA DE LA VIDA, LA LIBERTAD Y LA PROPIEDAD""     ""AÑO DE LA DEFENSA DE LA VIDA, LA LIBERTAD Y LA PROPIEDAD""",true,,
comunicacion_A,data/raw/02_comunicaciones_A/A8065_ano_de_la_defensa_de_la_vida_l.pdf,https://www.bcra.gob.ar/archivos/Pdfs/comytexord/A8065.pdf,A8065,2026-05-10T19:54:01+00:00,2024-07-18,86082,1,".  ""AÑO DE LA DEFENSA DE LA VIDA, LA LIBERTAD Y LA PROPIEDAD""     ""AÑO DE LA DEFENSA DE LA VIDA, LA LIBERTAD Y LA PROPIEDAD""",true,,
comunicacion_A,data/raw/02_comunicaciones_A/A8066_ano_de_la_defensa_de_la_vida_l.pdf,https://www.bcra.gob.ar/archivos/Pdfs/comytexord/A8066.pdf,A8066,2026-05-10T19:54:01+00:00,2024-07-18,233355,17,"""AÑO DE LA DEFENSA DE LA VIDA, LA LIBERTAD Y LA PROPIEDAD""",true,,
comunicacion_A,data/raw/02_comunicaciones_A/A8067_ano_de_la_defensa_de_la_vida_l.pdf,https://www.bcra.gob.ar/archivos/Pdfs/comytexord/A8067.pdf,A8067,2026-05-10T19:54:02+00:00,2024-07-18,249754,22,"""AÑO DE LA DEFENSA DE LA VIDA, LA LIBERTAD Y LA PROPIEDAD""",true,,
comunicacion_A,data/raw/02_comunicaciones_A/A8068_ano_de_la_defensa_de_la_vida_l.pdf,https://www.bcra.gob.ar/archivos/Pdfs/comytexord/A8068.pdf,A8068,2026-05-10T19:54:02+00:00,2024-07-18,214959,9,"""AÑO DE LA DEFENSA DE LA VIDA, LA LIBERTAD Y LA PROPIEDAD""",true,,
comunicacion_A,data/raw/02_comunicaciones_A/A8069_ano_de_la_defensa_de_la_vida_l.pdf,https://www.bcra.gob.ar/archivos/Pdfs/comytexord/A8069.pdf,A8069,2026-05-10T19:54:03+00:00,2024-07-18,184289,9,"""AÑO DE LA DEFENSA DE LA VIDA, LA LIBERTAD Y LA PROPIEDAD""",true,,
comunicacion_A,data/raw/02_comunicaciones_A/A8072_ano_de_la_defensa_de_la_vida_l.pdf,https://www.bcra.gob.ar/archivos/Pdfs/comytexord/A8072.pdf,A8072,2026-05-10T19:54:06+00:00,2024-07-23,84112,1,".  ""AÑO DE LA DEFENSA DE LA VIDA, LA LIBERTAD Y LA PROPIEDAD""     ""AÑO DE LA DEFENSA DE LA VIDA, LA LIBERTAD Y LA PROPIEDAD""",true,,
comunicacion_A,data/raw/02_comunicaciones_A/A8075_ano_de_la_defensa_de_la_vida_l.pdf,https://www.bcra.gob.ar/archivos/Pdfs/comytexord/A8075.pdf,A8075,2026-05-10T19:54:07+00:00,2024-07-26,272566,11,"""AÑO DE LA DEFENSA DE LA VIDA, LA LIBERTAD Y LA PROPIEDAD""",true,,
comunicacion_A,data/raw/02_comunicaciones_A/A8071_ano_de_la_defensa_de_la_vida_l.pdf,https://www.bcra.gob.ar/archivos/Pdfs/comytexord/A8071.pdf,A8071,2026-05-10T19:54:07+00:00,2024-07-23,728865,29,"""AÑO DE LA DEFENSA DE LA VIDA, LA LIBERTAD Y LA PROPIEDAD""",true,,
comunicacion_A,data/raw/02_comunicaciones_A/A8076_ano_de_la_defensa_de_la_vida_l.pdf,https://www.bcra.gob.ar/archivos/Pdfs/comytexord/A8076.pdf,A8076,2026-05-10T19:54:08+00:00,2024-07-26,281925,10,"""AÑO DE LA DEFENSA DE LA VIDA, LA LIBERTAD Y LA PROPIEDAD""",true,,
comunicacion_A,data/raw/02_comunicaciones_A/A8077_ano_de_la_defensa_de_la_vida_l.pdf,https://www.bcra.gob.ar/archivos/Pdfs/comytexord/A8077.pdf,A8077,2026-05-10T19:54:08+00:00,2024-07-31,177744,4,"""AÑO DE LA DEFENSA DE LA VIDA, LA LIBERTAD Y LA PROPIEDAD""",true,,
comunicacion_A,data/raw/02_comunicaciones_A/A8078_ano_de_la_defensa_de_la_vida_l.pdf,https://www.bcra.gob.ar/archivos/Pdfs/comytexord/A8078.pdf,A8078,2026-05-10T19:54:09+00:00,2024-07-31,366644,10,"""AÑO DE LA DEFENSA DE LA VIDA, LA LIBERTAD Y LA PROPIEDAD""",true,,
comunicacion_A,data/raw/02_comunicaciones_A/A8079_ano_de_la_defensa_de_la_vida_l.pdf,https://www.bcra.gob.ar/archivos/Pdfs/comytexord/A8079.pdf,A8079,2026-05-10T19:54:09+00:00,2024-08-01,207404,7,"""AÑO DE LA DEFENSA DE LA VIDA, LA LIBERTAD Y LA PROPIEDAD""",true,,
comunicacion_A,data/raw/02_comunicaciones_A/A8083_ano_de_la_defensa_de_la_vida_l.pdf,https://www.bcra.gob.ar/archivos/Pdfs/comytexord/A8083.pdf,A8083,2026-05-10T19:54:10+00:00,2024-08-05,116422,1,".  ""AÑO DE LA DEFENSA DE LA VIDA, LA LIBERTAD Y LA PROPIEDAD""     ""AÑO DE LA DEFENSA DE LA VIDA, LA LIBERTAD Y LA PROPIEDAD""",true,,
comunicacion_A,data/raw/02_comunicaciones_A/A8084_ano_de_la_defensa_de_la_vida_l.pdf,https://www.bcra.gob.ar/archivos/Pdfs/comytexord/A8084.pdf,A8084,2026-05-10T19:54:10+00:00,2024-08-06,321472,10,"""AÑO DE LA DEFENSA DE LA VIDA, LA LIBERTAD Y LA PROPIEDAD""",true,,
comunicacion_A,data/raw/02_comunicaciones_A/A8088_ano_de_la_defensa_de_la_vida_l.pdf,https://www.bcra.gob.ar/archivos/Pdfs/comytexord/A8088.pdf,A8088,2026-05-10T19:54:11+00:00,2024-08-15,112416,1,".  ""AÑO DE LA DEFENSA DE LA VIDA, LA LIBERTAD Y LA PROPIEDAD""     ""AÑO DE LA DEFENSA DE LA VIDA, LA LIBERTAD Y LA PROPIEDAD""",true,,
comunicacion_A,data/raw/02_comunicaciones_A/A8086_ano_de_la_defensa_de_la_vida_l.pdf,https://www.bcra.gob.ar/archivos/Pdfs/comytexord/A8086.pdf,A8086,2026-05-10T19:54:11+00:00,2024-08-08,387557,30,"""AÑO DE LA DEFENSA DE LA VIDA, LA LIBERTAD Y LA PROPIEDAD""",true,,
comunicacion_A,data/raw/02_comunicaciones_A/A8089_ano_de_la_defensa_de_la_vida_l.pdf,https://www.bcra.gob.ar/archivos/Pdfs/comytexord/A8089.pdf,A8089,2026-05-10T19:54:12+00:00,2024-08-15,86352,1,".  ""AÑO DE LA DEFENSA DE LA VIDA, LA LIBERTAD Y LA PROPIEDAD""     ""AÑO DE LA DEFENSA DE LA VIDA, LA LIBERTAD Y LA PROPIEDAD""",true,,
comunicacion_A,data/raw/02_comunicaciones_A/A8090_ano_de_la_defensa_de_la_vida_l.pdf,https://www.bcra.gob.ar/archivos/Pdfs/comytexord/A8090.pdf,A8090,2026-05-10T19:54:12+00:00,2024-08-15,150857,3,"""AÑO DE LA DEFENSA DE LA VIDA, LA LIBERTAD Y LA PROPIEDAD""",true,,
comunicacion_A,data/raw/02_comunicaciones_A/A8091_ano_de_la_defensa_de_la_vida_l.pdf,https://www.bcra.gob.ar/archivos/Pdfs/comytexord/A8091.pdf,A8091,2026-05-10T19:54:13+00:00,2024-08-16,225843,7,"""AÑO DE LA DEFENSA DE LA VIDA, LA LIBERTAD Y LA PROPIEDAD""",true,,
comunicacion_A,data/raw/02_comunicaciones_A/A8092_ano_de_la_defensa_de_la_vida_l.pdf,https://www.bcra.gob.ar/archivos/Pdfs/comytexord/A8092.pdf,A8092,2026-05-10T19:54:13+00:00,2024-08-22,148757,5,"""AÑO DE LA DEFENSA DE LA VIDA, LA LIBERTAD Y LA PROPIEDAD""",true,,
comunicacion_A,data/raw/02_comunicaciones_A/A8093_ano_de_la_defensa_de_la_vida_l.pdf,https://www.bcra.gob.ar/archivos/Pdfs/comytexord/A8093.pdf,A8093,2026-05-10T19:54:14+00:00,2024-08-22,131823,3,"""AÑO DE LA DEFENSA DE LA VIDA, LA LIBERTAD Y LA PROPIEDAD""",true,,
comunicacion_A,data/raw/02_comunicaciones_A/A8095_ano_de_la_defensa_de_la_vida_l.pdf,https://www.bcra.gob.ar/archivos/Pdfs/comytexord/A8095.pdf,A8095,2026-05-10T19:54:15+00:00,2024-08-22,321894,18,"""AÑO DE LA DEFENSA DE LA VIDA, LA LIBERTAD Y LA PROPIEDAD""",true,,
comunicacion_A,data/raw/02_comunicaciones_A/A8096_ano_de_la_defensa_de_la_vida_l.pdf,https://www.bcra.gob.ar/archivos/Pdfs/comytexord/A8096.pdf,A8096,2026-05-10T19:54:15+00:00,2024-08-26,244654,7,"""AÑO DE LA DEFENSA DE LA VIDA, LA LIBERTAD Y LA PROPIEDAD""",true,,
comunicacion_A,data/raw/02_comunicaciones_A/A8100_ano_de_la_defensa_de_la_vida_l.pdf,https://www.bcra.gob.ar/archivos/Pdfs/comytexord/A8100.pdf,A8100,2026-05-10T19:54:15+00:00,2024-09-05,87121,1,".  ""AÑO DE LA DEFENSA DE LA VIDA, LA LIBERTAD Y LA PROPIEDAD""     ""AÑO DE LA DEFENSA DE LA VIDA, LA LIBERTAD Y LA PROPIEDAD""",true,,
comunicacion_A,data/raw/02_comunicaciones_A/A8101_ano_de_la_defensa_de_la_vida_l.pdf,https://www.bcra.gob.ar/archivos/Pdfs/comytexord/A8101.pdf,A8101,2026-05-10T19:54:16+00:00,2024-09-05,85281,1,".  ""AÑO DE LA DEFENSA DE LA VIDA, LA LIBERTAD Y LA PROPIEDAD""     ""AÑO DE LA DEFENSA DE LA VIDA, LA LIBERTAD Y LA PROPIEDAD""",true,,
comunicacion_A,data/raw/02_comunicaciones_A/A8102_ano_de_la_defensa_de_la_vida_l.pdf,https://www.bcra.gob.ar/archivos/Pdfs/comytexord/A8102.pdf,A8102,2026-05-10T19:54:16+00:00,2024-09-10,186357,7,"""AÑO DE LA DEFENSA DE LA VIDA, LA LIBERTAD Y LA PROPIEDAD""",true,,
comunicacion_A,data/raw/02_comunicaciones_A/A8103_ano_de_la_defensa_de_la_vida_l.pdf,https://www.bcra.gob.ar/archivos/Pdfs/comytexord/A8103.pdf,A8103,2026-05-10T19:54:17+00:00,2024-09-12,136672,2,".  ""AÑO DE LA DEFENSA DE LA VIDA, LA LIBERTAD Y LA PROPIEDAD""     ""AÑO DE LA DEFENSA DE LA VIDA, LA LIBERTAD Y LA PROPIEDAD""",true,,
comunicacion_A,data/raw/02_comunicaciones_A/A8104_ano_de_la_defensa_de_la_vida_l.pdf,https://www.bcra.gob.ar/archivos/Pdfs/comytexord/A8104.pdf,A8104,2026-05-10T19:54:17+00:00,2024-09-13,214286,4,"""AÑO DE LA DEFENSA DE LA VIDA, LA LIBERTAD Y LA PROPIEDAD""",true,,
comunicacion_A,data/raw/02_comunicaciones_A/A8105_ano_de_la_defensa_de_la_vida_l.pdf,https://www.bcra.gob.ar/archivos/Pdfs/comytexord/A8105.pdf,A8105,2026-05-10T19:54:18+00:00,2024-09-19,117033,1,".  ""AÑO DE LA DEFENSA DE LA VIDA, LA LIBERTAD Y LA PROPIEDAD""     ""AÑO DE LA DEFENSA DE LA VIDA, LA LIBERTAD Y LA PROPIEDAD""",true,,
comunicacion_A,data/raw/02_comunicaciones_A/A8106_ano_de_la_defensa_de_la_vida_l.pdf,https://www.bcra.gob.ar/archivos/Pdfs/comytexord/A8106.pdf,A8106,2026-05-10T19:54:18+00:00,2024-09-19,167853,6,"""AÑO DE LA DEFENSA DE LA VIDA, LA LIBERTAD Y LA PROPIEDAD""",true,,
comunicacion_A,data/raw/02_comunicaciones_A/A8107_ano_de_la_defensa_de_la_vida_l.pdf,https://www.bcra.gob.ar/archivos/Pdfs/comytexord/A8107.pdf,A8107,2026-05-10T19:54:19+00:00,2024-09-19,131169,3,"""AÑO DE LA DEFENSA DE LA VIDA, LA LIBERTAD Y LA PROPIEDAD""",true,,
comunicacion_A,data/raw/02_comunicaciones_A/A8110_ano_de_la_defensa_de_la_vida_l.pdf,https://www.bcra.gob.ar/archivos/Pdfs/comytexord/A8110.pdf,A8110,2026-05-10T19:54:20+00:00,2024-09-30,159339,5,"""AÑO DE LA DEFENSA DE LA VIDA, LA LIBERTAD Y LA PROPIEDAD""",true,,
comunicacion_A,data/raw/02_comunicaciones_A/A8109_ano_de_la_defensa_de_la_vida_l.pdf,https://www.bcra.gob.ar/archivos/Pdfs/comytexord/A8109.pdf,A8109,2026-05-10T19:54:20+00:00,2024-09-30,565045,40,"""AÑO DE LA DEFENSA DE LA VIDA, LA LIBERTAD Y LA PROPIEDAD""",true,,
comunicacion_A,data/raw/02_comunicaciones_A/A8111_ano_de_la_defensa_de_la_vida_l.pdf,https://www.bcra.gob.ar/archivos/Pdfs/comytexord/A8111.pdf,A8111,2026-05-10T19:54:20+00:00,2024-10-02,241459,10,"""AÑO DE LA DEFENSA DE LA VIDA, LA LIBERTAD Y LA PROPIEDAD""",true,,
comunicacion_A,data/raw/02_comunicaciones_A/A8113_ano_de_la_defensa_de_la_vida_l.pdf,https://www.bcra.gob.ar/archivos/Pdfs/comytexord/A8113.pdf,A8113,2026-05-10T19:54:21+00:00,2024-10-04,186119,7,"""AÑO DE LA DEFENSA DE LA VIDA, LA LIBERTAD Y LA PROPIEDAD""",true,,
comunicacion_A,data/raw/02_comunicaciones_A/A8114_ano_de_la_defensa_de_la_vida_l.pdf,https://www.bcra.gob.ar/archivos/Pdfs/comytexord/A8114.pdf,A8114,2026-05-10T19:54:22+00:00,2024-10-08,292048,12,"""AÑO DE LA DEFENSA DE LA VIDA, LA LIBERTAD Y LA PROPIEDAD""",true,,
comunicacion_A,data/raw/02_comunicaciones_A/A8115_ano_de_la_defensa_de_la_vida_l.pdf,https://www.bcra.gob.ar/archivos/Pdfs/comytexord/A8115.pdf,A8115,2026-05-10T19:54:22+00:00,2024-10-10,121294,1,".  ""AÑO DE LA DEFENSA DE LA VIDA, LA LIBERTAD Y LA PROPIEDAD""     ""AÑO DE LA DEFENSA DE LA VIDA, LA LIBERTAD Y LA PROPIEDAD""",true,,
comunicacion_A,data/raw/02_comunicaciones_A/A8117_ano_de_la_defensa_de_la_vida_l.pdf,https://www.bcra.gob.ar/archivos/Pdfs/comytexord/A8117.pdf,A8117,2026-05-10T19:54:23+00:00,2024-10-10,161747,6,"""AÑO DE LA DEFENSA DE LA VIDA, LA LIBERTAD Y LA PROPIEDAD""",true,,
comunicacion_A,data/raw/02_comunicaciones_A/A8119_ano_de_la_defensa_de_la_vida_l.pdf,https://www.bcra.gob.ar/archivos/Pdfs/comytexord/A8119.pdf,A8119,2026-05-10T19:54:23+00:00,2024-10-17,185523,6,"""AÑO DE LA DEFENSA DE LA VIDA, LA LIBERTAD Y LA PROPIEDAD""",true,,
comunicacion_A,data/raw/02_comunicaciones_A/A8120_ano_de_la_defensa_de_la_vida_l.pdf,https://www.bcra.gob.ar/archivos/Pdfs/comytexord/A8120.pdf,A8120,2026-05-10T19:54:23+00:00,2024-10-25,85935,1,".  ""AÑO DE LA DEFENSA DE LA VIDA, LA LIBERTAD Y LA PROPIEDAD""     ""AÑO DE LA DEFENSA DE LA VIDA, LA LIBERTAD Y LA PROPIEDAD""",true,,
comunicacion_A,data/raw/02_comunicaciones_A/A8121_ano_de_la_defensa_de_la_vida_l.pdf,https://www.bcra.gob.ar/archivos/Pdfs/comytexord/A8121.pdf,A8121,2026-05-10T19:54:24+00:00,2024-10-31,151518,3,"""AÑO DE LA DEFENSA DE LA VIDA, LA LIBERTAD Y LA PROPIEDAD""",true,,
comunicacion_A,data/raw/02_comunicaciones_A/A8123_ano_de_la_defensa_de_la_vida_l.pdf,https://www.bcra.gob.ar/archivos/Pdfs/comytexord/A8123.pdf,A8123,2026-05-10T19:54:25+00:00,2024-11-01,150415,3,"""AÑO DE LA DEFENSA DE LA VIDA, LA LIBERTAD Y LA PROPIEDAD""",true,,
comunicacion_A,data/raw/02_comunicaciones_A/A8125_ano_de_la_defensa_de_la_vida_l.pdf,https://www.bcra.gob.ar/archivos/Pdfs/comytexord/A8125.pdf,A8125,2026-05-10T19:54:25+00:00,2024-11-07,121549,1,".  ""AÑO DE LA DEFENSA DE LA VIDA, LA LIBERTAD Y LA PROPIEDAD""     ""AÑO DE LA DEFENSA DE LA VIDA, LA LIBERTAD Y LA PROPIEDAD""",true,,
comunicacion_A,data/raw/02_comunicaciones_A/A8124_ano_de_la_defensa_de_la_vida_l.pdf,https://www.bcra.gob.ar/archivos/Pdfs/comytexord/A8124.pdf,A8124,2026-05-10T19:54:26+00:00,2024-11-01,502059,32,"""AÑO DE LA DEFENSA DE LA VIDA, LA LIBERTAD Y LA PROPIEDAD""",true,,
comunicacion_A,data/raw/02_comunicaciones_A/A8126_ano_de_la_defensa_de_la_vida_l.pdf,https://www.bcra.gob.ar/archivos/Pdfs/comytexord/A8126.pdf,A8126,2026-05-10T19:54:26+00:00,2024-11-07,80496,1,".  ""AÑO DE LA DEFENSA DE LA VIDA, LA LIBERTAD Y LA PROPIEDAD""     ""AÑO DE LA DEFENSA DE LA VIDA, LA LIBERTAD Y LA PROPIEDAD""",true,,
comunicacion_A,data/raw/02_comunicaciones_A/A8127_ano_de_la_defensa_de_la_vida_l.pdf,https://www.bcra.gob.ar/archivos/Pdfs/comytexord/A8127.pdf,A8127,2026-05-10T19:54:26+00:00,2024-11-07,79388,1,".  ""AÑO DE LA DEFENSA DE LA VIDA, LA LIBERTAD Y LA PROPIEDAD""     ""AÑO DE LA DEFENSA DE LA VIDA, LA LIBERTAD Y LA PROPIEDAD""",true,,
comunicacion_A,data/raw/02_comunicaciones_A/A8132_ano_de_la_defensa_de_la_vida_l.pdf,https://www.bcra.gob.ar/archivos/Pdfs/comytexord/A8132.pdf,A8132,2026-05-10T19:54:27+00:00,2024-11-13,473926,8,"""AÑO DE LA DEFENSA DE LA VIDA, LA LIBERTAD Y LA PROPIEDAD""",true,,
comunicacion_A,data/raw/02_comunicaciones_A/A8134_ano_de_la_defensa_de_la_vida_l.pdf,https://www.bcra.gob.ar/archivos/Pdfs/comytexord/A8134.pdf,A8134,2026-05-10T19:54:28+00:00,2024-11-21,147642,4,"""AÑO DE LA DEFENSA DE LA VIDA, LA LIBERTAD Y LA PROPIEDAD""",true,,
comunicacion_A,data/raw/02_comunicaciones_A/A8135_ano_de_la_defensa_de_la_vida_l.pdf,https://www.bcra.gob.ar/archivos/Pdfs/comytexord/A8135.pdf,A8135,2026-05-10T19:54:28+00:00,2024-11-21,195089,7,"""AÑO DE LA DEFENSA DE LA VIDA, LA LIBERTAD Y LA PROPIEDAD""",true,,
comunicacion_A,data/raw/02_comunicaciones_A/A8138_ano_de_la_defensa_de_la_vida_l.pdf,https://www.bcra.gob.ar/archivos/Pdfs/comytexord/A8138.pdf,A8138,2026-05-10T19:54:29+00:00,2024-11-28,116094,1,".  ""AÑO DE LA DEFENSA DE LA VIDA, LA LIBERTAD Y LA PROPIEDAD""     ""AÑO DE LA DEFENSA DE LA VIDA, LA LIBERTAD Y LA PROPIEDAD""",true,,
comunicacion_A,data/raw/02_comunicaciones_A/A8136_ano_de_la_defensa_de_la_vida_l.pdf,https://www.bcra.gob.ar/archivos/Pdfs/comytexord/A8136.pdf,A8136,2026-05-10T19:54:29+00:00,2024-11-21,303712,19,"""AÑO DE LA DEFENSA DE LA VIDA, LA LIBERTAD Y LA PROPIEDAD""",true,,
comunicacion_A,data/raw/02_comunicaciones_A/A8139_ano_de_la_defensa_de_la_vida_l.pdf,https://www.bcra.gob.ar/archivos/Pdfs/comytexord/A8139.pdf,A8139,2026-05-10T19:54:30+00:00,2024-12-02,211501,4,"""AÑO DE LA DEFENSA DE LA VIDA, LA LIBERTAD Y LA PROPIEDAD""",true,,
comunicacion_A,data/raw/02_comunicaciones_A/A8141_ano_de_la_defensa_de_la_vida_l.pdf,https://www.bcra.gob.ar/archivos/Pdfs/comytexord/A8141.pdf,A8141,2026-05-10T19:54:30+00:00,2024-12-02,191248,4,"""AÑO DE LA DEFENSA DE LA VIDA, LA LIBERTAD Y LA PROPIEDAD""",true,,
comunicacion_A,data/raw/02_comunicaciones_A/A8142_ano_de_la_defensa_de_la_vida_l.pdf,https://www.bcra.gob.ar/archivos/Pdfs/comytexord/A8142.pdf,A8142,2026-05-10T19:54:31+00:00,2024-12-02,111046,2,"""AÑO DE LA DEFENSA DE LA VIDA, LA LIBERTAD Y LA PROPIEDAD""",true,,
comunicacion_A,data/raw/02_comunicaciones_A/A8143_ano_de_la_defensa_de_la_vida_l.pdf,https://www.bcra.gob.ar/archivos/Pdfs/comytexord/A8143.pdf,A8143,2026-05-10T19:54:31+00:00,2024-12-02,242392,13,"""AÑO DE LA DEFENSA DE LA VIDA, LA LIBERTAD Y LA PROPIEDAD""",true,,
comunicacion_A,data/raw/02_comunicaciones_A/A8144_ano_de_la_defensa_de_la_vida_l.pdf,https://www.bcra.gob.ar/archivos/Pdfs/comytexord/A8144.pdf,A8144,2026-05-10T19:54:31+00:00,2024-12-05,112395,1,".  ""AÑO DE LA DEFENSA DE LA VIDA, LA LIBERTAD Y LA PROPIEDAD""     ""AÑO DE LA DEFENSA DE LA VIDA, LA LIBERTAD Y LA PROPIEDAD""",true,,
comunicacion_A,data/raw/02_comunicaciones_A/A8146_ano_de_la_defensa_de_la_vida_l.pdf,https://www.bcra.gob.ar/archivos/Pdfs/comytexord/A8146.pdf,A8146,2026-05-10T19:54:32+00:00,2024-12-10,138658,3,"""AÑO DE LA DEFENSA DE LA VIDA, LA LIBERTAD Y LA PROPIEDAD""",true,,
comunicacion_A,data/raw/02_comunicaciones_A/A8147_ano_de_la_defensa_de_la_vida_l.pdf,https://www.bcra.gob.ar/archivos/Pdfs/comytexord/A8147.pdf,A8147,2026-05-10T19:54:33+00:00,2024-12-10,280340,6,"""AÑO DE LA DEFENSA DE LA VIDA, LA LIBERTAD Y LA PROPIEDAD""",true,,
comunicacion_A,data/raw/02_comunicaciones_A/A8148_comunicacion_a_8148_10_12_2024.pdf,https://www.bcra.gob.ar/archivos/Pdfs/comytexord/A8148.pdf,A8148,2026-05-10T19:54:33+00:00,2024-12-10,137874,2,COMUNICACIÓN  “A”  8148 10/12/2024,true,,
comunicacion_A,data/raw/02_comunicaciones_A/A8152_ano_de_la_defensa_de_la_vida_l.pdf,https://www.bcra.gob.ar/archivos/Pdfs/comytexord/A8152.pdf,A8152,2026-05-10T19:54:34+00:00,2024-12-11,116800,3,"""AÑO DE LA DEFENSA DE LA VIDA, LA LIBERTAD Y LA PROPIEDAD""",true,,
comunicacion_A,data/raw/02_comunicaciones_A/A8151_ano_de_la_defensa_de_la_vida_l.pdf,https://www.bcra.gob.ar/archivos/Pdfs/comytexord/A8151.pdf,A8151,2026-05-10T19:54:34+00:00,2024-12-11,316359,13,"""AÑO DE LA DEFENSA DE LA VIDA, LA LIBERTAD Y LA PROPIEDAD""",true,,
comunicacion_A,data/raw/02_comunicaciones_A/A8154_ano_de_la_defensa_de_la_vida_l.pdf,https://www.bcra.gob.ar/archivos/Pdfs/comytexord/A8154.pdf,A8154,2026-05-10T19:54:35+00:00,2024-12-12,138674,4,"""AÑO DE LA DEFENSA DE LA VIDA, LA LIBERTAD Y LA PROPIEDAD""",true,,
comunicacion_A,data/raw/02_comunicaciones_A/A8156_ano_de_la_defensa_de_la_vida_l.pdf,https://www.bcra.gob.ar/archivos/Pdfs/comytexord/A8156.pdf,A8156,2026-05-10T19:54:35+00:00,2024-12-13,209338,6,"""AÑO DE LA DEFENSA DE LA VIDA, LA LIBERTAD Y LA PROPIEDAD""",true,,
comunicacion_A,data/raw/02_comunicaciones_A/A8157_ano_de_la_defensa_de_la_vida_l.pdf,https://www.bcra.gob.ar/archivos/Pdfs/comytexord/A8157.pdf,A8157,2026-05-10T19:54:36+00:00,2024-12-13,110070,2,"""AÑO DE LA DEFENSA DE LA VIDA, LA LIBERTAD Y LA PROPIEDAD""",true,,
comunicacion_A,data/raw/02_comunicaciones_A/A8159_ano_de_la_defensa_de_la_vida_l.pdf,https://www.bcra.gob.ar/archivos/Pdfs/comytexord/A8159.pdf,A8159,2026-05-10T19:54:36+00:00,2024-12-19,254070,9,"""AÑO DE LA DEFENSA DE LA VIDA, LA LIBERTAD Y LA PROPIEDAD""",true,,
comunicacion_A,data/raw/02_comunicaciones_A/A8162_ano_de_la_defensa_de_la_vida_l.pdf,https://www.bcra.gob.ar/archivos/Pdfs/comytexord/A8162.pdf,A8162,2026-05-10T19:54:37+00:00,2024-12-19,142081,2,".  ""AÑO DE LA DEFENSA DE LA VIDA, LA LIBERTAD Y LA PROPIEDAD""     ""AÑO DE LA DEFENSA DE LA VIDA, LA LIBERTAD Y LA PROPIEDAD""",true,,
comunicacion_A,data/raw/02_comunicaciones_A/A8163_ano_de_la_defensa_de_la_vida_l.pdf,https://www.bcra.gob.ar/archivos/Pdfs/comytexord/A8163.pdf,A8163,2026-05-10T19:54:37+00:00,2024-12-20,199907,6,"""AÑO DE LA DEFENSA DE LA VIDA, LA LIBERTAD Y LA PROPIEDAD""",true,,
comunicacion_A,data/raw/02_comunicaciones_A/A8164_ano_de_la_defensa_de_la_vida_l.pdf,https://www.bcra.gob.ar/archivos/Pdfs/comytexord/A8164.pdf,A8164,2026-05-10T19:54:38+00:00,2024-12-20,294335,4,"""AÑO DE LA DEFENSA DE LA VIDA, LA LIBERTAD Y LA PROPIEDAD""",true,,
comunicacion_A,data/raw/02_comunicaciones_A/A8165_ano_de_la_defensa_de_la_vida_l.pdf,https://www.bcra.gob.ar/archivos/Pdfs/comytexord/A8165.pdf,A8165,2026-05-10T19:54:38+00:00,2024-12-20,110130,2,"""AÑO DE LA DEFENSA DE LA VIDA, LA LIBERTAD Y LA PROPIEDAD""",true,,
comunicacion_A,data/raw/02_comunicaciones_A/A8166_ano_de_la_defensa_de_la_vida_l.pdf,https://www.bcra.gob.ar/archivos/Pdfs/comytexord/A8166.pdf,A8166,2026-05-10T19:54:39+00:00,,357829,9,"""AÑO DE LA DEFENSA DE LA VIDA, LA LIBERTAD Y LA PROPIEDAD""",true,,
comunicacion_A,data/raw/02_comunicaciones_A/A8167_ano_de_la_defensa_de_la_vida_l.pdf,https://www.bcra.gob.ar/archivos/Pdfs/comytexord/A8167.pdf,A8167,2026-05-10T19:54:40+00:00,2024-12-20,742004,70,"""AÑO DE LA DEFENSA DE LA VIDA, LA LIBERTAD Y LA PROPIEDAD""",true,,
comunicacion_A,data/raw/02_comunicaciones_A/A8168_ano_de_la_defensa_de_la_vida_l.pdf,https://www.bcra.gob.ar/archivos/Pdfs/comytexord/A8168.pdf,A8168,2026-05-10T19:54:41+00:00,2024-12-20,501513,37,"""AÑO DE LA DEFENSA DE LA VIDA, LA LIBERTAD Y LA PROPIEDAD""",true,,
comunicacion_A,data/raw/02_comunicaciones_A/A8172_ano_de_la_defensa_de_la_vida_l.pdf,https://www.bcra.gob.ar/archivos/Pdfs/comytexord/A8172.pdf,A8172,2026-05-10T19:54:43+00:00,2024-12-30,267363,19,"""AÑO DE LA DEFENSA DE LA VIDA, LA LIBERTAD Y LA PROPIEDAD""",true,,
comunicacion_A,data/raw/02_comunicaciones_A/A8171_ano_de_la_defensa_de_la_vida_l.pdf,https://www.bcra.gob.ar/archivos/Pdfs/comytexord/A8171.pdf,A8171,2026-05-10T19:54:43+00:00,2024-12-27,739715,47,"""AÑO DE LA DEFENSA DE LA VIDA, LA LIBERTAD Y LA PROPIEDAD""",true,,
comunicacion_A,data/raw/02_comunicaciones_A/A8174_ano_de_la_reconstruccion_de_la.pdf,https://www.bcra.gob.ar/archivos/Pdfs/comytexord/A8174.pdf,A8174,2026-05-10T19:54:43+00:00,2025-01-09,84234,1,. “Año de la Reconstrucción de la Nación Argentina”  “Año de la Reconstrucción de la Nación Argentina”,true,,
comunicacion_A,data/raw/02_comunicaciones_A/A8175_ano_de_la_reconstruccion_de_la.pdf,https://www.bcra.gob.ar/archivos/Pdfs/comytexord/A8175.pdf,A8175,2026-05-10T19:54:44+00:00,2025-01-09,84754,1,. “Año de la Reconstrucción de la Nación Argentina”  “Año de la Reconstrucción de la Nación Argentina”,true,,
comunicacion_A,data/raw/02_comunicaciones_A/A8176_ano_de_la_reconstruccion_de_la.pdf,https://www.bcra.gob.ar/archivos/Pdfs/comytexord/A8176.pdf,A8176,2026-05-10T19:54:44+00:00,2025-01-14,379764,12,“Año de la Reconstrucción  de la Nación Argentina”,true,,
comunicacion_A,data/raw/02_comunicaciones_A/A8177_ano_de_la_reconstruccion_de_la.pdf,https://www.bcra.gob.ar/archivos/Pdfs/comytexord/A8177.pdf,A8177,2026-05-10T19:54:45+00:00,2025-01-14,332929,27,“Año de la Reconstrucción de la Nación Argentina”,true,,
comunicacion_A,data/raw/02_comunicaciones_A/A8179_ano_de_la_reconstruccion_de_la.pdf,https://www.bcra.gob.ar/archivos/Pdfs/comytexord/A8179.pdf,A8179,2026-05-10T19:54:45+00:00,2025-01-16,124568,1,. “Año de la Reconstrucción de la Nación Argentina”  “Año de la Reconstrucción de la Nación Argentina”,true,,
comunicacion_A,data/raw/02_comunicaciones_A/A8180_ano_de_la_reconstruccion_de_la.pdf,https://www.bcra.gob.ar/archivos/Pdfs/comytexord/A8180.pdf,A8180,2026-05-10T19:54:46+00:00,2025-01-16,109698,2,. “Año de la Reconstrucción de la Nación Argentina”  “Año de la Reconstrucción de la Nación Argentina”,true,,
comunicacion_A,data/raw/02_comunicaciones_A/A8181_ano_de_la_reconstruccion_de_la.pdf,https://www.bcra.gob.ar/archivos/Pdfs/comytexord/A8181.pdf,A8181,2026-05-10T19:54:46+00:00,2025-01-16,226888,8,“Año de la Reconstrucción de la Nación Argentina”,true,,
comunicacion_A,data/raw/02_comunicaciones_A/A8183_ano_de_la_reconstruccion_de_la.pdf,https://www.bcra.gob.ar/archivos/Pdfs/comytexord/A8183.pdf,A8183,2026-05-10T19:54:47+00:00,2025-01-23,80568,1,. “Año de la Reconstrucción de la Nación Argentina”  “Año de la Reconstrucción de la Nación Argentina”,true,,
comunicacion_A,data/raw/02_comunicaciones_A/A8186_ano_de_la_reconstruccion_de_la.pdf,https://www.bcra.gob.ar/archivos/Pdfs/comytexord/A8186.pdf,A8186,2026-05-10T19:54:47+00:00,2025-01-27,147492,2,“Año de la Reconstrucción de la Nación Argentina”,true,,
comunicacion_A,data/raw/02_comunicaciones_A/A8187_ano_de_la_reconstruccion_de_la.pdf,https://www.bcra.gob.ar/archivos/Pdfs/comytexord/A8187.pdf,A8187,2026-05-10T19:54:48+00:00,2025-01-27,107719,2,“Año de la Reconstrucción de la Nación Argentina”,true,,
comunicacion_A,data/raw/02_comunicaciones_A/A8188_ano_de_la_reconstruccion_de_la.pdf,https://www.bcra.gob.ar/archivos/Pdfs/comytexord/A8188.pdf,A8188,2026-05-10T19:54:48+00:00,2025-01-28,340559,14,“Año de la Reconstrucción de la Nación Argentina”,true,,
comunicacion_A,data/raw/02_comunicaciones_A/A8189_ano_de_la_reconstruccion_de_la.pdf,https://www.bcra.gob.ar/archivos/Pdfs/comytexord/A8189.pdf,A8189,2026-05-10T19:54:48+00:00,2025-01-30,83091,1,. “Año de la Reconstrucción de la Nación Argentina”  “Año de la Reconstrucción de la Nación Argentina”,true,,
comunicacion_A,data/raw/02_comunicaciones_A/A8190_ano_de_la_reconstruccion_de_la.pdf,https://www.bcra.gob.ar/archivos/Pdfs/comytexord/A8190.pdf,A8190,2026-05-10T19:54:49+00:00,2025-01-30,87384,1,. “Año de la Reconstrucción de la Nación Argentina”  “Año de la Reconstrucción de la Nación Argentina”,true,,
comunicacion_A,data/raw/02_comunicaciones_A/A8192_ano_de_la_reconstruccion_de_la.pdf,https://www.bcra.gob.ar/archivos/Pdfs/comytexord/A8192.pdf,A8192,2026-05-10T19:54:50+00:00,2025-02-11,216258,9,“Año de la Reconstrucción de la Nación Argentina”,true,,
comunicacion_A,data/raw/02_comunicaciones_A/A8194_ano_de_la_reconstruccion_de_la.pdf,https://www.bcra.gob.ar/archivos/Pdfs/comytexord/A8194.pdf,A8194,2026-05-10T19:54:50+00:00,2025-02-12,117806,3,“Año de la Reconstrucción de la Nación Argentina”,true,,
comunicacion_A,data/raw/02_comunicaciones_A/A8193_ano_de_la_reconstruccion_de_la.pdf,https://www.bcra.gob.ar/archivos/Pdfs/comytexord/A8193.pdf,A8193,2026-05-10T19:54:51+00:00,2025-02-12,344340,18,“Año de la Reconstrucción de la Nación Argentina”,true,,
comunicacion_A,data/raw/02_comunicaciones_A/A8195_ano_de_la_reconstruccion_de_la.pdf,https://www.bcra.gob.ar/archivos/Pdfs/comytexord/A8195.pdf,A8195,2026-05-10T19:54:51+00:00,2025-02-12,81040,1,. “Año de la Reconstrucción de la Nación Argentina”  “Año de la Reconstrucción de la Nación Argentina”,true,,
comunicacion_A,data/raw/02_comunicaciones_A/A8196_ano_de_la_reconstruccion_de_la.pdf,https://www.bcra.gob.ar/archivos/Pdfs/comytexord/A8196.pdf,A8196,2026-05-10T19:54:52+00:00,2025-02-13,221806,8,“Año de la Reconstrucción de la Nación Argentina”,true,,
comunicacion_A,data/raw/02_comunicaciones_A/A8197_ano_de_la_reconstruccion_de_la.pdf,https://www.bcra.gob.ar/archivos/Pdfs/comytexord/A8197.pdf,A8197,2026-05-10T19:54:52+00:00,2025-02-13,294424,15,“Año de la Reconstrucción de la Nación Argentina”,true,,
comunicacion_A,data/raw/02_comunicaciones_A/A8198_ano_de_la_reconstruccion_de_la.pdf,https://www.bcra.gob.ar/archivos/Pdfs/comytexord/A8198.pdf,A8198,2026-05-10T19:54:53+00:00,2025-02-13,179273,6,“Año de la Reconstrucción de la Nación Argentina”,true,,
comunicacion_A,data/raw/02_comunicaciones_A/A8199_ano_de_la_reconstruccion_de_la.pdf,https://www.bcra.gob.ar/archivos/Pdfs/comytexord/A8199.pdf,A8199,2026-05-10T19:54:53+00:00,2025-02-13,149951,3,“Año de la Reconstrucción de la Nación Argentina”,true,,
comunicacion_A,data/raw/02_comunicaciones_A/A8200_ano_de_la_reconstruccion_de_la.pdf,https://www.bcra.gob.ar/archivos/Pdfs/comytexord/A8200.pdf,A8200,2026-05-10T19:54:54+00:00,2025-02-20,171495,4,“Año de la Reconstrucción de la Nación Argentina”,true,,
comunicacion_A,data/raw/02_comunicaciones_A/A8201_ano_de_la_reconstruccion_de_la.pdf,https://www.bcra.gob.ar/archivos/Pdfs/comytexord/A8201.pdf,A8201,2026-05-10T19:54:54+00:00,2025-02-20,190729,5,“Año de la Reconstrucción de la Nación Argentina”,true,,
comunicacion_A,data/raw/02_comunicaciones_A/A8202_ano_de_la_reconstruccion_de_la.pdf,https://www.bcra.gob.ar/archivos/Pdfs/comytexord/A8202.pdf,A8202,2026-05-10T19:54:55+00:00,2025-02-20,158774,6,“Año de la Reconstrucción de la Nación Argentina”,true,,
comunicacion_A,data/raw/02_comunicaciones_A/A8204_ano_de_la_reconstruccion_de_la.pdf,https://www.bcra.gob.ar/archivos/Pdfs/comytexord/A8204.pdf,A8204,2026-05-10T19:54:55+00:00,2025-02-26,240261,12,“Año de la Reconstrucción de la Nación Argentina”,true,,
comunicacion_A,data/raw/02_comunicaciones_A/A8205_ano_de_la_reconstruccion_de_la.pdf,https://www.bcra.gob.ar/archivos/Pdfs/comytexord/A8205.pdf,A8205,2026-05-10T19:54:55+00:00,2025-02-27,81631,1,. “Año de la Reconstrucción de la Nación Argentina”  “Año de la Reconstrucción de la Nación Argentina”,true,,
comunicacion_A,data/raw/02_comunicaciones_A/A8206_ano_de_la_reconstruccion_de_la.pdf,https://www.bcra.gob.ar/archivos/Pdfs/comytexord/A8206.pdf,A8206,2026-05-10T19:55:16+00:00,2025-02-27,123744,3,. “Año de la Reconstrucción de la Nación Argentina”  “Año de la Reconstrucción de la Nación Argentina”,true,,
comunicacion_A,data/raw/02_comunicaciones_A/A8207_ano_de_la_reconstruccion_de_la.pdf,https://www.bcra.gob.ar/archivos/Pdfs/comytexord/A8207.pdf,A8207,2026-05-10T19:55:17+00:00,2025-02-28,414211,14,“Año de la Reconstrucción de la Nación Argentina”,true,,
comunicacion_A,data/raw/02_comunicaciones_A/A8208_ano_de_la_reconstruccion_de_la.pdf,https://www.bcra.gob.ar/archivos/Pdfs/comytexord/A8208.pdf,A8208,2026-05-10T19:55:18+00:00,2025-02-28,310468,16,“Año de la Reconstrucción de la Nación Argentina”,true,,
comunicacion_A,data/raw/02_comunicaciones_A/A8209_ano_de_la_reconstruccion_de_la.pdf,https://www.bcra.gob.ar/archivos/Pdfs/comytexord/A8209.pdf,A8209,2026-05-10T19:55:18+00:00,2025-02-28,248376,10,“Año de la Reconstrucción de la Nación Argentina”,true,,
comunicacion_A,data/raw/02_comunicaciones_A/A8210_ano_de_la_reconstruccion_de_la.pdf,https://www.bcra.gob.ar/archivos/Pdfs/comytexord/A8210.pdf,A8210,2026-05-10T19:55:18+00:00,2025-03-06,86516,1,. “Año de la Reconstrucción de la Nación Argentina”  “Año de la Reconstrucción de la Nación Argentina”,true,,
comunicacion_A,data/raw/02_comunicaciones_A/A8211_ano_de_la_reconstruccion_de_la.pdf,https://www.bcra.gob.ar/archivos/Pdfs/comytexord/A8211.pdf,A8211,2026-05-10T19:55:19+00:00,2025-03-06,227129,13,“Año de la Reconstrucción de la Nación Argentina”,true,,
comunicacion_A,data/raw/02_comunicaciones_A/A8213_ano_de_la_reconstruccion_de_la.pdf,https://www.bcra.gob.ar/archivos/Pdfs/comytexord/A8213.pdf,A8213,2026-05-10T19:55:19+00:00,2025-03-13,86290,1,. “Año de la Reconstrucción de la Nación Argentina”  “Año de la Reconstrucción de la Nación Argentina”,true,,
comunicacion_A,data/raw/02_comunicaciones_A/A8214_ano_de_la_reconstruccion_de_la.pdf,https://www.bcra.gob.ar/archivos/Pdfs/comytexord/A8214.pdf,A8214,2026-05-10T19:55:20+00:00,2025-03-13,167097,5,“Año de la Reconstrucción de la Nación Argentina”,true,,
comunicacion_A,data/raw/02_comunicaciones_A/A8215_ano_de_la_reconstruccion_de_la.pdf,https://www.bcra.gob.ar/archivos/Pdfs/comytexord/A8215.pdf,A8215,2026-05-10T19:55:20+00:00,2025-03-13,163579,6,“Año de la Reconstrucción de la Nación Argentina”,true,,
comunicacion_A,data/raw/02_comunicaciones_A/A8217_ano_de_la_reconstruccion_de_la.pdf,https://www.bcra.gob.ar/archivos/Pdfs/comytexord/A8217.pdf,A8217,2026-05-10T19:55:21+00:00,2025-03-20,106695,1,. “Año de la Reconstrucción de la Nación Argentina”  “Año de la Reconstrucción de la Nación Argentina”,true,,
comunicacion_A,data/raw/02_comunicaciones_A/A8216_ano_de_la_reconstruccion_de_la.pdf,https://www.bcra.gob.ar/archivos/Pdfs/comytexord/A8216.pdf,A8216,2026-05-10T19:55:21+00:00,2025-03-14,170513,4,“Año de la Reconstrucción de la Nación Argentina”,true,,
comunicacion_A,data/raw/02_comunicaciones_A/A8218_ano_de_la_reconstruccion_de_la.pdf,https://www.bcra.gob.ar/archivos/Pdfs/comytexord/A8218.pdf,A8218,2026-05-10T19:55:22+00:00,2025-03-20,106777,1,. “Año de la Reconstrucción de la Nación Argentina”  “Año de la Reconstrucción de la Nación Argentina”,true,,
comunicacion_A,data/raw/02_comunicaciones_A/A8221_ano_de_la_reconstruccion_de_la.pdf,https://www.bcra.gob.ar/archivos/Pdfs/comytexord/A8221.pdf,A8221,2026-05-10T19:55:23+00:00,2025-03-27,85975,1,. “Año de la Reconstrucción de la Nación Argentina”  “Año de la Reconstrucción de la Nación Argentina”,true,,
comunicacion_A,data/raw/02_comunicaciones_A/A8222_ano_de_la_reconstruccion_de_la.pdf,https://www.bcra.gob.ar/archivos/Pdfs/comytexord/A8222.pdf,A8222,2026-05-10T19:55:23+00:00,2025-03-27,86449,1,. “Año de la Reconstrucción de la Nación Argentina”  “Año de la Reconstrucción de la Nación Argentina”,true,,
comunicacion_A,data/raw/02_comunicaciones_A/A8220_ano_de_la_reconstruccion_de_la.pdf,https://www.bcra.gob.ar/archivos/Pdfs/comytexord/A8220.pdf,A8220,2026-05-10T19:55:23+00:00,2025-03-21,546573,30,“Año de la Reconstrucción de la Nación Argentina”,true,,
comunicacion_A,data/raw/02_comunicaciones_A/A8223_ano_de_la_reconstruccion_de_la.pdf,https://www.bcra.gob.ar/archivos/Pdfs/comytexord/A8223.pdf,A8223,2026-05-10T19:55:24+00:00,2025-03-27,79850,1,. “Año de la Reconstrucción de la Nación Argentina”  “Año de la Reconstrucción de la Nación Argentina”,true,,
comunicacion_A,data/raw/02_comunicaciones_A/A8224_ano_de_la_reconstruccion_de_la.pdf,https://www.bcra.gob.ar/archivos/Pdfs/comytexord/A8224.pdf,A8224,2026-05-10T19:55:24+00:00,2025-03-27,125840,4,“Año de la Reconstrucción de la Nación Argentina”,true,,
comunicacion_A,data/raw/02_comunicaciones_A/A8225_ano_de_la_reconstruccion_de_la.pdf,https://www.bcra.gob.ar/archivos/Pdfs/comytexord/A8225.pdf,A8225,2026-05-10T19:55:25+00:00,2025-03-27,186794,10,“Año de la Reconstrucción de la Nación Argentina”,true,,
comunicacion_A,data/raw/02_comunicaciones_A/A8228_ano_de_la_reconstruccion_de_la.pdf,https://www.bcra.gob.ar/archivos/Pdfs/comytexord/A8228.pdf,A8228,2026-05-10T19:55:25+00:00,2025-04-16,85466,1,. “Año de la Reconstrucción de la Nación Argentina”  “Año de la Reconstrucción de la Nación Argentina”,true,,
comunicacion_A,data/raw/02_comunicaciones_A/A8229_ano_de_la_reconstruccion_de_la.pdf,https://www.bcra.gob.ar/archivos/Pdfs/comytexord/A8229.pdf,A8229,2026-05-10T19:55:26+00:00,2025-04-16,134497,3,“Año de la Reconstrucción de la Nación Argentina”,true,,
comunicacion_A,data/raw/02_comunicaciones_A/A8231_ano_de_la_reconstruccion_de_la.pdf,https://www.bcra.gob.ar/archivos/Pdfs/comytexord/A8231.pdf,A8231,2026-05-10T19:55:26+00:00,2025-04-25,80854,1,. “Año de la Reconstrucción de la Nación Argentina”  “Año de la Reconstrucción de la Nación Argentina”,true,,
comunicacion_A,data/raw/02_comunicaciones_A/A8232_ano_de_la_reconstruccion_de_la.pdf,https://www.bcra.gob.ar/archivos/Pdfs/comytexord/A8232.pdf,A8232,2026-05-10T19:55:27+00:00,2025-04-25,403422,18,“Año de la Reconstrucción de la Nación Argentina”,true,,
comunicacion_A,data/raw/02_comunicaciones_A/A8236_ano_de_la_reconstruccion_de_la.pdf,https://www.bcra.gob.ar/archivos/Pdfs/comytexord/A8236.pdf,A8236,2026-05-10T19:55:27+00:00,2025-04-30,161857,6,“Año de la Reconstrucción de la Nación Argentina”,true,,
comunicacion_A,data/raw/02_comunicaciones_A/A8237_ano_de_la_reconstruccion_de_la.pdf,https://www.bcra.gob.ar/archivos/Pdfs/comytexord/A8237.pdf,A8237,2026-05-10T19:55:28+00:00,2025-05-07,118405,4,“Año de la Reconstrucción de la Nación Argentina”,true,,
comunicacion_A,data/raw/02_comunicaciones_A/A8241_ano_de_la_reconstruccion_de_la.pdf,https://www.bcra.gob.ar/archivos/Pdfs/comytexord/A8241.pdf,A8241,2026-05-10T19:55:28+00:00,2025-05-15,302027,19,“Año de la Reconstrucción de la Nación Argentina”,true,,
comunicacion_A,data/raw/02_comunicaciones_A/A8242_ano_de_la_reconstruccion_de_la.pdf,https://www.bcra.gob.ar/archivos/Pdfs/comytexord/A8242.pdf,A8242,2026-05-10T19:55:29+00:00,2025-05-15,181443,5,“Año de la Reconstrucción de la Nación Argentina”,true,,
comunicacion_A,data/raw/02_comunicaciones_A/A8243_ano_de_la_reconstruccion_de_la.pdf,https://www.bcra.gob.ar/archivos/Pdfs/comytexord/A8243.pdf,A8243,2026-05-10T19:55:29+00:00,2025-05-15,154966,3,“Año de la Reconstrucción de la Nación Argentina”,true,,
comunicacion_A,data/raw/02_comunicaciones_A/A8246_ano_de_la_reconstruccion_de_la.pdf,https://www.bcra.gob.ar/archivos/Pdfs/comytexord/A8246.pdf,A8246,2026-05-10T19:55:30+00:00,2025-05-30,253958,11,“Año de la Reconstrucción de la Nación Argentina”,true,,
comunicacion_A,data/raw/02_comunicaciones_A/A8247_ano_de_la_reconstruccion_de_la.pdf,https://www.bcra.gob.ar/archivos/Pdfs/comytexord/A8247.pdf,A8247,2026-05-10T19:55:31+00:00,2025-05-30,357430,15,“Año de la Reconstrucción de la Nación Argentina”,true,,
comunicacion_A,data/raw/02_comunicaciones_A/A8249_ano_de_la_reconstruccion_de_la.pdf,https://www.bcra.gob.ar/archivos/Pdfs/comytexord/A8249.pdf,A8249,2026-05-10T19:55:31+00:00,2025-06-02,191380,17,“Año de la Reconstrucción de la Nación Argentina”,true,,
comunicacion_A,data/raw/02_comunicaciones_A/A8250_ano_de_la_reconstruccion_de_la.pdf,https://www.bcra.gob.ar/archivos/Pdfs/comytexord/A8250.pdf,A8250,2026-05-10T19:55:32+00:00,2025-06-02,194150,8,“Año de la Reconstrucción de la Nación Argentina”,true,,
comunicacion_A,data/raw/02_comunicaciones_A/A8252_ano_de_la_reconstruccion_de_la.pdf,https://www.bcra.gob.ar/archivos/Pdfs/comytexord/A8252.pdf,A8252,2026-05-10T19:55:32+00:00,2025-06-05,260708,10,“Año de la Reconstrucción de la Nación Argentina”,true,,
comunicacion_A,data/raw/02_comunicaciones_A/A8253_ano_de_la_reconstruccion_de_la.pdf,https://www.bcra.gob.ar/archivos/Pdfs/comytexord/A8253.pdf,A8253,2026-05-10T19:55:32+00:00,2025-06-06,150524,2,“Año de la Reconstrucción de la Nación Argentina”,true,,
comunicacion_A,data/raw/02_comunicaciones_A/A8256_ano_de_la_reconstruccion_de_la.pdf,https://www.bcra.gob.ar/archivos/Pdfs/comytexord/A8256.pdf,A8256,2026-05-10T19:55:33+00:00,2025-06-12,87516,1,. “Año de la Reconstrucción de la Nación Argentina”  “Año de la Reconstrucción de la Nación Argentina”,true,,
comunicacion_A,data/raw/02_comunicaciones_A/A8258_ano_de_la_reconstruccion_de_la.pdf,https://www.bcra.gob.ar/archivos/Pdfs/comytexord/A8258.pdf,A8258,2026-05-10T19:55:34+00:00,2025-06-12,149157,6,“Año de la Reconstrucción de la Nación Argentina”,true,,
comunicacion_A,data/raw/02_comunicaciones_A/A8259_ano_de_la_reconstruccion_de_la.pdf,https://www.bcra.gob.ar/archivos/Pdfs/comytexord/A8259.pdf,A8259,2026-05-10T19:55:34+00:00,2025-06-19,86439,1,. “Año de la Reconstrucción de la Nación Argentina”  “Año de la Reconstrucción de la Nación Argentina”,true,,
comunicacion_A,data/raw/02_comunicaciones_A/A8260_ano_de_la_reconstruccion_de_la.pdf,https://www.bcra.gob.ar/archivos/Pdfs/comytexord/A8260.pdf,A8260,2026-05-10T19:55:35+00:00,2025-06-19,85152,1,. “Año de la Reconstrucción de la Nación Argentina”  “Año de la Reconstrucción de la Nación Argentina”,true,,
comunicacion_A,data/raw/02_comunicaciones_A/A8263_ano_de_la_reconstruccion_de_la.pdf,https://www.bcra.gob.ar/archivos/Pdfs/comytexord/A8263.pdf,A8263,2026-05-10T19:55:35+00:00,2025-06-26,151864,4,“Año de la Reconstrucción de la Nación Argentina”,true,,
comunicacion_A,data/raw/02_comunicaciones_A/A8264_ano_de_la_reconstruccion_de_la.pdf,https://www.bcra.gob.ar/archivos/Pdfs/comytexord/A8264.pdf,A8264,2026-05-10T19:55:36+00:00,2025-06-26,246306,10,“Año de la Reconstrucción de la Nación Argentina”,true,,
comunicacion_A,data/raw/02_comunicaciones_A/A8266_ano_de_la_reconstruccion_de_la.pdf,https://www.bcra.gob.ar/archivos/Pdfs/comytexord/A8266.pdf,A8266,2026-05-10T19:55:36+00:00,2025-07-03,85101,1,. “Año de la Reconstrucción de la Nación Argentina”  “Año de la Reconstrucción de la Nación Argentina”,true,,
comunicacion_A,data/raw/02_comunicaciones_A/A8265_ano_de_la_reconstruccion_de_la.pdf,https://www.bcra.gob.ar/archivos/Pdfs/comytexord/A8265.pdf,A8265,2026-05-10T19:55:36+00:00,2025-06-27,131979,3,“Año de la Reconstrucción de la Nación Argentina”,true,,
comunicacion_A,data/raw/02_comunicaciones_A/A8267_ano_de_la_reconstruccion_de_la.pdf,https://www.bcra.gob.ar/archivos/Pdfs/comytexord/A8267.pdf,A8267,2026-05-10T19:55:37+00:00,2025-07-03,120286,1,. “Año de la Reconstrucción de la Nación Argentina”  “Año de la Reconstrucción de la Nación Argentina”,true,,
comunicacion_A,data/raw/02_comunicaciones_A/A8268_ano_de_la_reconstruccion_de_la.pdf,https://www.bcra.gob.ar/archivos/Pdfs/comytexord/A8268.pdf,A8268,2026-05-10T19:55:38+00:00,2025-07-03,86472,1,. “Año de la Reconstrucción de la Nación Argentina”  “Año de la Reconstrucción de la Nación Argentina”,true,,
comunicacion_A,data/raw/02_comunicaciones_A/A8269_ano_de_la_reconstruccion_de_la.pdf,https://www.bcra.gob.ar/archivos/Pdfs/comytexord/A8269.pdf,A8269,2026-05-10T19:55:38+00:00,2025-07-03,193131,7,“Año de la Reconstrucción de la Nación Argentina”,true,,
comunicacion_A,data/raw/02_comunicaciones_A/A8270_ano_de_la_reconstruccion_de_la.pdf,https://www.bcra.gob.ar/archivos/Pdfs/comytexord/A8270.pdf,A8270,2026-05-10T19:55:38+00:00,2025-07-04,121015,3,“Año de la Reconstrucción de la Nación Argentina”,true,,
comunicacion_A,data/raw/02_comunicaciones_A/A8271_ano_de_la_reconstruccion_de_la.pdf,https://www.bcra.gob.ar/archivos/Pdfs/comytexord/A8271.pdf,A8271,2026-05-10T19:55:39+00:00,2025-07-04,171198,4,“Año de la Reconstrucción de la Nación Argentina”,true,,
comunicacion_A,data/raw/02_comunicaciones_A/A8272_ano_de_la_reconstruccion_de_la.pdf,https://www.bcra.gob.ar/archivos/Pdfs/comytexord/A8272.pdf,A8272,2026-05-10T19:55:40+00:00,2025-07-04,170957,8,“Año de la Reconstrucción de la Nación Argentina”,true,,
comunicacion_A,data/raw/02_comunicaciones_A/A8273_ano_de_la_reconstruccion_de_la.pdf,https://www.bcra.gob.ar/archivos/Pdfs/comytexord/A8273.pdf,A8273,2026-05-10T19:55:40+00:00,2025-07-04,156248,5,“Año de la Reconstrucción de la Nación Argentina”,true,,
comunicacion_A,data/raw/02_comunicaciones_A/A8274_ano_de_la_reconstruccion_de_la.pdf,https://www.bcra.gob.ar/archivos/Pdfs/comytexord/A8274.pdf,A8274,2026-05-10T19:55:41+00:00,2025-07-10,158390,4,“Año de la Reconstrucción de la Nación Argentina”,true,,
comunicacion_A,data/raw/02_comunicaciones_A/A8275_ano_de_la_reconstruccion_de_la.pdf,https://www.bcra.gob.ar/archivos/Pdfs/comytexord/A8275.pdf,A8275,2026-05-10T19:55:41+00:00,2025-07-10,85811,1,. “Año de la Reconstrucción de la Nación Argentina”  “Año de la Reconstrucción de la Nación Argentina”,true,,
comunicacion_A,data/raw/02_comunicaciones_A/A8276_ano_de_la_reconstruccion_de_la.pdf,https://www.bcra.gob.ar/archivos/Pdfs/comytexord/A8276.pdf,A8276,2026-05-10T19:55:42+00:00,2025-07-10,130468,3,“Año de la Reconstrucción de la Nación Argentina”,true,,
comunicacion_A,data/raw/02_comunicaciones_A/A8277_ano_de_la_reconstruccion_de_la.pdf,https://www.bcra.gob.ar/archivos/Pdfs/comytexord/A8277.pdf,A8277,2026-05-10T19:55:42+00:00,2025-07-10,146139,4,“Año de la Reconstrucción de la Nación Argentina”,true,,
comunicacion_A,data/raw/02_comunicaciones_A/A8279_ano_de_la_reconstruccion_de_la.pdf,https://www.bcra.gob.ar/archivos/Pdfs/comytexord/A8279.pdf,A8279,2026-05-10T19:55:43+00:00,2025-07-17,146573,2,“Año de la Reconstrucción de la Nación Argentina”,true,,
comunicacion_A,data/raw/02_comunicaciones_A/A8280_ano_de_la_reconstruccion_de_la.pdf,https://www.bcra.gob.ar/archivos/Pdfs/comytexord/A8280.pdf,A8280,2026-05-10T19:55:43+00:00,2025-07-17,223220,15,“Año de la Reconstrucción de la Nación Argentina”,true,,
comunicacion_A,data/raw/02_comunicaciones_A/A8281_ano_de_la_reconstruccion_de_la.pdf,https://www.bcra.gob.ar/archivos/Pdfs/comytexord/A8281.pdf,A8281,2026-05-10T19:55:43+00:00,2025-07-17,152916,4,“Año de la Reconstrucción de la Nación Argentina”,true,,
comunicacion_A,data/raw/02_comunicaciones_A/A8283_ano_de_la_reconstruccion_de_la.pdf,https://www.bcra.gob.ar/archivos/Pdfs/comytexord/A8283.pdf,A8283,2026-05-10T19:55:44+00:00,2025-07-23,174169,5,“Año de la Reconstrucción de la Nación Argentina”,true,,
comunicacion_A,data/raw/02_comunicaciones_A/A8282_ano_de_la_reconstruccion_de_la.pdf,https://www.bcra.gob.ar/archivos/Pdfs/comytexord/A8282.pdf,A8282,2026-05-10T19:55:44+00:00,2025-07-21,153437,3,“Año de la Reconstrucción de la Nación Argentina”,true,,
comunicacion_A,data/raw/02_comunicaciones_A/A8284_ano_de_la_reconstruccion_de_la.pdf,https://www.bcra.gob.ar/archivos/Pdfs/comytexord/A8284.pdf,A8284,2026-05-10T19:55:45+00:00,2025-07-23,417216,14,“Año de la Reconstrucción de la Nación Argentina”,true,,
comunicacion_A,data/raw/02_comunicaciones_A/A8285_ano_de_la_reconstruccion_de_la.pdf,https://www.bcra.gob.ar/archivos/Pdfs/comytexord/A8285.pdf,A8285,2026-05-10T19:55:46+00:00,2025-07-23,314296,16,“Año de la Reconstrucción de la Nación Argentina”,true,,
comunicacion_A,data/raw/02_comunicaciones_A/A8286_ano_de_la_reconstruccion_de_la.pdf,https://www.bcra.gob.ar/archivos/Pdfs/comytexord/A8286.pdf,A8286,2026-05-10T19:55:46+00:00,2025-07-24,81467,1,. “Año de la Reconstrucción de la Nación Argentina”  “Año de la Reconstrucción de la Nación Argentina”,true,,
comunicacion_A,data/raw/02_comunicaciones_A/A8287_ano_de_la_reconstruccion_de_la.pdf,https://www.bcra.gob.ar/archivos/Pdfs/comytexord/A8287.pdf,A8287,2026-05-10T19:55:47+00:00,2025-07-25,183107,6,“Año de la Reconstrucción de la Nación Argentina”,true,,
comunicacion_A,data/raw/02_comunicaciones_A/A8289_ano_de_la_reconstruccion_de_la.pdf,https://www.bcra.gob.ar/archivos/Pdfs/comytexord/A8289.pdf,A8289,2026-05-10T19:55:47+00:00,2025-07-31,85580,1,. “Año de la Reconstrucción de la Nación Argentina”  “Año de la Reconstrucción de la Nación Argentina”,true,,
comunicacion_A,data/raw/02_comunicaciones_A/A8288_ano_de_la_reconstruccion_de_la.pdf,https://www.bcra.gob.ar/archivos/Pdfs/comytexord/A8288.pdf,A8288,2026-05-10T19:55:47+00:00,2025-07-31,276004,11,“Año de la Reconstrucción de la Nación Argentina”,true,,
comunicacion_A,data/raw/02_comunicaciones_A/A8290_ano_de_la_reconstruccion_de_la.pdf,https://www.bcra.gob.ar/archivos/Pdfs/comytexord/A8290.pdf,A8290,2026-05-10T19:55:48+00:00,2025-08-01,235803,10,“Año de la Reconstrucción de la Nación Argentina”,true,,
comunicacion_A,data/raw/02_comunicaciones_A/A8291_ano_de_la_reconstruccion_de_la.pdf,https://www.bcra.gob.ar/archivos/Pdfs/comytexord/A8291.pdf,A8291,2026-05-10T19:55:49+00:00,2025-08-06,188049,5,“Año de la Reconstrucción de la Nación Argentina”,true,,
comunicacion_A,data/raw/02_comunicaciones_A/A8292_ano_de_la_reconstruccion_de_la.pdf,https://www.bcra.gob.ar/archivos/Pdfs/comytexord/A8292.pdf,A8292,2026-05-10T19:55:49+00:00,2025-08-06,215582,7,“Año de la Reconstrucción de la Nación Argentina”,true,,
comunicacion_A,data/raw/02_comunicaciones_A/A8293_ano_de_la_reconstruccion_de_la.pdf,https://www.bcra.gob.ar/archivos/Pdfs/comytexord/A8293.pdf,A8293,2026-05-10T19:55:50+00:00,2025-08-07,157639,5,“Año de la Reconstrucción de la Nación Argentina”,true,,
comunicacion_A,data/raw/02_comunicaciones_A/A8294_ano_de_la_reconstruccion_de_la.pdf,https://www.bcra.gob.ar/archivos/Pdfs/comytexord/A8294.pdf,A8294,2026-05-10T19:55:50+00:00,2025-08-07,110148,2,“Año de la Reconstrucción de la Nación Argentina”,true,,
comunicacion_A,data/raw/02_comunicaciones_A/A8295_ano_de_la_reconstruccion_de_la.pdf,https://www.bcra.gob.ar/archivos/Pdfs/comytexord/A8295.pdf,A8295,2026-05-10T19:55:51+00:00,2025-08-07,315758,19,“Año de la Reconstrucción de la Nación Argentina”,true,,
comunicacion_A,data/raw/02_comunicaciones_A/A8297_ano_de_la_reconstruccion_de_la.pdf,https://www.bcra.gob.ar/archivos/Pdfs/comytexord/A8297.pdf,A8297,2026-05-10T19:55:51+00:00,2025-08-07,424678,14,“Año de la Reconstrucción de la Nación Argentina”,true,,
comunicacion_A,data/raw/02_comunicaciones_A/A8298_ano_de_la_reconstruccion_de_la.pdf,https://www.bcra.gob.ar/archivos/Pdfs/comytexord/A8298.pdf,A8298,2026-05-10T19:55:52+00:00,2025-08-07,115576,3,“Año de la Reconstrucción de la Nación Argentina”,true,,
comunicacion_A,data/raw/02_comunicaciones_A/A8299_ano_de_la_reconstruccion_de_la.pdf,https://www.bcra.gob.ar/archivos/Pdfs/comytexord/A8299.pdf,A8299,2026-05-10T19:55:52+00:00,2025-08-07,256006,11,“Año de la Reconstrucción de la Nación Argentina”,true,,
comunicacion_A,data/raw/02_comunicaciones_A/A8300_ano_de_la_reconstruccion_de_la.pdf,https://www.bcra.gob.ar/archivos/Pdfs/comytexord/A8300.pdf,A8300,2026-05-10T19:55:53+00:00,2025-08-11,265834,5,“Año de la Reconstrucción de la Nación Argentina”,true,,
comunicacion_A,data/raw/02_comunicaciones_A/A8301_ano_de_la_reconstruccion_de_la.pdf,https://www.bcra.gob.ar/archivos/Pdfs/comytexord/A8301.pdf,A8301,2026-05-10T19:55:53+00:00,2025-08-13,148283,4,“Año de la Reconstrucción de la Nación Argentina”,true,,
comunicacion_A,data/raw/02_comunicaciones_A/A8302_ano_de_la_reconstruccion_de_la.pdf,https://www.bcra.gob.ar/archivos/Pdfs/comytexord/A8302.pdf,A8302,2026-05-10T19:55:54+00:00,2025-08-14,107194,2,. “Año de la Reconstrucción de la Nación Argentina”  “Año de la Reconstrucción de la Nación Argentina”,true,,
comunicacion_A,data/raw/02_comunicaciones_A/A8303_ano_de_la_reconstruccion_de_la.pdf,https://www.bcra.gob.ar/archivos/Pdfs/comytexord/A8303.pdf,A8303,2026-05-10T19:55:54+00:00,2025-08-19,397571,18,“Año de la Reconstrucción de la Nación Argentina”,true,,
comunicacion_A,data/raw/02_comunicaciones_A/A8304_ano_de_la_reconstruccion_de_la.pdf,https://www.bcra.gob.ar/archivos/Pdfs/comytexord/A8304.pdf,A8304,2026-05-10T19:55:55+00:00,2025-08-19,113798,3,. “Año de la Reconstrucción de la Nación Argentina”  “Año de la Reconstrucción de la Nación Argentina”,true,,
comunicacion_A,data/raw/02_comunicaciones_A/A8305_ano_de_la_reconstruccion_de_la.pdf,https://www.bcra.gob.ar/archivos/Pdfs/comytexord/A8305.pdf,A8305,2026-05-10T19:55:55+00:00,2025-08-21,80781,1,. “Año de la Reconstrucción de la Nación Argentina”  “Año de la Reconstrucción de la Nación Argentina”,true,,
comunicacion_A,data/raw/02_comunicaciones_A/A8306_ano_de_la_reconstruccion_de_la.pdf,https://www.bcra.gob.ar/archivos/Pdfs/comytexord/A8306.pdf,A8306,2026-05-10T19:55:56+00:00,2025-08-25,85149,1,. “Año de la Reconstrucción de la Nación Argentina”  “Año de la Reconstrucción de la Nación Argentina”,true,,
comunicacion_A,data/raw/02_comunicaciones_A/A8308_ano_de_la_reconstruccion_de_la.pdf,https://www.bcra.gob.ar/archivos/Pdfs/comytexord/A8308.pdf,A8308,2026-05-10T19:55:57+00:00,2025-08-28,339043,24,“Año de la Reconstrucción de la Nación Argentina”,true,,
comunicacion_A,data/raw/02_comunicaciones_A/A8309_ano_de_la_reconstruccion_de_la.pdf,https://www.bcra.gob.ar/archivos/Pdfs/comytexord/A8309.pdf,A8309,2026-05-10T19:55:57+00:00,2025-08-28,107970,2,“Año de la Reconstrucción de la Nación Argentina”,true,,
comunicacion_A,data/raw/02_comunicaciones_A/A8310_ano_de_la_reconstruccion_de_la.pdf,https://www.bcra.gob.ar/archivos/Pdfs/comytexord/A8310.pdf,A8310,2026-05-10T19:55:57+00:00,2025-08-28,159769,6,“Año de la Reconstrucción de la Nación Argentina”,true,,
comunicacion_A,data/raw/02_comunicaciones_A/A8311_ano_de_la_reconstruccion_de_la.pdf,https://www.bcra.gob.ar/archivos/Pdfs/comytexord/A8311.pdf,A8311,2026-05-10T19:55:58+00:00,2025-08-29,82796,1,. “Año de la Reconstrucción de la Nación Argentina”  “Año de la Reconstrucción de la Nación Argentina”,true,,
comunicacion_A,data/raw/02_comunicaciones_A/A8312_ano_de_la_reconstruccion_de_la.pdf,https://www.bcra.gob.ar/archivos/Pdfs/comytexord/A8312.pdf,A8312,2026-05-10T19:55:58+00:00,2025-08-29,317945,16,“Año de la Reconstrucción de la Nación Argentina”,true,,
comunicacion_A,data/raw/02_comunicaciones_A/A8313_ano_de_la_reconstruccion_de_la.pdf,https://www.bcra.gob.ar/archivos/Pdfs/comytexord/A8313.pdf,A8313,2026-05-10T19:55:59+00:00,2025-08-29,170507,4,“Año de la Reconstrucción de la Nación Argentina”,true,,
comunicacion_A,data/raw/02_comunicaciones_A/A8314_ano_de_la_reconstruccion_de_la.pdf,https://www.bcra.gob.ar/archivos/Pdfs/comytexord/A8314.pdf,A8314,2026-05-10T19:55:59+00:00,2025-08-29,127427,3,“Año de la Reconstrucción de la Nación Argentina”,true,,
comunicacion_A,data/raw/02_comunicaciones_A/A8316_ano_de_la_reconstruccion_de_la.pdf,https://www.bcra.gob.ar/archivos/Pdfs/comytexord/A8316.pdf,A8316,2026-05-10T19:56:00+00:00,2025-09-03,135584,4,“Año de la Reconstrucción de la Nación Argentina”,true,,
comunicacion_A,data/raw/02_comunicaciones_A/A8315_ano_de_la_reconstruccion_de_la.pdf,https://www.bcra.gob.ar/archivos/Pdfs/comytexord/A8315.pdf,A8315,2026-05-10T19:56:00+00:00,2025-09-01,359176,30,“Año de la Reconstrucción de la Nación Argentina”,true,,
comunicacion_A,data/raw/02_comunicaciones_A/A8317_ano_de_la_reconstruccion_de_la.pdf,https://www.bcra.gob.ar/archivos/Pdfs/comytexord/A8317.pdf,A8317,2026-05-10T19:56:01+00:00,2025-09-04,158647,3,“Año de la Reconstrucción de la Nación Argentina”,true,,
comunicacion_A,data/raw/02_comunicaciones_A/A8318_ano_de_la_reconstruccion_de_la.pdf,https://www.bcra.gob.ar/archivos/Pdfs/comytexord/A8318.pdf,A8318,2026-05-10T19:56:01+00:00,2025-09-04,129143,3,“Año de la Reconstrucción de la Nación Argentina”,true,,
comunicacion_A,data/raw/02_comunicaciones_A/A8319_ano_de_la_reconstruccion_de_la.pdf,https://www.bcra.gob.ar/archivos/Pdfs/comytexord/A8319.pdf,A8319,2026-05-10T19:56:02+00:00,2025-09-05,170942,7,“Año de la Reconstrucción de la Nación Argentina”,true,,
comunicacion_A,data/raw/02_comunicaciones_A/A8320_ano_de_la_reconstruccion_de_la.pdf,https://www.bcra.gob.ar/archivos/Pdfs/comytexord/A8320.pdf,A8320,2026-05-10T19:56:02+00:00,2025-09-05,294111,19,“Año de la Reconstrucción de la Nación Argentina”,true,,
comunicacion_A,data/raw/02_comunicaciones_A/A8321_ano_de_la_reconstruccion_de_la.pdf,https://www.bcra.gob.ar/archivos/Pdfs/comytexord/A8321.pdf,A8321,2026-05-10T19:56:03+00:00,2025-09-08,213451,9,“Año de la Reconstrucción de la Nación Argentina”,true,,
comunicacion_A,data/raw/02_comunicaciones_A/A8324_ano_de_la_reconstruccion_de_la.pdf,https://www.bcra.gob.ar/archivos/Pdfs/comytexord/A8324.pdf,A8324,2026-05-10T19:56:03+00:00,2025-09-11,79724,1,. “Año de la Reconstrucción de la Nación Argentina”  “Año de la Reconstrucción de la Nación Argentina”,true,,
comunicacion_A,data/raw/02_comunicaciones_A/A8325_ano_de_la_reconstruccion_de_la.pdf,https://www.bcra.gob.ar/archivos/Pdfs/comytexord/A8325.pdf,A8325,2026-05-10T19:56:04+00:00,2025-09-11,80958,1,. “Año de la Reconstrucción de la Nación Argentina”  “Año de la Reconstrucción de la Nación Argentina”,true,,
comunicacion_A,data/raw/02_comunicaciones_A/A8326_ano_de_la_reconstruccion_de_la.pdf,https://www.bcra.gob.ar/archivos/Pdfs/comytexord/A8326.pdf,A8326,2026-05-10T19:56:04+00:00,2025-09-12,178598,8,“Año de la Reconstrucción de la Nación Argentina”,true,,
comunicacion_A,data/raw/02_comunicaciones_A/A8327_ano_de_la_reconstruccion_de_la.pdf,https://www.bcra.gob.ar/archivos/Pdfs/comytexord/A8327.pdf,A8327,2026-05-10T19:56:05+00:00,2025-09-12,154957,4,“Año de la Reconstrucción de la Nación Argentina”,true,,
comunicacion_A,data/raw/02_comunicaciones_A/A8329_ano_de_la_reconstruccion_de_la.pdf,https://www.bcra.gob.ar/archivos/Pdfs/comytexord/A8329.pdf,A8329,2026-05-10T19:56:06+00:00,2025-09-18,157358,5,“Año de la Reconstrucción de la Nación Argentina”,true,,
comunicacion_A,data/raw/02_comunicaciones_A/A8328_ano_de_la_reconstruccion_de_la.pdf,https://www.bcra.gob.ar/archivos/Pdfs/comytexord/A8328.pdf,A8328,2026-05-10T19:56:06+00:00,2025-09-17,403883,35,“Año de la Reconstrucción de la Nación Argentina”,true,,
comunicacion_A,data/raw/02_comunicaciones_A/A8337_ano_de_la_reconstruccion_de_la.pdf,https://www.bcra.gob.ar/archivos/Pdfs/comytexord/A8337.pdf,A8337,2026-05-10T19:56:07+00:00,2025-09-30,151871,5,“Año de la Reconstrucción de la Nación Argentina”,true,,
comunicacion_A,data/raw/02_comunicaciones_A/A8339_ano_de_la_reconstruccion_de_la.pdf,https://www.bcra.gob.ar/archivos/Pdfs/comytexord/A8339.pdf,A8339,2026-05-10T19:56:07+00:00,2025-10-07,146754,2,“Año de la Reconstrucción de la Nación Argentina”,true,,
comunicacion_A,data/raw/02_comunicaciones_A/A8340_ano_de_la_reconstruccion_de_la.pdf,https://www.bcra.gob.ar/archivos/Pdfs/comytexord/A8340.pdf,A8340,2026-05-10T19:56:08+00:00,2025-10-13,212692,9,“Año de la Reconstrucción de la Nación Argentina”,true,,
comunicacion_A,data/raw/02_comunicaciones_A/A8341_ano_de_la_reconstruccion_de_la.pdf,https://www.bcra.gob.ar/archivos/Pdfs/comytexord/A8341.pdf,A8341,2026-05-10T19:56:08+00:00,2025-10-13,287857,6,“Año de la Reconstrucción de la Nación Argentina”,true,,
comunicacion_A,data/raw/02_comunicaciones_A/A8342_ano_de_la_reconstruccion_de_la.pdf,https://www.bcra.gob.ar/archivos/Pdfs/comytexord/A8342.pdf,A8342,2026-05-10T19:56:08+00:00,2025-10-13,120145,2,“Año de la Reconstrucción de la Nación Argentina”,true,,
comunicacion_A,data/raw/02_comunicaciones_A/A8344_ano_de_la_reconstruccion_de_la.pdf,https://www.bcra.gob.ar/archivos/Pdfs/comytexord/A8344.pdf,A8344,2026-05-10T19:56:09+00:00,2025-10-17,460268,3,“Año de la Reconstrucción de la Nación Argentina”,true,,
comunicacion_A,data/raw/02_comunicaciones_A/A8345_ano_de_la_reconstruccion_de_la.pdf,https://www.bcra.gob.ar/archivos/Pdfs/comytexord/A8345.pdf,A8345,2026-05-10T19:56:09+00:00,2025-10-23,81949,1,. “Año de la Reconstrucción de la Nación Argentina”  “Año de la Reconstrucción de la Nación Argentina”,true,,
comunicacion_A,data/raw/02_comunicaciones_A/A8346_ano_de_la_reconstruccion_de_la.pdf,https://www.bcra.gob.ar/archivos/Pdfs/comytexord/A8346.pdf,A8346,2026-05-10T19:56:10+00:00,2025-10-27,189909,2,“Año de la Reconstrucción de la Nación Argentina”,true,,
comunicacion_A,data/raw/02_comunicaciones_A/A8347_ano_de_la_reconstruccion_de_la.pdf,https://www.bcra.gob.ar/archivos/Pdfs/comytexord/A8347.pdf,A8347,2026-05-10T19:56:11+00:00,2025-10-27,160058,3,“Año de la Reconstrucción de la Nación Argentina”,true,,
comunicacion_A,data/raw/02_comunicaciones_A/A8348_ano_de_la_reconstruccion_de_la.pdf,https://www.bcra.gob.ar/archivos/Pdfs/comytexord/A8348.pdf,A8348,2026-05-10T19:56:11+00:00,2025-10-28,150135,4,“Año de la Reconstrucción de la Nación Argentina”,true,,
comunicacion_A,data/raw/02_comunicaciones_A/A8349_ano_de_la_reconstruccion_de_la.pdf,https://www.bcra.gob.ar/archivos/Pdfs/comytexord/A8349.pdf,A8349,2026-05-10T19:56:11+00:00,2025-10-30,87112,1,. “Año de la Reconstrucción de la Nación Argentina”  “Año de la Reconstrucción de la Nación Argentina”,true,,
comunicacion_A,data/raw/02_comunicaciones_A/A8350_ano_de_la_reconstruccion_de_la.pdf,https://www.bcra.gob.ar/archivos/Pdfs/comytexord/A8350.pdf,A8350,2026-05-10T19:56:12+00:00,2025-10-30,84448,1,. “Año de la Reconstrucción de la Nación Argentina”  “Año de la Reconstrucción de la Nación Argentina”,true,,
comunicacion_A,data/raw/02_comunicaciones_A/A8351_ano_de_la_reconstruccion_de_la.pdf,https://www.bcra.gob.ar/archivos/Pdfs/comytexord/A8351.pdf,A8351,2026-05-10T19:56:13+00:00,2025-11-07,82399,1,“Año de la Reconstrucción de la Nación Argentina”,true,,
comunicacion_A,data/raw/02_comunicaciones_A/A8352_ano_de_la_reconstruccion_de_la.pdf,https://www.bcra.gob.ar/archivos/Pdfs/comytexord/A8352.pdf,A8352,2026-05-10T19:56:13+00:00,2025-11-07,79304,1,. “Año de la Reconstrucción de la Nación Argentina”  “Año de la Reconstrucción de la Nación Argentina”,true,,
comunicacion_A,data/raw/02_comunicaciones_A/A8353_ano_de_la_reconstruccion_de_la.pdf,https://www.bcra.gob.ar/archivos/Pdfs/comytexord/A8353.pdf,A8353,2026-05-10T19:56:14+00:00,2025-11-12,111723,2,. “Año de la Reconstrucción de la Nación Argentina”  “Año de la Reconstrucción de la Nación Argentina”,true,,
comunicacion_A,data/raw/02_comunicaciones_A/A8355_ano_de_la_reconstruccion_de_la.pdf,https://www.bcra.gob.ar/archivos/Pdfs/comytexord/A8355.pdf,A8355,2026-05-10T19:56:14+00:00,2025-11-20,107682,2,. “Año de la Reconstrucción de la Nación Argentina”  “Año de la Reconstrucción de la Nación Argentina”,true,,
comunicacion_A,data/raw/02_comunicaciones_A/A8356_ano_de_la_reconstruccion_de_la.pdf,https://www.bcra.gob.ar/archivos/Pdfs/comytexord/A8356.pdf,A8356,2026-05-10T19:56:15+00:00,2025-11-27,86119,1,. “Año de la Reconstrucción de la Nación Argentina”  “Año de la Reconstrucción de la Nación Argentina”,true,,
comunicacion_A,data/raw/02_comunicaciones_A/A8357_ano_de_la_reconstruccion_de_la.pdf,https://www.bcra.gob.ar/archivos/Pdfs/comytexord/A8357.pdf,A8357,2026-05-10T19:56:15+00:00,2025-11-28,141222,5,“Año de la Reconstrucción de la Nación Argentina”,true,,
comunicacion_A,data/raw/02_comunicaciones_A/A8358_ano_de_la_reconstruccion_de_la.pdf,https://www.bcra.gob.ar/archivos/Pdfs/comytexord/A8358.pdf,A8358,2026-05-10T19:56:16+00:00,2025-12-01,81037,1,. “Año de la Reconstrucción de la Nación Argentina”  “Año de la Reconstrucción de la Nación Argentina”,true,,
comunicacion_A,data/raw/02_comunicaciones_A/A8360_ano_de_la_reconstruccion_de_la.pdf,https://www.bcra.gob.ar/archivos/Pdfs/comytexord/A8360.pdf,A8360,2026-05-10T19:56:16+00:00,2025-12-09,137632,4,“Año de la Reconstrucción de la Nación Argentina”,true,,
comunicacion_A,data/raw/02_comunicaciones_A/A8362_ano_de_la_reconstruccion_de_la.pdf,https://www.bcra.gob.ar/archivos/Pdfs/comytexord/A8362.pdf,A8362,2026-05-10T19:56:17+00:00,2025-12-11,119271,1,. “Año de la Reconstrucción de la Nación Argentina”  “Año de la Reconstrucción de la Nación Argentina”,true,,
comunicacion_A,data/raw/02_comunicaciones_A/A8363_ano_de_la_reconstruccion_de_la.pdf,https://www.bcra.gob.ar/archivos/Pdfs/comytexord/A8363.pdf,A8363,2026-05-10T19:56:17+00:00,2025-12-11,115753,1,. “Año de la Reconstrucción de la Nación Argentina”  “Año de la Reconstrucción de la Nación Argentina”,true,,
comunicacion_A,data/raw/02_comunicaciones_A/A8364_ano_de_la_reconstruccion_de_la.pdf,https://www.bcra.gob.ar/archivos/Pdfs/comytexord/A8364.pdf,A8364,2026-05-10T19:56:18+00:00,2025-12-11,108003,2,. “Año de la Reconstrucción de la Nación Argentina”  “Año de la Reconstrucción de la Nación Argentina”,true,,
comunicacion_A,data/raw/02_comunicaciones_A/A8365_ano_de_la_reconstruccion_de_la.pdf,https://www.bcra.gob.ar/archivos/Pdfs/comytexord/A8365.pdf,A8365,2026-05-10T19:56:18+00:00,2025-12-11,181395,4,“Año de la Reconstrucción de la Nación Argentina”,true,,
comunicacion_A,data/raw/02_comunicaciones_A/A8366_ano_de_la_reconstruccion_de_la.pdf,https://www.bcra.gob.ar/archivos/Pdfs/comytexord/A8366.pdf,A8366,2026-05-10T19:56:19+00:00,2025-12-11,154921,3,“Año de la Reconstrucción de la Nación Argentina”,true,,
comunicacion_A,data/raw/02_comunicaciones_A/A8367_ano_de_la_reconstruccion_de_la.pdf,https://www.bcra.gob.ar/archivos/Pdfs/comytexord/A8367.pdf,A8367,2026-05-10T19:56:19+00:00,2025-12-12,212174,3,“Año de la Reconstrucción de la Nación Argentina”,true,,
comunicacion_A,data/raw/02_comunicaciones_A/A8368_ano_de_la_reconstruccion_de_la.pdf,https://www.bcra.gob.ar/archivos/Pdfs/comytexord/A8368.pdf,A8368,2026-05-10T19:56:20+00:00,2025-12-16,153667,2,“Año de la Reconstrucción de la Nación Argentina”,true,,
comunicacion_A,data/raw/02_comunicaciones_A/A8369_ano_de_la_reconstruccion_de_la.pdf,https://www.bcra.gob.ar/archivos/Pdfs/comytexord/A8369.pdf,A8369,2026-05-10T19:56:20+00:00,2025-12-16,269177,10,“Año de la Reconstrucción de la Nación Argentina”,true,,
comunicacion_A,data/raw/02_comunicaciones_A/A8370_ano_de_la_reconstruccion_de_la.pdf,https://www.bcra.gob.ar/archivos/Pdfs/comytexord/A8370.pdf,A8370,2026-05-10T19:56:21+00:00,2025-12-18,146119,2,“Año de la Reconstrucción de la Nación Argentina”,true,,
comunicacion_A,data/raw/02_comunicaciones_A/A8371_ano_de_la_reconstruccion_de_la.pdf,https://www.bcra.gob.ar/archivos/Pdfs/comytexord/A8371.pdf,A8371,2026-05-10T19:56:21+00:00,2025-12-18,150051,2,“Año de la Reconstrucción de la Nación Argentina”,true,,
comunicacion_A,data/raw/02_comunicaciones_A/A8372_ano_de_la_reconstruccion_de_la.pdf,https://www.bcra.gob.ar/archivos/Pdfs/comytexord/A8372.pdf,A8372,2026-05-10T19:56:22+00:00,2025-12-18,153758,2,“Año de la Reconstrucción de la Nación Argentina”,true,,
comunicacion_A,data/raw/02_comunicaciones_A/A8373_ano_de_la_reconstruccion_de_la.pdf,https://www.bcra.gob.ar/archivos/Pdfs/comytexord/A8373.pdf,A8373,2026-05-10T19:56:22+00:00,2025-12-18,174758,3,“Año de la Reconstrucción de la Nación Argentina”,true,,
comunicacion_A,data/raw/02_comunicaciones_A/A8374_ano_de_la_reconstruccion_de_la.pdf,https://www.bcra.gob.ar/archivos/Pdfs/comytexord/A8374.pdf,A8374,2026-05-10T19:56:23+00:00,2025-12-18,192376,8,“Año de la Reconstrucción de la Nación Argentina”,true,,
comunicacion_A,data/raw/02_comunicaciones_A/A8375_ano_de_la_reconstruccion_de_la.pdf,https://www.bcra.gob.ar/archivos/Pdfs/comytexord/A8375.pdf,A8375,2026-05-10T19:56:23+00:00,2025-12-18,88785,1,. “Año de la Reconstrucción de la Nación Argentina”  “Año de la Reconstrucción de la Nación Argentina”,true,,
comunicacion_A,data/raw/02_comunicaciones_A/A8376_ano_de_la_reconstruccion_de_la.pdf,https://www.bcra.gob.ar/archivos/Pdfs/comytexord/A8376.pdf,A8376,2026-05-10T19:56:24+00:00,2025-12-18,184760,7,“Año de la Reconstrucción de la Nación Argentina”,true,,
comunicacion_A,data/raw/02_comunicaciones_A/A8377_ano_de_la_reconstruccion_de_la.pdf,https://www.bcra.gob.ar/archivos/Pdfs/comytexord/A8377.pdf,A8377,2026-05-10T19:56:24+00:00,2025-12-18,191040,6,“Año de la Reconstrucción de la Nación Argentina”,true,,
comunicacion_A,data/raw/02_comunicaciones_A/A8380_ano_de_la_reconstruccion_de_la.pdf,https://www.bcra.gob.ar/archivos/Pdfs/comytexord/A8380.pdf,A8380,2026-05-10T19:56:25+00:00,2025-12-23,269547,12,“Año de la Reconstrucción de la Nación Argentina”,true,,
comunicacion_A,data/raw/02_comunicaciones_A/A8378_ano_de_la_reconstruccion_de_la.pdf,https://www.bcra.gob.ar/archivos/Pdfs/comytexord/A8378.pdf,A8378,2026-05-10T19:56:25+00:00,2025-12-19,512598,33,“Año de la Reconstrucción de la Nación Argentina”,true,,
comunicacion_A,data/raw/02_comunicaciones_A/A8381_ano_de_la_reconstruccion_de_la.pdf,https://www.bcra.gob.ar/archivos/Pdfs/comytexord/A8381.pdf,A8381,2026-05-10T19:56:26+00:00,2025-12-23,200092,4,“Año de la Reconstrucción de la Nación Argentina”,true,,
comunicacion_A,data/raw/02_comunicaciones_A/A8382_ano_de_la_reconstruccion_de_la.pdf,https://www.bcra.gob.ar/archivos/Pdfs/comytexord/A8382.pdf,A8382,2026-05-10T19:56:26+00:00,2025-12-23,221948,7,“Año de la Reconstrucción de la Nación Argentina”,true,,
comunicacion_A,data/raw/02_comunicaciones_A/A8383_ano_de_la_reconstruccion_de_la.pdf,https://www.bcra.gob.ar/archivos/Pdfs/comytexord/A8383.pdf,A8383,2026-05-10T19:56:27+00:00,2025-12-30,486505,21,“Año de la Reconstrucción de la Nación Argentina”,true,,
comunicacion_A,data/raw/02_comunicaciones_A/A8385_comunicacion_a_8385_09_01_2026.pdf,https://www.bcra.gob.ar/archivos/Pdfs/comytexord/A8385.pdf,A8385,2026-05-10T19:56:27+00:00,2026-01-09,328782,8,COMUNICACIÓN  “A”  8385 09/01/2026,true,,
comunicacion_A,data/raw/02_comunicaciones_A/A8386_comunicacion_a_8386_15_01_2026.pdf,https://www.bcra.gob.ar/archivos/Pdfs/comytexord/A8386.pdf,A8386,2026-05-10T19:56:28+00:00,2026-01-15,85375,1,COMUNICACIÓN  “A”  8386 15/01/2026,true,,
comunicacion_A,data/raw/02_comunicaciones_A/A8388_comunicacion_a_8388_19_01_2026.pdf,https://www.bcra.gob.ar/archivos/Pdfs/comytexord/A8388.pdf,A8388,2026-05-10T19:56:28+00:00,2026-01-19,123421,3,COMUNICACIÓN  “A”  8388 19/01/2026,true,,
comunicacion_A,data/raw/02_comunicaciones_A/A8389_comunicacion_a_8389_20_01_2026.pdf,https://www.bcra.gob.ar/archivos/Pdfs/comytexord/A8389.pdf,A8389,2026-05-10T19:56:29+00:00,2026-01-20,109978,2,COMUNICACIÓN  “A”  8389 20/01/2026,true,,
comunicacion_A,data/raw/02_comunicaciones_A/A8391_comunicacion_a_8391_22_01_2026.pdf,https://www.bcra.gob.ar/archivos/Pdfs/comytexord/A8391.pdf,A8391,2026-05-10T19:56:29+00:00,2026-01-22,118619,1,COMUNICACIÓN  “A”  8391 22/01/2026,true,,
comunicacion_A,data/raw/02_comunicaciones_A/A8392_comunicacion_a_8392_26_01_2026.pdf,https://www.bcra.gob.ar/archivos/Pdfs/comytexord/A8392.pdf,A8392,2026-05-10T19:56:30+00:00,2026-01-26,251865,8,COMUNICACIÓN  “A”  8392 26/01/2026,true,,
comunicacion_A,data/raw/02_comunicaciones_A/A8393_comunicacion_a_8393_28_01_2026.pdf,https://www.bcra.gob.ar/archivos/Pdfs/comytexord/A8393.pdf,A8393,2026-05-10T19:56:30+00:00,2026-01-28,89857,2,COMUNICACIÓN  “A”  8393 28/01/2026,true,,
comunicacion_A,data/raw/02_comunicaciones_A/A8394_ano_de_la_grandeza_argentina.pdf,https://www.bcra.gob.ar/archivos/Pdfs/comytexord/A8394.pdf,A8394,2026-05-10T19:56:31+00:00,2026-01-29,164719,11,“AÑO DE LA GRANDEZA ARGENTINA”,true,,
comunicacion_A,data/raw/02_comunicaciones_A/A8395_ano_de_la_grandeza_argentina.pdf,https://www.bcra.gob.ar/archivos/Pdfs/comytexord/A8395.pdf,A8395,2026-05-10T19:56:32+00:00,2026-01-29,183174,7,“AÑO DE LA GRANDEZA ARGENTINA”,true,,
comunicacion_A,data/raw/02_comunicaciones_A/A8396_2026_ano_de_la_grandeza_argent.pdf,https://www.bcra.gob.ar/archivos/Pdfs/comytexord/A8396.pdf,A8396,2026-05-10T19:56:32+00:00,2026-02-04,118541,2,"""2026 - AÑO DE LA GRANDEZA ARGENTINA""",true,,
comunicacion_A,data/raw/02_comunicaciones_A/A8397_2026_ano_de_la_grandeza_argent.pdf,https://www.bcra.gob.ar/archivos/Pdfs/comytexord/A8397.pdf,A8397,2026-05-10T19:56:33+00:00,2026-02-05,308481,18,"""2026 - AÑO DE LA GRANDEZA ARGENTINA""",true,,
comunicacion_A,data/raw/02_comunicaciones_A/A8398_ano_de_la_grandeza_argentina.pdf,https://www.bcra.gob.ar/archivos/Pdfs/comytexord/A8398.pdf,A8398,2026-05-10T19:56:33+00:00,2026-02-05,183530,10,“AÑO DE LA GRANDEZA ARGENTINA”,true,,
comunicacion_A,data/raw/02_comunicaciones_A/A8399_2026_ano_de_la_grandeza_argent.pdf,https://www.bcra.gob.ar/archivos/Pdfs/comytexord/A8399.pdf,A8399,2026-05-10T19:56:34+00:00,2026-02-12,331292,26,"""2026 - AÑO DE LA GRANDEZA ARGENTINA""",true,,
comunicacion_A,data/raw/02_comunicaciones_A/A8400_ano_de_la_grandeza_argentina.pdf,https://www.bcra.gob.ar/archivos/Pdfs/comytexord/A8400.pdf,A8400,2026-05-10T19:56:34+00:00,2026-02-12,340619,4,“AÑO DE LA GRANDEZA ARGENTINA”,true,,
comunicacion_A,data/raw/02_comunicaciones_A/A8401_2026_ano_de_la_grandeza_argent.pdf,https://www.bcra.gob.ar/archivos/Pdfs/comytexord/A8401.pdf,A8401,2026-05-10T19:56:35+00:00,2026-02-13,281564,17,"""2026 - AÑO DE LA GRANDEZA ARGENTINA""",true,,
comunicacion_A,data/raw/02_comunicaciones_A/A8403_2026_ano_de_la_grandeza_argent.pdf,https://www.bcra.gob.ar/archivos/Pdfs/comytexord/A8403.pdf,A8403,2026-05-10T19:56:35+00:00,2026-02-20,169805,4,"""2026 - AÑO DE LA GRANDEZA ARGENTINA""",true,,
comunicacion_A,data/raw/02_comunicaciones_A/A8404_2026_ano_de_la_grandeza_argent.pdf,https://www.bcra.gob.ar/archivos/Pdfs/comytexord/A8404.pdf,A8404,2026-05-10T19:56:36+00:00,2026-02-24,131933,3,"""2026 - AÑO DE LA GRANDEZA ARGENTINA""",true,,
comunicacion_A,data/raw/02_comunicaciones_A/A8405_2026_ano_de_la_grandeza_argent.pdf,https://www.bcra.gob.ar/archivos/Pdfs/comytexord/A8405.pdf,A8405,2026-05-10T19:56:36+00:00,2026-02-26,85837,1,".  ""2026 - AÑO DE LA GRANDEZA ARGENTINA""   ""2026 - AÑO DE LA GRANDEZA ARGENTINA""",true,,
comunicacion_A,data/raw/02_comunicaciones_A/A8406_2026_ano_de_la_grandeza_argent.pdf,https://www.bcra.gob.ar/archivos/Pdfs/comytexord/A8406.pdf,A8406,2026-05-10T19:56:37+00:00,2026-03-02,150389,6,".  ""2026 - AÑO DE LA GRANDEZA ARGENTINA""   ""2026 - AÑO DE LA GRANDEZA ARGENTINA""",true,,
comunicacion_A,data/raw/02_comunicaciones_A/A8407_2026_ano_de_la_grandeza_argent.pdf,https://www.bcra.gob.ar/archivos/Pdfs/comytexord/A8407.pdf,A8407,2026-05-10T19:56:37+00:00,2026-03-05,162027,5,"""2026 - AÑO DE LA GRANDEZA ARGENTINA""",true,,
comunicacion_A,data/raw/02_comunicaciones_A/A8408_2026_ano_de_la_grandeza_argent.pdf,https://www.bcra.gob.ar/archivos/Pdfs/comytexord/A8408.pdf,A8408,2026-05-10T19:56:38+00:00,2026-03-12,86677,1,".  ""2026 - AÑO DE LA GRANDEZA ARGENTINA""   ""2026 - AÑO DE LA GRANDEZA ARGENTINA""",true,,
comunicacion_A,data/raw/02_comunicaciones_A/A8409_2026_ano_de_la_grandeza_argent.pdf,https://www.bcra.gob.ar/archivos/Pdfs/comytexord/A8409.pdf,A8409,2026-05-10T19:56:38+00:00,2026-03-16,224361,10,"""2026 - AÑO DE LA GRANDEZA ARGENTINA""",true,,
comunicacion_A,data/raw/02_comunicaciones_A/A8410_2026_ano_de_la_grandeza_argent.pdf,https://www.bcra.gob.ar/archivos/Pdfs/comytexord/A8410.pdf,A8410,2026-05-10T19:56:39+00:00,2026-03-19,142627,3,"""2026 - AÑO DE LA GRANDEZA ARGENTINA""",true,,
comunicacion_A,data/raw/02_comunicaciones_A/A8412_2026_ano_de_la_grandeza_argent.pdf,https://www.bcra.gob.ar/archivos/Pdfs/comytexord/A8412.pdf,A8412,2026-05-10T19:56:39+00:00,2026-03-26,86720,1,".  ""2026 - AÑO DE LA GRANDEZA ARGENTINA""   ""2026 - AÑO DE LA GRANDEZA ARGENTINA""",true,,
comunicacion_A,data/raw/02_comunicaciones_A/A8413_2026_ano_de_la_grandeza_argent.pdf,https://www.bcra.gob.ar/archivos/Pdfs/comytexord/A8413.pdf,A8413,2026-05-10T19:56:40+00:00,2026-03-26,85576,1,".  ""2026 - AÑO DE LA GRANDEZA ARGENTINA""   ""2026 - AÑO DE LA GRANDEZA ARGENTINA""",true,,
comunicacion_A,data/raw/02_comunicaciones_A/A8416_2026_ano_de_la_grandeza_argent.pdf,https://www.bcra.gob.ar/archivos/Pdfs/comytexord/A8416.pdf,A8416,2026-05-10T19:56:40+00:00,2026-04-01,109895,2,".  ""2026 - AÑO DE LA GRANDEZA ARGENTINA""   ""2026 - AÑO DE LA GRANDEZA ARGENTINA""",true,,
comunicacion_A,data/raw/02_comunicaciones_A/A8418_2026_ano_de_la_grandeza_argent.pdf,https://www.bcra.gob.ar/archivos/Pdfs/comytexord/A8418.pdf,A8418,2026-05-10T19:56:41+00:00,2026-04-09,158825,3,"""2026 - AÑO DE LA GRANDEZA ARGENTINA""",true,,
comunicacion_A,data/raw/02_comunicaciones_A/A8419_2026_ano_de_la_grandeza_argent.pdf,https://www.bcra.gob.ar/archivos/Pdfs/comytexord/A8419.pdf,A8419,2026-05-10T19:56:41+00:00,2026-04-10,425784,23,"""2026 - AÑO DE LA GRANDEZA ARGENTINA""",true,,
comunicacion_A,data/raw/02_comunicaciones_A/A8422_2026_ano_de_la_grandeza_argent.pdf,https://www.bcra.gob.ar/archivos/Pdfs/comytexord/A8422.pdf,A8422,2026-05-10T19:56:42+00:00,2026-04-16,118647,1,".  ""2026 - AÑO DE LA GRANDEZA ARGENTINA""   ""2026 - AÑO DE LA GRANDEZA ARGENTINA""",true,,
comunicacion_A,data/raw/02_comunicaciones_A/A8420_2026_ano_de_la_grandeza_argent.pdf,https://www.bcra.gob.ar/archivos/Pdfs/comytexord/A8420.pdf,A8420,2026-05-10T19:56:42+00:00,2026-04-10,519313,44,"""2026 - AÑO DE LA GRANDEZA ARGENTINA""",true,,
comunicacion_A,data/raw/02_comunicaciones_A/A8423_2026_ano_de_la_grandeza_argent.pdf,https://www.bcra.gob.ar/archivos/Pdfs/comytexord/A8423.pdf,A8423,2026-05-10T19:56:43+00:00,2026-04-16,85814,1,".  ""2026 - AÑO DE LA GRANDEZA ARGENTINA""   ""2026 - AÑO DE LA GRANDEZA ARGENTINA""",true,,
comunicacion_A,data/raw/02_comunicaciones_A/A8424_2026_ano_de_la_grandeza_argent.pdf,https://www.bcra.gob.ar/archivos/Pdfs/comytexord/A8424.pdf,A8424,2026-05-10T19:56:43+00:00,2026-04-21,298521,5,"""2026 - AÑO DE LA GRANDEZA ARGENTINA""",true,,
comunicacion_A,data/raw/02_comunicaciones_A/A8427_2026_ano_de_la_grandeza_argent.pdf,https://www.bcra.gob.ar/archivos/Pdfs/comytexord/A8427.pdf,A8427,2026-05-10T19:56:44+00:00,2026-04-24,363947,8,"""2026 - AÑO DE LA GRANDEZA ARGENTINA""",true,,
comunicacion_A,data/raw/02_comunicaciones_A/A8428_2026_ano_de_la_grandeza_argent.pdf,https://www.bcra.gob.ar/archivos/Pdfs/comytexord/A8428.pdf,A8428,2026-05-10T19:56:44+00:00,2026-04-24,238570,8,"""2026 - AÑO DE LA GRANDEZA ARGENTINA""",true,,
comunicacion_A,data/raw/02_comunicaciones_A/A8430_2026_ano_de_la_grandeza_argent.pdf,https://www.bcra.gob.ar/archivos/Pdfs/comytexord/A8430.pdf,A8430,2026-05-10T19:56:45+00:00,2026-04-28,237420,13,"""2026 - AÑO DE LA GRANDEZA ARGENTINA""",true,,
comunicacion_A,data/raw/02_comunicaciones_A/A8431_2026_ano_de_la_grandeza_argent.pdf,https://www.bcra.gob.ar/archivos/Pdfs/comytexord/A8431.pdf,A8431,2026-05-10T19:56:45+00:00,2026-04-30,84462,1,".  ""2026 - AÑO DE LA GRANDEZA ARGENTINA""   ""2026 - AÑO DE LA GRANDEZA ARGENTINA""",true,,
comunicacion_A,data/raw/02_comunicaciones_A/A8432_2026_ano_de_la_grandeza_argent.pdf,https://www.bcra.gob.ar/archivos/Pdfs/comytexord/A8432.pdf,A8432,2026-05-10T19:56:46+00:00,2026-04-30,148958,6,".  ""2026 - AÑO DE LA GRANDEZA ARGENTINA""   ""2026 - AÑO DE LA GRANDEZA ARGENTINA""",true,,
comunicacion_A,data/raw/02_comunicaciones_A/A8434_2026_ano_de_la_grandeza_argent.pdf,https://www.bcra.gob.ar/archivos/Pdfs/comytexord/A8434.pdf,A8434,2026-05-10T19:56:46+00:00,2026-05-08,161538,6,"""2026 - AÑO DE LA GRANDEZA ARGENTINA""",true,,
comunicacion_A,data/raw/02_comunicaciones_A/A8435_2026_ano_de_la_grandeza_argent.pdf,https://www.bcra.gob.ar/archivos/Pdfs/comytexord/A8435.pdf,A8435,2026-05-10T19:56:47+00:00,2026-05-08,248193,11,"""2026 - AÑO DE LA GRANDEZA ARGENTINA""",true,,
TO_actual,data/raw/01_textos_ordenados/actuales/TO_capitales_minimos_actual.pdf,https://www.bcra.gob.ar/pdfs/texord/t-capmin.pdf,,2026-05-10T22:19:52+00:00,2025-01-01,5616860,204,CAPITALES MÍNIMOS DE LAS,true,,
TO_actual,data/raw/01_textos_ordenados/actuales/TO_distribucion_resultados_actual.pdf,https://www.bcra.gob.ar/pdfs/texord/t-disres.pdf,,2026-05-10T22:19:53+00:00,2020-02-01,1549036,22,DISTRIBUCIÓN DE RESULTADOS,true,,
TO_actual,data/raw/01_textos_ordenados/actuales/TO_efectivo_minimo_actual.pdf,https://www.bcra.gob.ar/pdfs/texord/t-efeMin.pdf,,2026-05-10T22:19:55+00:00,2024-11-02,2662565,53,-Última comunicación incorporada: “A” 8397-,true,,
TO_actual,data/raw/01_textos_ordenados/actuales/TO_asistencia_iliquidez_transitoria_actual.pdf,https://www.bcra.gob.ar/pdfs/texord/t-afiltr.pdf,,2026-05-10T22:19:57+00:00,2018-11-28,1039724,40,ASISTENCIA FINANCIERA POR ILIQUIDEZ,true,,
TO_actual,data/raw/01_textos_ordenados/actuales/TO_fraccionamiento_riesgo_crediticio_actual.pdf,https://www.bcra.gob.ar/pdfs/texord/t-fdrc.pdf,,2026-05-10T22:19:59+00:00,2018-09-05,1485133,72,FRACCIONAMIENTO DEL RIESGO CREDITICIO,true,,
TO_actual,data/raw/01_textos_ordenados/actuales/TO_gestion_crediticia_actual.pdf,https://www.bcra.gob.ar/pdfs/texord/t-gescre.pdf,,2026-05-10T22:20:00+00:00,2026-01-26,1795699,35,GESTIÓN CREDITICIA,true,,
TO_actual,data/raw/01_textos_ordenados/actuales/TO_grandes_exposiciones_riesgo_credito_actual.pdf,https://www.bcra.gob.ar/pdfs/texord/t-gerc.pdf,,2026-05-10T22:20:02+00:00,2019-01-01,1843164,46,GRANDES EXPOSICIONES AL RIESGO,true,,
TO_actual,data/raw/01_textos_ordenados/actuales/TO_graduacion_credito_actual.pdf,https://www.bcra.gob.ar/pdfs/texord/t-gracre.pdf,,2026-05-10T22:20:03+00:00,2024-11-21,1256375,28,GRADUACIÓN DEL CRÉDITO,true,,
TO_actual,data/raw/01_textos_ordenados/actuales/TO_financiamiento_sector_publico_no_financiero_actual.pdf,https://www.bcra.gob.ar/pdfs/texord/t-finsec.pdf,,2026-05-10T22:20:05+00:00,2025-12-19,2620796,62,FINANCIAMIENTO AL SECTOR PÚBLICO,true,,
TO_actual,data/raw/01_textos_ordenados/actuales/TO_clasificacion_deudores_actual.pdf,https://www.bcra.gob.ar/pdfs/texord/t-cladeu.pdf,,2026-05-10T22:20:07+00:00,2025-12-19,2192648,60,CLASIFICACIÓN DE DEUDORES,true,,
TO_actual,data/raw/01_textos_ordenados/actuales/TO_previsiones_minimas_incobrabilidad_actual.pdf,https://www.bcra.gob.ar/pdfs/texord/t-prevmi.pdf,,2026-05-10T22:20:08+00:00,2024-03-21,1124725,25,PREVISIONES MÍNIMAS,true,,
TO_actual,data/raw/01_textos_ordenados/actuales/TO_garantias_actual.pdf,https://www.bcra.gob.ar/pdfs/texord/t-garant.pdf,,2026-05-10T22:20:09+00:00,2016-06-25,1240593,25,-Última comunicación incorporada: “A” 8135-,true,,
TO_actual,data/raw/01_textos_ordenados/actuales/TO_evaluaciones_crediticias_actual.pdf,https://www.bcra.gob.ar/pdfs/texord/t-evacre.pdf,,2026-05-10T22:20:09+00:00,2016-06-25,275499,7,EVALUACIONES CREDITICIAS,true,,
TO_actual,data/raw/01_textos_ordenados/actuales/TO_cesion_cartera_actual.pdf,https://www.bcra.gob.ar/pdfs/texord/t-cescar.pdf,,2026-05-10T22:20:10+00:00,2025-09-30,617066,10,CESIÓN DE CARTERA DE CRÉDITOS,true,,
TO_actual,data/raw/01_textos_ordenados/actuales/TO_politica_credito_actual.pdf,https://www.bcra.gob.ar/pdfs/texord/t-polcre.pdf,,2026-05-10T22:20:11+00:00,2025-02-20,1696532,32,POLÍTICA DE CRÉDITO,true,,
TO_actual,data/raw/01_textos_ordenados/actuales/TO_asistencia_proveedores_no_financieros_credito_actual.pdf,https://www.bcra.gob.ar/pdfs/texord/t-apnf.pdf,,2026-05-10T22:20:12+00:00,2022-07-07,705265,15,PROVEEDORES NO FINANCIEROS,true,,
TO_actual,data/raw/01_textos_ordenados/actuales/TO_centrales_informacion_crediticia_actual.pdf,https://www.bcra.gob.ar/pdfs/texord/t-ceninf.pdf,,2026-05-10T22:20:13+00:00,2026-01-28,1650255,23,CENTRALES DE INFORMACIÓN,true,,
TO_actual,data/raw/01_textos_ordenados/actuales/TO_tasas_interes_operaciones_credito_actual.pdf,https://www.bcra.gob.ar/pdfs/texord/t-tasint.pdf,,2026-05-10T22:20:14+00:00,2024-07-01,1521074,29,TASAS DE INTERÉS,true,,
TO_actual,data/raw/01_textos_ordenados/actuales/TO_fondos_garantia_caracter_publico_actual.pdf,https://www.bcra.gob.ar/pdfs/texord/t-fgarcp.pdf,,2026-05-10T22:20:15+00:00,2025-03-06,719226,14,FONDOS DE GARANTÍA DE CARÁCTER PÚBLICO,true,,
TO_actual,data/raw/01_textos_ordenados/actuales/TO_seguro_garantia_depositos_actual.pdf,https://www.bcra.gob.ar/pdfs/texord/t-seggar.pdf,,2026-05-10T22:20:16+00:00,2026-03-05,1561106,26,APLICACIÓN DEL SIS,true,,
TO_actual,data/raw/01_textos_ordenados/actuales/TO_lineamientos_gobierno_societario_actual.pdf,https://www.bcra.gob.ar/pdfs/texord/t-lingob.pdf,,2026-05-10T22:20:17+00:00,2022-02-25,684756,24,LINEAMIENTOS PARA EL GOBIERNO,true,,
TO_actual,data/raw/01_textos_ordenados/actuales/TO_lineamientos_gestion_riesgos_ef_actual.pdf,https://www.bcra.gob.ar/pdfs/texord/t-lingeef.pdf,,2026-05-10T22:20:20+00:00,2025-12-30,4663874,172,LINEAMIENTOS PARA LA GESTIÓN DE,true,,
TO_actual,data/raw/01_textos_ordenados/actuales/TO_requisitos_minimos_riesgos_tecnologia_seguridad_actual.pdf,https://www.bcra.gob.ar/pdfs/texord/t-rmrtsd.pdf,,2026-05-10T22:20:21+00:00,2023-06-02,527497,20,REQUISITOS MÍNIMOS PARA LA GESTIÓN DE,true,,
TO_actual,data/raw/01_textos_ordenados/actuales/TO_proteccion_usuarios_servicios_financieros_actual.pdf,https://www.bcra.gob.ar/pdfs/texord/t-pusf.pdf,,2026-05-10T22:20:23+00:00,2024-02-23,2502846,40,PROTECCIÓN DE LOS USUARIOS DE,true,,
TO_actual,data/raw/01_textos_ordenados/actuales/TO_expansion_entidades_financieras_actual.pdf,https://www.bcra.gob.ar/pdfs/texord/t-expaef.pdf,,2026-05-10T22:20:24+00:00,2026-02-13,1834267,37,EXPANSIÓN DE ENTIDADES FINANCIERAS,true,,
TO_actual,data/raw/01_textos_ordenados/actuales/TO_autoridades_entidades_financieras_actual.pdf,https://www.bcra.gob.ar/pdfs/texord/t-autenf.pdf,,2026-05-10T22:20:25+00:00,2025-12-30,1245474,25,AUTORIDADES DE ENTIDADES FINANCIERAS,true,,
TO_actual,data/raw/01_textos_ordenados/actuales/TO_fideicomisos_financieros_lef_actual.pdf,https://www.bcra.gob.ar/pdfs/texord/t-fclef.pdf,,2026-05-10T22:20:25+00:00,2017-08-25,274511,12,FIDEICOMISOS FINANCIEROS COMPRENDIDOS,true,,
TO_actual,data/raw/01_textos_ordenados/actuales/TO_depositos_ahorro_cuenta_sueldo_actual.pdf,https://www.bcra.gob.ar/pdfs/texord/t-depaho.pdf,,2026-05-10T22:20:28+00:00,2017-07-29,3594784,107,"DEPÓSITOS DE AHORRO, CUENTA SUELDO",true,,
TO_actual,data/raw/01_textos_ordenados/actuales/TO_depositos_inversiones_plazo_actual.pdf,https://www.bcra.gob.ar/pdfs/texord/t-depinv.pdf,,2026-05-10T22:20:30+00:00,2025-06-02,2277063,53,DEPÓSITOS E INVERSIONES A PLAZO,true,,
TO_actual,data/raw/01_textos_ordenados/actuales/TO_sistema_nacional_pagos_servicios_pago_actual.pdf,https://www.bcra.gob.ar/pdfs/texord/t-snp-spd.pdf,,2026-05-10T22:20:31+00:00,2025-08-18,1687400,32,SISTEMA NACIONAL DE PAGOS –,true,,
TO_actual,data/raw/01_textos_ordenados/actuales/TO_prevencion_lavado_dinero_actual.pdf,https://www.bcra.gob.ar/pdfs/texord/t-lavdin.pdf,,2026-05-10T22:20:31+00:00,2019-05-31,545435,19,"PREVENCIÓN DEL LAVADO DE ACTIVOS,",true,,
TO_actual,data/raw/01_textos_ordenados/actuales/TO_documentos_identificacion_vigencia_actual.pdf,https://www.bcra.gob.ar/pdfs/texord/t-docvig.pdf,,2026-05-10T22:20:32+00:00,2025-10-01,880035,14,DOCUMENTOS DE IDENTIFICACIÓN EN VIGENCIA,true,,
TO_actual,data/raw/01_textos_ordenados/actuales/TO_ordenamiento_emision_comunicaciones_actual.pdf,https://www.bcra.gob.ar/pdfs/texord/t-ordcom.pdf,,2026-05-10T22:20:33+00:00,2024-11-12,1400561,22,"ORDENAMIENTO, EMISIÓN Y DIVULGACIÓN DE",true,,
TO_actual,data/raw/01_textos_ordenados/actuales/TO_presentacion_informaciones_soportes_opticos_actual.pdf,https://www.bcra.gob.ar/pdfs/texord/t-optico.pdf,,2026-05-10T22:20:34+00:00,2026-05-08,2168028,43,PRESENTACIÓN DE INFORMACIONES AL B.C.R.A.,true,,
TO_actual,data/raw/01_textos_ordenados/actuales/TO_regimen_informativo_contable_mensual_actual.pdf,https://www.bcra.gob.ar/pdfs/texord/t-ri-cm.pdf,,2026-05-10T22:20:36+00:00,2015-12-01,2326012,59,Sección 1. Instrucciones generales,true,,
TO_actual,data/raw/01_textos_ordenados/actuales/TO_regimen_informativo_contable_operaciones_cambios_actual.pdf,https://www.bcra.gob.ar/pdfs/texord/t-ri-coc.pdf,,2026-05-10T22:20:37+00:00,,123972,4,RÉGIMEN INFORMATIVO CONTABLE MENSUAL - OPERACIONES DE CAMBIOS,true,,
TO_actual,data/raw/01_textos_ordenados/actuales/TO_regimen_informativo_pld_ft_actual.pdf,https://www.bcra.gob.ar/pdfs/texord/t-ri-pl.pdf,,2026-05-10T22:20:37+00:00,,101438,24,REGIMEN INFORMATIVO CONTABLE MENSUAL,true,,
TO_actual,data/raw/01_textos_ordenados/actuales/TO_regimen_informativo_tarjetas_actual.pdf,https://www.bcra.gob.ar/pdfs/texord/t-ri-tar.pdf,,2026-05-10T22:20:38+00:00,2024-01-02,265477,7,1. Instrucciones Generales.,true,,
TO_actual,data/raw/01_textos_ordenados/actuales/TO_regimen_informativo_transparencia_actual.pdf,https://www.bcra.gob.ar/pdfs/texord/t-ri-transpa.pdf,,2026-05-10T22:20:38+00:00,2019-04-23,397267,23,Capítulo I – Régimen Informativo de Transparencia - Módulo General,true,,
TO_actual,data/raw/01_textos_ordenados/actuales/TO_regimen_informativo_niif_actual.pdf,https://www.bcra.gob.ar/pdfs/texord/RI-NIIF.pdf,,2026-05-10T22:20:41+00:00,2017-09-20,3060392,86,Presentación de Estados Financieros de acuerdo con NIIF.,true,,
TO_actual,data/raw/01_textos_ordenados/actuales/TO_regimen_informativo_niif_plan_cuentas_actual.pdf,https://www.bcra.gob.ar/pdfs/texord/RI-planNIIF.pdf,,2026-05-10T22:20:42+00:00,2019-12-31,209213,20,CAPITULO – DEFINICIONES GENERALES,true,,
comunicacion_B,data/raw/03_comunicaciones_B/B11870_2019_ano_de_la_exportacion.pdf,https://www.bcra.gob.ar/archivos/Pdfs/comytexord/B11870.pdf,B11870,2026-05-12T15:19:13+00:00,2019-08-12,79551,2,“2019 - AÑO DE LA EXPORTACIÓN”,true,,
comunicacion_B,data/raw/03_comunicaciones_B/B11871_2019_ano_de_la_exportacion.pdf,https://www.bcra.gob.ar/archivos/Pdfs/comytexord/B11871.pdf,B11871,2026-05-12T15:19:14+00:00,2019-08-12,101168,2,“2019 - AÑO DE LA EXPORTACIÓN”,true,,
comunicacion_B,data/raw/03_comunicaciones_B/B11872_2019_ano_de_la_exportacion.pdf,https://www.bcra.gob.ar/archivos/Pdfs/comytexord/B11872.pdf,B11872,2026-05-12T15:19:14+00:00,2019-08-14,101134,2,“2019 - AÑO DE LA EXPORTACIÓN”,true,,
comunicacion_B,data/raw/03_comunicaciones_B/B11873_2019_ano_de_la_exportacion.pdf,https://www.bcra.gob.ar/archivos/Pdfs/comytexord/B11873.pdf,B11873,2026-05-12T15:19:15+00:00,2019-08-15,119309,2,“2019 - AÑO DE LA EXPORTACIÓN”,true,,
comunicacion_B,data/raw/03_comunicaciones_B/B11874_2019_ano_de_la_exportacion.pdf,https://www.bcra.gob.ar/archivos/Pdfs/comytexord/B11874.pdf,B11874,2026-05-12T15:19:15+00:00,2019-08-15,84718,2,“2019 - AÑO DE LA EXPORTACIÓN”,true,,
comunicacion_B,data/raw/03_comunicaciones_B/B11875_2019_ano_de_la_exportacion.pdf,https://www.bcra.gob.ar/archivos/Pdfs/comytexord/B11875.pdf,B11875,2026-05-12T15:19:16+00:00,2019-08-20,101029,2,“2019 - AÑO DE LA EXPORTACIÓN”,true,,
comunicacion_B,data/raw/03_comunicaciones_B/B11876_2019_ano_de_la_exportacion.pdf,https://www.bcra.gob.ar/archivos/Pdfs/comytexord/B11876.pdf,B11876,2026-05-12T15:19:16+00:00,2019-08-21,84291,2,“2019 - AÑO DE LA EXPORTACIÓN”,true,,
comunicacion_B,data/raw/03_comunicaciones_B/B11877_2019_ano_de_la_exportacion.pdf,https://www.bcra.gob.ar/archivos/Pdfs/comytexord/B11877.pdf,B11877,2026-05-12T15:19:17+00:00,2019-08-22,75144,1,“2019 - AÑO DE LA EXPORTACIÓN”,true,,
comunicacion_B,data/raw/03_comunicaciones_B/B11878_2019_ano_de_la_exportacion.pdf,https://www.bcra.gob.ar/archivos/Pdfs/comytexord/B11878.pdf,B11878,2026-05-12T15:19:17+00:00,2019-08-26,167409,4,“2019 - AÑO DE LA EXPORTACIÓN”,true,,
comunicacion_B,data/raw/03_comunicaciones_B/B11879_2019_ano_de_la_exportacion.pdf,https://www.bcra.gob.ar/archivos/Pdfs/comytexord/B11879.pdf,B11879,2026-05-12T15:19:18+00:00,2019-08-27,101050,2,“2019 - AÑO DE LA EXPORTACIÓN”,true,,
comunicacion_B,data/raw/03_comunicaciones_B/B11880_2019_ano_de_la_exportacion.pdf,https://www.bcra.gob.ar/archivos/Pdfs/comytexord/B11880.pdf,B11880,2026-05-12T15:19:18+00:00,2019-08-30,133948,4,“2019 - AÑO DE LA EXPORTACIÓN”,true,,
comunicacion_B,data/raw/03_comunicaciones_B/B11881_2019_ano_de_la_exportacion.pdf,https://www.bcra.gob.ar/archivos/Pdfs/comytexord/B11881.pdf,B11881,2026-05-12T15:19:19+00:00,2019-09-02,121532,2,“2019 - AÑO DE LA EXPORTACIÓN”,true,,
comunicacion_B,data/raw/03_comunicaciones_B/B11882_2019_ano_de_la_exportacion.pdf,https://www.bcra.gob.ar/archivos/Pdfs/comytexord/B11882.pdf,B11882,2026-05-12T15:19:19+00:00,2019-09-03,100955,2,“2019 - AÑO DE LA EXPORTACIÓN”,true,,
comunicacion_B,data/raw/03_comunicaciones_B/B11883_2019_ano_de_la_exportacion.pdf,https://www.bcra.gob.ar/archivos/Pdfs/comytexord/B11883.pdf,B11883,2026-05-12T15:19:20+00:00,2019-09-09,100915,2,“2019 - AÑO DE LA EXPORTACIÓN”,true,,
comunicacion_B,data/raw/03_comunicaciones_B/B11884_2019_ano_de_la_exportacion.pdf,https://www.bcra.gob.ar/archivos/Pdfs/comytexord/B11884.pdf,B11884,2026-05-12T15:19:20+00:00,2019-09-10,61459,2,“2019 - AÑO DE LA EXPORTACIÓN”,true,,
comunicacion_B,data/raw/03_comunicaciones_B/B11885_2019_ano_de_la_exportacion.pdf,https://www.bcra.gob.ar/archivos/Pdfs/comytexord/B11885.pdf,B11885,2026-05-12T15:19:21+00:00,2019-09-12,119302,2,“2019 - AÑO DE LA EXPORTACIÓN”,true,,
comunicacion_B,data/raw/03_comunicaciones_B/B11886_2019_ano_de_la_exportacion.pdf,https://www.bcra.gob.ar/archivos/Pdfs/comytexord/B11886.pdf,B11886,2026-05-12T15:19:21+00:00,2019-09-12,84724,2,“2019 - AÑO DE LA EXPORTACIÓN”,true,,
comunicacion_B,data/raw/03_comunicaciones_B/B11887_2019_ano_de_la_exportacion.pdf,https://www.bcra.gob.ar/archivos/Pdfs/comytexord/B11887.pdf,B11887,2026-05-12T15:19:22+00:00,2019-09-13,59267,1,“2019 - AÑO DE LA EXPORTACIÓN”,true,,
comunicacion_B,data/raw/03_comunicaciones_B/B11888_2019_ano_de_la_exportacion.pdf,https://www.bcra.gob.ar/archivos/Pdfs/comytexord/B11888.pdf,B11888,2026-05-12T15:19:22+00:00,2019-09-17,84308,2,“2019 - AÑO DE LA EXPORTACIÓN”,true,,
comunicacion_B,data/raw/03_comunicaciones_B/B11889_2019_ano_de_la_exportacion.pdf,https://www.bcra.gob.ar/archivos/Pdfs/comytexord/B11889.pdf,B11889,2026-05-12T15:19:23+00:00,2019-09-24,75178,1,“2019 - AÑO DE LA EXPORTACIÓN”,true,,
comunicacion_B,data/raw/03_comunicaciones_B/B11890_2019_ano_de_la_exportacion.pdf,https://www.bcra.gob.ar/archivos/Pdfs/comytexord/B11890.pdf,B11890,2026-05-12T15:19:23+00:00,2019-09-24,101003,2,“2019 - AÑO DE LA EXPORTACIÓN”,true,,
comunicacion_B,data/raw/03_comunicaciones_B/B11891_2019_ano_de_la_exportacion.pdf,https://www.bcra.gob.ar/archivos/Pdfs/comytexord/B11891.pdf,B11891,2026-05-12T15:19:24+00:00,2019-09-27,100705,2,“2019 - AÑO DE LA EXPORTACIÓN”,true,,
comunicacion_B,data/raw/03_comunicaciones_B/B11892_2019_ano_de_la_exportacion.pdf,https://www.bcra.gob.ar/archivos/Pdfs/comytexord/B11892.pdf,B11892,2026-05-12T15:19:24+00:00,2019-10-01,57628,1,“2019 - AÑO DE LA EXPORTACIÓN”,true,,
comunicacion_B,data/raw/03_comunicaciones_B/B11893_2019_ano_de_la_exportacion.pdf,https://www.bcra.gob.ar/archivos/Pdfs/comytexord/B11893.pdf,B11893,2026-05-12T15:19:25+00:00,2019-10-01,121487,2,“2019 - AÑO DE LA EXPORTACIÓN”,true,,
comunicacion_B,data/raw/03_comunicaciones_B/B11894_2019_ano_de_la_exportacion.pdf,https://www.bcra.gob.ar/archivos/Pdfs/comytexord/B11894.pdf,B11894,2026-05-12T15:19:25+00:00,2019-10-07,136918,4,“2019 - AÑO DE LA EXPORTACIÓN”,true,,
comunicacion_B,data/raw/03_comunicaciones_B/B11895_2019_ano_de_la_exportacion.pdf,https://www.bcra.gob.ar/archivos/Pdfs/comytexord/B11895.pdf,B11895,2026-05-12T15:19:26+00:00,2019-10-08,114647,3,“2019 - AÑO DE LA EXPORTACIÓN”,true,,
comunicacion_B,data/raw/03_comunicaciones_B/B11896_2019_ano_de_la_exportacion.pdf,https://www.bcra.gob.ar/archivos/Pdfs/comytexord/B11896.pdf,B11896,2026-05-12T15:19:27+00:00,2019-10-09,542895,2,“2019 - AÑO DE LA EXPORTACIÓN”,true,,
comunicacion_B,data/raw/03_comunicaciones_B/B11897_2019_ano_de_la_exportacion.pdf,https://www.bcra.gob.ar/archivos/Pdfs/comytexord/B11897.pdf,B11897,2026-05-12T15:19:27+00:00,2019-10-16,119312,2,“2019 - AÑO DE LA EXPORTACIÓN”,true,,
comunicacion_B,data/raw/03_comunicaciones_B/B11898_2019_ano_de_la_exportacion.pdf,https://www.bcra.gob.ar/archivos/Pdfs/comytexord/B11898.pdf,B11898,2026-05-12T15:19:27+00:00,2019-10-16,84733,2,“2019 - AÑO DE LA EXPORTACIÓN”,true,,
comunicacion_B,data/raw/03_comunicaciones_B/B11899_2019_ano_de_la_exportacion.pdf,https://www.bcra.gob.ar/archivos/Pdfs/comytexord/B11899.pdf,B11899,2026-05-12T15:19:28+00:00,2019-10-17,84277,2,“2019 - AÑO DE LA EXPORTACIÓN”,true,,
comunicacion_B,data/raw/03_comunicaciones_B/B11900_2019_ano_de_la_exportacion.pdf,https://www.bcra.gob.ar/archivos/Pdfs/comytexord/B11900.pdf,B11900,2026-05-12T15:19:28+00:00,2019-10-18,44170,1,“2019 - AÑO DE LA EXPORTACIÓN”,true,,
comunicacion_B,data/raw/03_comunicaciones_B/B11901_2019_ano_de_la_exportacion.pdf,https://www.bcra.gob.ar/archivos/Pdfs/comytexord/B11901.pdf,B11901,2026-05-12T15:19:29+00:00,2019-10-22,75179,1,“2019 - AÑO DE LA EXPORTACIÓN”,true,,
comunicacion_B,data/raw/03_comunicaciones_B/B11902_2019_ano_de_la_exportacion.pdf,https://www.bcra.gob.ar/archivos/Pdfs/comytexord/B11902.pdf,B11902,2026-05-12T15:19:29+00:00,2019-10-28,100909,2,“2019 - AÑO DE LA EXPORTACIÓN”,true,,
comunicacion_B,data/raw/03_comunicaciones_B/B11903_2019_ano_de_la_exportacion.pdf,https://www.bcra.gob.ar/archivos/Pdfs/comytexord/B11903.pdf,B11903,2026-05-12T15:19:30+00:00,2019-10-31,721458,5,“2019 - AÑO DE LA EXPORTACIÓN”,true,,
comunicacion_B,data/raw/03_comunicaciones_B/B11904_2019_ano_de_la_exportacion.pdf,https://www.bcra.gob.ar/archivos/Pdfs/comytexord/B11904.pdf,B11904,2026-05-12T15:19:30+00:00,2019-11-01,121530,2,“2019 - AÑO DE LA EXPORTACIÓN”,true,,
comunicacion_B,data/raw/03_comunicaciones_B/B11905_2019_ano_de_la_exportacion.pdf,https://www.bcra.gob.ar/archivos/Pdfs/comytexord/B11905.pdf,B11905,2026-05-12T15:19:31+00:00,2019-11-08,100918,2,“2019 - AÑO DE LA EXPORTACIÓN”,true,,
comunicacion_B,data/raw/03_comunicaciones_B/B11906_2019_ano_de_la_exportacion.pdf,https://www.bcra.gob.ar/archivos/Pdfs/comytexord/B11906.pdf,B11906,2026-05-12T15:19:31+00:00,2019-11-11,79552,2,“2019 - AÑO DE LA EXPORTACIÓN”,true,,
comunicacion_B,data/raw/03_comunicaciones_B/B11907_2019_ano_de_la_exportacion.pdf,https://www.bcra.gob.ar/archivos/Pdfs/comytexord/B11907.pdf,B11907,2026-05-12T15:19:32+00:00,2019-11-11,100916,2,“2019 - AÑO DE LA EXPORTACIÓN”,true,,
comunicacion_B,data/raw/03_comunicaciones_B/B11908_2019_ano_de_la_exportacion.pdf,https://www.bcra.gob.ar/archivos/Pdfs/comytexord/B11908.pdf,B11908,2026-05-12T15:19:32+00:00,2019-11-14,146307,5,“2019 - AÑO DE LA EXPORTACIÓN”,true,,
comunicacion_B,data/raw/03_comunicaciones_B/B11909_2019_ano_de_la_exportacion.pdf,https://www.bcra.gob.ar/archivos/Pdfs/comytexord/B11909.pdf,B11909,2026-05-12T15:19:33+00:00,2019-11-14,119338,2,“2019 - AÑO DE LA EXPORTACIÓN”,true,,
comunicacion_B,data/raw/03_comunicaciones_B/B11910_2019_ano_de_la_exportacion.pdf,https://www.bcra.gob.ar/archivos/Pdfs/comytexord/B11910.pdf,B11910,2026-05-12T15:19:33+00:00,2019-11-14,84734,2,“2019 - AÑO DE LA EXPORTACIÓN”,true,,
comunicacion_B,data/raw/03_comunicaciones_B/B11911_2019_ano_de_la_exportacion.pdf,https://www.bcra.gob.ar/archivos/Pdfs/comytexord/B11911.pdf,B11911,2026-05-12T15:19:34+00:00,2019-11-19,84326,2,“2019 - AÑO DE LA EXPORTACIÓN”,true,,
comunicacion_B,data/raw/03_comunicaciones_B/B11912_2019_ano_de_la_exportacion.pdf,https://www.bcra.gob.ar/archivos/Pdfs/comytexord/B11912.pdf,B11912,2026-05-12T15:19:34+00:00,2019-11-22,75167,1,“2019 - AÑO DE LA EXPORTACIÓN”,true,,
comunicacion_B,data/raw/03_comunicaciones_B/B11913_2019_ano_de_la_exportacion.pdf,https://www.bcra.gob.ar/archivos/Pdfs/comytexord/B11913.pdf,B11913,2026-05-12T15:19:35+00:00,2019-11-25,100992,2,“2019 - AÑO DE LA EXPORTACIÓN”,true,,
comunicacion_B,data/raw/03_comunicaciones_B/B11914_2019_ano_de_la_exportacion.pdf,https://www.bcra.gob.ar/archivos/Pdfs/comytexord/B11914.pdf,B11914,2026-05-12T15:19:36+00:00,2019-12-02,121434,2,“2019 - AÑO DE LA EXPORTACIÓN”,true,,
comunicacion_B,data/raw/03_comunicaciones_B/B11915_2019_ano_de_la_exportacion.pdf,https://www.bcra.gob.ar/archivos/Pdfs/comytexord/B11915.pdf,B11915,2026-05-12T15:19:36+00:00,2019-12-06,58429,1,“2019 - AÑO DE LA EXPORTACIÓN”,true,,
comunicacion_B,data/raw/03_comunicaciones_B/B11916_2019_ano_de_la_exportacion.pdf,https://www.bcra.gob.ar/archivos/Pdfs/comytexord/B11916.pdf,B11916,2026-05-12T15:19:36+00:00,2019-12-06,79581,2,“2019 - AÑO DE LA EXPORTACIÓN”,true,,
comunicacion_B,data/raw/03_comunicaciones_B/B11917_2019_ano_de_la_exportacion.pdf,https://www.bcra.gob.ar/archivos/Pdfs/comytexord/B11917.pdf,B11917,2026-05-12T15:19:37+00:00,2019-12-10,100573,2,“2019 - AÑO DE LA EXPORTACIÓN”,true,,
comunicacion_B,data/raw/03_comunicaciones_B/B11918_2019_ano_de_la_exportacion.pdf,https://www.bcra.gob.ar/archivos/Pdfs/comytexord/B11918.pdf,B11918,2026-05-12T15:19:38+00:00,2019-12-12,84777,2,“2019 - AÑO DE LA EXPORTACIÓN”,true,,
comunicacion_B,data/raw/03_comunicaciones_B/B11919_2019_ano_de_la_exportacion.pdf,https://www.bcra.gob.ar/archivos/Pdfs/comytexord/B11919.pdf,B11919,2026-05-12T15:19:38+00:00,2019-12-12,119350,2,“2019 - AÑO DE LA EXPORTACIÓN”,true,,
comunicacion_B,data/raw/03_comunicaciones_B/B11920_2019_ano_de_la_exportacion.pdf,https://www.bcra.gob.ar/archivos/Pdfs/comytexord/B11920.pdf,B11920,2026-05-12T15:19:39+00:00,2019-12-19,84346,2,“2019 - AÑO DE LA EXPORTACIÓN”,true,,
comunicacion_B,data/raw/03_comunicaciones_B/B11921_2019_ano_de_la_exportacion.pdf,https://www.bcra.gob.ar/archivos/Pdfs/comytexord/B11921.pdf,B11921,2026-05-12T15:19:39+00:00,2019-12-19,78884,2,“2019 - AÑO DE LA EXPORTACIÓN”,true,,
comunicacion_B,data/raw/03_comunicaciones_B/B11922_2019_ano_de_la_exportacion.pdf,https://www.bcra.gob.ar/archivos/Pdfs/comytexord/B11922.pdf,B11922,2026-05-12T15:19:40+00:00,2019-12-20,210930,3,“2019 - AÑO DE LA EXPORTACIÓN”,true,,
comunicacion_B,data/raw/03_comunicaciones_B/B11923_2019_ano_de_la_exportacion.pdf,https://www.bcra.gob.ar/archivos/Pdfs/comytexord/B11923.pdf,B11923,2026-05-12T15:19:40+00:00,2019-12-23,101014,2,“2019 - AÑO DE LA EXPORTACIÓN”,true,,
comunicacion_B,data/raw/03_comunicaciones_B/B11924_2019_ano_de_la_exportacion.pdf,https://www.bcra.gob.ar/archivos/Pdfs/comytexord/B11924.pdf,B11924,2026-05-12T15:19:41+00:00,2019-12-23,75173,1,“2019 - AÑO DE LA EXPORTACIÓN”,true,,
comunicacion_B,data/raw/03_comunicaciones_B/B11925_2019_ano_de_la_exportacion.pdf,https://www.bcra.gob.ar/archivos/Pdfs/comytexord/B11925.pdf,B11925,2026-05-12T15:19:41+00:00,2019-12-26,303588,13,“2019 - AÑO DE LA EXPORTACIÓN”,true,,
comunicacion_B,data/raw/03_comunicaciones_B/B11926_2019_ano_de_la_exportacion.pdf,https://www.bcra.gob.ar/archivos/Pdfs/comytexord/B11926.pdf,B11926,2026-05-12T15:19:42+00:00,2019-12-27,101020,2,“2019 - AÑO DE LA EXPORTACIÓN”,true,,
comunicacion_B,data/raw/03_comunicaciones_B/B11927_2019_ano_de_la_exportacion.pdf,https://www.bcra.gob.ar/archivos/Pdfs/comytexord/B11927.pdf,B11927,2026-05-12T15:19:42+00:00,2019-12-30,80042,2,“2019 - AÑO DE LA EXPORTACIÓN”,true,,
comunicacion_B,data/raw/03_comunicaciones_B/B11928_2019_ano_de_la_exportacion.pdf,https://www.bcra.gob.ar/archivos/Pdfs/comytexord/B11928.pdf,B11928,2026-05-12T15:19:43+00:00,2019-12-30,44015,1,“2019 - AÑO DE LA EXPORTACIÓN”,true,,
comunicacion_B,data/raw/03_comunicaciones_B/B11929_comunicacion_b_11929_2_1_2020.pdf,https://www.bcra.gob.ar/archivos/Pdfs/comytexord/B11929.pdf,B11929,2026-05-12T15:19:43+00:00,2020-01-02,100683,2,COMUNICACIÓN  “B”  11929 2/1/2020,true,,
comunicacion_B,data/raw/03_comunicaciones_B/B11930_comunicacion_b_11930_02_01_202.pdf,https://www.bcra.gob.ar/archivos/Pdfs/comytexord/B11930.pdf,B11930,2026-05-12T15:19:44+00:00,2020-01-02,121479,2,COMUNICACIÓN  “B”  11930 02/01/2020,true,,
comunicacion_B,data/raw/03_comunicaciones_B/B11931_2020_ano_del_general_manuel_be.pdf,https://www.bcra.gob.ar/archivos/Pdfs/comytexord/B11931.pdf,B11931,2026-05-12T15:19:44+00:00,2020-01-06,100815,2,“2020 - AÑO DEL GENERAL MANUEL BELGRANO”,true,,
comunicacion_B,data/raw/03_comunicaciones_B/B11932_2020_ano_del_general_manuel_be.pdf,https://www.bcra.gob.ar/archivos/Pdfs/comytexord/B11932.pdf,B11932,2026-05-12T15:19:45+00:00,2020-01-09,100763,2,“2020 - AÑO DEL GENERAL MANUEL BELGRANO”,true,,
comunicacion_B,data/raw/03_comunicaciones_B/B11933_2020_ano_del_general_manuel_be.pdf,https://www.bcra.gob.ar/archivos/Pdfs/comytexord/B11933.pdf,B11933,2026-05-12T15:19:45+00:00,2020-01-10,62258,2,“2020 - AÑO DEL GENERAL MANUEL BELGRANO”,true,,
comunicacion_B,data/raw/03_comunicaciones_B/B11934_2020_ano_del_general_manuel_be.pdf,https://www.bcra.gob.ar/archivos/Pdfs/comytexord/B11934.pdf,B11934,2026-05-12T15:19:46+00:00,2020-01-10,116706,4,“2020 - AÑO DEL GENERAL MANUEL BELGRANO”,true,,
comunicacion_B,data/raw/03_comunicaciones_B/B11935_2020_ano_del_general_manuel_be.pdf,https://www.bcra.gob.ar/archivos/Pdfs/comytexord/B11935.pdf,B11935,2026-05-12T15:19:46+00:00,2020-01-15,79514,2,“2020 - AÑO DEL GENERAL MANUEL BELGRANO”,true,,
comunicacion_B,data/raw/03_comunicaciones_B/B11936_2020_ano_del_general_manuel_be.pdf,https://www.bcra.gob.ar/archivos/Pdfs/comytexord/B11936.pdf,B11936,2026-05-12T15:19:47+00:00,2020-01-15,119344,2,“2020 - AÑO DEL GENERAL MANUEL BELGRANO”,true,,
comunicacion_B,data/raw/03_comunicaciones_B/B11937_2020_ano_del_general_manuel_be.pdf,https://www.bcra.gob.ar/archivos/Pdfs/comytexord/B11937.pdf,B11937,2026-05-12T15:19:47+00:00,2020-01-15,84766,2,“2020 - AÑO DEL GENERAL MANUEL BELGRANO”,true,,
comunicacion_B,data/raw/03_comunicaciones_B/B11938_2020_ano_del_general_manuel_be.pdf,https://www.bcra.gob.ar/archivos/Pdfs/comytexord/B11938.pdf,B11938,2026-05-12T15:19:48+00:00,2020-01-16,57900,1,“2020 - AÑO DEL GENERAL MANUEL BELGRANO”,true,,
comunicacion_B,data/raw/03_comunicaciones_B/B11939_2020_ano_del_general_manuel_be.pdf,https://www.bcra.gob.ar/archivos/Pdfs/comytexord/B11939.pdf,B11939,2026-05-12T15:19:48+00:00,2020-01-20,84331,2,“2020 - AÑO DEL GENERAL MANUEL BELGRANO”,true,,
comunicacion_B,data/raw/03_comunicaciones_B/B11940_2020_ano_del_general_manuel_be.pdf,https://www.bcra.gob.ar/archivos/Pdfs/comytexord/B11940.pdf,B11940,2026-05-12T15:19:49+00:00,2020-01-22,58236,1,“2020 - AÑO DEL GENERAL MANUEL BELGRANO”,true,,
comunicacion_B,data/raw/03_comunicaciones_B/B11941_2020_ano_del_general_manuel_be.pdf,https://www.bcra.gob.ar/archivos/Pdfs/comytexord/B11941.pdf,B11941,2026-05-12T15:19:49+00:00,2020-01-23,75160,1,“2020 - AÑO DEL GENERAL MANUEL BELGRANO”,true,,
comunicacion_B,data/raw/03_comunicaciones_B/B11942_2020_ano_del_general_manuel_be.pdf,https://www.bcra.gob.ar/archivos/Pdfs/comytexord/B11942.pdf,B11942,2026-05-12T15:19:50+00:00,2020-01-23,100822,2,“2020 - AÑO DEL GENERAL MANUEL BELGRANO”,true,,
comunicacion_B,data/raw/03_comunicaciones_B/B11943_2020_ano_del_general_manuel_be.pdf,https://www.bcra.gob.ar/archivos/Pdfs/comytexord/B11943.pdf,B11943,2026-05-12T15:19:50+00:00,2020-01-29,100925,2,“2020 - AÑO DEL GENERAL MANUEL BELGRANO”,true,,
comunicacion_B,data/raw/03_comunicaciones_B/B11944_2020_ano_del_general_manuel_be.pdf,https://www.bcra.gob.ar/archivos/Pdfs/comytexord/B11944.pdf,B11944,2026-05-12T15:19:51+00:00,2020-01-31,76990,2,“2020 - AÑO DEL GENERAL MANUEL BELGRANO”,true,,
comunicacion_B,data/raw/03_comunicaciones_B/B11945_2020_ano_del_general_manuel_be.pdf,https://www.bcra.gob.ar/archivos/Pdfs/comytexord/B11945.pdf,B11945,2026-05-12T15:19:51+00:00,2020-02-03,100809,2,“2020 - AÑO DEL GENERAL MANUEL BELGRANO”,true,,
comunicacion_B,data/raw/03_comunicaciones_B/B11946_2020_ano_del_general_manuel_be.pdf,https://www.bcra.gob.ar/archivos/Pdfs/comytexord/B11946.pdf,B11946,2026-05-12T15:19:52+00:00,2020-02-03,121556,2,“2020 - AÑO DEL GENERAL MANUEL BELGRANO”,true,,
comunicacion_B,data/raw/03_comunicaciones_B/B11947_2020_ano_del_general_manuel_be.pdf,https://www.bcra.gob.ar/archivos/Pdfs/comytexord/B11947.pdf,B11947,2026-05-12T15:19:52+00:00,2020-02-06,647734,8,“2020 - AÑO DEL GENERAL MANUEL BELGRANO”,true,,
comunicacion_B,data/raw/03_comunicaciones_B/B11948_2020_ano_del_general_manuel_be.pdf,https://www.bcra.gob.ar/archivos/Pdfs/comytexord/B11948.pdf,B11948,2026-05-12T15:19:53+00:00,2020-02-07,79639,2,“2020 - AÑO DEL GENERAL MANUEL BELGRANO”,true,,
comunicacion_B,data/raw/03_comunicaciones_B/B11949_2020_ano_del_general_manuel_be.pdf,https://www.bcra.gob.ar/archivos/Pdfs/comytexord/B11949.pdf,B11949,2026-05-12T15:19:53+00:00,2020-02-13,119338,2,“2020 - AÑO DEL GENERAL MANUEL BELGRANO”,true,,
comunicacion_B,data/raw/03_comunicaciones_B/B11950_2020_ano_del_general_manuel_be.pdf,https://www.bcra.gob.ar/archivos/Pdfs/comytexord/B11950.pdf,B11950,2026-05-12T15:19:54+00:00,2020-02-13,84736,2,“2020 - AÑO DEL GENERAL MANUEL BELGRANO”,true,,
comunicacion_B,data/raw/03_comunicaciones_B/B11951_2020_ano_del_general_manuel_be.pdf,https://www.bcra.gob.ar/archivos/Pdfs/comytexord/B11951.pdf,B11951,2026-05-12T15:19:54+00:00,2020-02-14,57267,1,“2020 - AÑO DEL GENERAL MANUEL BELGRANO”,true,,
comunicacion_B,data/raw/03_comunicaciones_B/B11952_2020_ano_del_general_manuel_be.pdf,https://www.bcra.gob.ar/archivos/Pdfs/comytexord/B11952.pdf,B11952,2026-05-12T15:19:55+00:00,2020-02-14,58403,1,“2020 - AÑO DEL GENERAL MANUEL BELGRANO”,true,,
comunicacion_B,data/raw/03_comunicaciones_B/B11953_2020_ano_del_general_manuel_be.pdf,https://www.bcra.gob.ar/archivos/Pdfs/comytexord/B11953.pdf,B11953,2026-05-12T15:19:55+00:00,2020-02-19,84310,2,“2020 - AÑO DEL GENERAL MANUEL BELGRANO”,true,,
comunicacion_B,data/raw/03_comunicaciones_B/B11954_2020_ano_del_general_manuel_be.pdf,https://www.bcra.gob.ar/archivos/Pdfs/comytexord/B11954.pdf,B11954,2026-05-12T15:19:56+00:00,2020-02-20,114765,2,“2020 - AÑO DEL GENERAL MANUEL BELGRANO”,true,,
comunicacion_B,data/raw/03_comunicaciones_B/B11955_2020_ano_del_general_manuel_be.pdf,https://www.bcra.gob.ar/archivos/Pdfs/comytexord/B11955.pdf,B11955,2026-05-12T15:19:56+00:00,2020-02-20,78793,2,“2020 - AÑO DEL GENERAL MANUEL BELGRANO”,true,,
comunicacion_B,data/raw/03_comunicaciones_B/B11956_2020_ano_del_general_manuel_be.pdf,https://www.bcra.gob.ar/archivos/Pdfs/comytexord/B11956.pdf,B11956,2026-05-12T15:19:57+00:00,2020-02-20,100762,2,“2020 - AÑO DEL GENERAL MANUEL BELGRANO”,true,,
comunicacion_B,data/raw/03_comunicaciones_B/B11957_2020_ano_del_general_manuel_be.pdf,https://www.bcra.gob.ar/archivos/Pdfs/comytexord/B11957.pdf,B11957,2026-05-12T15:19:57+00:00,2020-02-21,58334,1,“2020 - AÑO DEL GENERAL MANUEL BELGRANO”,true,,
comunicacion_B,data/raw/03_comunicaciones_B/B11958_2020_ano_del_general_manuel_be.pdf,https://www.bcra.gob.ar/archivos/Pdfs/comytexord/B11958.pdf,B11958,2026-05-12T15:19:58+00:00,2020-02-26,100790,2,“2020 - AÑO DEL GENERAL MANUEL BELGRANO”,true,,
comunicacion_B,data/raw/03_comunicaciones_B/B11959_2020_ano_del_general_manuel_be.pdf,https://www.bcra.gob.ar/archivos/Pdfs/comytexord/B11959.pdf,B11959,2026-05-12T15:19:58+00:00,2020-02-27,94265,2,“2020 - AÑO DEL GENERAL MANUEL BELGRANO”,true,,
comunicacion_B,data/raw/03_comunicaciones_B/B11960_2020_ano_del_general_manuel_be.pdf,https://www.bcra.gob.ar/archivos/Pdfs/comytexord/B11960.pdf,B11960,2026-05-12T15:19:59+00:00,2020-02-27,100866,2,“2020 - AÑO DEL GENERAL MANUEL BELGRANO”,true,,
comunicacion_B,data/raw/03_comunicaciones_B/B11961_2020_ano_del_general_manuel_be.pdf,https://www.bcra.gob.ar/archivos/Pdfs/comytexord/B11961.pdf,B11961,2026-05-12T15:19:59+00:00,2020-03-02,121536,2,“2020 - AÑO DEL GENERAL MANUEL BELGRANO”,true,,
comunicacion_B,data/raw/03_comunicaciones_B/B11962_2020_ano_del_general_manuel_be.pdf,https://www.bcra.gob.ar/archivos/Pdfs/comytexord/B11962.pdf,B11962,2026-05-12T15:20:00+00:00,2020-03-03,100914,2,“2020 - AÑO DEL GENERAL MANUEL BELGRANO”,true,,
comunicacion_B,data/raw/03_comunicaciones_B/B11963_2020_ano_del_general_manuel_be.pdf,https://www.bcra.gob.ar/archivos/Pdfs/comytexord/B11963.pdf,B11963,2026-05-12T15:20:00+00:00,2020-03-04,100950,2,“2020 - AÑO DEL GENERAL MANUEL BELGRANO”,true,,
comunicacion_B,data/raw/03_comunicaciones_B/B11964_2020_ano_del_general_manuel_be.pdf,https://www.bcra.gob.ar/archivos/Pdfs/comytexord/B11964.pdf,B11964,2026-05-12T15:20:01+00:00,2020-03-06,78838,2,“2020 - AÑO DEL GENERAL MANUEL BELGRANO”,true,,
comunicacion_B,data/raw/03_comunicaciones_B/B11965_2020_ano_del_general_manuel_be.pdf,https://www.bcra.gob.ar/archivos/Pdfs/comytexord/B11965.pdf,B11965,2026-05-12T15:20:01+00:00,2020-03-09,100896,2,“2020 - AÑO DEL GENERAL MANUEL BELGRANO”,true,,
comunicacion_B,data/raw/03_comunicaciones_B/B11966_2020_ano_del_general_manuel_be.pdf,https://www.bcra.gob.ar/archivos/Pdfs/comytexord/B11966.pdf,B11966,2026-05-12T15:20:02+00:00,2020-03-11,182477,7,“2020 - AÑO DEL GENERAL MANUEL BELGRANO”,true,,
comunicacion_B,data/raw/03_comunicaciones_B/B11967_2020_ano_del_general_manuel_be.pdf,https://www.bcra.gob.ar/archivos/Pdfs/comytexord/B11967.pdf,B11967,2026-05-12T15:20:02+00:00,2020-03-11,79461,2,“2020 - AÑO DEL GENERAL MANUEL BELGRANO”,true,,
comunicacion_B,data/raw/03_comunicaciones_B/B11968_2020_ano_del_general_manuel_be.pdf,https://www.bcra.gob.ar/archivos/Pdfs/comytexord/B11968.pdf,B11968,2026-05-12T15:20:03+00:00,2020-03-11,130671,3,“2020 - AÑO DEL GENERAL MANUEL BELGRANO”,true,,
comunicacion_B,data/raw/03_comunicaciones_B/B11970_2020_ano_del_general_manuel_be.pdf,https://www.bcra.gob.ar/archivos/Pdfs/comytexord/B11970.pdf,B11970,2026-05-12T15:20:04+00:00,2020-03-13,84727,2,“2020 - AÑO DEL GENERAL MANUEL BELGRANO”,true,,
comunicacion_B,data/raw/03_comunicaciones_B/B11969_2020_ano_del_general_manuel_be.pdf,https://www.bcra.gob.ar/archivos/Pdfs/comytexord/B11969.pdf,B11969,2026-05-12T15:20:04+00:00,2020-03-13,119323,2,“2020 - AÑO DEL GENERAL MANUEL BELGRANO”,true,,
comunicacion_B,data/raw/03_comunicaciones_B/B11972_2020_ano_del_general_manuel_be.pdf,https://www.bcra.gob.ar/archivos/Pdfs/comytexord/B11972.pdf,B11972,2026-05-12T15:20:05+00:00,2020-03-16,83416,3,“2020 - AÑO DEL GENERAL MANUEL BELGRANO”,true,,
comunicacion_B,data/raw/03_comunicaciones_B/B11971_2020_ano_del_general_manuel_be.pdf,https://www.bcra.gob.ar/archivos/Pdfs/comytexord/B11971.pdf,B11971,2026-05-12T15:20:05+00:00,2020-03-13,114788,2,“2020 - AÑO DEL GENERAL MANUEL BELGRANO”,true,,
comunicacion_B,data/raw/03_comunicaciones_B/B11973_2019_ano_de_la_exportacion.pdf,https://www.bcra.gob.ar/archivos/Pdfs/comytexord/B11973.pdf,B11973,2026-05-12T15:20:06+00:00,2020-03-17,42058,1,“2019 - AÑO DE LA EXPORTACIÓN”,true,,
comunicacion_B,data/raw/03_comunicaciones_B/B11974_2020_ano_del_general_manuel_be.pdf,https://www.bcra.gob.ar/archivos/Pdfs/comytexord/B11974.pdf,B11974,2026-05-12T15:20:06+00:00,2020-03-18,82639,1,“2020 - AÑO DEL GENERAL MANUEL BELGRANO”,true,,
comunicacion_B,data/raw/03_comunicaciones_B/B11975_2020_ano_del_general_manuel_be.pdf,https://www.bcra.gob.ar/archivos/Pdfs/comytexord/B11975.pdf,B11975,2026-05-12T15:20:07+00:00,2020-03-19,58015,1,“2020 - AÑO DEL GENERAL MANUEL BELGRANO”,true,,
comunicacion_B,data/raw/03_comunicaciones_B/B11976_2020_ano_del_general_manuel_be.pdf,https://www.bcra.gob.ar/archivos/Pdfs/comytexord/B11976.pdf,B11976,2026-05-12T15:20:07+00:00,2020-03-20,138226,2,“2020 - AÑO DEL GENERAL MANUEL BELGRANO”,true,,
comunicacion_B,data/raw/03_comunicaciones_B/B11977_2020_ano_del_general_manuel_be.pdf,https://www.bcra.gob.ar/archivos/Pdfs/comytexord/B11977.pdf,B11977,2026-05-12T15:20:08+00:00,2020-03-20,44703,1,“2020 - AÑO DEL GENERAL MANUEL BELGRANO”,true,,
comunicacion_B,data/raw/03_comunicaciones_B/B11978_2020_ano_del_general_manuel_be.pdf,https://www.bcra.gob.ar/archivos/Pdfs/comytexord/B11978.pdf,B11978,2026-05-12T15:20:08+00:00,2020-03-20,84402,2,“2020 - AÑO DEL GENERAL MANUEL BELGRANO”,true,,
comunicacion_B,data/raw/03_comunicaciones_B/B11979_comunicacion_b_11979_25_3_2020.pdf,https://www.bcra.gob.ar/archivos/Pdfs/comytexord/B11979.pdf,B11979,2026-05-12T15:20:09+00:00,2020-03-25,56279,1,COMUNICACIÓN  “B”  11979 25/3/2020,true,,
comunicacion_B,data/raw/03_comunicaciones_B/B11980_2020_ano_del_general_manuel_be.pdf,https://www.bcra.gob.ar/archivos/Pdfs/comytexord/B11980.pdf,B11980,2026-05-12T15:20:09+00:00,2020-03-27,57818,1,“2020 - AÑO DEL GENERAL MANUEL BELGRANO”,true,,
comunicacion_B,data/raw/03_comunicaciones_B/B11981_2020_ano_del_general_manuel_be.pdf,https://www.bcra.gob.ar/archivos/Pdfs/comytexord/B11981.pdf,B11981,2026-05-12T15:20:10+00:00,2020-04-01,134576,4,“2020 - AÑO DEL GENERAL MANUEL BELGRANO”,true,,
comunicacion_B,data/raw/03_comunicaciones_B/B11982_2020_ano_del_general_manuel_be.pdf,https://www.bcra.gob.ar/archivos/Pdfs/comytexord/B11982.pdf,B11982,2026-05-12T15:20:10+00:00,2020-04-01,121542,2,“2020 - AÑO DEL GENERAL MANUEL BELGRANO”,true,,
comunicacion_B,data/raw/03_comunicaciones_B/B11983_2020_ano_del_general_manuel_be.pdf,https://www.bcra.gob.ar/archivos/Pdfs/comytexord/B11983.pdf,B11983,2026-05-12T15:20:11+00:00,2020-04-06,100873,2,“2020 - AÑO DEL GENERAL MANUEL BELGRANO”,true,,
comunicacion_B,data/raw/03_comunicaciones_B/B11984_2020_ano_del_general_manuel_be.pdf,https://www.bcra.gob.ar/archivos/Pdfs/comytexord/B11984.pdf,B11984,2026-05-12T15:20:11+00:00,2020-04-08,79605,2,“2020 - AÑO DEL GENERAL MANUEL BELGRANO”,true,,
comunicacion_B,data/raw/03_comunicaciones_B/B11985_2020_ano_del_general_manuel_be.pdf,https://www.bcra.gob.ar/archivos/Pdfs/comytexord/B11985.pdf,B11985,2026-05-12T15:20:12+00:00,2020-04-08,80278,1,“2020 - AÑO DEL GENERAL MANUEL BELGRANO”,true,,
comunicacion_B,data/raw/03_comunicaciones_B/B11986_2020_ano_del_general_manuel_be.pdf,https://www.bcra.gob.ar/archivos/Pdfs/comytexord/B11986.pdf,B11986,2026-05-12T15:20:13+00:00,2020-04-14,114734,2,“2020 - AÑO DEL GENERAL MANUEL BELGRANO”,true,,
comunicacion_B,data/raw/03_comunicaciones_B/B11987_2020_ano_del_general_manuel_be.pdf,https://www.bcra.gob.ar/archivos/Pdfs/comytexord/B11987.pdf,B11987,2026-05-12T15:20:13+00:00,2020-04-15,100979,2,“2020 - AÑO DEL GENERAL MANUEL BELGRANO”,true,,
comunicacion_B,data/raw/03_comunicaciones_B/B11988_2020_ano_del_general_manuel_be.pdf,https://www.bcra.gob.ar/archivos/Pdfs/comytexord/B11988.pdf,B11988,2026-05-12T15:20:13+00:00,2020-04-15,119317,2,“2020 - AÑO DEL GENERAL MANUEL BELGRANO”,true,,
comunicacion_B,data/raw/03_comunicaciones_B/B11989_2020_ano_del_general_manuel_be.pdf,https://www.bcra.gob.ar/archivos/Pdfs/comytexord/B11989.pdf,B11989,2026-05-12T15:20:14+00:00,2020-04-15,84739,2,“2020 - AÑO DEL GENERAL MANUEL BELGRANO”,true,,
comunicacion_B,data/raw/03_comunicaciones_B/B11990_2020_ano_del_general_manuel_be.pdf,https://www.bcra.gob.ar/archivos/Pdfs/comytexord/B11990.pdf,B11990,2026-05-12T15:20:14+00:00,2020-04-17,100808,2,“2020 - AÑO DEL GENERAL MANUEL BELGRANO”,true,,
comunicacion_B,data/raw/03_comunicaciones_B/B11991_2020_ano_del_general_manuel_be.pdf,https://www.bcra.gob.ar/archivos/Pdfs/comytexord/B11991.pdf,B11991,2026-05-12T15:20:15+00:00,2020-04-20,58521,1,“2020 - AÑO DEL GENERAL MANUEL BELGRANO”,true,,
comunicacion_B,data/raw/03_comunicaciones_B/B11992_2020_ano_del_general_manuel_be.pdf,https://www.bcra.gob.ar/archivos/Pdfs/comytexord/B11992.pdf,B11992,2026-05-12T15:20:15+00:00,2020-04-20,82554,3,“2020 - AÑO DEL GENERAL MANUEL BELGRANO”,true,,
comunicacion_B,data/raw/03_comunicaciones_B/B11993_2020_ano_del_general_manuel_be.pdf,https://www.bcra.gob.ar/archivos/Pdfs/comytexord/B11993.pdf,B11993,2026-05-12T15:20:16+00:00,2020-04-21,84302,2,“2020 - AÑO DEL GENERAL MANUEL BELGRANO”,true,,
comunicacion_B,data/raw/03_comunicaciones_B/B11994_2020_ano_del_general_manuel_be.pdf,https://www.bcra.gob.ar/archivos/Pdfs/comytexord/B11994.pdf,B11994,2026-05-12T15:20:16+00:00,2020-04-22,100953,2,“2020 - AÑO DEL GENERAL MANUEL BELGRANO”,true,,
comunicacion_B,data/raw/03_comunicaciones_B/B11995_2020_ano_del_general_manuel_be.pdf,https://www.bcra.gob.ar/archivos/Pdfs/comytexord/B11995.pdf,B11995,2026-05-12T15:20:17+00:00,2020-04-23,100814,2,“2020 - AÑO DEL GENERAL MANUEL BELGRANO”,true,,
comunicacion_B,data/raw/03_comunicaciones_B/B11996_2020_ano_del_general_manuel_be.pdf,https://www.bcra.gob.ar/archivos/Pdfs/comytexord/B11996.pdf,B11996,2026-05-12T15:20:17+00:00,2020-04-24,44130,1,“2020 - AÑO DEL GENERAL MANUEL BELGRANO”,true,,
comunicacion_B,data/raw/03_comunicaciones_B/B11997_2020_ano_del_general_manuel_be.pdf,https://www.bcra.gob.ar/archivos/Pdfs/comytexord/B11997.pdf,B11997,2026-05-12T15:20:18+00:00,2020-04-27,100953,2,“2020 - AÑO DEL GENERAL MANUEL BELGRANO”,true,,
comunicacion_B,data/raw/03_comunicaciones_B/B11998_2020_ano_del_general_manuel_be.pdf,https://www.bcra.gob.ar/archivos/Pdfs/comytexord/B11998.pdf,B11998,2026-05-12T15:20:18+00:00,2020-04-28,100933,2,“2020 - AÑO DEL GENERAL MANUEL BELGRANO”,true,,
comunicacion_B,data/raw/03_comunicaciones_B/B11999_2020_ano_del_general_manuel_be.pdf,https://www.bcra.gob.ar/archivos/Pdfs/comytexord/B11999.pdf,B11999,2026-05-12T15:20:19+00:00,2020-04-29,363141,3,“2020 - AÑO DEL GENERAL MANUEL BELGRANO”,true,,
comunicacion_B,data/raw/03_comunicaciones_B/B12000_2020_ano_del_general_manuel_be.pdf,https://www.bcra.gob.ar/archivos/Pdfs/comytexord/B12000.pdf,B12000,2026-05-12T15:20:19+00:00,2020-04-29,118984,3,“2020 - AÑO DEL GENERAL MANUEL BELGRANO”,true,,
comunicacion_B,data/raw/03_comunicaciones_B/B12001_2020_ano_del_general_manuel_be.pdf,https://www.bcra.gob.ar/archivos/Pdfs/comytexord/B12001.pdf,B12001,2026-05-12T15:20:20+00:00,2020-05-02,99950,2,“2020 - AÑO DEL GENERAL MANUEL BELGRANO”,true,,
comunicacion_B,data/raw/03_comunicaciones_B/B12002_2020_ano_del_general_manuel_be.pdf,https://www.bcra.gob.ar/archivos/Pdfs/comytexord/B12002.pdf,B12002,2026-05-12T15:20:20+00:00,2020-05-04,57666,1,“2020 - AÑO DEL GENERAL MANUEL BELGRANO”,true,,
comunicacion_B,data/raw/03_comunicaciones_B/B12003_2020_ano_del_general_manuel_be.pdf,https://www.bcra.gob.ar/archivos/Pdfs/comytexord/B12003.pdf,B12003,2026-05-12T15:20:21+00:00,2020-05-04,100877,2,“2020 - AÑO DEL GENERAL MANUEL BELGRANO”,true,,
comunicacion_B,data/raw/03_comunicaciones_B/B12004_2020_ano_del_general_manuel_be.pdf,https://www.bcra.gob.ar/archivos/Pdfs/comytexord/B12004.pdf,B12004,2026-05-12T15:20:21+00:00,2020-05-04,121431,2,“2020 - AÑO DEL GENERAL MANUEL BELGRANO”,true,,
comunicacion_B,data/raw/03_comunicaciones_B/B12005_2020_ano_del_general_manuel_be.pdf,https://www.bcra.gob.ar/archivos/Pdfs/comytexord/B12005.pdf,B12005,2026-05-12T15:20:22+00:00,2020-05-06,62458,2,“2020 - AÑO DEL GENERAL MANUEL BELGRANO”,true,,
comunicacion_B,data/raw/03_comunicaciones_B/B12006_2020_ano_del_general_manuel_be.pdf,https://www.bcra.gob.ar/archivos/Pdfs/comytexord/B12006.pdf,B12006,2026-05-12T15:20:22+00:00,2020-05-06,48662,1,“2020 - AÑO DEL GENERAL MANUEL BELGRANO”,true,,
comunicacion_B,data/raw/03_comunicaciones_B/B12007_2020_ano_del_general_manuel_be.pdf,https://www.bcra.gob.ar/archivos/Pdfs/comytexord/B12007.pdf,B12007,2026-05-12T15:20:23+00:00,2020-05-07,143573,2,“2020 - AÑO DEL GENERAL MANUEL BELGRANO”,true,,
comunicacion_B,data/raw/03_comunicaciones_B/B12008_2020_ano_del_general_manuel_be.pdf,https://www.bcra.gob.ar/archivos/Pdfs/comytexord/B12008.pdf,B12008,2026-05-12T15:20:23+00:00,2020-05-08,79504,2,“2020 - AÑO DEL GENERAL MANUEL BELGRANO”,true,,
comunicacion_B,data/raw/03_comunicaciones_B/B12009_2020_ano_del_general_manuel_be.pdf,https://www.bcra.gob.ar/archivos/Pdfs/comytexord/B12009.pdf,B12009,2026-05-12T15:20:24+00:00,2020-05-12,58149,1,“2020 - AÑO DEL GENERAL MANUEL BELGRANO”,true,,
comunicacion_B,data/raw/03_comunicaciones_B/B12010_2020_ano_del_general_manuel_be.pdf,https://www.bcra.gob.ar/archivos/Pdfs/comytexord/B12010.pdf,B12010,2026-05-12T15:20:24+00:00,2020-05-13,119382,2,“2020 - AÑO DEL GENERAL MANUEL BELGRANO”,true,,
comunicacion_B,data/raw/03_comunicaciones_B/B12011_2020_ano_del_general_manuel_be.pdf,https://www.bcra.gob.ar/archivos/Pdfs/comytexord/B12011.pdf,B12011,2026-05-12T15:20:25+00:00,2020-05-14,114762,2,“2020 - AÑO DEL GENERAL MANUEL BELGRANO”,true,,
comunicacion_B,data/raw/03_comunicaciones_B/B12012_2020_ano_del_general_manuel_be.pdf,https://www.bcra.gob.ar/archivos/Pdfs/comytexord/B12012.pdf,B12012,2026-05-12T15:20:25+00:00,2020-05-14,119321,2,“2020 - AÑO DEL GENERAL MANUEL BELGRANO”,true,,
comunicacion_B,data/raw/03_comunicaciones_B/B12013_2020_ano_del_general_manuel_be.pdf,https://www.bcra.gob.ar/archivos/Pdfs/comytexord/B12013.pdf,B12013,2026-05-12T15:20:26+00:00,2020-05-14,102111,3,“2020 - AÑO DEL GENERAL MANUEL BELGRANO”,true,,
comunicacion_B,data/raw/03_comunicaciones_B/B12014_2020_ano_del_general_manuel_be.pdf,https://www.bcra.gob.ar/archivos/Pdfs/comytexord/B12014.pdf,B12014,2026-05-12T15:20:26+00:00,2020-05-21,101519,3,“2020 - AÑO DEL GENERAL MANUEL BELGRANO”,true,,
comunicacion_B,data/raw/03_comunicaciones_B/B12015_2020_ano_del_general_manuel_be.pdf,https://www.bcra.gob.ar/archivos/Pdfs/comytexord/B12015.pdf,B12015,2026-05-12T15:20:27+00:00,2020-06-01,121547,2,“2020 - AÑO DEL GENERAL MANUEL BELGRANO”,true,,
comunicacion_B,data/raw/03_comunicaciones_B/B12016_2020_ano_del_general_manuel_be.pdf,https://www.bcra.gob.ar/archivos/Pdfs/comytexord/B12016.pdf,B12016,2026-05-12T15:20:27+00:00,2020-06-03,182292,6,“2020 - AÑO DEL GENERAL MANUEL BELGRANO”,true,,
comunicacion_B,data/raw/03_comunicaciones_B/B12017_2020_ano_del_general_manuel_be.pdf,https://www.bcra.gob.ar/archivos/Pdfs/comytexord/B12017.pdf,B12017,2026-05-12T15:20:28+00:00,2020-06-03,199237,7,“2020 - AÑO DEL GENERAL MANUEL BELGRANO”,true,,
comunicacion_B,data/raw/03_comunicaciones_B/B12018_2020_ano_del_general_manuel_be.pdf,https://www.bcra.gob.ar/archivos/Pdfs/comytexord/B12018.pdf,B12018,2026-05-12T15:20:28+00:00,2020-06-03,140343,4,“2020 - AÑO DEL GENERAL MANUEL BELGRANO”,true,,
comunicacion_B,data/raw/03_comunicaciones_B/B12019_2020_ano_del_general_manuel_be.pdf,https://www.bcra.gob.ar/archivos/Pdfs/comytexord/B12019.pdf,B12019,2026-05-12T15:20:29+00:00,2020-06-05,101057,2,“2020 - AÑO DEL GENERAL MANUEL BELGRANO”,true,,
comunicacion_B,data/raw/03_comunicaciones_B/B12020_2020_ano_del_general_manuel_be.pdf,https://www.bcra.gob.ar/archivos/Pdfs/comytexord/B12020.pdf,B12020,2026-05-12T15:20:29+00:00,2020-06-08,104102,3,“2020 - AÑO DEL GENERAL MANUEL BELGRANO”,true,,
comunicacion_B,data/raw/03_comunicaciones_B/B12021_2020_ano_del_general_manuel_be.pdf,https://www.bcra.gob.ar/archivos/Pdfs/comytexord/B12021.pdf,B12021,2026-05-12T15:20:30+00:00,2020-06-10,145446,4,“2020 - AÑO DEL GENERAL MANUEL BELGRANO”,true,,
comunicacion_B,data/raw/03_comunicaciones_B/B12022_2020_ano_del_general_manuel_be.pdf,https://www.bcra.gob.ar/archivos/Pdfs/comytexord/B12022.pdf,B12022,2026-05-12T15:20:30+00:00,2020-06-10,79723,2,“2020 - AÑO DEL GENERAL MANUEL BELGRANO”,true,,
comunicacion_B,data/raw/03_comunicaciones_B/B12023_2020_ano_del_general_manuel_be.pdf,https://www.bcra.gob.ar/archivos/Pdfs/comytexord/B12023.pdf,B12023,2026-05-12T15:20:31+00:00,2020-06-11,102106,3,“2020 - AÑO DEL GENERAL MANUEL BELGRANO”,true,,
comunicacion_B,data/raw/03_comunicaciones_B/B12024_2020_ano_del_general_manuel_be.pdf,https://www.bcra.gob.ar/archivos/Pdfs/comytexord/B12024.pdf,B12024,2026-05-12T15:20:32+00:00,2020-06-11,119314,2,“2020 - AÑO DEL GENERAL MANUEL BELGRANO”,true,,
comunicacion_B,data/raw/03_comunicaciones_B/B12025_2020_ano_del_general_manuel_be.pdf,https://www.bcra.gob.ar/archivos/Pdfs/comytexord/B12025.pdf,B12025,2026-05-12T15:20:32+00:00,2020-06-12,114774,2,“2020 - AÑO DEL GENERAL MANUEL BELGRANO”,true,,
comunicacion_B,data/raw/03_comunicaciones_B/B12026_2020_ano_del_general_manuel_be.pdf,https://www.bcra.gob.ar/archivos/Pdfs/comytexord/B12026.pdf,B12026,2026-05-12T15:20:32+00:00,2020-06-12,44110,1,“2020 - AÑO DEL GENERAL MANUEL BELGRANO”,true,,
comunicacion_B,data/raw/03_comunicaciones_B/B12027_2020_ano_del_general_manuel_be.pdf,https://www.bcra.gob.ar/archivos/Pdfs/comytexord/B12027.pdf,B12027,2026-05-12T15:20:33+00:00,2020-06-16,44404,1,“2020 - AÑO DEL GENERAL MANUEL BELGRANO”,true,,
comunicacion_B,data/raw/03_comunicaciones_B/B12028_2020_ano_del_general_manuel_be.pdf,https://www.bcra.gob.ar/archivos/Pdfs/comytexord/B12028.pdf,B12028,2026-05-12T15:20:33+00:00,2020-06-18,101468,3,“2020 - AÑO DEL GENERAL MANUEL BELGRANO”,true,,
comunicacion_B,data/raw/03_comunicaciones_B/B12029_2020_ano_del_general_manuel_be.pdf,https://www.bcra.gob.ar/archivos/Pdfs/comytexord/B12029.pdf,B12029,2026-05-12T15:20:34+00:00,2020-06-23,58229,1,“2020 - AÑO DEL GENERAL MANUEL BELGRANO”,true,,
comunicacion_B,data/raw/03_comunicaciones_B/B12030_2020_ano_del_general_manuel_be.pdf,https://www.bcra.gob.ar/archivos/Pdfs/comytexord/B12030.pdf,B12030,2026-05-12T15:20:34+00:00,2020-07-01,57617,1,“2020 - AÑO DEL GENERAL MANUEL BELGRANO”,true,,
comunicacion_B,data/raw/03_comunicaciones_B/B12031_2020_ano_del_general_manuel_be.pdf,https://www.bcra.gob.ar/archivos/Pdfs/comytexord/B12031.pdf,B12031,2026-05-12T15:20:35+00:00,2020-07-01,121463,2,“2020 - AÑO DEL GENERAL MANUEL BELGRANO”,true,,
comunicacion_B,data/raw/03_comunicaciones_B/B12032_2020_ano_del_general_manuel_be.pdf,https://www.bcra.gob.ar/archivos/Pdfs/comytexord/B12032.pdf,B12032,2026-05-12T15:20:35+00:00,2020-07-02,57992,1,“2020 - AÑO DEL GENERAL MANUEL BELGRANO”,true,,
comunicacion_B,data/raw/03_comunicaciones_B/B12033_2020_ano_del_general_manuel_be.pdf,https://www.bcra.gob.ar/archivos/Pdfs/comytexord/B12033.pdf,B12033,2026-05-12T15:20:36+00:00,2020-07-06,58075,1,“2020 - AÑO DEL GENERAL MANUEL BELGRANO”,true,,
comunicacion_B,data/raw/03_comunicaciones_B/B12034_2020_ano_del_general_manuel_be.pdf,https://www.bcra.gob.ar/archivos/Pdfs/comytexord/B12034.pdf,B12034,2026-05-12T15:20:36+00:00,2020-07-07,96955,3,“2020 - AÑO DEL GENERAL MANUEL BELGRANO”,true,,
comunicacion_B,data/raw/03_comunicaciones_B/B12035_2020_ano_del_general_manuel_be.pdf,https://www.bcra.gob.ar/archivos/Pdfs/comytexord/B12035.pdf,B12035,2026-05-12T15:20:37+00:00,2020-07-14,114774,2,“2020 - AÑO DEL GENERAL MANUEL BELGRANO”,true,,
comunicacion_B,data/raw/03_comunicaciones_B/B12036_2020_ano_del_general_manuel_be.pdf,https://www.bcra.gob.ar/archivos/Pdfs/comytexord/B12036.pdf,B12036,2026-05-12T15:20:38+00:00,2020-07-14,100975,2,“2020 - AÑO DEL GENERAL MANUEL BELGRANO”,true,,
comunicacion_B,data/raw/03_comunicaciones_B/B12037_2020_ano_del_general_manuel_be.pdf,https://www.bcra.gob.ar/archivos/Pdfs/comytexord/B12037.pdf,B12037,2026-05-12T15:20:38+00:00,2020-07-15,119319,2,“2020 - AÑO DEL GENERAL MANUEL BELGRANO”,true,,
comunicacion_B,data/raw/03_comunicaciones_B/B12038_2020_ano_del_general_manuel_be.pdf,https://www.bcra.gob.ar/archivos/Pdfs/comytexord/B12038.pdf,B12038,2026-05-12T15:20:38+00:00,2020-07-15,102128,3,“2020 - AÑO DEL GENERAL MANUEL BELGRANO”,true,,
comunicacion_B,data/raw/03_comunicaciones_B/B12039_2020_ano_del_general_manuel_be.pdf,https://www.bcra.gob.ar/archivos/Pdfs/comytexord/B12039.pdf,B12039,2026-05-12T15:20:39+00:00,2020-07-16,101535,3,“2020 - AÑO DEL GENERAL MANUEL BELGRANO”,true,,
comunicacion_B,data/raw/03_comunicaciones_B/B12040_2020_ano_del_general_manuel_be.pdf,https://www.bcra.gob.ar/archivos/Pdfs/comytexord/B12040.pdf,B12040,2026-05-12T15:20:40+00:00,2020-07-22,58260,1,“2020 - AÑO DEL GENERAL MANUEL BELGRANO”,true,,
comunicacion_B,data/raw/03_comunicaciones_B/B12041_2020_ano_del_general_manuel_be.pdf,https://www.bcra.gob.ar/archivos/Pdfs/comytexord/B12041.pdf,B12041,2026-05-12T15:20:40+00:00,2020-07-22,446782,6,“2020 - AÑO DEL GENERAL MANUEL BELGRANO”,true,,
comunicacion_B,data/raw/03_comunicaciones_B/B12042_2020_ano_del_general_manuel_be.pdf,https://www.bcra.gob.ar/archivos/Pdfs/comytexord/B12042.pdf,B12042,2026-05-12T15:20:41+00:00,2020-07-28,57734,1,“2020 - AÑO DEL GENERAL MANUEL BELGRANO”,true,,
comunicacion_B,data/raw/03_comunicaciones_B/B12043_2020_ano_del_general_manuel_be.pdf,https://www.bcra.gob.ar/archivos/Pdfs/comytexord/B12043.pdf,B12043,2026-05-12T15:20:41+00:00,2020-07-31,303169,13,“2020 - AÑO DEL GENERAL MANUEL BELGRANO”,true,,
comunicacion_B,data/raw/03_comunicaciones_B/B12045_2020_ano_del_general_manuel_be.pdf,https://www.bcra.gob.ar/archivos/Pdfs/comytexord/B12045.pdf,B12045,2026-05-12T15:20:42+00:00,2020-08-07,118504,3,“2020 - AÑO DEL GENERAL MANUEL BELGRANO”,true,,
comunicacion_B,data/raw/03_comunicaciones_B/B12044_2020_ano_del_general_manuel_be.pdf,https://www.bcra.gob.ar/archivos/Pdfs/comytexord/B12044.pdf,B12044,2026-05-12T15:20:44+00:00,2020-08-03,121538,2,“2020 - AÑO DEL GENERAL MANUEL BELGRANO”,true,,
comunicacion_B,data/raw/03_comunicaciones_B/B12046_2020_ano_del_general_manuel_be.pdf,https://www.bcra.gob.ar/archivos/Pdfs/comytexord/B12046.pdf,B12046,2026-05-12T15:20:44+00:00,2020-08-07,79667,2,“2020 - AÑO DEL GENERAL MANUEL BELGRANO”,true,,
comunicacion_B,data/raw/03_comunicaciones_B/B12047_2020_ano_del_general_manuel_be.pdf,https://www.bcra.gob.ar/archivos/Pdfs/comytexord/B12047.pdf,B12047,2026-05-12T15:20:45+00:00,2020-08-07,100974,2,“2020 - AÑO DEL GENERAL MANUEL BELGRANO”,true,,
comunicacion_B,data/raw/03_comunicaciones_B/B12048_2020_ano_del_general_manuel_be.pdf,https://www.bcra.gob.ar/archivos/Pdfs/comytexord/B12048.pdf,B12048,2026-05-12T15:20:45+00:00,,228198,5,“2020 - AÑO DEL GENERAL MANUEL BELGRANO”,true,,
comunicacion_B,data/raw/03_comunicaciones_B/B12049_2020_ano_del_general_manuel_be.pdf,https://www.bcra.gob.ar/archivos/Pdfs/comytexord/B12049.pdf,B12049,2026-05-12T15:20:46+00:00,2020-08-10,55417,1,“2020 - AÑO DEL GENERAL MANUEL BELGRANO”,true,,
comunicacion_B,data/raw/03_comunicaciones_B/B12050_2020_ano_del_general_manuel_be.pdf,https://www.bcra.gob.ar/archivos/Pdfs/comytexord/B12050.pdf,B12050,2026-05-12T15:20:47+00:00,2020-08-10,57463,1,“2020 - AÑO DEL GENERAL MANUEL BELGRANO”,true,,
comunicacion_B,data/raw/03_comunicaciones_B/B12051_2020_ano_del_general_manuel_be.pdf,https://www.bcra.gob.ar/archivos/Pdfs/comytexord/B12051.pdf,B12051,2026-05-12T15:20:48+00:00,2020-08-10,57452,1,“2020 - AÑO DEL GENERAL MANUEL BELGRANO”,true,,
comunicacion_B,data/raw/03_comunicaciones_B/B12053_2020_ano_del_general_manuel_be.pdf,https://www.bcra.gob.ar/archivos/Pdfs/comytexord/B12053.pdf,B12053,2026-05-12T15:20:48+00:00,2020-08-13,119346,2,“2020 - AÑO DEL GENERAL MANUEL BELGRANO”,true,,
comunicacion_B,data/raw/03_comunicaciones_B/B12052_2020_ano_del_general_manuel_be.pdf,https://www.bcra.gob.ar/archivos/Pdfs/comytexord/B12052.pdf,B12052,2026-05-12T15:20:48+00:00,2020-08-10,100955,2,“2020 - AÑO DEL GENERAL MANUEL BELGRANO”,true,,
comunicacion_B,data/raw/03_comunicaciones_B/B12054_2020_ano_del_general_manuel_be.pdf,https://www.bcra.gob.ar/archivos/Pdfs/comytexord/B12054.pdf,B12054,2026-05-12T15:20:49+00:00,2020-08-13,102122,3,“2020 - AÑO DEL GENERAL MANUEL BELGRANO”,true,,
comunicacion_B,data/raw/03_comunicaciones_B/B12055_2020_ano_del_general_manuel_be.pdf,https://www.bcra.gob.ar/archivos/Pdfs/comytexord/B12055.pdf,B12055,2026-05-12T15:20:50+00:00,2020-08-14,114781,2,“2020 - AÑO DEL GENERAL MANUEL BELGRANO”,true,,
comunicacion_B,data/raw/03_comunicaciones_B/B12056_2020_ano_del_general_manuel_be.pdf,https://www.bcra.gob.ar/archivos/Pdfs/comytexord/B12056.pdf,B12056,2026-05-12T15:20:51+00:00,2020-08-18,55437,1,“2020 - AÑO DEL GENERAL MANUEL BELGRANO”,true,,
comunicacion_B,data/raw/03_comunicaciones_B/B12057_2020_ano_del_general_manuel_be.pdf,https://www.bcra.gob.ar/archivos/Pdfs/comytexord/B12057.pdf,B12057,2026-05-12T15:20:51+00:00,2020-08-18,55386,1,“2020 - AÑO DEL GENERAL MANUEL BELGRANO”,true,,
comunicacion_B,data/raw/03_comunicaciones_B/B12058_2020_ano_del_general_manuel_be.pdf,https://www.bcra.gob.ar/archivos/Pdfs/comytexord/B12058.pdf,B12058,2026-05-12T15:20:53+00:00,2020-08-18,84288,2,“2020 - AÑO DEL GENERAL MANUEL BELGRANO”,true,,
comunicacion_B,data/raw/03_comunicaciones_B/B12059_2020_ano_del_general_manuel_be.pdf,https://www.bcra.gob.ar/archivos/Pdfs/comytexord/B12059.pdf,B12059,2026-05-12T15:20:55+00:00,2020-08-27,154905,4,“2020 - AÑO DEL GENERAL MANUEL BELGRANO”,true,,
comunicacion_B,data/raw/03_comunicaciones_B/B12060_2020_ano_del_general_manuel_be.pdf,https://www.bcra.gob.ar/archivos/Pdfs/comytexord/B12060.pdf,B12060,2026-05-12T15:20:55+00:00,2020-09-01,121503,2,“2020 - AÑO DEL GENERAL MANUEL BELGRANO”,true,,
comunicacion_B,data/raw/03_comunicaciones_B/B12061_2020_ano_del_general_manuel_be.pdf,https://www.bcra.gob.ar/archivos/Pdfs/comytexord/B12061.pdf,B12061,2026-05-12T15:20:56+00:00,2020-09-07,79745,2,“2020 - AÑO DEL GENERAL MANUEL BELGRANO”,true,,
comunicacion_B,data/raw/03_comunicaciones_B/B12062_2020_ano_del_general_manuel_be.pdf,https://www.bcra.gob.ar/archivos/Pdfs/comytexord/B12062.pdf,B12062,2026-05-12T15:20:57+00:00,2020-09-14,114768,2,“2020 - AÑO DEL GENERAL MANUEL BELGRANO”,true,,
comunicacion_B,data/raw/03_comunicaciones_B/B12063_2020_ano_del_general_manuel_be.pdf,https://www.bcra.gob.ar/archivos/Pdfs/comytexord/B12063.pdf,B12063,2026-05-12T15:20:57+00:00,2020-09-16,137243,3,“2020 - AÑO DEL GENERAL MANUEL BELGRANO”,true,,
comunicacion_B,data/raw/03_comunicaciones_B/B12064_2020_ano_del_general_manuel_be.pdf,https://www.bcra.gob.ar/archivos/Pdfs/comytexord/B12064.pdf,B12064,2026-05-12T15:20:58+00:00,2020-09-16,130747,3,“2020 - AÑO DEL GENERAL MANUEL BELGRANO”,true,,
comunicacion_B,data/raw/03_comunicaciones_B/B12065_2020_ano_del_general_manuel_be.pdf,https://www.bcra.gob.ar/archivos/Pdfs/comytexord/B12065.pdf,B12065,2026-05-12T15:20:58+00:00,2020-09-16,220638,2,“2020 - AÑO DEL GENERAL MANUEL BELGRANO”,true,,
comunicacion_B,data/raw/03_comunicaciones_B/B12066_2020_ano_del_general_manuel_be.pdf,https://www.bcra.gob.ar/archivos/Pdfs/comytexord/B12066.pdf,B12066,2026-05-12T15:20:59+00:00,2020-09-16,84726,2,“2020 - AÑO DEL GENERAL MANUEL BELGRANO”,true,,
comunicacion_B,data/raw/03_comunicaciones_B/B12067_2020_ano_del_general_manuel_be.pdf,https://www.bcra.gob.ar/archivos/Pdfs/comytexord/B12067.pdf,B12067,2026-05-12T15:20:59+00:00,2020-09-16,84294,2,“2020 - AÑO DEL GENERAL MANUEL BELGRANO”,true,,
comunicacion_B,data/raw/03_comunicaciones_B/B12068_2020_ano_del_general_manuel_be.pdf,https://www.bcra.gob.ar/archivos/Pdfs/comytexord/B12068.pdf,B12068,2026-05-12T15:21:00+00:00,2020-09-18,100990,2,“2020 - AÑO DEL GENERAL MANUEL BELGRANO”,true,,
comunicacion_B,data/raw/03_comunicaciones_B/B12069_2020_ano_del_general_manuel_be.pdf,https://www.bcra.gob.ar/archivos/Pdfs/comytexord/B12069.pdf,B12069,2026-05-12T15:21:00+00:00,2020-09-18,156028,6,“2020 - AÑO DEL GENERAL MANUEL BELGRANO”,true,,
comunicacion_B,data/raw/03_comunicaciones_B/B12070_2020_ano_del_general_manuel_be.pdf,https://www.bcra.gob.ar/archivos/Pdfs/comytexord/B12070.pdf,B12070,2026-05-12T15:21:01+00:00,2020-09-21,58386,1,“2020 - AÑO DEL GENERAL MANUEL BELGRANO”,true,,
comunicacion_B,data/raw/03_comunicaciones_B/B12071_2020_ano_del_general_manuel_be.pdf,https://www.bcra.gob.ar/archivos/Pdfs/comytexord/B12071.pdf,B12071,2026-05-12T15:21:02+00:00,2020-09-24,57681,1,“2020 - AÑO DEL GENERAL MANUEL BELGRANO”,true,,
comunicacion_B,data/raw/03_comunicaciones_B/B12072_2020_ano_del_general_manuel_be.pdf,https://www.bcra.gob.ar/archivos/Pdfs/comytexord/B12072.pdf,B12072,2026-05-12T15:21:02+00:00,2020-10-01,121559,2,“2020 - AÑO DEL GENERAL MANUEL BELGRANO”,true,,
comunicacion_B,data/raw/03_comunicaciones_B/B12073_2020_ano_del_general_manuel_be.pdf,https://www.bcra.gob.ar/archivos/Pdfs/comytexord/B12073.pdf,B12073,2026-05-12T15:21:03+00:00,2020-10-05,58094,1,“2020 - AÑO DEL GENERAL MANUEL BELGRANO”,true,,
comunicacion_B,data/raw/03_comunicaciones_B/B12074_2020_ano_del_general_manuel_be.pdf,https://www.bcra.gob.ar/archivos/Pdfs/comytexord/B12074.pdf,B12074,2026-05-12T15:21:03+00:00,2020-10-05,57581,1,“2020 - AÑO DEL GENERAL MANUEL BELGRANO”,true,,
comunicacion_B,data/raw/03_comunicaciones_B/B12075_2020_ano_del_general_manuel_be.pdf,https://www.bcra.gob.ar/archivos/Pdfs/comytexord/B12075.pdf,B12075,2026-05-12T15:21:04+00:00,2020-10-07,79657,2,“2020 - AÑO DEL GENERAL MANUEL BELGRANO”,true,,
comunicacion_B,data/raw/03_comunicaciones_B/B12076_2020_ano_del_general_manuel_be.pdf,https://www.bcra.gob.ar/archivos/Pdfs/comytexord/B12076.pdf,B12076,2026-05-12T15:21:04+00:00,2020-10-08,100991,2,“2020 - AÑO DEL GENERAL MANUEL BELGRANO”,true,,
comunicacion_B,data/raw/03_comunicaciones_B/B12077_2020_ano_del_general_manuel_be.pdf,https://www.bcra.gob.ar/archivos/Pdfs/comytexord/B12077.pdf,B12077,2026-05-12T15:21:05+00:00,2020-10-14,114801,2,“2020 - AÑO DEL GENERAL MANUEL BELGRANO”,true,,
comunicacion_B,data/raw/03_comunicaciones_B/B12078_2020_ano_del_general_manuel_be.pdf,https://www.bcra.gob.ar/archivos/Pdfs/comytexord/B12078.pdf,B12078,2026-05-12T15:21:05+00:00,2020-10-14,119316,2,“2020 - AÑO DEL GENERAL MANUEL BELGRANO”,true,,
comunicacion_B,data/raw/03_comunicaciones_B/B12079_2020_ano_del_general_manuel_be.pdf,https://www.bcra.gob.ar/archivos/Pdfs/comytexord/B12079.pdf,B12079,2026-05-12T15:21:06+00:00,2020-10-14,84744,2,“2020 - AÑO DEL GENERAL MANUEL BELGRANO”,true,,
comunicacion_B,data/raw/03_comunicaciones_B/B12080_2020_ano_del_general_manuel_be.pdf,https://www.bcra.gob.ar/archivos/Pdfs/comytexord/B12080.pdf,B12080,2026-05-12T15:21:06+00:00,2020-10-16,137220,3,“2020 - AÑO DEL GENERAL MANUEL BELGRANO”,true,,
comunicacion_B,data/raw/03_comunicaciones_B/B12081_2020_ano_del_general_manuel_be.pdf,https://www.bcra.gob.ar/archivos/Pdfs/comytexord/B12081.pdf,B12081,2026-05-12T15:21:07+00:00,2020-10-21,231281,2,“2020 - AÑO DEL GENERAL MANUEL BELGRANO”,true,,
comunicacion_B,data/raw/03_comunicaciones_B/B12082_2020_ano_del_general_manuel_be.pdf,https://www.bcra.gob.ar/archivos/Pdfs/comytexord/B12082.pdf,B12082,2026-05-12T15:21:07+00:00,2020-10-28,43992,1,“2020 - AÑO DEL GENERAL MANUEL BELGRANO”,true,,
comunicacion_B,data/raw/03_comunicaciones_B/B12083_2020_ano_del_general_manuel_be.pdf,https://www.bcra.gob.ar/archivos/Pdfs/comytexord/B12083.pdf,B12083,2026-05-12T15:21:08+00:00,2020-10-29,44517,1,“2020 - AÑO DEL GENERAL MANUEL BELGRANO”,true,,
comunicacion_B,data/raw/03_comunicaciones_B/B12084_2020_ano_del_general_manuel_be.pdf,https://www.bcra.gob.ar/archivos/Pdfs/comytexord/B12084.pdf,B12084,2026-05-12T15:21:08+00:00,2020-11-02,121579,2,“2020 - AÑO DEL GENERAL MANUEL BELGRANO”,true,,
comunicacion_B,data/raw/03_comunicaciones_B/B12085_2020_ano_del_general_manuel_be.pdf,https://www.bcra.gob.ar/archivos/Pdfs/comytexord/B12085.pdf,B12085,2026-05-12T15:21:09+00:00,2020-11-05,59478,1,“2020 - AÑO DEL GENERAL MANUEL BELGRANO”,true,,
comunicacion_B,data/raw/03_comunicaciones_B/B12086_2020_ano_del_general_manuel_be.pdf,https://www.bcra.gob.ar/archivos/Pdfs/comytexord/B12086.pdf,B12086,2026-05-12T15:21:09+00:00,2020-11-05,96585,2,“2020 - AÑO DEL GENERAL MANUEL BELGRANO”,true,,
comunicacion_B,data/raw/03_comunicaciones_B/B12087_2020_ano_del_general_manuel_be.pdf,https://www.bcra.gob.ar/archivos/Pdfs/comytexord/B12087.pdf,B12087,2026-05-12T15:21:10+00:00,2020-11-05,58575,1,“2020 - AÑO DEL GENERAL MANUEL BELGRANO”,true,,
comunicacion_B,data/raw/03_comunicaciones_B/B12088_2020_ano_del_general_manuel_be.pdf,https://www.bcra.gob.ar/archivos/Pdfs/comytexord/B12088.pdf,B12088,2026-05-12T15:21:11+00:00,2020-11-09,79568,2,“2020 - AÑO DEL GENERAL MANUEL BELGRANO”,true,,
comunicacion_B,data/raw/03_comunicaciones_B/B12089_2020_ano_del_general_manuel_be.pdf,https://www.bcra.gob.ar/archivos/Pdfs/comytexord/B12089.pdf,B12089,2026-05-12T15:21:11+00:00,2020-11-09,58081,1,“2020 - AÑO DEL GENERAL MANUEL BELGRANO”,true,,
comunicacion_B,data/raw/03_comunicaciones_B/B12090_2020_ano_del_general_manuel_be.pdf,https://www.bcra.gob.ar/archivos/Pdfs/comytexord/B12090.pdf,B12090,2026-05-12T15:21:11+00:00,2020-11-10,100813,2,“2020 - AÑO DEL GENERAL MANUEL BELGRANO”,true,,
comunicacion_B,data/raw/03_comunicaciones_B/B12091_2020_ano_del_general_manuel_be.pdf,https://www.bcra.gob.ar/archivos/Pdfs/comytexord/B12091.pdf,B12091,2026-05-12T15:21:12+00:00,2020-11-12,119307,2,“2020 - AÑO DEL GENERAL MANUEL BELGRANO”,true,,
comunicacion_B,data/raw/03_comunicaciones_B/B12092_2020_ano_del_general_manuel_be.pdf,https://www.bcra.gob.ar/archivos/Pdfs/comytexord/B12092.pdf,B12092,2026-05-12T15:21:12+00:00,2020-11-12,102110,3,“2020 - AÑO DEL GENERAL MANUEL BELGRANO”,true,,
comunicacion_B,data/raw/03_comunicaciones_B/B12093_2020_ano_del_general_manuel_be.pdf,https://www.bcra.gob.ar/archivos/Pdfs/comytexord/B12093.pdf,B12093,2026-05-12T15:21:13+00:00,2020-11-13,114753,2,“2020 - AÑO DEL GENERAL MANUEL BELGRANO”,true,,
comunicacion_B,data/raw/03_comunicaciones_B/B12094_2020_ano_del_general_manuel_be.pdf,https://www.bcra.gob.ar/archivos/Pdfs/comytexord/B12094.pdf,B12094,2026-05-12T15:21:13+00:00,2020-11-16,137212,3,“2020 - AÑO DEL GENERAL MANUEL BELGRANO”,true,,
comunicacion_B,data/raw/03_comunicaciones_B/B12095_2020_ano_del_general_manuel_be.pdf,https://www.bcra.gob.ar/archivos/Pdfs/comytexord/B12095.pdf,B12095,2026-05-12T15:21:14+00:00,2020-11-18,96802,2,“2020 - AÑO DEL GENERAL MANUEL BELGRANO”,true,,
comunicacion_B,data/raw/03_comunicaciones_B/B12096_2020_ano_del_general_manuel_be.pdf,https://www.bcra.gob.ar/archivos/Pdfs/comytexord/B12096.pdf,B12096,2026-05-12T15:21:14+00:00,2020-11-18,176303,4,“2020 - AÑO DEL GENERAL MANUEL BELGRANO”,true,,
comunicacion_B,data/raw/03_comunicaciones_B/B12097_2020_ano_del_general_manuel_be.pdf,https://www.bcra.gob.ar/archivos/Pdfs/comytexord/B12097.pdf,B12097,2026-05-12T15:21:15+00:00,2020-11-18,100981,2,“2020 - AÑO DEL GENERAL MANUEL BELGRANO”,true,,
comunicacion_B,data/raw/03_comunicaciones_B/B12098_2020_ano_del_general_manuel_be.pdf,https://www.bcra.gob.ar/archivos/Pdfs/comytexord/B12098.pdf,B12098,2026-05-12T15:21:15+00:00,2020-11-19,84317,2,“2020 - AÑO DEL GENERAL MANUEL BELGRANO”,true,,
comunicacion_B,data/raw/03_comunicaciones_B/B12099_2020_ano_del_general_manuel_be.pdf,https://www.bcra.gob.ar/archivos/Pdfs/comytexord/B12099.pdf,B12099,2026-05-12T15:21:16+00:00,2020-11-20,58465,1,“2020 - AÑO DEL GENERAL MANUEL BELGRANO”,true,,
comunicacion_B,data/raw/03_comunicaciones_B/B12100_2020_ano_del_general_manuel_be.pdf,https://www.bcra.gob.ar/archivos/Pdfs/comytexord/B12100.pdf,B12100,2026-05-12T15:21:16+00:00,2020-12-04,76589,2,“2020 - AÑO DEL GENERAL MANUEL BELGRANO”,true,,
comunicacion_B,data/raw/03_comunicaciones_B/B12101_2020_ano_del_general_manuel_be.pdf,https://www.bcra.gob.ar/archivos/Pdfs/comytexord/B12101.pdf,B12101,2026-05-12T15:21:17+00:00,2020-12-10,79572,2,“2020 - AÑO DEL GENERAL MANUEL BELGRANO”,true,,
comunicacion_B,data/raw/03_comunicaciones_B/B12102_2020_ano_del_general_manuel_be.pdf,https://www.bcra.gob.ar/archivos/Pdfs/comytexord/B12102.pdf,B12102,2026-05-12T15:21:17+00:00,2020-12-14,114755,2,“2020 - AÑO DEL GENERAL MANUEL BELGRANO”,true,,
comunicacion_B,data/raw/03_comunicaciones_B/B12103_2020_ano_del_general_manuel_be.pdf,https://www.bcra.gob.ar/archivos/Pdfs/comytexord/B12103.pdf,B12103,2026-05-12T15:21:18+00:00,2020-12-14,76589,2,“2020 - AÑO DEL GENERAL MANUEL BELGRANO”,true,,
comunicacion_B,data/raw/03_comunicaciones_B/B12104_2020_ano_del_general_manuel_be.pdf,https://www.bcra.gob.ar/archivos/Pdfs/comytexord/B12104.pdf,B12104,2026-05-12T15:21:19+00:00,2020-12-15,119272,2,“2020 - AÑO DEL GENERAL MANUEL BELGRANO”,true,,
comunicacion_B,data/raw/03_comunicaciones_B/B12105_2020_ano_del_general_manuel_be.pdf,https://www.bcra.gob.ar/archivos/Pdfs/comytexord/B12105.pdf,B12105,2026-05-12T15:21:19+00:00,2020-12-15,84709,2,“2020 - AÑO DEL GENERAL MANUEL BELGRANO”,true,,
comunicacion_B,data/raw/03_comunicaciones_B/B12106_2020_ano_del_general_manuel_be.pdf,https://www.bcra.gob.ar/archivos/Pdfs/comytexord/B12106.pdf,B12106,2026-05-12T15:21:20+00:00,2020-12-16,137248,3,“2020 - AÑO DEL GENERAL MANUEL BELGRANO”,true,,
comunicacion_B,data/raw/03_comunicaciones_B/B12107_2020_ano_del_general_manuel_be.pdf,https://www.bcra.gob.ar/archivos/Pdfs/comytexord/B12107.pdf,B12107,2026-05-12T15:21:21+00:00,2020-12-21,84296,2,“2020 - AÑO DEL GENERAL MANUEL BELGRANO”,true,,
comunicacion_B,data/raw/03_comunicaciones_B/B12108_2020_ano_del_general_manuel_be.pdf,https://www.bcra.gob.ar/archivos/Pdfs/comytexord/B12108.pdf,B12108,2026-05-12T15:21:21+00:00,2020-12-30,78003,2,“2020 - AÑO DEL GENERAL MANUEL BELGRANO”,true,,
comunicacion_B,data/raw/03_comunicaciones_B/B12109_comunicacion_b_12109_4_1_2021.pdf,https://www.bcra.gob.ar/archivos/Pdfs/comytexord/B12109.pdf,B12109,2026-05-12T15:21:22+00:00,2021-01-04,121379,2,COMUNICACIÓN  “B”  12109 4/1/2021,true,,
comunicacion_B,data/raw/03_comunicaciones_B/B12110_comunicacion_b_12110_05_01_202.pdf,https://www.bcra.gob.ar/archivos/Pdfs/comytexord/B12110.pdf,B12110,2026-05-12T15:21:22+00:00,2021-01-05,108497,1,COMUNICACIÓN  “B”  12110 05/01/2021,true,,
comunicacion_B,data/raw/03_comunicaciones_B/B12111_comunicacion_b_12111_05_01_202.pdf,https://www.bcra.gob.ar/archivos/Pdfs/comytexord/B12111.pdf,B12111,2026-05-12T15:21:22+00:00,2021-01-05,108497,1,COMUNICACIÓN  “B”  12111 05/01/2021,true,,
comunicacion_B,data/raw/03_comunicaciones_B/B12112_2020_ano_del_general_manuel_be.pdf,https://www.bcra.gob.ar/archivos/Pdfs/comytexord/B12112.pdf,B12112,2026-05-12T15:21:23+00:00,2021-01-07,57845,1,“2020 - AÑO DEL GENERAL MANUEL BELGRANO”,true,,
comunicacion_B,data/raw/03_comunicaciones_B/B12113_comunicacion_b_12113_7_1_2021.pdf,https://www.bcra.gob.ar/archivos/Pdfs/comytexord/B12113.pdf,B12113,2026-05-12T15:21:23+00:00,2021-01-07,57752,1,COMUNICACIÓN  “B”  12113 7/1/2021,true,,
comunicacion_B,data/raw/03_comunicaciones_B/B12114_comunicacion_b_12114_12_1_2021.pdf,https://www.bcra.gob.ar/archivos/Pdfs/comytexord/B12114.pdf,B12114,2026-05-12T15:21:24+00:00,2021-01-12,79329,2,COMUNICACIÓN  “B”  12114 12/1/2021,true,,
comunicacion_B,data/raw/03_comunicaciones_B/B12116_comunicacion_b_12116_14_1_2021.pdf,https://www.bcra.gob.ar/archivos/Pdfs/comytexord/B12116.pdf,B12116,2026-05-12T15:21:26+00:00,2021-01-14,114574,2,COMUNICACIÓN  “B”  12116 14/1/2021,true,,
comunicacion_B,data/raw/03_comunicaciones_B/B12115_comunicacion_b_12115_12_01_202.pdf,https://www.bcra.gob.ar/archivos/Pdfs/comytexord/B12115.pdf,B12115,2026-05-12T15:21:26+00:00,2021-01-12,284606,12,COMUNICACIÓN  “B”  12115 12/01/2021,true,,
comunicacion_B,data/raw/03_comunicaciones_B/B12117_2020_ano_del_general_manuel_be.pdf,https://www.bcra.gob.ar/archivos/Pdfs/comytexord/B12117.pdf,B12117,2026-05-12T15:21:26+00:00,2021-01-14,119264,2,“2020 - AÑO DEL GENERAL MANUEL BELGRANO”,true,,
comunicacion_B,data/raw/03_comunicaciones_B/B12118_comunicacion_b_12118_14_1_2021.pdf,https://www.bcra.gob.ar/archivos/Pdfs/comytexord/B12118.pdf,B12118,2026-05-12T15:21:27+00:00,2021-01-14,84618,2,COMUNICACIÓN  “B”  12118 14/1/2021,true,,
comunicacion_B,data/raw/03_comunicaciones_B/B12119_comunicacion_b_12119_15_1_2021.pdf,https://www.bcra.gob.ar/archivos/Pdfs/comytexord/B12119.pdf,B12119,2026-05-12T15:21:27+00:00,2021-01-15,136956,3,COMUNICACIÓN  “B”  12119 15/1/2021,true,,
comunicacion_B,data/raw/03_comunicaciones_B/B12120_2021_ano_de_homenaje_al_premio.pdf,https://www.bcra.gob.ar/archivos/Pdfs/comytexord/B12120.pdf,B12120,2026-05-12T15:21:28+00:00,2021-01-19,84386,2,“2021 - AÑO DE HOMENAJE AL PREMIO NOBEL DE MEDICINA DR. CÉSAR MILSTEIN”,true,,
comunicacion_B,data/raw/03_comunicaciones_B/B12121_2021_ano_de_homenaje_al_premio.pdf,https://www.bcra.gob.ar/archivos/Pdfs/comytexord/B12121.pdf,B12121,2026-05-12T15:21:28+00:00,2021-01-27,200991,6,"""2021 - AÑO DE HOMENAJE AL PREMIO NOBEL DE MEDICINA DR. CÉSAR MILSTEIN""",true,,
comunicacion_B,data/raw/03_comunicaciones_B/B12122_2021_ano_de_homenaje_al_premio.pdf,https://www.bcra.gob.ar/archivos/Pdfs/comytexord/B12122.pdf,B12122,2026-05-12T15:21:29+00:00,2021-02-01,121785,2,“2021 - AÑO DE HOMENAJE AL PREMIO NOBEL DE MEDICINA DR. CÉSAR MILSTEIN”,true,,
comunicacion_B,data/raw/03_comunicaciones_B/B12123_2021_ano_de_homenaje_al_premio.pdf,https://www.bcra.gob.ar/archivos/Pdfs/comytexord/B12123.pdf,B12123,2026-05-12T15:21:29+00:00,2021-02-03,96337,2,"""2021 - AÑO DE HOMENAJE AL PREMIO NOBEL DE MEDICINA DR. CÉSAR MILSTEIN""",true,,
comunicacion_B,data/raw/03_comunicaciones_B/B12124_2021_ano_de_homenaje_al_premio.pdf,https://www.bcra.gob.ar/archivos/Pdfs/comytexord/B12124.pdf,B12124,2026-05-12T15:21:30+00:00,2021-02-05,191059,7,"""2021 - AÑO DE HOMENAJE AL PREMIO NOBEL DE MEDICINA DR. CÉSAR MILSTEIN""",true,,
comunicacion_B,data/raw/03_comunicaciones_B/B12125_2021_ano_de_homenaje_al_premio.pdf,https://www.bcra.gob.ar/archivos/Pdfs/comytexord/B12125.pdf,B12125,2026-05-12T15:21:30+00:00,2021-02-05,100747,2,“2021 - AÑO DE HOMENAJE AL PREMIO NOBEL DE MEDICINA DR. CÉSAR MILSTEIN”,true,,
comunicacion_B,data/raw/03_comunicaciones_B/B12126_2021_ano_de_homenaje_al_premio.pdf,https://www.bcra.gob.ar/archivos/Pdfs/comytexord/B12126.pdf,B12126,2026-05-12T15:21:31+00:00,2021-02-05,79499,2,"""2021 - AÑO DE HOMENAJE AL PREMIO NOBEL DE MEDICINA DR. CÉSAR MILSTEIN""",true,,
comunicacion_B,data/raw/03_comunicaciones_B/B12127_2021_ano_de_homenaje_al_premio.pdf,https://www.bcra.gob.ar/archivos/Pdfs/comytexord/B12127.pdf,B12127,2026-05-12T15:21:31+00:00,2021-02-08,125056,2,"""2021 - AÑO DE HOMENAJE AL PREMIO NOBEL DE MEDICINA DR. CÉSAR MILSTEIN""",true,,
comunicacion_B,data/raw/03_comunicaciones_B/B12128_2021_ano_de_homenaje_al_premio.pdf,https://www.bcra.gob.ar/archivos/Pdfs/comytexord/B12128.pdf,B12128,2026-05-12T15:21:32+00:00,2021-02-11,264746,2,“2021 - AÑO DE HOMENAJE AL PREMIO NOBEL DE MEDICINA DR. CÉSAR MILSTEIN”,true,,
comunicacion_B,data/raw/03_comunicaciones_B/B12129_2021_ano_de_homenaje_al_premio.pdf,https://www.bcra.gob.ar/archivos/Pdfs/comytexord/B12129.pdf,B12129,2026-05-12T15:21:32+00:00,2021-02-11,150289,2,"""2021 - AÑO DE HOMENAJE AL PREMIO NOBEL DE MEDICINA DR. CÉSAR MILSTEIN""",true,,
comunicacion_B,data/raw/03_comunicaciones_B/B12130_2021_ano_de_homenaje_al_premio.pdf,https://www.bcra.gob.ar/archivos/Pdfs/comytexord/B12130.pdf,B12130,2026-05-12T15:21:33+00:00,2021-02-12,84826,2,“2021 - AÑO DE HOMENAJE AL PREMIO NOBEL DE MEDICINA DR. CÉSAR MILSTEIN”,true,,
comunicacion_B,data/raw/03_comunicaciones_B/B12131_2021_ano_de_homenaje_al_premio.pdf,https://www.bcra.gob.ar/archivos/Pdfs/comytexord/B12131.pdf,B12131,2026-05-12T15:21:33+00:00,2021-02-12,119312,2,"""2021 - AÑO DE HOMENAJE AL PREMIO NOBEL DE MEDICINA DR. CÉSAR MILSTEIN""",true,,
comunicacion_B,data/raw/03_comunicaciones_B/B12132_2021_ano_de_homenaje_al_premio.pdf,https://www.bcra.gob.ar/archivos/Pdfs/comytexord/B12132.pdf,B12132,2026-05-12T15:21:34+00:00,2021-02-12,137190,3,“2021 - AÑO DE HOMENAJE AL PREMIO NOBEL DE MEDICINA DR. CÉSAR MILSTEIN”,true,,
comunicacion_B,data/raw/03_comunicaciones_B/B12133_2021_ano_de_homenaje_al_premio.pdf,https://www.bcra.gob.ar/archivos/Pdfs/comytexord/B12133.pdf,B12133,2026-05-12T15:21:34+00:00,2021-02-12,114782,2,“2021 - AÑO DE HOMENAJE AL PREMIO NOBEL DE MEDICINA DR. CÉSAR MILSTEIN”,true,,
comunicacion_B,data/raw/03_comunicaciones_B/B12134_2021_ano_de_homenaje_al_premio.pdf,https://www.bcra.gob.ar/archivos/Pdfs/comytexord/B12134.pdf,B12134,2026-05-12T15:21:35+00:00,2021-02-18,84378,2,“2021 - AÑO DE HOMENAJE AL PREMIO NOBEL DE MEDICINA DR. CÉSAR MILSTEIN”,true,,
comunicacion_B,data/raw/03_comunicaciones_B/B12135_2021_ano_de_homenaje_al_premio.pdf,https://www.bcra.gob.ar/archivos/Pdfs/comytexord/B12135.pdf,B12135,2026-05-12T15:21:35+00:00,2021-02-23,78133,2,"""2021 - AÑO DE HOMENAJE AL PREMIO NOBEL DE MEDICINA DR. CÉSAR MILSTEIN""",true,,
comunicacion_B,data/raw/03_comunicaciones_B/B12136_2021_ano_de_homenaje_al_premio.pdf,https://www.bcra.gob.ar/archivos/Pdfs/comytexord/B12136.pdf,B12136,2026-05-12T15:21:36+00:00,2021-03-01,327709,2,"""2021 - AÑO DE HOMENAJE AL PREMIO NOBEL DE MEDICINA DR. CÉSAR MILSTEIN""",true,,
comunicacion_B,data/raw/03_comunicaciones_B/B12137_2021_ano_de_homenaje_al_premio.pdf,https://www.bcra.gob.ar/archivos/Pdfs/comytexord/B12137.pdf,B12137,2026-05-12T15:21:36+00:00,2021-03-01,313926,2,"""2021 - AÑO DE HOMENAJE AL PREMIO NOBEL DE MEDICINA DR. CÉSAR MILSTEIN""",true,,
comunicacion_B,data/raw/03_comunicaciones_B/B12138_2021_ano_de_homenaje_al_premio.pdf,https://www.bcra.gob.ar/archivos/Pdfs/comytexord/B12138.pdf,B12138,2026-05-12T15:21:37+00:00,2021-03-05,344996,2,"""2021 - AÑO DE HOMENAJE AL PREMIO NOBEL DE MEDICINA DR. CÉSAR MILSTEIN""",true,,
comunicacion_B,data/raw/03_comunicaciones_B/B12139_2021_ano_de_homenaje_al_premio.pdf,https://www.bcra.gob.ar/archivos/Pdfs/comytexord/B12139.pdf,B12139,2026-05-12T15:21:37+00:00,2021-03-11,216753,2,"""2021 - AÑO DE HOMENAJE AL PREMIO NOBEL DE MEDICINA DR. CÉSAR MILSTEIN""",true,,
comunicacion_B,data/raw/03_comunicaciones_B/B12140_2021_ano_de_homenaje_al_premio.pdf,https://www.bcra.gob.ar/archivos/Pdfs/comytexord/B12140.pdf,B12140,2026-05-12T15:21:38+00:00,2021-03-11,331411,2,"""2021 - AÑO DE HOMENAJE AL PREMIO NOBEL DE MEDICINA DR. CÉSAR MILSTEIN""",true,,
comunicacion_B,data/raw/03_comunicaciones_B/B12141_2021_ano_de_homenaje_al_premio.pdf,https://www.bcra.gob.ar/archivos/Pdfs/comytexord/B12141.pdf,B12141,2026-05-12T15:21:38+00:00,2021-03-12,130088,2,"""2021 - AÑO DE HOMENAJE AL PREMIO NOBEL DE MEDICINA DR. CÉSAR MILSTEIN""",true,,
comunicacion_B,data/raw/03_comunicaciones_B/B12142_2021_ano_de_homenaje_al_premio.pdf,https://www.bcra.gob.ar/archivos/Pdfs/comytexord/B12142.pdf,B12142,2026-05-12T15:21:39+00:00,2021-03-16,237462,3,"""2021 - AÑO DE HOMENAJE AL PREMIO NOBEL DE MEDICINA DR. CÉSAR MILSTEIN""",true,,
comunicacion_B,data/raw/03_comunicaciones_B/B12143_2021_ano_de_homenaje_al_premio.pdf,https://www.bcra.gob.ar/archivos/Pdfs/comytexord/B12143.pdf,B12143,2026-05-12T15:21:39+00:00,2021-03-17,325742,2,"""2021 - AÑO DE HOMENAJE AL PREMIO NOBEL DE MEDICINA DR. CÉSAR MILSTEIN""",true,,
comunicacion_B,data/raw/03_comunicaciones_B/B12144_2021_ano_de_homenaje_al_premio.pdf,https://www.bcra.gob.ar/archivos/Pdfs/comytexord/B12144.pdf,B12144,2026-05-12T15:21:40+00:00,2021-03-18,168508,3,"""2021 - AÑO DE HOMENAJE AL PREMIO NOBEL DE MEDICINA DR. CÉSAR MILSTEIN""",true,,
comunicacion_B,data/raw/03_comunicaciones_B/B12145_2021_ano_de_homenaje_al_premio.pdf,https://www.bcra.gob.ar/archivos/Pdfs/comytexord/B12145.pdf,B12145,2026-05-12T15:21:40+00:00,2021-03-22,178845,2,"""2021 - AÑO DE HOMENAJE AL PREMIO NOBEL DE MEDICINA DR. CÉSAR MILSTEIN""",true,,
comunicacion_B,data/raw/03_comunicaciones_B/B12146_2021_ano_de_homenaje_al_premio.pdf,https://www.bcra.gob.ar/archivos/Pdfs/comytexord/B12146.pdf,B12146,2026-05-12T15:21:41+00:00,2021-03-25,128667,1,"""2021 - AÑO DE HOMENAJE AL PREMIO NOBEL DE MEDICINA DR. CÉSAR MILSTEIN""",true,,
comunicacion_B,data/raw/03_comunicaciones_B/B12147_2021_ano_de_homenaje_al_premio.pdf,https://www.bcra.gob.ar/archivos/Pdfs/comytexord/B12147.pdf,B12147,2026-05-12T15:21:41+00:00,2021-03-26,382112,2,"""2021 - AÑO DE HOMENAJE AL PREMIO NOBEL DE MEDICINA DR. CÉSAR MILSTEIN""",true,,
comunicacion_B,data/raw/03_comunicaciones_B/B12148_2021_ano_de_homenaje_al_premio.pdf,https://www.bcra.gob.ar/archivos/Pdfs/comytexord/B12148.pdf,B12148,2026-05-12T15:21:42+00:00,2021-03-31,313933,2,"""2021 - AÑO DE HOMENAJE AL PREMIO NOBEL DE MEDICINA DR. CÉSAR MILSTEIN""",true,,
comunicacion_B,data/raw/03_comunicaciones_B/B12149_2021_ano_de_homenaje_al_premio.pdf,https://www.bcra.gob.ar/archivos/Pdfs/comytexord/B12149.pdf,B12149,2026-05-12T15:21:43+00:00,2021-04-05,327239,2,"""2021 - AÑO DE HOMENAJE AL PREMIO NOBEL DE MEDICINA DR. CÉSAR MILSTEIN""",true,,
comunicacion_B,data/raw/03_comunicaciones_B/B12150_2021_ano_de_homenaje_al_premio.pdf,https://www.bcra.gob.ar/archivos/Pdfs/comytexord/B12150.pdf,B12150,2026-05-12T15:21:43+00:00,2021-04-08,344376,2,"""2021 - AÑO DE HOMENAJE AL PREMIO NOBEL DE MEDICINA DR. CÉSAR MILSTEIN""",true,,
comunicacion_B,data/raw/03_comunicaciones_B/B12151_2021_ano_de_homenaje_al_premio.pdf,https://www.bcra.gob.ar/archivos/Pdfs/comytexord/B12151.pdf,B12151,2026-05-12T15:21:44+00:00,2021-04-14,128972,2,"""2021 - AÑO DE HOMENAJE AL PREMIO NOBEL DE MEDICINA DR. CÉSAR MILSTEIN""",true,,
comunicacion_B,data/raw/03_comunicaciones_B/B12152_2021_ano_de_homenaje_al_premio.pdf,https://www.bcra.gob.ar/archivos/Pdfs/comytexord/B12152.pdf,B12152,2026-05-12T15:21:45+00:00,2021-04-14,349954,2,"""2021 - AÑO DE HOMENAJE AL PREMIO NOBEL DE MEDICINA DR. CÉSAR MILSTEIN""",true,,
comunicacion_B,data/raw/03_comunicaciones_B/B12153_2021_ano_de_homenaje_al_premio.pdf,https://www.bcra.gob.ar/archivos/Pdfs/comytexord/B12153.pdf,B12153,2026-05-12T15:21:45+00:00,2021-04-15,216907,2,"""2021 - AÑO DE HOMENAJE AL PREMIO NOBEL DE MEDICINA DR. CÉSAR MILSTEIN""",true,,
comunicacion_B,data/raw/03_comunicaciones_B/B12154_2021_ano_de_homenaje_al_premio.pdf,https://www.bcra.gob.ar/archivos/Pdfs/comytexord/B12154.pdf,B12154,2026-05-12T15:21:45+00:00,2021-04-15,331315,2,"""2021 - AÑO DE HOMENAJE AL PREMIO NOBEL DE MEDICINA DR. CÉSAR MILSTEIN""",true,,
comunicacion_B,data/raw/03_comunicaciones_B/B12155_2021_ano_de_homenaje_al_premio.pdf,https://www.bcra.gob.ar/archivos/Pdfs/comytexord/B12155.pdf,B12155,2026-05-12T15:21:46+00:00,2021-04-16,236771,3,"""2021 - AÑO DE HOMENAJE AL PREMIO NOBEL DE MEDICINA DR. CÉSAR MILSTEIN""",true,,
comunicacion_B,data/raw/03_comunicaciones_B/B12156_2021_ano_de_homenaje_al_premio.pdf,https://www.bcra.gob.ar/archivos/Pdfs/comytexord/B12156.pdf,B12156,2026-05-12T15:21:46+00:00,2021-04-21,325645,2,"""2021 - AÑO DE HOMENAJE AL PREMIO NOBEL DE MEDICINA DR. CÉSAR MILSTEIN""",true,,
comunicacion_B,data/raw/03_comunicaciones_B/B12157_2021_ano_de_homenaje_al_premio.pdf,https://www.bcra.gob.ar/archivos/Pdfs/comytexord/B12157.pdf,B12157,2026-05-12T15:21:47+00:00,2021-04-23,127251,1,"""2021 - AÑO DE HOMENAJE AL PREMIO NOBEL DE MEDICINA DR. CÉSAR MILSTEIN""",true,,
comunicacion_B,data/raw/03_comunicaciones_B/B12158_2021_ano_de_homenaje_al_premio.pdf,https://www.bcra.gob.ar/archivos/Pdfs/comytexord/B12158.pdf,B12158,2026-05-12T15:21:47+00:00,2021-04-29,256049,2,"""2021 - AÑO DE HOMENAJE AL PREMIO NOBEL DE MEDICINA DR. CÉSAR MILSTEIN""",true,,
comunicacion_B,data/raw/03_comunicaciones_B/B12159_2021_ano_de_homenaje_al_premio.pdf,https://www.bcra.gob.ar/archivos/Pdfs/comytexord/B12159.pdf,B12159,2026-05-12T15:21:48+00:00,2021-05-03,129919,1,"""2021 - AÑO DE HOMENAJE AL PREMIO NOBEL DE MEDICINA DR. CÉSAR MILSTEIN""",true,,
comunicacion_B,data/raw/03_comunicaciones_B/B12160_2021_ano_de_homenaje_al_premio.pdf,https://www.bcra.gob.ar/archivos/Pdfs/comytexord/B12160.pdf,B12160,2026-05-12T15:21:48+00:00,2021-05-03,328596,2,"""2021 - AÑO DE HOMENAJE AL PREMIO NOBEL DE MEDICINA DR. CÉSAR MILSTEIN""",true,,
comunicacion_B,data/raw/03_comunicaciones_B/B12161_2021_ano_de_homenaje_al_premio.pdf,https://www.bcra.gob.ar/archivos/Pdfs/comytexord/B12161.pdf,B12161,2026-05-12T15:21:49+00:00,2021-05-06,166822,2,"""2021 - AÑO DE HOMENAJE AL PREMIO NOBEL DE MEDICINA DR. CÉSAR MILSTEIN""",true,,
comunicacion_B,data/raw/03_comunicaciones_B/B12162_2021_ano_de_homenaje_al_premio.pdf,https://www.bcra.gob.ar/archivos/Pdfs/comytexord/B12162.pdf,B12162,2026-05-12T15:21:49+00:00,2021-05-07,315791,2,"""2021 - AÑO DE HOMENAJE AL PREMIO NOBEL DE MEDICINA DR. CÉSAR MILSTEIN""",true,,
comunicacion_B,data/raw/03_comunicaciones_B/B12163_2021_ano_de_homenaje_al_premio.pdf,https://www.bcra.gob.ar/archivos/Pdfs/comytexord/B12163.pdf,B12163,2026-05-12T15:21:50+00:00,2021-05-12,346252,2,"""2021 - AÑO DE HOMENAJE AL PREMIO NOBEL DE MEDICINA DR. CÉSAR MILSTEIN""",true,,
comunicacion_B,data/raw/03_comunicaciones_B/B12164_2021_ano_de_homenaje_al_premio.pdf,https://www.bcra.gob.ar/archivos/Pdfs/comytexord/B12164.pdf,B12164,2026-05-12T15:21:50+00:00,2021-05-12,167008,2,"""2021 - AÑO DE HOMENAJE AL PREMIO NOBEL DE MEDICINA DR. CÉSAR MILSTEIN""",true,,
comunicacion_B,data/raw/03_comunicaciones_B/B12165_2021_ano_de_homenaje_al_premio.pdf,https://www.bcra.gob.ar/archivos/Pdfs/comytexord/B12165.pdf,B12165,2026-05-12T15:21:51+00:00,2021-05-14,217078,2,"""2021 - AÑO DE HOMENAJE AL PREMIO NOBEL DE MEDICINA DR. CÉSAR MILSTEIN""",true,,
comunicacion_B,data/raw/03_comunicaciones_B/B12166_2021_ano_de_homenaje_al_premio.pdf,https://www.bcra.gob.ar/archivos/Pdfs/comytexord/B12166.pdf,B12166,2026-05-12T15:21:51+00:00,2021-05-14,129976,2,"""2021 - AÑO DE HOMENAJE AL PREMIO NOBEL DE MEDICINA DR. CÉSAR MILSTEIN""",true,,
comunicacion_B,data/raw/03_comunicaciones_B/B12167_2021_ano_de_homenaje_al_premio.pdf,https://www.bcra.gob.ar/archivos/Pdfs/comytexord/B12167.pdf,B12167,2026-05-12T15:21:52+00:00,2021-05-14,237119,3,"""2021 - AÑO DE HOMENAJE AL PREMIO NOBEL DE MEDICINA DR. CÉSAR MILSTEIN""",true,,
comunicacion_B,data/raw/03_comunicaciones_B/B12168_2021_ano_de_homenaje_al_premio.pdf,https://www.bcra.gob.ar/archivos/Pdfs/comytexord/B12168.pdf,B12168,2026-05-12T15:21:53+00:00,2021-05-14,331324,2,"""2021 - AÑO DE HOMENAJE AL PREMIO NOBEL DE MEDICINA DR. CÉSAR MILSTEIN""",true,,
comunicacion_B,data/raw/03_comunicaciones_B/B12169_2021_ano_de_homenaje_al_premio.pdf,https://www.bcra.gob.ar/archivos/Pdfs/comytexord/B12169.pdf,B12169,2026-05-12T15:21:53+00:00,2021-05-20,326401,2,"""2021 - AÑO DE HOMENAJE AL PREMIO NOBEL DE MEDICINA DR. CÉSAR MILSTEIN""",true,,
comunicacion_B,data/raw/03_comunicaciones_B/B12170_2021_ano_de_homenaje_al_premio.pdf,https://www.bcra.gob.ar/archivos/Pdfs/comytexord/B12170.pdf,B12170,2026-05-12T15:21:53+00:00,2021-05-21,335534,2,"""2021 - AÑO DE HOMENAJE AL PREMIO NOBEL DE MEDICINA DR. CÉSAR MILSTEIN""",true,,
comunicacion_B,data/raw/03_comunicaciones_B/B12171_2021_ano_de_homenaje_al_premio.pdf,https://www.bcra.gob.ar/archivos/Pdfs/comytexord/B12171.pdf,B12171,2026-05-12T15:21:54+00:00,2021-05-21,326567,2,"""2021 - AÑO DE HOMENAJE AL PREMIO NOBEL DE MEDICINA DR. CÉSAR MILSTEIN""",true,,
comunicacion_B,data/raw/03_comunicaciones_B/B12172_2021_ano_de_homenaje_al_premio.pdf,https://www.bcra.gob.ar/archivos/Pdfs/comytexord/B12172.pdf,B12172,2026-05-12T15:21:54+00:00,2021-06-01,127747,1,"""2021 - AÑO DE HOMENAJE AL PREMIO NOBEL DE MEDICINA DR. CÉSAR MILSTEIN""",true,,
comunicacion_B,data/raw/03_comunicaciones_B/B12173_2021_ano_de_homenaje_al_premio.pdf,https://www.bcra.gob.ar/archivos/Pdfs/comytexord/B12173.pdf,B12173,2026-05-12T15:21:56+00:00,2021-06-01,328575,2,"""2021 - AÑO DE HOMENAJE AL PREMIO NOBEL DE MEDICINA DR. CÉSAR MILSTEIN""",true,,
comunicacion_B,data/raw/03_comunicaciones_B/B12174_2021_ano_de_homenaje_al_premio.pdf,https://www.bcra.gob.ar/archivos/Pdfs/comytexord/B12174.pdf,B12174,2026-05-12T15:21:56+00:00,2021-06-02,127792,1,"""2021 - AÑO DE HOMENAJE AL PREMIO NOBEL DE MEDICINA DR. CÉSAR MILSTEIN""",true,,
comunicacion_B,data/raw/03_comunicaciones_B/B12175_2021_ano_de_homenaje_al_premio.pdf,https://www.bcra.gob.ar/archivos/Pdfs/comytexord/B12175.pdf,B12175,2026-05-12T15:21:57+00:00,2021-06-03,399866,6,"""2021 - AÑO DE HOMENAJE AL PREMIO NOBEL DE MEDICINA DR. CÉSAR MILSTEIN""",true,,
comunicacion_B,data/raw/03_comunicaciones_B/B12177_2021_ano_de_homenaje_al_premio.pdf,https://www.bcra.gob.ar/archivos/Pdfs/comytexord/B12177.pdf,B12177,2026-05-12T15:21:57+00:00,2021-06-08,235781,2,"""2021 - AÑO DE HOMENAJE AL PREMIO NOBEL DE MEDICINA DR. CÉSAR MILSTEIN""",true,,
comunicacion_B,data/raw/03_comunicaciones_B/B12176_2021_ano_de_homenaje_al_premio.pdf,https://www.bcra.gob.ar/archivos/Pdfs/comytexord/B12176.pdf,B12176,2026-05-12T15:21:57+00:00,2021-06-03,508315,7,"""2021 - AÑO DE HOMENAJE AL PREMIO NOBEL DE MEDICINA DR. CÉSAR MILSTEIN""",true,,
comunicacion_B,data/raw/03_comunicaciones_B/B12178_2021_ano_de_homenaje_al_premio.pdf,https://www.bcra.gob.ar/archivos/Pdfs/comytexord/B12178.pdf,B12178,2026-05-12T15:21:58+00:00,2021-06-09,347592,2,"""2021 - AÑO DE HOMENAJE AL PREMIO NOBEL DE MEDICINA DR. CÉSAR MILSTEIN""",true,,
comunicacion_B,data/raw/03_comunicaciones_B/B12179_2021_ano_de_homenaje_al_premio.pdf,https://www.bcra.gob.ar/archivos/Pdfs/comytexord/B12179.pdf,B12179,2026-05-12T15:21:59+00:00,2021-06-11,315220,2,"""2021 - AÑO DE HOMENAJE AL PREMIO NOBEL DE MEDICINA DR. CÉSAR MILSTEIN""",true,,
comunicacion_B,data/raw/03_comunicaciones_B/B12180_2021_ano_de_homenaje_al_premio.pdf,https://www.bcra.gob.ar/archivos/Pdfs/comytexord/B12180.pdf,B12180,2026-05-12T15:21:59+00:00,2021-06-11,201485,1,"""2021 - AÑO DE HOMENAJE AL PREMIO NOBEL DE MEDICINA DR. CÉSAR MILSTEIN""",true,,
comunicacion_B,data/raw/03_comunicaciones_B/B12181_2021_ano_de_homenaje_al_premio.pdf,https://www.bcra.gob.ar/archivos/Pdfs/comytexord/B12181.pdf,B12181,2026-05-12T15:21:59+00:00,2021-06-14,197800,1,"""2021 - AÑO DE HOMENAJE AL PREMIO NOBEL DE MEDICINA DR. CÉSAR MILSTEIN""",true,,
comunicacion_B,data/raw/03_comunicaciones_B/B12182_2021_ano_de_homenaje_al_premio.pdf,https://www.bcra.gob.ar/archivos/Pdfs/comytexord/B12182.pdf,B12182,2026-05-12T15:22:00+00:00,2021-06-14,130133,2,"""2021 - AÑO DE HOMENAJE AL PREMIO NOBEL DE MEDICINA DR. CÉSAR MILSTEIN""",true,,
comunicacion_B,data/raw/03_comunicaciones_B/B12183_2021_ano_de_homenaje_al_premio.pdf,https://www.bcra.gob.ar/archivos/Pdfs/comytexord/B12183.pdf,B12183,2026-05-12T15:22:01+00:00,2021-06-16,331312,2,"""2021 - AÑO DE HOMENAJE AL PREMIO NOBEL DE MEDICINA DR. CÉSAR MILSTEIN""",true,,
comunicacion_B,data/raw/03_comunicaciones_B/B12184_2021_ano_de_homenaje_al_premio.pdf,https://www.bcra.gob.ar/archivos/Pdfs/comytexord/B12184.pdf,B12184,2026-05-12T15:22:01+00:00,2021-06-16,237813,3,"""2021 - AÑO DE HOMENAJE AL PREMIO NOBEL DE MEDICINA DR. CÉSAR MILSTEIN""",true,,
comunicacion_B,data/raw/03_comunicaciones_B/B12185_2021_ano_de_homenaje_al_premio.pdf,https://www.bcra.gob.ar/archivos/Pdfs/comytexord/B12185.pdf,B12185,2026-05-12T15:22:01+00:00,2021-06-16,217402,2,"""2021 - AÑO DE HOMENAJE AL PREMIO NOBEL DE MEDICINA DR. CÉSAR MILSTEIN""",true,,
comunicacion_B,data/raw/03_comunicaciones_B/B12186_2021_ano_de_homenaje_al_premio.pdf,https://www.bcra.gob.ar/archivos/Pdfs/comytexord/B12186.pdf,B12186,2026-05-12T15:22:02+00:00,2021-06-17,326696,2,"""2021 - AÑO DE HOMENAJE AL PREMIO NOBEL DE MEDICINA DR. CÉSAR MILSTEIN""",true,,
comunicacion_B,data/raw/03_comunicaciones_B/B12187_2021_ano_de_homenaje_al_premio.pdf,https://www.bcra.gob.ar/archivos/Pdfs/comytexord/B12187.pdf,B12187,2026-05-12T15:22:02+00:00,2021-06-22,198122,1,"""2021 - AÑO DE HOMENAJE AL PREMIO NOBEL DE MEDICINA DR. CÉSAR MILSTEIN""",true,,
comunicacion_B,data/raw/03_comunicaciones_B/B12188_2021_ano_de_homenaje_al_premio.pdf,https://www.bcra.gob.ar/archivos/Pdfs/comytexord/B12188.pdf,B12188,2026-05-12T15:22:03+00:00,2021-06-22,185727,2,"""2021 - AÑO DE HOMENAJE AL PREMIO NOBEL DE MEDICINA DR. CÉSAR MILSTEIN""",true,,
comunicacion_B,data/raw/03_comunicaciones_B/B12189_2021_ano_de_homenaje_al_premio.pdf,https://www.bcra.gob.ar/archivos/Pdfs/comytexord/B12189.pdf,B12189,2026-05-12T15:22:04+00:00,2021-06-28,402427,12,"""2021 - AÑO DE HOMENAJE AL PREMIO NOBEL DE MEDICINA DR. CÉSAR MILSTEIN""",true,,
comunicacion_B,data/raw/03_comunicaciones_B/B12190_2021_ano_de_homenaje_al_premio.pdf,https://www.bcra.gob.ar/archivos/Pdfs/comytexord/B12190.pdf,B12190,2026-05-12T15:22:04+00:00,2021-07-01,327004,2,"""2021 - AÑO DE HOMENAJE AL PREMIO NOBEL DE MEDICINA DR. CÉSAR MILSTEIN""",true,,
comunicacion_B,data/raw/03_comunicaciones_B/B12191_2021_ano_de_homenaje_al_premio.pdf,https://www.bcra.gob.ar/archivos/Pdfs/comytexord/B12191.pdf,B12191,2026-05-12T15:22:04+00:00,2021-07-01,129098,1,"""2021 - AÑO DE HOMENAJE AL PREMIO NOBEL DE MEDICINA DR. CÉSAR MILSTEIN""",true,,
comunicacion_B,data/raw/03_comunicaciones_B/B12193_2021_ano_de_homenaje_al_premio.pdf,https://www.bcra.gob.ar/archivos/Pdfs/comytexord/B12193.pdf,B12193,2026-05-12T15:22:05+00:00,2021-07-08,130542,1,"""2021 - AÑO DE HOMENAJE AL PREMIO NOBEL DE MEDICINA DR. CÉSAR MILSTEIN""",true,,
comunicacion_B,data/raw/03_comunicaciones_B/B12192_2021_ano_de_homenaje_al_premio.pdf,https://www.bcra.gob.ar/archivos/Pdfs/comytexord/B12192.pdf,B12192,2026-05-12T15:22:06+00:00,2021-07-07,345918,2,"""2021 - AÑO DE HOMENAJE AL PREMIO NOBEL DE MEDICINA DR. CÉSAR MILSTEIN""",true,,
comunicacion_B,data/raw/03_comunicaciones_B/B12194_2021_ano_de_homenaje_al_premio.pdf,https://www.bcra.gob.ar/archivos/Pdfs/comytexord/B12194.pdf,B12194,2026-05-12T15:22:06+00:00,2021-07-12,315801,2,"""2021 - AÑO DE HOMENAJE AL PREMIO NOBEL DE MEDICINA DR. CÉSAR MILSTEIN""",true,,
comunicacion_B,data/raw/03_comunicaciones_B/B12195_2021_ano_de_homenaje_al_premio.pdf,https://www.bcra.gob.ar/archivos/Pdfs/comytexord/B12195.pdf,B12195,2026-05-12T15:22:07+00:00,2021-07-14,129471,2,"""2021 - AÑO DE HOMENAJE AL PREMIO NOBEL DE MEDICINA DR. CÉSAR MILSTEIN""",true,,
comunicacion_B,data/raw/03_comunicaciones_B/B12196_2021_ano_de_homenaje_al_premio.pdf,https://www.bcra.gob.ar/archivos/Pdfs/comytexord/B12196.pdf,B12196,2026-05-12T15:22:07+00:00,2021-07-15,217704,2,"""2021 - AÑO DE HOMENAJE AL PREMIO NOBEL DE MEDICINA DR. CÉSAR MILSTEIN""",true,,
comunicacion_B,data/raw/03_comunicaciones_B/B12197_2021_ano_de_homenaje_al_premio.pdf,https://www.bcra.gob.ar/archivos/Pdfs/comytexord/B12197.pdf,B12197,2026-05-12T15:22:08+00:00,2021-07-15,332281,2,"""2021 - AÑO DE HOMENAJE AL PREMIO NOBEL DE MEDICINA DR. CÉSAR MILSTEIN""",true,,
comunicacion_B,data/raw/03_comunicaciones_B/B12198_2021_ano_de_homenaje_al_premio.pdf,https://www.bcra.gob.ar/archivos/Pdfs/comytexord/B12198.pdf,B12198,2026-05-12T15:22:08+00:00,2021-07-16,237851,3,"""2021 - AÑO DE HOMENAJE AL PREMIO NOBEL DE MEDICINA DR. CÉSAR MILSTEIN""",true,,
comunicacion_B,data/raw/03_comunicaciones_B/B12199_2021_ano_de_homenaje_al_premio.pdf,https://www.bcra.gob.ar/archivos/Pdfs/comytexord/B12199.pdf,B12199,2026-05-12T15:22:09+00:00,2021-07-20,326814,2,"""2021 - AÑO DE HOMENAJE AL PREMIO NOBEL DE MEDICINA DR. CÉSAR MILSTEIN""",true,,
comunicacion_B,data/raw/03_comunicaciones_B/B12200_2021_ano_de_homenaje_al_premio.pdf,https://www.bcra.gob.ar/archivos/Pdfs/comytexord/B12200.pdf,B12200,2026-05-12T15:22:10+00:00,2021-08-02,326784,2,"""2021 - AÑO DE HOMENAJE AL PREMIO NOBEL DE MEDICINA DR. CÉSAR MILSTEIN""",true,,
comunicacion_B,data/raw/03_comunicaciones_B/B12201_2021_ano_de_homenaje_al_premio.pdf,https://www.bcra.gob.ar/archivos/Pdfs/comytexord/B12201.pdf,B12201,2026-05-12T15:22:10+00:00,2021-08-02,129206,1,"""2021 - AÑO DE HOMENAJE AL PREMIO NOBEL DE MEDICINA DR. CÉSAR MILSTEIN""",true,,
comunicacion_B,data/raw/03_comunicaciones_B/B12202_2021_ano_de_homenaje_al_premio.pdf,https://www.bcra.gob.ar/archivos/Pdfs/comytexord/B12202.pdf,B12202,2026-05-12T15:22:10+00:00,2021-08-03,149553,2,"""2021 - AÑO DE HOMENAJE AL PREMIO NOBEL DE MEDICINA DR. CÉSAR MILSTEIN""",true,,
comunicacion_B,data/raw/03_comunicaciones_B/B12203_2021_ano_de_homenaje_al_premio.pdf,https://www.bcra.gob.ar/archivos/Pdfs/comytexord/B12203.pdf,B12203,2026-05-12T15:22:11+00:00,2021-08-11,345635,2,"""2021 - AÑO DE HOMENAJE AL PREMIO NOBEL DE MEDICINA DR. CÉSAR MILSTEIN""",true,,
comunicacion_B,data/raw/03_comunicaciones_B/B12204_2021_ano_de_homenaje_al_premio.pdf,https://www.bcra.gob.ar/archivos/Pdfs/comytexord/B12204.pdf,B12204,2026-05-12T15:22:12+00:00,2021-08-12,216400,2,"""2021 - AÑO DE HOMENAJE AL PREMIO NOBEL DE MEDICINA DR. CÉSAR MILSTEIN""",true,,
comunicacion_B,data/raw/03_comunicaciones_B/B12205_2021_ano_de_homenaje_al_premio.pdf,https://www.bcra.gob.ar/archivos/Pdfs/comytexord/B12205.pdf,B12205,2026-05-12T15:22:12+00:00,2021-08-12,331334,2,"""2021 - AÑO DE HOMENAJE AL PREMIO NOBEL DE MEDICINA DR. CÉSAR MILSTEIN""",true,,
comunicacion_B,data/raw/03_comunicaciones_B/B12206_2021_ano_de_homenaje_al_premio.pdf,https://www.bcra.gob.ar/archivos/Pdfs/comytexord/B12206.pdf,B12206,2026-05-12T15:22:12+00:00,2021-08-13,130463,2,"""2021 - AÑO DE HOMENAJE AL PREMIO NOBEL DE MEDICINA DR. CÉSAR MILSTEIN""",true,,
comunicacion_B,data/raw/03_comunicaciones_B/B12207_2021_ano_de_homenaje_al_premio.pdf,https://www.bcra.gob.ar/archivos/Pdfs/comytexord/B12207.pdf,B12207,2026-05-12T15:22:13+00:00,2021-08-13,237313,3,"""2021 - AÑO DE HOMENAJE AL PREMIO NOBEL DE MEDICINA DR. CÉSAR MILSTEIN""",true,,
comunicacion_B,data/raw/03_comunicaciones_B/B12208_2021_ano_de_homenaje_al_premio.pdf,https://www.bcra.gob.ar/archivos/Pdfs/comytexord/B12208.pdf,B12208,2026-05-12T15:22:14+00:00,2021-08-18,326741,2,"""2021 - AÑO DE HOMENAJE AL PREMIO NOBEL DE MEDICINA DR. CÉSAR MILSTEIN""",true,,
comunicacion_B,data/raw/03_comunicaciones_B/B12209_2021_ano_de_homenaje_al_premio.pdf,https://www.bcra.gob.ar/archivos/Pdfs/comytexord/B12209.pdf,B12209,2026-05-12T15:22:14+00:00,2021-08-27,229765,2,"""2021 - AÑO DE HOMENAJE AL PREMIO NOBEL DE MEDICINA DR. CÉSAR MILSTEIN""",true,,
comunicacion_B,data/raw/03_comunicaciones_B/B12210_2021_ano_de_homenaje_al_premio.pdf,https://www.bcra.gob.ar/archivos/Pdfs/comytexord/B12210.pdf,B12210,2026-05-12T15:22:14+00:00,2021-09-01,326797,2,"""2021 - AÑO DE HOMENAJE AL PREMIO NOBEL DE MEDICINA DR. CÉSAR MILSTEIN""",true,,
comunicacion_B,data/raw/03_comunicaciones_B/B12211_2021_ano_de_homenaje_al_premio.pdf,https://www.bcra.gob.ar/archivos/Pdfs/comytexord/B12211.pdf,B12211,2026-05-12T15:22:15+00:00,2021-09-01,129145,1,"""2021 - AÑO DE HOMENAJE AL PREMIO NOBEL DE MEDICINA DR. CÉSAR MILSTEIN""",true,,
comunicacion_B,data/raw/03_comunicaciones_B/B12212_2021_ano_de_homenaje_al_premio.pdf,https://www.bcra.gob.ar/archivos/Pdfs/comytexord/B12212.pdf,B12212,2026-05-12T15:22:15+00:00,2021-09-02,126252,1,"""2021 - AÑO DE HOMENAJE AL PREMIO NOBEL DE MEDICINA DR. CÉSAR MILSTEIN""",true,,
comunicacion_B,data/raw/03_comunicaciones_B/B12213_2021_ano_de_homenaje_al_premio.pdf,https://www.bcra.gob.ar/archivos/Pdfs/comytexord/B12213.pdf,B12213,2026-05-12T15:22:16+00:00,2021-09-02,126336,1,"""2021 - AÑO DE HOMENAJE AL PREMIO NOBEL DE MEDICINA DR. CÉSAR MILSTEIN""",true,,
comunicacion_B,data/raw/03_comunicaciones_B/B12214_2021_ano_de_homenaje_al_premio.pdf,https://www.bcra.gob.ar/archivos/Pdfs/comytexord/B12214.pdf,B12214,2026-05-12T15:22:17+00:00,2021-09-06,347556,2,"""2021 - AÑO DE HOMENAJE AL PREMIO NOBEL DE MEDICINA DR. CÉSAR MILSTEIN""",true,,
comunicacion_B,data/raw/03_comunicaciones_B/B12215_2021_ano_de_homenaje_al_premio.pdf,https://www.bcra.gob.ar/archivos/Pdfs/comytexord/B12215.pdf,B12215,2026-05-12T15:22:17+00:00,2021-09-10,127547,1,"""2021 - AÑO DE HOMENAJE AL PREMIO NOBEL DE MEDICINA DR. CÉSAR MILSTEIN""",true,,
comunicacion_B,data/raw/03_comunicaciones_B/B12216_2021_ano_de_homenaje_al_premio.pdf,https://www.bcra.gob.ar/archivos/Pdfs/comytexord/B12216.pdf,B12216,2026-05-12T15:22:17+00:00,2021-09-10,127225,1,"""2021 - AÑO DE HOMENAJE AL PREMIO NOBEL DE MEDICINA DR. CÉSAR MILSTEIN""",true,,
comunicacion_B,data/raw/03_comunicaciones_B/B12217_2021_ano_de_homenaje_al_premio.pdf,https://www.bcra.gob.ar/archivos/Pdfs/comytexord/B12217.pdf,B12217,2026-05-12T15:22:18+00:00,2021-09-14,130490,2,"""2021 - AÑO DE HOMENAJE AL PREMIO NOBEL DE MEDICINA DR. CÉSAR MILSTEIN""",true,,
comunicacion_B,data/raw/03_comunicaciones_B/B12218_2021_ano_de_homenaje_al_premio.pdf,https://www.bcra.gob.ar/archivos/Pdfs/comytexord/B12218.pdf,B12218,2026-05-12T15:22:18+00:00,2021-09-14,125732,1,"""2021 - AÑO DE HOMENAJE AL PREMIO NOBEL DE MEDICINA DR. CÉSAR MILSTEIN""",true,,
comunicacion_B,data/raw/03_comunicaciones_B/B12219_2021_ano_de_homenaje_al_premio.pdf,https://www.bcra.gob.ar/archivos/Pdfs/comytexord/B12219.pdf,B12219,2026-05-12T15:22:19+00:00,2021-09-14,332252,2,"""2021 - AÑO DE HOMENAJE AL PREMIO NOBEL DE MEDICINA DR. CÉSAR MILSTEIN""",true,,
comunicacion_B,data/raw/03_comunicaciones_B/B12220_2021_ano_de_homenaje_al_premio.pdf,https://www.bcra.gob.ar/archivos/Pdfs/comytexord/B12220.pdf,B12220,2026-05-12T15:22:20+00:00,2021-09-14,216426,2,"""2021 - AÑO DE HOMENAJE AL PREMIO NOBEL DE MEDICINA DR. CÉSAR MILSTEIN""",true,,
comunicacion_B,data/raw/03_comunicaciones_B/B12221_2021_ano_de_homenaje_al_premio.pdf,https://www.bcra.gob.ar/archivos/Pdfs/comytexord/B12221.pdf,B12221,2026-05-12T15:22:20+00:00,2021-09-14,208761,1,"""2021 - AÑO DE HOMENAJE AL PREMIO NOBEL DE MEDICINA DR. CÉSAR MILSTEIN""",true,,
comunicacion_B,data/raw/03_comunicaciones_B/B12222_2021_ano_de_homenaje_al_premio.pdf,https://www.bcra.gob.ar/archivos/Pdfs/comytexord/B12222.pdf,B12222,2026-05-12T15:22:21+00:00,2021-09-16,237388,3,"""2021 - AÑO DE HOMENAJE AL PREMIO NOBEL DE MEDICINA DR. CÉSAR MILSTEIN""",true,,
comunicacion_B,data/raw/03_comunicaciones_B/B12223_2021_ano_de_homenaje_al_premio.pdf,https://www.bcra.gob.ar/archivos/Pdfs/comytexord/B12223.pdf,B12223,2026-05-12T15:22:21+00:00,2021-09-16,126703,1,"""2021 - AÑO DE HOMENAJE AL PREMIO NOBEL DE MEDICINA DR. CÉSAR MILSTEIN""",true,,
comunicacion_B,data/raw/03_comunicaciones_B/B12224_2021_ano_de_homenaje_al_premio.pdf,https://www.bcra.gob.ar/archivos/Pdfs/comytexord/B12224.pdf,B12224,2026-05-12T15:22:22+00:00,2021-09-20,126984,1,"""2021 - AÑO DE HOMENAJE AL PREMIO NOBEL DE MEDICINA DR. CÉSAR MILSTEIN""",true,,
comunicacion_B,data/raw/03_comunicaciones_B/B12225_2021_ano_de_homenaje_al_premio.pdf,https://www.bcra.gob.ar/archivos/Pdfs/comytexord/B12225.pdf,B12225,2026-05-12T15:22:23+00:00,2021-09-21,326771,2,"""2021 - AÑO DE HOMENAJE AL PREMIO NOBEL DE MEDICINA DR. CÉSAR MILSTEIN""",true,,
comunicacion_B,data/raw/03_comunicaciones_B/B12226_2021_ano_de_homenaje_al_premio.pdf,https://www.bcra.gob.ar/archivos/Pdfs/comytexord/B12226.pdf,B12226,2026-05-12T15:22:23+00:00,2021-09-28,164726,2,"""2021 - AÑO DE HOMENAJE AL PREMIO NOBEL DE MEDICINA DR. CÉSAR MILSTEIN""",true,,
comunicacion_B,data/raw/03_comunicaciones_B/B12227_2021_ano_de_homenaje_al_premio.pdf,https://www.bcra.gob.ar/archivos/Pdfs/comytexord/B12227.pdf,B12227,2026-05-12T15:22:23+00:00,2021-10-01,128411,1,"""2021 - AÑO DE HOMENAJE AL PREMIO NOBEL DE MEDICINA DR. CÉSAR MILSTEIN""",true,,
comunicacion_B,data/raw/03_comunicaciones_B/B12228_2021_ano_de_homenaje_al_premio.pdf,https://www.bcra.gob.ar/archivos/Pdfs/comytexord/B12228.pdf,B12228,2026-05-12T15:22:24+00:00,2021-10-01,326783,2,"""2021 - AÑO DE HOMENAJE AL PREMIO NOBEL DE MEDICINA DR. CÉSAR MILSTEIN""",true,,
comunicacion_B,data/raw/03_comunicaciones_B/B12229_2021_ano_de_homenaje_al_premio.pdf,https://www.bcra.gob.ar/archivos/Pdfs/comytexord/B12229.pdf,B12229,2026-05-12T15:22:24+00:00,2021-10-04,315826,2,"""2021 - AÑO DE HOMENAJE AL PREMIO NOBEL DE MEDICINA DR. CÉSAR MILSTEIN""",true,,
comunicacion_B,data/raw/03_comunicaciones_B/B12230_2021_ano_de_homenaje_al_premio.pdf,https://www.bcra.gob.ar/archivos/Pdfs/comytexord/B12230.pdf,B12230,2026-05-12T15:22:25+00:00,2021-10-07,125791,1,"""2021 - AÑO DE HOMENAJE AL PREMIO NOBEL DE MEDICINA DR. CÉSAR MILSTEIN""",true,,
comunicacion_B,data/raw/03_comunicaciones_B/B12231_2021_ano_de_homenaje_al_premio.pdf,https://www.bcra.gob.ar/archivos/Pdfs/comytexord/B12231.pdf,B12231,2026-05-12T15:22:25+00:00,2021-10-07,126233,1,"""2021 - AÑO DE HOMENAJE AL PREMIO NOBEL DE MEDICINA DR. CÉSAR MILSTEIN""",true,,
comunicacion_B,data/raw/03_comunicaciones_B/B12232_2021_ano_de_homenaje_al_premio.pdf,https://www.bcra.gob.ar/archivos/Pdfs/comytexord/B12232.pdf,B12232,2026-05-12T15:22:26+00:00,2021-10-07,146145,1,"""2021 - AÑO DE HOMENAJE AL PREMIO NOBEL DE MEDICINA DR. CÉSAR MILSTEIN""",true,,
comunicacion_B,data/raw/03_comunicaciones_B/B12233_2021_ano_de_homenaje_al_premio.pdf,https://www.bcra.gob.ar/archivos/Pdfs/comytexord/B12233.pdf,B12233,2026-05-12T15:22:27+00:00,2021-10-07,346079,2,"""2021 - AÑO DE HOMENAJE AL PREMIO NOBEL DE MEDICINA DR. CÉSAR MILSTEIN""",true,,
comunicacion_B,data/raw/03_comunicaciones_B/B12234_2021_ano_de_homenaje_al_premio.pdf,https://www.bcra.gob.ar/archivos/Pdfs/comytexord/B12234.pdf,B12234,2026-05-12T15:22:27+00:00,2021-10-14,209847,2,"""2021 - AÑO DE HOMENAJE AL PREMIO NOBEL DE MEDICINA DR. CÉSAR MILSTEIN""",true,,
comunicacion_B,data/raw/03_comunicaciones_B/B12235_2021_ano_de_homenaje_al_premio.pdf,https://www.bcra.gob.ar/archivos/Pdfs/comytexord/B12235.pdf,B12235,2026-05-12T15:22:27+00:00,2021-10-14,216911,2,"""2021 - AÑO DE HOMENAJE AL PREMIO NOBEL DE MEDICINA DR. CÉSAR MILSTEIN""",true,,
comunicacion_B,data/raw/03_comunicaciones_B/B12236_2021_ano_de_homenaje_al_premio.pdf,https://www.bcra.gob.ar/archivos/Pdfs/comytexord/B12236.pdf,B12236,2026-05-12T15:22:28+00:00,2021-10-14,331309,2,"""2021 - AÑO DE HOMENAJE AL PREMIO NOBEL DE MEDICINA DR. CÉSAR MILSTEIN""",true,,
comunicacion_B,data/raw/03_comunicaciones_B/B12237_2021_ano_de_homenaje_al_premio.pdf,https://www.bcra.gob.ar/archivos/Pdfs/comytexord/B12237.pdf,B12237,2026-05-12T15:22:28+00:00,2021-10-15,236600,3,"""2021 - AÑO DE HOMENAJE AL PREMIO NOBEL DE MEDICINA DR. CÉSAR MILSTEIN""",true,,
comunicacion_B,data/raw/03_comunicaciones_B/B12238_2021_ano_de_homenaje_al_premio.pdf,https://www.bcra.gob.ar/archivos/Pdfs/comytexord/B12238.pdf,B12238,2026-05-12T15:22:29+00:00,2021-10-20,253421,2,"""2021 - AÑO DE HOMENAJE AL PREMIO NOBEL DE MEDICINA DR. CÉSAR MILSTEIN""",true,,
comunicacion_B,data/raw/03_comunicaciones_B/B12239_2021_ano_de_homenaje_al_premio.pdf,https://www.bcra.gob.ar/archivos/Pdfs/comytexord/B12239.pdf,B12239,2026-05-12T15:22:30+00:00,2021-10-20,326797,2,"""2021 - AÑO DE HOMENAJE AL PREMIO NOBEL DE MEDICINA DR. CÉSAR MILSTEIN""",true,,
comunicacion_B,data/raw/03_comunicaciones_B/B12240_2021_ano_de_homenaje_al_premio.pdf,https://www.bcra.gob.ar/archivos/Pdfs/comytexord/B12240.pdf,B12240,2026-05-12T15:22:30+00:00,2021-11-01,326702,2,"""2021 - AÑO DE HOMENAJE AL PREMIO NOBEL DE MEDICINA DR. CÉSAR MILSTEIN""",true,,
comunicacion_B,data/raw/03_comunicaciones_B/B12241_2021_ano_de_homenaje_al_premio.pdf,https://www.bcra.gob.ar/archivos/Pdfs/comytexord/B12241.pdf,B12241,2026-05-12T15:22:30+00:00,2021-11-01,129169,1,"""2021 - AÑO DE HOMENAJE AL PREMIO NOBEL DE MEDICINA DR. CÉSAR MILSTEIN""",true,,
comunicacion_B,data/raw/03_comunicaciones_B/B12242_2021_ano_de_homenaje_al_premio.pdf,https://www.bcra.gob.ar/archivos/Pdfs/comytexord/B12242.pdf,B12242,2026-05-12T15:22:31+00:00,2021-11-08,314827,2,"""2021 - AÑO DE HOMENAJE AL PREMIO NOBEL DE MEDICINA DR. CÉSAR MILSTEIN""",true,,
comunicacion_B,data/raw/03_comunicaciones_B/B12243_comunicacion_b_12243_09_11_202.pdf,https://www.bcra.gob.ar/archivos/Pdfs/comytexord/B12243.pdf,B12243,2026-05-12T15:22:32+00:00,2021-11-09,517841,14,COMUNICACIÓN  “B”  12243 09/11/2021,true,,
comunicacion_B,data/raw/03_comunicaciones_B/B12244_2021_ano_de_homenaje_al_premio.pdf,https://www.bcra.gob.ar/archivos/Pdfs/comytexord/B12244.pdf,B12244,2026-05-12T15:22:32+00:00,2021-11-10,344440,2,"""2021 - AÑO DE HOMENAJE AL PREMIO NOBEL DE MEDICINA DR. CÉSAR MILSTEIN""",true,,
comunicacion_B,data/raw/03_comunicaciones_B/B12245_2021_ano_de_homenaje_al_premio.pdf,https://www.bcra.gob.ar/archivos/Pdfs/comytexord/B12245.pdf,B12245,2026-05-12T15:22:32+00:00,2021-11-11,161338,3,"""2021 - AÑO DE HOMENAJE AL PREMIO NOBEL DE MEDICINA DR. CÉSAR MILSTEIN""",true,,
comunicacion_B,data/raw/03_comunicaciones_B/B12246_2021_ano_de_homenaje_al_premio.pdf,https://www.bcra.gob.ar/archivos/Pdfs/comytexord/B12246.pdf,B12246,2026-05-12T15:22:33+00:00,2021-11-11,216439,2,"""2021 - AÑO DE HOMENAJE AL PREMIO NOBEL DE MEDICINA DR. CÉSAR MILSTEIN""",true,,
comunicacion_B,data/raw/03_comunicaciones_B/B12247_2021_ano_de_homenaje_al_premio.pdf,https://www.bcra.gob.ar/archivos/Pdfs/comytexord/B12247.pdf,B12247,2026-05-12T15:22:34+00:00,2021-11-11,331305,2,"""2021 - AÑO DE HOMENAJE AL PREMIO NOBEL DE MEDICINA DR. CÉSAR MILSTEIN""",true,,
comunicacion_B,data/raw/03_comunicaciones_B/B12248_2021_ano_de_homenaje_al_premio.pdf,https://www.bcra.gob.ar/archivos/Pdfs/comytexord/B12248.pdf,B12248,2026-05-12T15:22:35+00:00,2021-11-12,129381,2,"""2021 - AÑO DE HOMENAJE AL PREMIO NOBEL DE MEDICINA DR. CÉSAR MILSTEIN""",true,,
comunicacion_B,data/raw/03_comunicaciones_B/B12249_2021_ano_de_homenaje_al_premio.pdf,https://www.bcra.gob.ar/archivos/Pdfs/comytexord/B12249.pdf,B12249,2026-05-12T15:22:35+00:00,2021-11-16,237519,3,"""2021 - AÑO DE HOMENAJE AL PREMIO NOBEL DE MEDICINA DR. CÉSAR MILSTEIN""",true,,
comunicacion_B,data/raw/03_comunicaciones_B/B12250_2021_ano_de_homenaje_al_premio.pdf,https://www.bcra.gob.ar/archivos/Pdfs/comytexord/B12250.pdf,B12250,2026-05-12T15:22:35+00:00,2021-11-18,326698,2,"""2021 - AÑO DE HOMENAJE AL PREMIO NOBEL DE MEDICINA DR. CÉSAR MILSTEIN""",true,,
comunicacion_B,data/raw/03_comunicaciones_B/B12251_2021_ano_de_homenaje_al_premio.pdf,https://www.bcra.gob.ar/archivos/Pdfs/comytexord/B12251.pdf,B12251,2026-05-12T15:22:36+00:00,2021-12-01,130124,1,"""2021 - AÑO DE HOMENAJE AL PREMIO NOBEL DE MEDICINA DR. CÉSAR MILSTEIN""",true,,
comunicacion_B,data/raw/03_comunicaciones_B/B12252_2021_ano_de_homenaje_al_premio.pdf,https://www.bcra.gob.ar/archivos/Pdfs/comytexord/B12252.pdf,B12252,2026-05-12T15:22:37+00:00,2021-12-01,327280,2,"""2021 - AÑO DE HOMENAJE AL PREMIO NOBEL DE MEDICINA DR. CÉSAR MILSTEIN""",true,,
comunicacion_B,data/raw/03_comunicaciones_B/B12253_2021_ano_de_homenaje_al_premio.pdf,https://www.bcra.gob.ar/archivos/Pdfs/comytexord/B12253.pdf,B12253,2026-05-12T15:22:37+00:00,2021-12-09,344734,2,"""2021 - AÑO DE HOMENAJE AL PREMIO NOBEL DE MEDICINA DR. CÉSAR MILSTEIN""",true,,
comunicacion_B,data/raw/03_comunicaciones_B/B12254_2021_ano_de_homenaje_al_premio.pdf,https://www.bcra.gob.ar/archivos/Pdfs/comytexord/B12254.pdf,B12254,2026-05-12T15:22:37+00:00,2021-12-10,125375,1,"""2021 - AÑO DE HOMENAJE AL PREMIO NOBEL DE MEDICINA DR. CÉSAR MILSTEIN""",true,,
comunicacion_B,data/raw/03_comunicaciones_B/B12255_2021_ano_de_homenaje_al_premio.pdf,https://www.bcra.gob.ar/archivos/Pdfs/comytexord/B12255.pdf,B12255,2026-05-12T15:22:38+00:00,2021-12-13,166603,2,"""2021 - AÑO DE HOMENAJE AL PREMIO NOBEL DE MEDICINA DR. CÉSAR MILSTEIN""",true,,
comunicacion_B,data/raw/03_comunicaciones_B/B12256_2021_ano_de_homenaje_al_premio.pdf,https://www.bcra.gob.ar/archivos/Pdfs/comytexord/B12256.pdf,B12256,2026-05-12T15:22:39+00:00,2021-12-13,314237,2,"""2021 - AÑO DE HOMENAJE AL PREMIO NOBEL DE MEDICINA DR. CÉSAR MILSTEIN""",true,,
comunicacion_B,data/raw/03_comunicaciones_B/B12257_2021_ano_de_homenaje_al_premio.pdf,https://www.bcra.gob.ar/archivos/Pdfs/comytexord/B12257.pdf,B12257,2026-05-12T15:22:39+00:00,2021-12-14,129506,2,"""2021 - AÑO DE HOMENAJE AL PREMIO NOBEL DE MEDICINA DR. CÉSAR MILSTEIN""",true,,
comunicacion_B,data/raw/03_comunicaciones_B/B12258_2021_ano_de_homenaje_al_premio.pdf,https://www.bcra.gob.ar/archivos/Pdfs/comytexord/B12258.pdf,B12258,2026-05-12T15:22:40+00:00,2021-12-14,217113,2,"""2021 - AÑO DE HOMENAJE AL PREMIO NOBEL DE MEDICINA DR. CÉSAR MILSTEIN""",true,,
comunicacion_B,data/raw/03_comunicaciones_B/B12259_2021_ano_de_homenaje_al_premio.pdf,https://www.bcra.gob.ar/archivos/Pdfs/comytexord/B12259.pdf,B12259,2026-05-12T15:22:40+00:00,2021-12-14,332311,2,"""2021 - AÑO DE HOMENAJE AL PREMIO NOBEL DE MEDICINA DR. CÉSAR MILSTEIN""",true,,
comunicacion_B,data/raw/03_comunicaciones_B/B12260_2021_ano_de_homenaje_al_premio.pdf,https://www.bcra.gob.ar/archivos/Pdfs/comytexord/B12260.pdf,B12260,2026-05-12T15:22:41+00:00,2021-12-16,236567,3,"""2021 - AÑO DE HOMENAJE AL PREMIO NOBEL DE MEDICINA DR. CÉSAR MILSTEIN""",true,,
comunicacion_B,data/raw/03_comunicaciones_B/B12262_2021_ano_de_homenaje_al_premio.pdf,https://www.bcra.gob.ar/archivos/Pdfs/comytexord/B12262.pdf,B12262,2026-05-12T15:22:42+00:00,2021-12-22,325677,2,"""2021 - AÑO DE HOMENAJE AL PREMIO NOBEL DE MEDICINA DR. CÉSAR MILSTEIN""",true,,
comunicacion_B,data/raw/03_comunicaciones_B/B12261_2021_ano_de_homenaje_al_premio.pdf,https://www.bcra.gob.ar/archivos/Pdfs/comytexord/B12261.pdf,B12261,2026-05-12T15:22:42+00:00,2021-12-21,401980,12,"""2021 - AÑO DE HOMENAJE AL PREMIO NOBEL DE MEDICINA DR. CÉSAR MILSTEIN""",true,,
comunicacion_B,data/raw/03_comunicaciones_B/B12263_2021_ano_de_homenaje_al_premio.pdf,https://www.bcra.gob.ar/archivos/Pdfs/comytexord/B12263.pdf,B12263,2026-05-12T15:22:42+00:00,2021-12-27,125241,1,"""2021 - AÑO DE HOMENAJE AL PREMIO NOBEL DE MEDICINA DR. CÉSAR MILSTEIN""",true,,
comunicacion_B,data/raw/03_comunicaciones_B/B12264_2021_ano_de_homenaje_al_premio.pdf,https://www.bcra.gob.ar/archivos/Pdfs/comytexord/B12264.pdf,B12264,2026-05-12T15:22:43+00:00,2021-12-27,125293,1,"""2021 - AÑO DE HOMENAJE AL PREMIO NOBEL DE MEDICINA DR. CÉSAR MILSTEIN""",true,,
comunicacion_B,data/raw/03_comunicaciones_B/B12265_2021_ano_de_homenaje_al_premio.pdf,https://www.bcra.gob.ar/archivos/Pdfs/comytexord/B12265.pdf,B12265,2026-05-12T15:22:43+00:00,2021-12-27,125988,1,"""2021 - AÑO DE HOMENAJE AL PREMIO NOBEL DE MEDICINA DR. CÉSAR MILSTEIN""",true,,
comunicacion_B,data/raw/03_comunicaciones_B/B12266_2021_ano_de_homenaje_al_premio.pdf,https://www.bcra.gob.ar/archivos/Pdfs/comytexord/B12266.pdf,B12266,2026-05-12T15:22:44+00:00,2021-12-29,125965,1,"""2021 - AÑO DE HOMENAJE AL PREMIO NOBEL DE MEDICINA DR. CÉSAR MILSTEIN""",true,,
comunicacion_B,data/raw/03_comunicaciones_B/B12267_2021_ano_de_homenaje_al_premio.pdf,https://www.bcra.gob.ar/archivos/Pdfs/comytexord/B12267.pdf,B12267,2026-05-12T15:22:44+00:00,2021-12-30,156857,2,"""2021 - AÑO DE HOMENAJE AL PREMIO NOBEL DE MEDICINA DR. CÉSAR MILSTEIN""",true,,
comunicacion_B,data/raw/03_comunicaciones_B/B12268_comunicacion_b_12268_03_01_202.pdf,https://www.bcra.gob.ar/archivos/Pdfs/comytexord/B12268.pdf,B12268,2026-05-12T15:22:45+00:00,2022-01-03,129169,1,COMUNICACIÓN  “B”  12268 03/01/2022,true,,
comunicacion_B,data/raw/03_comunicaciones_B/B12269_comunicacion_b_12269_03_01_202.pdf,https://www.bcra.gob.ar/archivos/Pdfs/comytexord/B12269.pdf,B12269,2026-05-12T15:22:45+00:00,2022-01-03,125799,1,COMUNICACIÓN  “B”  12269 03/01/2022,true,,
comunicacion_B,data/raw/03_comunicaciones_B/B12270_comunicacion_b_12270_03_01_202.pdf,https://www.bcra.gob.ar/archivos/Pdfs/comytexord/B12270.pdf,B12270,2026-05-12T15:22:46+00:00,2022-01-03,326580,2,COMUNICACIÓN  “B”  12270 03/01/2022,true,,
comunicacion_B,data/raw/03_comunicaciones_B/B12271_comunicacion_b_12271_10_01_202.pdf,https://www.bcra.gob.ar/archivos/Pdfs/comytexord/B12271.pdf,B12271,2026-05-12T15:22:46+00:00,2022-01-10,342874,2,COMUNICACIÓN  “B”  12271 10/01/2022,true,,
comunicacion_B,data/raw/03_comunicaciones_B/B12272_comunicacion_b_12272_10_01_202.pdf,https://www.bcra.gob.ar/archivos/Pdfs/comytexord/B12272.pdf,B12272,2026-05-12T15:22:47+00:00,2022-01-10,127986,1,COMUNICACIÓN  “B”  12272 10/01/2022,true,,
comunicacion_B,data/raw/03_comunicaciones_B/B12273_comunicacion_b_12273_12_01_202.pdf,https://www.bcra.gob.ar/archivos/Pdfs/comytexord/B12273.pdf,B12273,2026-05-12T15:22:47+00:00,2022-01-12,258378,3,COMUNICACIÓN  “B”  12273 12/01/2022,true,,
comunicacion_B,data/raw/03_comunicaciones_B/B12274_comunicacion_b_12274_13_01_202.pdf,https://www.bcra.gob.ar/archivos/Pdfs/comytexord/B12274.pdf,B12274,2026-05-12T15:22:48+00:00,2022-01-13,215187,2,COMUNICACIÓN  “B”  12274 13/01/2022,true,,
comunicacion_B,data/raw/03_comunicaciones_B/B12275_comunicacion_b_12275_13_01_202.pdf,https://www.bcra.gob.ar/archivos/Pdfs/comytexord/B12275.pdf,B12275,2026-05-12T15:22:48+00:00,2022-01-13,390700,2,COMUNICACIÓN  “B”  12275 13/01/2022,true,,
comunicacion_B,data/raw/03_comunicaciones_B/B12276_comunicacion_b_12276_14_01_202.pdf,https://www.bcra.gob.ar/archivos/Pdfs/comytexord/B12276.pdf,B12276,2026-05-12T15:22:49+00:00,2022-01-14,209353,2,COMUNICACIÓN  “B”  12276 14/01/2022,true,,
comunicacion_B,data/raw/03_comunicaciones_B/B12277_comunicacion_b_12277_14_01_202.pdf,https://www.bcra.gob.ar/archivos/Pdfs/comytexord/B12277.pdf,B12277,2026-05-12T15:22:49+00:00,2022-01-14,234731,3,COMUNICACIÓN  “B”  12277 14/01/2022,true,,
comunicacion_B,data/raw/03_comunicaciones_B/B12278_comunicacion_b_12278_17_01_202.pdf,https://www.bcra.gob.ar/archivos/Pdfs/comytexord/B12278.pdf,B12278,2026-05-12T15:22:50+00:00,2022-01-17,312862,2,COMUNICACIÓN  “B”  12278 17/01/2022,true,,
comunicacion_B,data/raw/03_comunicaciones_B/B12279_las_malvinas_son_argentinas.pdf,https://www.bcra.gob.ar/archivos/Pdfs/comytexord/B12279.pdf,B12279,2026-05-12T15:22:50+00:00,2022-01-18,325579,2,“Las Malvinas son argentinas”,true,,
comunicacion_B,data/raw/03_comunicaciones_B/B12280_las_malvinas_son_argentinas.pdf,https://www.bcra.gob.ar/archivos/Pdfs/comytexord/B12280.pdf,B12280,2026-05-12T15:22:51+00:00,2022-01-27,129704,1,"""Las Malvinas son argentinas""",true,,
comunicacion_B,data/raw/03_comunicaciones_B/B12281_las_malvinas_son_argentinas.pdf,https://www.bcra.gob.ar/archivos/Pdfs/comytexord/B12281.pdf,B12281,2026-05-12T15:22:51+00:00,2022-01-28,336106,3,"""Las Malvinas son argentinas""",true,,
comunicacion_B,data/raw/03_comunicaciones_B/B12282_las_malvinas_son_argentinas.pdf,https://www.bcra.gob.ar/archivos/Pdfs/comytexord/B12282.pdf,B12282,2026-05-12T15:22:52+00:00,2022-02-01,128244,1,"""Las Malvinas son argentinas""",true,,
comunicacion_B,data/raw/03_comunicaciones_B/B12283_las_malvinas_son_argentinas.pdf,https://www.bcra.gob.ar/archivos/Pdfs/comytexord/B12283.pdf,B12283,2026-05-12T15:22:52+00:00,2022-02-01,326481,2,“Las Malvinas son argentinas”,true,,
comunicacion_B,data/raw/03_comunicaciones_B/B12284_las_malvinas_son_argentinas.pdf,https://www.bcra.gob.ar/archivos/Pdfs/comytexord/B12284.pdf,B12284,2026-05-12T15:22:53+00:00,2022-02-03,345240,2,"""Las Malvinas son argentinas""",true,,
comunicacion_B,data/raw/03_comunicaciones_B/B12285_las_malvinas_son_argentinas.pdf,https://www.bcra.gob.ar/archivos/Pdfs/comytexord/B12285.pdf,B12285,2026-05-12T15:22:53+00:00,2022-02-10,124984,1,"""Las Malvinas son argentinas""",true,,
comunicacion_B,data/raw/03_comunicaciones_B/B12286_las_malvinas_son_argentinas.pdf,https://www.bcra.gob.ar/archivos/Pdfs/comytexord/B12286.pdf,B12286,2026-05-12T15:22:54+00:00,2022-02-14,130854,2,“Las Malvinas son argentinas”,true,,
comunicacion_B,data/raw/03_comunicaciones_B/B12287_las_malvinas_son_argentinas.pdf,https://www.bcra.gob.ar/archivos/Pdfs/comytexord/B12287.pdf,B12287,2026-05-12T15:22:54+00:00,2022-02-15,215559,2,“Las Malvinas son argentinas”,true,,
comunicacion_B,data/raw/03_comunicaciones_B/B12288_las_malvinas_son_argentinas.pdf,https://www.bcra.gob.ar/archivos/Pdfs/comytexord/B12288.pdf,B12288,2026-05-12T15:22:55+00:00,2022-02-15,390807,2,“Las Malvinas son argentinas”,true,,
comunicacion_B,data/raw/03_comunicaciones_B/B12289_las_malvinas_son_argentinas.pdf,https://www.bcra.gob.ar/archivos/Pdfs/comytexord/B12289.pdf,B12289,2026-05-12T15:22:56+00:00,2022-02-16,237099,3,“Las Malvinas son argentinas”,true,,
comunicacion_B,data/raw/03_comunicaciones_B/B12290_las_malvinas_son_argentinas.pdf,https://www.bcra.gob.ar/archivos/Pdfs/comytexord/B12290.pdf,B12290,2026-05-12T15:22:56+00:00,2022-02-18,325201,2,“Las Malvinas son argentinas”,true,,
comunicacion_B,data/raw/03_comunicaciones_B/B12291_las_malvinas_son_argentinas.pdf,https://www.bcra.gob.ar/archivos/Pdfs/comytexord/B12291.pdf,B12291,2026-05-12T15:22:56+00:00,2022-02-21,121662,1,"""Las Malvinas son argentinas""",true,,
comunicacion_B,data/raw/03_comunicaciones_B/B12292_las_malvinas_son_argentinas.pdf,https://www.bcra.gob.ar/archivos/Pdfs/comytexord/B12292.pdf,B12292,2026-05-12T15:22:57+00:00,2022-02-24,314060,2,“Las Malvinas son argentinas”,true,,
comunicacion_B,data/raw/03_comunicaciones_B/B12293_las_malvinas_son_argentinas.pdf,https://www.bcra.gob.ar/archivos/Pdfs/comytexord/B12293.pdf,B12293,2026-05-12T15:22:57+00:00,2022-03-02,128783,1,"""Las Malvinas son argentinas""",true,,
comunicacion_B,data/raw/03_comunicaciones_B/B12294_las_malvinas_son_argentinas.pdf,https://www.bcra.gob.ar/archivos/Pdfs/comytexord/B12294.pdf,B12294,2026-05-12T15:22:58+00:00,2022-03-02,326084,2,“Las Malvinas son argentinas”,true,,
comunicacion_B,data/raw/03_comunicaciones_B/B12295_las_malvinas_son_argentinas.pdf,https://www.bcra.gob.ar/archivos/Pdfs/comytexord/B12295.pdf,B12295,2026-05-12T15:22:58+00:00,2022-03-02,314061,2,“Las Malvinas son argentinas”,true,,
comunicacion_B,data/raw/03_comunicaciones_B/B12296_las_malvinas_son_argentinas.pdf,https://www.bcra.gob.ar/archivos/Pdfs/comytexord/B12296.pdf,B12296,2026-05-12T15:22:59+00:00,2022-03-04,314973,2,“Las Malvinas son argentinas”,true,,
comunicacion_B,data/raw/03_comunicaciones_B/B12297_las_malvinas_son_argentinas.pdf,https://www.bcra.gob.ar/archivos/Pdfs/comytexord/B12297.pdf,B12297,2026-05-12T15:22:59+00:00,2022-03-07,314062,2,“Las Malvinas son argentinas”,true,,
comunicacion_B,data/raw/03_comunicaciones_B/B12298_las_malvinas_son_argentinas.pdf,https://www.bcra.gob.ar/archivos/Pdfs/comytexord/B12298.pdf,B12298,2026-05-12T15:23:00+00:00,2022-03-09,343858,2,"""Las Malvinas son argentinas""",true,,
comunicacion_B,data/raw/03_comunicaciones_B/B12299_las_malvinas_son_argentinas.pdf,https://www.bcra.gob.ar/archivos/Pdfs/comytexord/B12299.pdf,B12299,2026-05-12T15:23:00+00:00,2022-03-11,314067,2,“Las Malvinas son argentinas”,true,,
comunicacion_B,data/raw/03_comunicaciones_B/B12300_las_malvinas_son_argentinas.pdf,https://www.bcra.gob.ar/archivos/Pdfs/comytexord/B12300.pdf,B12300,2026-05-12T15:23:01+00:00,2022-03-14,129593,2,“Las Malvinas son argentinas”,true,,
comunicacion_B,data/raw/03_comunicaciones_B/B12301_las_malvinas_son_argentinas.pdf,https://www.bcra.gob.ar/archivos/Pdfs/comytexord/B12301.pdf,B12301,2026-05-12T15:23:01+00:00,2022-03-15,215051,2,“Las Malvinas son argentinas”,true,,
comunicacion_B,data/raw/03_comunicaciones_B/B12302_las_malvinas_son_argentinas.pdf,https://www.bcra.gob.ar/archivos/Pdfs/comytexord/B12302.pdf,B12302,2026-05-12T15:23:02+00:00,2022-03-15,390879,2,“Las Malvinas son argentinas”,true,,
comunicacion_B,data/raw/03_comunicaciones_B/B12303_las_malvinas_son_argentinas.pdf,https://www.bcra.gob.ar/archivos/Pdfs/comytexord/B12303.pdf,B12303,2026-05-12T15:23:02+00:00,2022-03-16,236413,3,“Las Malvinas son argentinas”,true,,
comunicacion_B,data/raw/03_comunicaciones_B/B12304_las_malvinas_son_argentinas.pdf,https://www.bcra.gob.ar/archivos/Pdfs/comytexord/B12304.pdf,B12304,2026-05-12T15:23:03+00:00,2022-03-17,124925,1,"""Las Malvinas son argentinas""",true,,
comunicacion_B,data/raw/03_comunicaciones_B/B12305_las_malvinas_son_argentinas.pdf,https://www.bcra.gob.ar/archivos/Pdfs/comytexord/B12305.pdf,B12305,2026-05-12T15:23:03+00:00,2022-03-17,161483,2,"""Las Malvinas son argentinas""",true,,
comunicacion_B,data/raw/03_comunicaciones_B/B12306_las_malvinas_son_argentinas.pdf,https://www.bcra.gob.ar/archivos/Pdfs/comytexord/B12306.pdf,B12306,2026-05-12T15:23:04+00:00,2022-03-18,395876,2,“Las Malvinas son argentinas”,true,,
comunicacion_B,data/raw/03_comunicaciones_B/B12307_las_malvinas_son_argentinas.pdf,https://www.bcra.gob.ar/archivos/Pdfs/comytexord/B12307.pdf,B12307,2026-05-12T15:23:04+00:00,2022-03-22,323352,2,“Las Malvinas son argentinas”,true,,
comunicacion_B,data/raw/03_comunicaciones_B/B12308_las_malvinas_son_argentinas.pdf,https://www.bcra.gob.ar/archivos/Pdfs/comytexord/B12308.pdf,B12308,2026-05-12T15:23:05+00:00,2022-04-01,127371,1,"""Las Malvinas son argentinas""",true,,
comunicacion_B,data/raw/03_comunicaciones_B/B12309_las_malvinas_son_argentinas.pdf,https://www.bcra.gob.ar/archivos/Pdfs/comytexord/B12309.pdf,B12309,2026-05-12T15:23:06+00:00,2022-04-01,326402,2,“Las Malvinas son argentinas”,true,,
comunicacion_B,data/raw/03_comunicaciones_B/B12310_las_malvinas_son_argentinas.pdf,https://www.bcra.gob.ar/archivos/Pdfs/comytexord/B12310.pdf,B12310,2026-05-12T15:23:06+00:00,2022-04-07,313012,2,“Las Malvinas son argentinas”,true,,
comunicacion_B,data/raw/03_comunicaciones_B/B12311_las_malvinas_son_argentinas.pdf,https://www.bcra.gob.ar/archivos/Pdfs/comytexord/B12311.pdf,B12311,2026-05-12T15:23:06+00:00,2022-04-11,314416,2,“Las Malvinas son argentinas”,true,,
comunicacion_B,data/raw/03_comunicaciones_B/B12312_las_malvinas_son_argentinas.pdf,https://www.bcra.gob.ar/archivos/Pdfs/comytexord/B12312.pdf,B12312,2026-05-12T15:23:07+00:00,2022-04-12,132163,1,"""Las Malvinas son argentinas""",true,,
comunicacion_B,data/raw/03_comunicaciones_B/B12313_las_malvinas_son_argentinas.pdf,https://www.bcra.gob.ar/archivos/Pdfs/comytexord/B12313.pdf,B12313,2026-05-12T15:23:08+00:00,2022-04-13,236240,3,“Las Malvinas son argentinas”,true,,
comunicacion_B,data/raw/03_comunicaciones_B/B12314_las_malvinas_son_argentinas.pdf,https://www.bcra.gob.ar/archivos/Pdfs/comytexord/B12314.pdf,B12314,2026-05-12T15:23:08+00:00,2022-04-13,209130,2,“Las Malvinas son argentinas”,true,,
comunicacion_B,data/raw/03_comunicaciones_B/B12315_las_malvinas_son_argentinas.pdf,https://www.bcra.gob.ar/archivos/Pdfs/comytexord/B12315.pdf,B12315,2026-05-12T15:23:09+00:00,2022-04-13,215837,2,“Las Malvinas son argentinas”,true,,
comunicacion_B,data/raw/03_comunicaciones_B/B12316_las_malvinas_son_argentinas.pdf,https://www.bcra.gob.ar/archivos/Pdfs/comytexord/B12316.pdf,B12316,2026-05-12T15:23:09+00:00,2022-04-13,330559,2,“Las Malvinas son argentinas”,true,,
comunicacion_B,data/raw/03_comunicaciones_B/B12317_las_malvinas_son_argentinas.pdf,https://www.bcra.gob.ar/archivos/Pdfs/comytexord/B12317.pdf,B12317,2026-05-12T15:23:10+00:00,2022-04-19,343378,2,"""Las Malvinas son argentinas""",true,,
comunicacion_B,data/raw/03_comunicaciones_B/B12318_las_malvinas_son_argentinas.pdf,https://www.bcra.gob.ar/archivos/Pdfs/comytexord/B12318.pdf,B12318,2026-05-12T15:23:10+00:00,2022-04-19,314985,2,“Las Malvinas son argentinas”,true,,
comunicacion_B,data/raw/03_comunicaciones_B/B12319_las_malvinas_son_argentinas.pdf,https://www.bcra.gob.ar/archivos/Pdfs/comytexord/B12319.pdf,B12319,2026-05-12T15:23:10+00:00,2022-04-20,324581,2,“Las Malvinas son argentinas”,true,,
comunicacion_B,data/raw/03_comunicaciones_B/B12320_las_malvinas_son_argentinas.pdf,https://www.bcra.gob.ar/archivos/Pdfs/comytexord/B12320.pdf,B12320,2026-05-12T15:23:11+00:00,2022-04-25,313018,2,“Las Malvinas son argentinas”,true,,
comunicacion_B,data/raw/03_comunicaciones_B/B12321_las_malvinas_son_argentinas.pdf,https://www.bcra.gob.ar/archivos/Pdfs/comytexord/B12321.pdf,B12321,2026-05-12T15:23:11+00:00,2022-04-29,124716,1,"""Las Malvinas son argentinas""",true,,
comunicacion_B,data/raw/03_comunicaciones_B/B12322_las_malvinas_son_argentinas.pdf,https://www.bcra.gob.ar/archivos/Pdfs/comytexord/B12322.pdf,B12322,2026-05-12T15:23:12+00:00,2022-05-02,126326,1,"""Las Malvinas son argentinas""",true,,
comunicacion_B,data/raw/03_comunicaciones_B/B12323_las_malvinas_son_argentinas.pdf,https://www.bcra.gob.ar/archivos/Pdfs/comytexord/B12323.pdf,B12323,2026-05-12T15:23:13+00:00,2022-05-02,327001,2,“Las Malvinas son argentinas”,true,,
comunicacion_B,data/raw/03_comunicaciones_B/B12324_las_malvinas_son_argentinas.pdf,https://www.bcra.gob.ar/archivos/Pdfs/comytexord/B12324.pdf,B12324,2026-05-12T15:23:13+00:00,2022-05-05,344159,2,"""Las Malvinas son argentinas""",true,,
comunicacion_B,data/raw/03_comunicaciones_B/B12325_las_malvinas_son_argentinas.pdf,https://www.bcra.gob.ar/archivos/Pdfs/comytexord/B12325.pdf,B12325,2026-05-12T15:23:14+00:00,2022-05-10,248760,2,"""Las Malvinas son argentinas""",true,,
comunicacion_B,data/raw/03_comunicaciones_B/B12326_las_malvinas_son_argentinas.pdf,https://www.bcra.gob.ar/archivos/Pdfs/comytexord/B12326.pdf,B12326,2026-05-12T15:23:14+00:00,2022-05-11,250158,2,"""Las Malvinas son argentinas""",true,,
comunicacion_B,data/raw/03_comunicaciones_B/B12327_las_malvinas_son_argentinas.pdf,https://www.bcra.gob.ar/archivos/Pdfs/comytexord/B12327.pdf,B12327,2026-05-12T15:23:15+00:00,2022-05-12,215556,2,“Las Malvinas son argentinas”,true,,
comunicacion_B,data/raw/03_comunicaciones_B/B12328_las_malvinas_son_argentinas.pdf,https://www.bcra.gob.ar/archivos/Pdfs/comytexord/B12328.pdf,B12328,2026-05-12T15:23:15+00:00,2022-05-12,390914,2,“Las Malvinas son argentinas”,true,,
comunicacion_B,data/raw/03_comunicaciones_B/B12329_las_malvinas_son_argentinas.pdf,https://www.bcra.gob.ar/archivos/Pdfs/comytexord/B12329.pdf,B12329,2026-05-12T15:23:16+00:00,2022-05-13,166424,2,"""Las Malvinas son argentinas""",true,,
comunicacion_B,data/raw/03_comunicaciones_B/B12330_las_malvinas_son_argentinas.pdf,https://www.bcra.gob.ar/archivos/Pdfs/comytexord/B12330.pdf,B12330,2026-05-12T15:23:16+00:00,2022-05-13,129050,2,“Las Malvinas son argentinas”,true,,
comunicacion_B,data/raw/03_comunicaciones_B/B12331_las_malvinas_son_argentinas.pdf,https://www.bcra.gob.ar/archivos/Pdfs/comytexord/B12331.pdf,B12331,2026-05-12T15:23:17+00:00,2022-05-16,236396,3,“Las Malvinas son argentinas”,true,,
comunicacion_B,data/raw/03_comunicaciones_B/B12332_las_malvinas_son_argentinas.pdf,https://www.bcra.gob.ar/archivos/Pdfs/comytexord/B12332.pdf,B12332,2026-05-12T15:23:17+00:00,2022-05-17,323406,2,“Las Malvinas son argentinas”,true,,
comunicacion_B,data/raw/03_comunicaciones_B/B12333_las_malvinas_son_argentinas.pdf,https://www.bcra.gob.ar/archivos/Pdfs/comytexord/B12333.pdf,B12333,2026-05-12T15:23:18+00:00,2022-05-27,214592,1,"""Las Malvinas son argentinas""",true,,
comunicacion_B,data/raw/03_comunicaciones_B/B12334_las_malvinas_son_argentinas.pdf,https://www.bcra.gob.ar/archivos/Pdfs/comytexord/B12334.pdf,B12334,2026-05-12T15:23:18+00:00,2022-06-01,128308,1,"""Las Malvinas son argentinas""",true,,
comunicacion_B,data/raw/03_comunicaciones_B/B12335_las_malvinas_son_argentinas.pdf,https://www.bcra.gob.ar/archivos/Pdfs/comytexord/B12335.pdf,B12335,2026-05-12T15:23:19+00:00,2022-06-01,327511,2,“Las Malvinas son argentinas”,true,,
comunicacion_B,data/raw/03_comunicaciones_B/B12336_las_malvinas_son_argentinas.pdf,https://www.bcra.gob.ar/archivos/Pdfs/comytexord/B12336.pdf,B12336,2026-05-12T15:23:19+00:00,2022-06-09,346001,2,"""Las Malvinas son argentinas""",true,,
comunicacion_B,data/raw/03_comunicaciones_B/B12337_las_malvinas_son_argentinas.pdf,https://www.bcra.gob.ar/archivos/Pdfs/comytexord/B12337.pdf,B12337,2026-05-12T15:23:20+00:00,2022-06-09,314986,2,“Las Malvinas son argentinas”,true,,
comunicacion_B,data/raw/03_comunicaciones_B/B12338_las_malvinas_son_argentinas.pdf,https://www.bcra.gob.ar/archivos/Pdfs/comytexord/B12338.pdf,B12338,2026-05-12T15:23:20+00:00,2022-06-14,131809,2,“Las Malvinas son argentinas”,true,,
comunicacion_B,data/raw/03_comunicaciones_B/B12339_las_malvinas_son_argentinas.pdf,https://www.bcra.gob.ar/archivos/Pdfs/comytexord/B12339.pdf,B12339,2026-05-12T15:23:21+00:00,2022-06-14,216918,2,“Las Malvinas son argentinas”,true,,
comunicacion_B,data/raw/03_comunicaciones_B/B12340_las_malvinas_son_argentinas.pdf,https://www.bcra.gob.ar/archivos/Pdfs/comytexord/B12340.pdf,B12340,2026-05-12T15:23:21+00:00,2022-06-14,390906,2,“Las Malvinas son argentinas”,true,,
comunicacion_B,data/raw/03_comunicaciones_B/B12341_las_malvinas_son_argentinas.pdf,https://www.bcra.gob.ar/archivos/Pdfs/comytexord/B12341.pdf,B12341,2026-05-12T15:23:22+00:00,2022-06-15,236936,3,“Las Malvinas son argentinas”,true,,
comunicacion_B,data/raw/03_comunicaciones_B/B12342_las_malvinas_son_argentinas.pdf,https://www.bcra.gob.ar/archivos/Pdfs/comytexord/B12342.pdf,B12342,2026-05-12T15:23:22+00:00,2022-06-16,323387,2,“Las Malvinas son argentinas”,true,,
comunicacion_B,data/raw/03_comunicaciones_B/B12343_las_malvinas_son_argentinas.pdf,https://www.bcra.gob.ar/archivos/Pdfs/comytexord/B12343.pdf,B12343,2026-05-12T15:23:23+00:00,2022-06-24,314972,2,“Las Malvinas son argentinas”,true,,
comunicacion_B,data/raw/03_comunicaciones_B/B12344_las_malvinas_son_argentinas.pdf,https://www.bcra.gob.ar/archivos/Pdfs/comytexord/B12344.pdf,B12344,2026-05-12T15:23:23+00:00,2022-06-28,226266,1,"""Las Malvinas son argentinas""",true,,
comunicacion_B,data/raw/03_comunicaciones_B/B12345_las_malvinas_son_argentinas.pdf,https://www.bcra.gob.ar/archivos/Pdfs/comytexord/B12345.pdf,B12345,2026-05-12T15:23:24+00:00,2022-06-29,404185,12,"""Las Malvinas son argentinas""",true,,
comunicacion_B,data/raw/03_comunicaciones_B/B12346_comunicacion_b_12346_01_07_202.pdf,https://www.bcra.gob.ar/archivos/Pdfs/comytexord/B12346.pdf,B12346,2026-05-12T15:23:24+00:00,2022-07-01,123315,1,COMUNICACIÓN  “B”  12346 01/07/2022,true,,
comunicacion_B,data/raw/03_comunicaciones_B/B12347_comunicacion_b_12347_01_07_202.pdf,https://www.bcra.gob.ar/archivos/Pdfs/comytexord/B12347.pdf,B12347,2026-05-12T15:23:25+00:00,2022-07-01,118679,1,COMUNICACIÓN  “B”  12347 01/07/2022,true,,
comunicacion_B,data/raw/03_comunicaciones_B/B12348_las_malvinas_son_argentinas.pdf,https://www.bcra.gob.ar/archivos/Pdfs/comytexord/B12348.pdf,B12348,2026-05-12T15:23:25+00:00,2022-07-01,326631,2,“Las Malvinas son argentinas”,true,,
comunicacion_B,data/raw/03_comunicaciones_B/B12349_las_malvinas_son_argentinas.pdf,https://www.bcra.gob.ar/archivos/Pdfs/comytexord/B12349.pdf,B12349,2026-05-12T15:23:26+00:00,2022-07-08,343937,2,"""Las Malvinas son argentinas""",true,,
comunicacion_B,data/raw/03_comunicaciones_B/B12350_las_malvinas_son_argentinas.pdf,https://www.bcra.gob.ar/archivos/Pdfs/comytexord/B12350.pdf,B12350,2026-05-12T15:23:26+00:00,2022-07-11,313519,2,“Las Malvinas son argentinas”,true,,
comunicacion_B,data/raw/03_comunicaciones_B/B12351_las_malvinas_son_argentinas.pdf,https://www.bcra.gob.ar/archivos/Pdfs/comytexord/B12351.pdf,B12351,2026-05-12T15:23:27+00:00,2022-07-12,127327,1,"""Las Malvinas son argentinas""",true,,
comunicacion_B,data/raw/03_comunicaciones_B/B12352_comunicacion_b_12352_13_07_202.pdf,https://www.bcra.gob.ar/archivos/Pdfs/comytexord/B12352.pdf,B12352,2026-05-12T15:23:27+00:00,2022-07-13,128324,1,COMUNICACIÓN  “B”  12352 13/07/2022,true,,
comunicacion_B,data/raw/03_comunicaciones_B/B12353_las_malvinas_son_argentinas.pdf,https://www.bcra.gob.ar/archivos/Pdfs/comytexord/B12353.pdf,B12353,2026-05-12T15:23:28+00:00,2022-07-13,314452,2,“Las Malvinas son argentinas”,true,,
comunicacion_B,data/raw/03_comunicaciones_B/B12354_las_malvinas_son_argentinas.pdf,https://www.bcra.gob.ar/archivos/Pdfs/comytexord/B12354.pdf,B12354,2026-05-12T15:23:28+00:00,2022-07-14,129742,2,“Las Malvinas son argentinas”,true,,
comunicacion_B,data/raw/03_comunicaciones_B/B12355_las_malvinas_son_argentinas.pdf,https://www.bcra.gob.ar/archivos/Pdfs/comytexord/B12355.pdf,B12355,2026-05-12T15:23:29+00:00,2022-07-14,216110,2,“Las Malvinas son argentinas”,true,,
comunicacion_B,data/raw/03_comunicaciones_B/B12356_las_malvinas_son_argentinas.pdf,https://www.bcra.gob.ar/archivos/Pdfs/comytexord/B12356.pdf,B12356,2026-05-12T15:23:29+00:00,2022-07-14,390921,2,“Las Malvinas son argentinas”,true,,
comunicacion_B,data/raw/03_comunicaciones_B/B12357_las_malvinas_son_argentinas.pdf,https://www.bcra.gob.ar/archivos/Pdfs/comytexord/B12357.pdf,B12357,2026-05-12T15:23:30+00:00,2022-07-15,235537,3,“Las Malvinas son argentinas”,true,,
comunicacion_B,data/raw/03_comunicaciones_B/B12358_las_malvinas_son_argentinas.pdf,https://www.bcra.gob.ar/archivos/Pdfs/comytexord/B12358.pdf,B12358,2026-05-12T15:23:30+00:00,2022-07-19,327026,2,“Las Malvinas son argentinas”,true,,
comunicacion_B,data/raw/03_comunicaciones_B/B12359_las_malvinas_son_argentinas.pdf,https://www.bcra.gob.ar/archivos/Pdfs/comytexord/B12359.pdf,B12359,2026-05-12T15:23:31+00:00,2022-07-20,124889,1,"""Las Malvinas son argentinas""",true,,
comunicacion_B,data/raw/03_comunicaciones_B/B12360_las_malvinas_son_argentinas.pdf,https://www.bcra.gob.ar/archivos/Pdfs/comytexord/B12360.pdf,B12360,2026-05-12T15:23:31+00:00,2022-07-20,124843,1,"""Las Malvinas son argentinas""",true,,
comunicacion_B,data/raw/03_comunicaciones_B/B12361_las_malvinas_son_argentinas.pdf,https://www.bcra.gob.ar/archivos/Pdfs/comytexord/B12361.pdf,B12361,2026-05-12T15:23:32+00:00,2022-07-20,125579,1,"""Las Malvinas son argentinas""",true,,
comunicacion_B,data/raw/03_comunicaciones_B/B12362_las_malvinas_son_argentinas.pdf,https://www.bcra.gob.ar/archivos/Pdfs/comytexord/B12362.pdf,B12362,2026-05-12T15:23:32+00:00,2022-07-20,200624,1,"""Las Malvinas son argentinas""",true,,
comunicacion_B,data/raw/03_comunicaciones_B/B12363_comunicacion_b_12363_27_07_202.pdf,https://www.bcra.gob.ar/archivos/Pdfs/comytexord/B12363.pdf,B12363,2026-05-12T15:23:33+00:00,2022-07-27,130551,2,COMUNICACIÓN  “B”  12363 27/07/2022,true,,
comunicacion_B,data/raw/03_comunicaciones_B/B12364_las_malvinas_son_argentinas.pdf,https://www.bcra.gob.ar/archivos/Pdfs/comytexord/B12364.pdf,B12364,2026-05-12T15:23:33+00:00,2022-07-28,382799,1,"""Las Malvinas son argentinas""",true,,
comunicacion_B,data/raw/03_comunicaciones_B/B12365_las_malvinas_son_argentinas.pdf,https://www.bcra.gob.ar/archivos/Pdfs/comytexord/B12365.pdf,B12365,2026-05-12T15:23:34+00:00,2022-08-01,327878,2,“Las Malvinas son argentinas”,true,,
comunicacion_B,data/raw/03_comunicaciones_B/B12366_las_malvinas_son_argentinas.pdf,https://www.bcra.gob.ar/archivos/Pdfs/comytexord/B12366.pdf,B12366,2026-05-12T15:23:34+00:00,2022-08-01,128506,1,"""Las Malvinas son argentinas""",true,,
comunicacion_B,data/raw/03_comunicaciones_B/B12367_las_malvinas_son_argentinas.pdf,https://www.bcra.gob.ar/archivos/Pdfs/comytexord/B12367.pdf,B12367,2026-05-12T15:23:35+00:00,2022-08-03,314054,2,“Las Malvinas son argentinas”,true,,
comunicacion_B,data/raw/03_comunicaciones_B/B12368_las_malvinas_son_argentinas.pdf,https://www.bcra.gob.ar/archivos/Pdfs/comytexord/B12368.pdf,B12368,2026-05-12T15:23:35+00:00,2022-08-05,125154,1,"""Las Malvinas son argentinas""",true,,
comunicacion_B,data/raw/03_comunicaciones_B/B12369_las_malvinas_son_argentinas.pdf,https://www.bcra.gob.ar/archivos/Pdfs/comytexord/B12369.pdf,B12369,2026-05-12T15:23:36+00:00,2022-08-05,123749,1,"""Las Malvinas son argentinas""",true,,
comunicacion_B,data/raw/03_comunicaciones_B/B12370_las_malvinas_son_argentinas.pdf,https://www.bcra.gob.ar/archivos/Pdfs/comytexord/B12370.pdf,B12370,2026-05-12T15:23:37+00:00,2022-08-05,344040,2,"""Las Malvinas son argentinas""",true,,
comunicacion_B,data/raw/03_comunicaciones_B/B12371_las_malvinas_son_argentinas.pdf,https://www.bcra.gob.ar/archivos/Pdfs/comytexord/B12371.pdf,B12371,2026-05-12T15:23:37+00:00,2022-08-09,151941,2,"""Las Malvinas son argentinas""",true,,
comunicacion_B,data/raw/03_comunicaciones_B/B12372_comunicacion_b_12372_11_08_202.pdf,https://www.bcra.gob.ar/archivos/Pdfs/comytexord/B12372.pdf,B12372,2026-05-12T15:23:37+00:00,2022-08-11,129134,1,COMUNICACIÓN  “B”  12372 11/08/2022,true,,
comunicacion_B,data/raw/03_comunicaciones_B/B12373_las_malvinas_son_argentinas.pdf,https://www.bcra.gob.ar/archivos/Pdfs/comytexord/B12373.pdf,B12373,2026-05-12T15:23:38+00:00,2022-08-11,215762,2,“Las Malvinas son argentinas”,true,,
comunicacion_B,data/raw/03_comunicaciones_B/B12374_las_malvinas_son_argentinas.pdf,https://www.bcra.gob.ar/archivos/Pdfs/comytexord/B12374.pdf,B12374,2026-05-12T15:23:38+00:00,2022-08-11,390946,2,“Las Malvinas son argentinas”,true,,
comunicacion_B,data/raw/03_comunicaciones_B/B12375_las_malvinas_son_argentinas.pdf,https://www.bcra.gob.ar/archivos/Pdfs/comytexord/B12375.pdf,B12375,2026-05-12T15:23:39+00:00,2022-08-12,166861,2,"""Las Malvinas son argentinas""",true,,
comunicacion_B,data/raw/03_comunicaciones_B/B12376_las_malvinas_son_argentinas.pdf,https://www.bcra.gob.ar/archivos/Pdfs/comytexord/B12376.pdf,B12376,2026-05-12T15:23:39+00:00,2022-08-12,133189,1,"""Las Malvinas son argentinas""",true,,
comunicacion_B,data/raw/03_comunicaciones_B/B12377_las_malvinas_son_argentinas.pdf,https://www.bcra.gob.ar/archivos/Pdfs/comytexord/B12377.pdf,B12377,2026-05-12T15:23:40+00:00,2022-08-16,321273,3,“Las Malvinas son argentinas”,true,,
comunicacion_B,data/raw/03_comunicaciones_B/B12378_comunicacion_b_12378_16_08_202.pdf,https://www.bcra.gob.ar/archivos/Pdfs/comytexord/B12378.pdf,B12378,2026-05-12T15:23:40+00:00,2022-08-16,130304,2,COMUNICACIÓN  “B”  12378 16/08/2022,true,,
comunicacion_B,data/raw/03_comunicaciones_B/B12379_las_malvinas_son_argentinas.pdf,https://www.bcra.gob.ar/archivos/Pdfs/comytexord/B12379.pdf,B12379,2026-05-12T15:23:41+00:00,2022-08-17,314446,2,“Las Malvinas son argentinas”,true,,
comunicacion_B,data/raw/03_comunicaciones_B/B12380_las_malvinas_son_argentinas.pdf,https://www.bcra.gob.ar/archivos/Pdfs/comytexord/B12380.pdf,B12380,2026-05-12T15:23:41+00:00,2022-08-17,154815,2,"""Las Malvinas son argentinas""",true,,
comunicacion_B,data/raw/03_comunicaciones_B/B12382_comunicacion_b_12382_29_08_202.pdf,https://www.bcra.gob.ar/archivos/Pdfs/comytexord/B12382.pdf,B12382,2026-05-12T15:23:42+00:00,2022-08-29,129308,1,COMUNICACIÓN  “B”  12382 29/08/2022,true,,
comunicacion_B,data/raw/03_comunicaciones_B/B12381_las_malvinas_son_argentinas.pdf,https://www.bcra.gob.ar/archivos/Pdfs/comytexord/B12381.pdf,B12381,2026-05-12T15:23:42+00:00,2022-08-18,324270,2,“Las Malvinas son argentinas”,true,,
comunicacion_B,data/raw/03_comunicaciones_B/B12383_las_malvinas_son_argentinas.pdf,https://www.bcra.gob.ar/archivos/Pdfs/comytexord/B12383.pdf,B12383,2026-05-12T15:23:43+00:00,2022-08-30,433631,2,"""Las Malvinas son argentinas""",true,,
comunicacion_B,data/raw/03_comunicaciones_B/B12384_las_malvinas_son_argentinas.pdf,https://www.bcra.gob.ar/archivos/Pdfs/comytexord/B12384.pdf,B12384,2026-05-12T15:23:43+00:00,2022-08-31,125277,1,"""Las Malvinas son argentinas""",true,,
comunicacion_B,data/raw/03_comunicaciones_B/B12385_las_malvinas_son_argentinas.pdf,https://www.bcra.gob.ar/archivos/Pdfs/comytexord/B12385.pdf,B12385,2026-05-12T15:23:44+00:00,2022-09-01,327031,2,“Las Malvinas son argentinas”,true,,
comunicacion_B,data/raw/03_comunicaciones_B/B12386_las_malvinas_son_argentinas.pdf,https://www.bcra.gob.ar/archivos/Pdfs/comytexord/B12386.pdf,B12386,2026-05-12T15:23:44+00:00,2022-09-01,128399,1,"""Las Malvinas son argentinas""",true,,
comunicacion_B,data/raw/03_comunicaciones_B/B12387_las_malvinas_son_argentinas.pdf,https://www.bcra.gob.ar/archivos/Pdfs/comytexord/B12387.pdf,B12387,2026-05-12T15:23:45+00:00,2022-09-08,345277,2,"""Las Malvinas son argentinas""",true,,
comunicacion_B,data/raw/03_comunicaciones_B/B12388_las_malvinas_son_argentinas.pdf,https://www.bcra.gob.ar/archivos/Pdfs/comytexord/B12388.pdf,B12388,2026-05-12T15:23:45+00:00,2022-09-14,131074,2,“Las Malvinas son argentinas”,true,,
comunicacion_B,data/raw/03_comunicaciones_B/B12389_las_malvinas_son_argentinas.pdf,https://www.bcra.gob.ar/archivos/Pdfs/comytexord/B12389.pdf,B12389,2026-05-12T15:23:46+00:00,2022-09-14,216960,2,“Las Malvinas son argentinas”,true,,
comunicacion_B,data/raw/03_comunicaciones_B/B12390_las_malvinas_son_argentinas.pdf,https://www.bcra.gob.ar/archivos/Pdfs/comytexord/B12390.pdf,B12390,2026-05-12T15:23:46+00:00,2022-09-14,391852,2,“Las Malvinas son argentinas”,true,,
comunicacion_B,data/raw/03_comunicaciones_B/B12392_las_malvinas_son_argentinas.pdf,https://www.bcra.gob.ar/archivos/Pdfs/comytexord/B12392.pdf,B12392,2026-05-12T15:23:47+00:00,2022-09-16,132910,1,"""Las Malvinas son argentinas""",true,,
comunicacion_B,data/raw/03_comunicaciones_B/B12391_las_malvinas_son_argentinas.pdf,https://www.bcra.gob.ar/archivos/Pdfs/comytexord/B12391.pdf,B12391,2026-05-12T15:23:47+00:00,2022-09-15,324315,2,“Las Malvinas son argentinas”,true,,
comunicacion_B,data/raw/03_comunicaciones_B/B12393_las_malvinas_son_argentinas.pdf,https://www.bcra.gob.ar/archivos/Pdfs/comytexord/B12393.pdf,B12393,2026-05-12T15:23:48+00:00,2022-09-16,237142,3,“Las Malvinas son argentinas”,true,,
comunicacion_B,data/raw/03_comunicaciones_B/B12394_las_malvinas_son_argentinas.pdf,https://www.bcra.gob.ar/archivos/Pdfs/comytexord/B12394.pdf,B12394,2026-05-12T15:23:48+00:00,2022-09-19,314980,2,“Las Malvinas son argentinas”,true,,
comunicacion_B,data/raw/03_comunicaciones_B/B12395_las_malvinas_son_argentinas.pdf,https://www.bcra.gob.ar/archivos/Pdfs/comytexord/B12395.pdf,B12395,2026-05-12T15:23:49+00:00,2022-09-20,123686,1,"""Las Malvinas son argentinas""",true,,
comunicacion_B,data/raw/03_comunicaciones_B/B12396_las_malvinas_son_argentinas.pdf,https://www.bcra.gob.ar/archivos/Pdfs/comytexord/B12396.pdf,B12396,2026-05-12T15:23:49+00:00,2022-09-28,134582,1,"""Las Malvinas son argentinas""",true,,
comunicacion_B,data/raw/03_comunicaciones_B/B12397_las_malvinas_son_argentinas.pdf,https://www.bcra.gob.ar/archivos/Pdfs/comytexord/B12397.pdf,B12397,2026-05-12T15:23:50+00:00,2022-09-28,125416,1,"""Las Malvinas son argentinas""",true,,
comunicacion_B,data/raw/03_comunicaciones_B/B12398_las_malvinas_son_argentinas.pdf,https://www.bcra.gob.ar/archivos/Pdfs/comytexord/B12398.pdf,B12398,2026-05-12T15:23:50+00:00,2022-09-28,197552,1,"""Las Malvinas son argentinas""",true,,
comunicacion_B,data/raw/03_comunicaciones_B/B12399_las_malvinas_son_argentinas.pdf,https://www.bcra.gob.ar/archivos/Pdfs/comytexord/B12399.pdf,B12399,2026-05-12T15:23:51+00:00,2022-10-03,128367,1,"""Las Malvinas son argentinas""",true,,
comunicacion_B,data/raw/03_comunicaciones_B/B12400_las_malvinas_son_argentinas.pdf,https://www.bcra.gob.ar/archivos/Pdfs/comytexord/B12400.pdf,B12400,2026-05-12T15:23:51+00:00,2022-10-03,326383,2,“Las Malvinas son argentinas”,true,,
comunicacion_B,data/raw/03_comunicaciones_B/B12401_las_malvinas_son_argentinas.pdf,https://www.bcra.gob.ar/archivos/Pdfs/comytexord/B12401.pdf,B12401,2026-05-12T15:23:52+00:00,2022-10-04,125034,1,"""Las Malvinas son argentinas""",true,,
comunicacion_B,data/raw/03_comunicaciones_B/B12402_las_malvinas_son_argentinas.pdf,https://www.bcra.gob.ar/archivos/Pdfs/comytexord/B12402.pdf,B12402,2026-05-12T15:23:52+00:00,2022-10-05,314957,2,“Las Malvinas son argentinas”,true,,
comunicacion_B,data/raw/03_comunicaciones_B/B12403_las_malvinas_son_argentinas.pdf,https://www.bcra.gob.ar/archivos/Pdfs/comytexord/B12403.pdf,B12403,2026-05-12T15:23:53+00:00,2022-10-11,343892,2,"""Las Malvinas son argentinas""",true,,
comunicacion_B,data/raw/03_comunicaciones_B/B12404_las_malvinas_son_argentinas.pdf,https://www.bcra.gob.ar/archivos/Pdfs/comytexord/B12404.pdf,B12404,2026-05-12T15:23:53+00:00,2022-10-11,124533,1,"""Las Malvinas son argentinas""",true,,
comunicacion_B,data/raw/03_comunicaciones_B/B12405_las_malvinas_son_argentinas.pdf,https://www.bcra.gob.ar/archivos/Pdfs/comytexord/B12405.pdf,B12405,2026-05-12T15:23:54+00:00,2022-10-14,235245,3,“Las Malvinas son argentinas”,true,,
comunicacion_B,data/raw/03_comunicaciones_B/B12406_las_malvinas_son_argentinas.pdf,https://www.bcra.gob.ar/archivos/Pdfs/comytexord/B12406.pdf,B12406,2026-05-12T15:23:54+00:00,2022-10-14,130086,2,“Las Malvinas son argentinas”,true,,
comunicacion_B,data/raw/03_comunicaciones_B/B12407_las_malvinas_son_argentinas.pdf,https://www.bcra.gob.ar/archivos/Pdfs/comytexord/B12407.pdf,B12407,2026-05-12T15:23:55+00:00,2022-10-14,214347,2,“Las Malvinas son argentinas”,true,,
comunicacion_B,data/raw/03_comunicaciones_B/B12408_las_malvinas_son_argentinas.pdf,https://www.bcra.gob.ar/archivos/Pdfs/comytexord/B12408.pdf,B12408,2026-05-12T15:23:55+00:00,2022-10-14,330262,2,“Las Malvinas son argentinas”,true,,
comunicacion_B,data/raw/03_comunicaciones_B/B12409_las_malvinas_son_argentinas.pdf,https://www.bcra.gob.ar/archivos/Pdfs/comytexord/B12409.pdf,B12409,2026-05-12T15:23:56+00:00,2022-10-17,205292,1,"""Las Malvinas son argentinas""",true,,
comunicacion_B,data/raw/03_comunicaciones_B/B12410_las_malvinas_son_argentinas.pdf,https://www.bcra.gob.ar/archivos/Pdfs/comytexord/B12410.pdf,B12410,2026-05-12T15:23:56+00:00,2022-10-19,133850,1,"""Las Malvinas son argentinas""",true,,
comunicacion_B,data/raw/03_comunicaciones_B/B12411_las_malvinas_son_argentinas.pdf,https://www.bcra.gob.ar/archivos/Pdfs/comytexord/B12411.pdf,B12411,2026-05-12T15:23:57+00:00,2022-10-19,452757,24,"""Las Malvinas son argentinas""",true,,
comunicacion_B,data/raw/03_comunicaciones_B/B12413_las_malvinas_son_argentinas.pdf,https://www.bcra.gob.ar/archivos/Pdfs/comytexord/B12413.pdf,B12413,2026-05-12T15:23:58+00:00,2022-10-20,250676,2,"""Las Malvinas son argentinas""",true,,
comunicacion_B,data/raw/03_comunicaciones_B/B12412_las_malvinas_son_argentinas.pdf,https://www.bcra.gob.ar/archivos/Pdfs/comytexord/B12412.pdf,B12412,2026-05-12T15:23:58+00:00,2022-10-19,324347,2,“Las Malvinas son argentinas”,true,,
comunicacion_B,data/raw/03_comunicaciones_B/B12414_las_malvinas_son_argentinas.pdf,https://www.bcra.gob.ar/archivos/Pdfs/comytexord/B12414.pdf,B12414,2026-05-12T15:23:58+00:00,2022-10-27,133764,1,"""Las Malvinas son argentinas""",true,,
comunicacion_B,data/raw/03_comunicaciones_B/B12415_las_malvinas_son_argentinas.pdf,https://www.bcra.gob.ar/archivos/Pdfs/comytexord/B12415.pdf,B12415,2026-05-12T15:23:59+00:00,2022-11-01,326239,2,“Las Malvinas son argentinas”,true,,
comunicacion_B,data/raw/03_comunicaciones_B/B12416_las_malvinas_son_argentinas.pdf,https://www.bcra.gob.ar/archivos/Pdfs/comytexord/B12416.pdf,B12416,2026-05-12T15:23:59+00:00,2022-11-02,123608,1,"""Las Malvinas son argentinas""",true,,
comunicacion_B,data/raw/03_comunicaciones_B/B12417_las_malvinas_son_argentinas.pdf,https://www.bcra.gob.ar/archivos/Pdfs/comytexord/B12417.pdf,B12417,2026-05-12T15:24:00+00:00,2022-11-02,126443,1,"""Las Malvinas son argentinas""",true,,
comunicacion_B,data/raw/03_comunicaciones_B/B12418_las_malvinas_son_argentinas.pdf,https://www.bcra.gob.ar/archivos/Pdfs/comytexord/B12418.pdf,B12418,2026-05-12T15:24:01+00:00,2022-11-03,314988,2,“Las Malvinas son argentinas”,true,,
comunicacion_B,data/raw/03_comunicaciones_B/B12419_las_malvinas_son_argentinas.pdf,https://www.bcra.gob.ar/archivos/Pdfs/comytexord/B12419.pdf,B12419,2026-05-12T15:24:01+00:00,2022-11-03,286321,2,"""Las Malvinas son argentinas""",true,,
comunicacion_B,data/raw/03_comunicaciones_B/B12420_las_malvinas_son_argentinas.pdf,https://www.bcra.gob.ar/archivos/Pdfs/comytexord/B12420.pdf,B12420,2026-05-12T15:24:02+00:00,2022-11-07,133745,1,"""Las Malvinas son argentinas""",true,,
comunicacion_B,data/raw/03_comunicaciones_B/B12421_las_malvinas_son_argentinas.pdf,https://www.bcra.gob.ar/archivos/Pdfs/comytexord/B12421.pdf,B12421,2026-05-12T15:24:02+00:00,2022-11-10,343199,2,"""Las Malvinas son argentinas""",true,,
comunicacion_B,data/raw/03_comunicaciones_B/B12422_las_malvinas_son_argentinas.pdf,https://www.bcra.gob.ar/archivos/Pdfs/comytexord/B12422.pdf,B12422,2026-05-12T15:24:02+00:00,2022-11-10,134143,1,"""Las Malvinas son argentinas""",true,,
comunicacion_B,data/raw/03_comunicaciones_B/B12423_las_malvinas_son_argentinas.pdf,https://www.bcra.gob.ar/archivos/Pdfs/comytexord/B12423.pdf,B12423,2026-05-12T15:24:03+00:00,2022-11-14,130067,2,“Las Malvinas son argentinas”,true,,
comunicacion_B,data/raw/03_comunicaciones_B/B12424_las_malvinas_son_argentinas.pdf,https://www.bcra.gob.ar/archivos/Pdfs/comytexord/B12424.pdf,B12424,2026-05-12T15:24:04+00:00,2022-11-15,255261,2,"""Las Malvinas son argentinas""",true,,
comunicacion_B,data/raw/03_comunicaciones_B/B12425_las_malvinas_son_argentinas.pdf,https://www.bcra.gob.ar/archivos/Pdfs/comytexord/B12425.pdf,B12425,2026-05-12T15:24:04+00:00,2022-11-15,214753,2,“Las Malvinas son argentinas”,true,,
comunicacion_B,data/raw/03_comunicaciones_B/B12426_las_malvinas_son_argentinas.pdf,https://www.bcra.gob.ar/archivos/Pdfs/comytexord/B12426.pdf,B12426,2026-05-12T15:24:07+00:00,2022-11-15,390903,2,“Las Malvinas son argentinas”,true,,
comunicacion_B,data/raw/03_comunicaciones_B/B12427_las_malvinas_son_argentinas.pdf,https://www.bcra.gob.ar/archivos/Pdfs/comytexord/B12427.pdf,B12427,2026-05-12T15:24:08+00:00,2022-11-16,236245,3,“Las Malvinas son argentinas”,true,,
comunicacion_B,data/raw/03_comunicaciones_B/B12428_las_malvinas_son_argentinas.pdf,https://www.bcra.gob.ar/archivos/Pdfs/comytexord/B12428.pdf,B12428,2026-05-12T15:24:08+00:00,2022-11-17,324241,2,“Las Malvinas son argentinas”,true,,
comunicacion_B,data/raw/03_comunicaciones_B/B12429_las_malvinas_son_argentinas.pdf,https://www.bcra.gob.ar/archivos/Pdfs/comytexord/B12429.pdf,B12429,2026-05-12T15:24:09+00:00,2022-11-18,132753,1,"""Las Malvinas son argentinas""",true,,
comunicacion_B,data/raw/03_comunicaciones_B/B12430_las_malvinas_son_argentinas.pdf,https://www.bcra.gob.ar/archivos/Pdfs/comytexord/B12430.pdf,B12430,2026-05-12T15:24:09+00:00,2022-11-18,124715,1,"""Las Malvinas son argentinas""",true,,
comunicacion_B,data/raw/03_comunicaciones_B/B12431_las_malvinas_son_argentinas.pdf,https://www.bcra.gob.ar/archivos/Pdfs/comytexord/B12431.pdf,B12431,2026-05-12T15:24:09+00:00,2022-11-28,126288,1,"""Las Malvinas son argentinas""",true,,
comunicacion_B,data/raw/03_comunicaciones_B/B12432_las_malvinas_son_argentinas.pdf,https://www.bcra.gob.ar/archivos/Pdfs/comytexord/B12432.pdf,B12432,2026-05-12T15:24:10+00:00,2022-11-28,152756,2,"""Las Malvinas son argentinas""",true,,
comunicacion_B,data/raw/03_comunicaciones_B/B12433_las_malvinas_son_argentinas.pdf,https://www.bcra.gob.ar/archivos/Pdfs/comytexord/B12433.pdf,B12433,2026-05-12T15:24:11+00:00,2022-11-29,125113,1,"""Las Malvinas son argentinas""",true,,
comunicacion_B,data/raw/03_comunicaciones_B/B12434_las_malvinas_son_argentinas.pdf,https://www.bcra.gob.ar/archivos/Pdfs/comytexord/B12434.pdf,B12434,2026-05-12T15:24:11+00:00,2022-12-01,325975,2,“Las Malvinas son argentinas”,true,,
comunicacion_B,data/raw/03_comunicaciones_B/B12435_las_malvinas_son_argentinas.pdf,https://www.bcra.gob.ar/archivos/Pdfs/comytexord/B12435.pdf,B12435,2026-05-12T15:24:12+00:00,2022-12-06,314976,2,“Las Malvinas son argentinas”,true,,
comunicacion_B,data/raw/03_comunicaciones_B/B12436_las_malvinas_son_argentinas.pdf,https://www.bcra.gob.ar/archivos/Pdfs/comytexord/B12436.pdf,B12436,2026-05-12T15:24:12+00:00,2022-12-07,343296,2,"""Las Malvinas son argentinas""",true,,
comunicacion_B,data/raw/03_comunicaciones_B/B12437_las_malvinas_son_argentinas.pdf,https://www.bcra.gob.ar/archivos/Pdfs/comytexord/B12437.pdf,B12437,2026-05-12T15:24:13+00:00,2022-12-07,122497,1,"""Las Malvinas son argentinas""",true,,
comunicacion_B,data/raw/03_comunicaciones_B/B12438_las_malvinas_son_argentinas.pdf,https://www.bcra.gob.ar/archivos/Pdfs/comytexord/B12438.pdf,B12438,2026-05-12T15:24:13+00:00,2022-12-14,130551,2,“Las Malvinas son argentinas”,true,,
comunicacion_B,data/raw/03_comunicaciones_B/B12439_las_malvinas_son_argentinas.pdf,https://www.bcra.gob.ar/archivos/Pdfs/comytexord/B12439.pdf,B12439,2026-05-12T15:24:14+00:00,2022-12-14,153213,2,"""Las Malvinas son argentinas""",true,,
comunicacion_B,data/raw/03_comunicaciones_B/B12440_las_malvinas_son_argentinas.pdf,https://www.bcra.gob.ar/archivos/Pdfs/comytexord/B12440.pdf,B12440,2026-05-12T15:24:14+00:00,2022-12-15,214786,2,“Las Malvinas son argentinas”,true,,
comunicacion_B,data/raw/03_comunicaciones_B/B12441_las_malvinas_son_argentinas.pdf,https://www.bcra.gob.ar/archivos/Pdfs/comytexord/B12441.pdf,B12441,2026-05-12T15:24:15+00:00,2022-12-15,390918,2,“Las Malvinas son argentinas”,true,,
comunicacion_B,data/raw/03_comunicaciones_B/B12442_las_malvinas_son_argentinas.pdf,https://www.bcra.gob.ar/archivos/Pdfs/comytexord/B12442.pdf,B12442,2026-05-12T15:24:15+00:00,2022-12-15,314066,2,“Las Malvinas son argentinas”,true,,
comunicacion_B,data/raw/03_comunicaciones_B/B12443_las_malvinas_son_argentinas.pdf,https://www.bcra.gob.ar/archivos/Pdfs/comytexord/B12443.pdf,B12443,2026-05-12T15:24:16+00:00,2022-12-16,236863,3,“Las Malvinas son argentinas”,true,,
comunicacion_B,data/raw/03_comunicaciones_B/B12444_las_malvinas_son_argentinas.pdf,https://www.bcra.gob.ar/archivos/Pdfs/comytexord/B12444.pdf,B12444,2026-05-12T15:24:16+00:00,2022-12-20,323443,2,“Las Malvinas son argentinas”,true,,
comunicacion_B,data/raw/03_comunicaciones_B/B12445_las_malvinas_son_argentinas.pdf,https://www.bcra.gob.ar/archivos/Pdfs/comytexord/B12445.pdf,B12445,2026-05-12T15:24:17+00:00,2022-12-27,401988,12,"""Las Malvinas son argentinas""",true,,
comunicacion_B,data/raw/03_comunicaciones_B/B12446_las_malvinas_son_argentinas.pdf,https://www.bcra.gob.ar/archivos/Pdfs/comytexord/B12446.pdf,B12446,2026-05-12T15:24:17+00:00,2022-12-27,124334,1,"""Las Malvinas son argentinas""",true,,
comunicacion_B,data/raw/03_comunicaciones_B/B12447_las_malvinas_son_argentinas.pdf,https://www.bcra.gob.ar/archivos/Pdfs/comytexord/B12447.pdf,B12447,2026-05-12T15:24:18+00:00,2022-12-28,160437,2,"""Las Malvinas son argentinas""",true,,
comunicacion_B,data/raw/03_comunicaciones_B/B12448_las_malvinas_son_argentinas.pdf,https://www.bcra.gob.ar/archivos/Pdfs/comytexord/B12448.pdf,B12448,2026-05-12T15:24:19+00:00,2022-12-28,133687,1,"""Las Malvinas son argentinas""",true,,
comunicacion_B,data/raw/03_comunicaciones_B/B12449_las_malvinas_son_argentinas.pdf,https://www.bcra.gob.ar/archivos/Pdfs/comytexord/B12449.pdf,B12449,2026-05-12T15:24:19+00:00,2022-12-30,314067,2,“Las Malvinas son argentinas”,true,,
comunicacion_B,data/raw/03_comunicaciones_B/B12450_1983_2023_40_anos_de_democraci.pdf,https://www.bcra.gob.ar/archivos/Pdfs/comytexord/B12450.pdf,B12450,2026-05-12T15:24:19+00:00,2023-01-02,295638,2,"""1983/2023 - 40 AÑOS DE DEMOCRACIA""",true,,
comunicacion_B,data/raw/03_comunicaciones_B/B12451_1983_2023_40_anos_de_democraci.pdf,https://www.bcra.gob.ar/archivos/Pdfs/comytexord/B12451.pdf,B12451,2026-05-12T15:24:20+00:00,2023-01-02,314596,2,"""1983/2023 - 40 AÑOS DE DEMOCRACIA""",true,,
comunicacion_B,data/raw/03_comunicaciones_B/B12452_1983_2023_40_anos_de_democraci.pdf,https://www.bcra.gob.ar/archivos/Pdfs/comytexord/B12452.pdf,B12452,2026-05-12T15:24:20+00:00,2023-01-02,327025,2,"""1983/2023 - 40 AÑOS DE DEMOCRACIA""",true,,
comunicacion_B,data/raw/03_comunicaciones_B/B12453_1983_2023_40_anos_de_democraci.pdf,https://www.bcra.gob.ar/archivos/Pdfs/comytexord/B12453.pdf,B12453,2026-05-12T15:24:21+00:00,2023-01-03,154086,2,"""1983/2023 - 40 AÑOS DE DEMOCRACIA""",true,,
comunicacion_B,data/raw/03_comunicaciones_B/B12454_1983_2023_40_anos_de_democraci.pdf,https://www.bcra.gob.ar/archivos/Pdfs/comytexord/B12454.pdf,B12454,2026-05-12T15:24:21+00:00,2023-01-10,344569,2,"""1983/2023 - 40 AÑOS DE DEMOCRACIA""",true,,
comunicacion_B,data/raw/03_comunicaciones_B/B12455_1983_2023_40_anos_de_democraci.pdf,https://www.bcra.gob.ar/archivos/Pdfs/comytexord/B12455.pdf,B12455,2026-05-12T15:24:22+00:00,2023-01-10,314635,2,"""1983/2023 - 40 AÑOS DE DEMOCRACIA""",true,,
comunicacion_B,data/raw/03_comunicaciones_B/B12456_1983_2023_40_anos_de_democraci.pdf,https://www.bcra.gob.ar/archivos/Pdfs/comytexord/B12456.pdf,B12456,2026-05-12T15:24:22+00:00,2023-01-11,127482,1,"""1983/2023 - 40 AÑOS DE DEMOCRACIA""",true,,
comunicacion_B,data/raw/03_comunicaciones_B/B12457_1983_2023_40_anos_de_democraci.pdf,https://www.bcra.gob.ar/archivos/Pdfs/comytexord/B12457.pdf,B12457,2026-05-12T15:24:23+00:00,2023-01-12,218129,2,"""1983/2023 - 40 AÑOS DE DEMOCRACIA""",true,,
comunicacion_B,data/raw/03_comunicaciones_B/B12459_1983_2023_40_anos_de_democraci.pdf,https://www.bcra.gob.ar/archivos/Pdfs/comytexord/B12459.pdf,B12459,2026-05-12T15:24:24+00:00,2023-01-13,130818,2,"""1983/2023 - 40 AÑOS DE DEMOCRACIA""",true,,
comunicacion_B,data/raw/03_comunicaciones_B/B12458_1983_2023_40_anos_de_democraci.pdf,https://www.bcra.gob.ar/archivos/Pdfs/comytexord/B12458.pdf,B12458,2026-05-12T15:24:24+00:00,2023-01-12,392398,2,"""1983/2023 - 40 AÑOS DE DEMOCRACIA""",true,,
comunicacion_B,data/raw/03_comunicaciones_B/B12460_1983_2023_40_anos_de_democraci.pdf,https://www.bcra.gob.ar/archivos/Pdfs/comytexord/B12460.pdf,B12460,2026-05-12T15:24:24+00:00,2023-01-16,239052,3,"""1983/2023 - 40 AÑOS DE DEMOCRACIA""",true,,
comunicacion_B,data/raw/03_comunicaciones_B/B12461_1983_2023_40_anos_de_democraci.pdf,https://www.bcra.gob.ar/archivos/Pdfs/comytexord/B12461.pdf,B12461,2026-05-12T15:24:25+00:00,2023-01-18,145427,1,"""1983/2023 - 40 AÑOS DE DEMOCRACIA""",true,,
comunicacion_B,data/raw/03_comunicaciones_B/B12462_1983_2023_40_anos_de_democraci.pdf,https://www.bcra.gob.ar/archivos/Pdfs/comytexord/B12462.pdf,B12462,2026-05-12T15:24:25+00:00,2023-01-18,152046,2,"""1983/2023 - 40 AÑOS DE DEMOCRACIA""",true,,
comunicacion_B,data/raw/03_comunicaciones_B/B12463_1983_2023_40_anos_de_democraci.pdf,https://www.bcra.gob.ar/archivos/Pdfs/comytexord/B12463.pdf,B12463,2026-05-12T15:24:26+00:00,2023-01-18,326827,2,"""1983/2023 - 40 AÑOS DE DEMOCRACIA""",true,,
comunicacion_B,data/raw/03_comunicaciones_B/B12464_1983_2023_40_anos_de_democraci.pdf,https://www.bcra.gob.ar/archivos/Pdfs/comytexord/B12464.pdf,B12464,2026-05-12T15:24:26+00:00,2023-01-18,315566,2,"""1983/2023 - 40 AÑOS DE DEMOCRACIA""",true,,
comunicacion_B,data/raw/03_comunicaciones_B/B12465_1983_2023_40_anos_de_democraci.pdf,https://www.bcra.gob.ar/archivos/Pdfs/comytexord/B12465.pdf,B12465,2026-05-12T15:24:27+00:00,2023-01-23,128282,1,"""1983/2023 - 40 AÑOS DE DEMOCRACIA""",true,,
comunicacion_B,data/raw/03_comunicaciones_B/B12466_1983_2023_40_anos_de_democraci.pdf,https://www.bcra.gob.ar/archivos/Pdfs/comytexord/B12466.pdf,B12466,2026-05-12T15:24:28+00:00,2023-01-23,126959,1,"""1983/2023 - 40 AÑOS DE DEMOCRACIA""",true,,
comunicacion_B,data/raw/03_comunicaciones_B/B12467_1983_2023_40_anos_de_democraci.pdf,https://www.bcra.gob.ar/archivos/Pdfs/comytexord/B12467.pdf,B12467,2026-05-12T15:24:28+00:00,2023-01-26,129743,1,"""1983/2023 - 40 AÑOS DE DEMOCRACIA""",true,,
comunicacion_B,data/raw/03_comunicaciones_B/B12468_1983_2023_40_anos_de_democraci.pdf,https://www.bcra.gob.ar/archivos/Pdfs/comytexord/B12468.pdf,B12468,2026-05-12T15:24:29+00:00,2023-01-27,134867,1,"""1983/2023 - 40 AÑOS DE DEMOCRACIA""",true,,
comunicacion_B,data/raw/03_comunicaciones_B/B12469_1983_2023_40_anos_de_democraci.pdf,https://www.bcra.gob.ar/archivos/Pdfs/comytexord/B12469.pdf,B12469,2026-05-12T15:24:29+00:00,2023-01-30,315581,2,"""1983/2023 - 40 AÑOS DE DEMOCRACIA""",true,,
comunicacion_B,data/raw/03_comunicaciones_B/B12470_1983_2023_40_anos_de_democraci.pdf,https://www.bcra.gob.ar/archivos/Pdfs/comytexord/B12470.pdf,B12470,2026-05-12T15:24:30+00:00,2023-01-30,266030,4,"""1983/2023 - 40 AÑOS DE DEMOCRACIA""",true,,
comunicacion_B,data/raw/03_comunicaciones_B/B12471_1983_2023_40_anos_de_democraci.pdf,https://www.bcra.gob.ar/archivos/Pdfs/comytexord/B12471.pdf,B12471,2026-05-12T15:24:30+00:00,2023-02-01,327251,2,"""1983/2023 - 40 AÑOS DE DEMOCRACIA""",true,,
comunicacion_B,data/raw/03_comunicaciones_B/B12472_1983_2023_40_anos_de_democraci.pdf,https://www.bcra.gob.ar/archivos/Pdfs/comytexord/B12472.pdf,B12472,2026-05-12T15:24:31+00:00,2023-02-13,344433,2,"""1983/2023 - 40 AÑOS DE DEMOCRACIA""",true,,
comunicacion_B,data/raw/03_comunicaciones_B/B12473_1983_2023_40_anos_de_democraci.pdf,https://www.bcra.gob.ar/archivos/Pdfs/comytexord/B12473.pdf,B12473,2026-05-12T15:24:31+00:00,2023-02-14,130981,2,"""1983/2023 - 40 AÑOS DE DEMOCRACIA""",true,,
comunicacion_B,data/raw/03_comunicaciones_B/B12474_1983_2023_40_anos_de_democraci.pdf,https://www.bcra.gob.ar/archivos/Pdfs/comytexord/B12474.pdf,B12474,2026-05-12T15:24:32+00:00,2023-02-14,217740,2,"""1983/2023 - 40 AÑOS DE DEMOCRACIA""",true,,
comunicacion_B,data/raw/03_comunicaciones_B/B12476_1983_2023_40_anos_de_democraci.pdf,https://www.bcra.gob.ar/archivos/Pdfs/comytexord/B12476.pdf,B12476,2026-05-12T15:24:32+00:00,2023-02-15,134424,1,"""1983/2023 - 40 AÑOS DE DEMOCRACIA""",true,,
comunicacion_B,data/raw/03_comunicaciones_B/B12475_1983_2023_40_anos_de_democraci.pdf,https://www.bcra.gob.ar/archivos/Pdfs/comytexord/B12475.pdf,B12475,2026-05-12T15:24:33+00:00,2023-02-14,392367,2,"""1983/2023 - 40 AÑOS DE DEMOCRACIA""",true,,
comunicacion_B,data/raw/03_comunicaciones_B/B12477_1983_2023_40_anos_de_democraci.pdf,https://www.bcra.gob.ar/archivos/Pdfs/comytexord/B12477.pdf,B12477,2026-05-12T15:24:33+00:00,2023-02-15,127984,1,"""1983/2023 - 40 AÑOS DE DEMOCRACIA""",true,,
comunicacion_B,data/raw/03_comunicaciones_B/B12478_1983_2023_40_anos_de_democraci.pdf,https://www.bcra.gob.ar/archivos/Pdfs/comytexord/B12478.pdf,B12478,2026-05-12T15:24:34+00:00,2023-02-15,128096,1,"""1983/2023 - 40 AÑOS DE DEMOCRACIA""",true,,
comunicacion_B,data/raw/03_comunicaciones_B/B12479_1983_2023_40_anos_de_democraci.pdf,https://www.bcra.gob.ar/archivos/Pdfs/comytexord/B12479.pdf,B12479,2026-05-12T15:24:34+00:00,2023-02-15,128336,1,"""1983/2023 - 40 AÑOS DE DEMOCRACIA""",true,,
comunicacion_B,data/raw/03_comunicaciones_B/B12480_1983_2023_40_anos_de_democraci.pdf,https://www.bcra.gob.ar/archivos/Pdfs/comytexord/B12480.pdf,B12480,2026-05-12T15:24:35+00:00,2023-02-16,239722,3,"""1983/2023 - 40 AÑOS DE DEMOCRACIA""",true,,
comunicacion_B,data/raw/03_comunicaciones_B/B12481_1983_2023_40_anos_de_democraci.pdf,https://www.bcra.gob.ar/archivos/Pdfs/comytexord/B12481.pdf,B12481,2026-05-12T15:24:35+00:00,2023-02-16,326029,2,"""1983/2023 - 40 AÑOS DE DEMOCRACIA""",true,,
comunicacion_B,data/raw/03_comunicaciones_B/B12482_1983_2023_40_anos_de_democraci.pdf,https://www.bcra.gob.ar/archivos/Pdfs/comytexord/B12482.pdf,B12482,2026-05-12T15:24:36+00:00,2023-02-22,127610,1,"""1983/2023 - 40 AÑOS DE DEMOCRACIA""",true,,
comunicacion_B,data/raw/03_comunicaciones_B/B12483_1983_2023_40_anos_de_democraci.pdf,https://www.bcra.gob.ar/archivos/Pdfs/comytexord/B12483.pdf,B12483,2026-05-12T15:24:36+00:00,2023-02-23,314639,2,"""1983/2023 - 40 AÑOS DE DEMOCRACIA""",true,,
comunicacion_B,data/raw/03_comunicaciones_B/B12484_1983_2023_40_anos_de_democraci.pdf,https://www.bcra.gob.ar/archivos/Pdfs/comytexord/B12484.pdf,B12484,2026-05-12T15:24:37+00:00,2023-02-24,152810,2,"""1983/2023 - 40 AÑOS DE DEMOCRACIA""",true,,
comunicacion_B,data/raw/03_comunicaciones_B/B12485_1983_2023_40_anos_de_democraci.pdf,https://www.bcra.gob.ar/archivos/Pdfs/comytexord/B12485.pdf,B12485,2026-05-12T15:24:37+00:00,2023-02-24,314636,2,"""1983/2023 - 40 AÑOS DE DEMOCRACIA""",true,,
comunicacion_B,data/raw/03_comunicaciones_B/B12486_1983_2023_40_anos_de_democraci.pdf,https://www.bcra.gob.ar/archivos/Pdfs/comytexord/B12486.pdf,B12486,2026-05-12T15:24:38+00:00,2023-02-24,126567,1,"""1983/2023 - 40 AÑOS DE DEMOCRACIA""",true,,
comunicacion_B,data/raw/03_comunicaciones_B/B12487_1983_2023_40_anos_de_democraci.pdf,https://www.bcra.gob.ar/archivos/Pdfs/comytexord/B12487.pdf,B12487,2026-05-12T15:24:38+00:00,2023-02-24,128297,1,"""1983/2023 - 40 AÑOS DE DEMOCRACIA""",true,,
comunicacion_B,data/raw/03_comunicaciones_B/B12488_1983_2023_40_anos_de_democraci.pdf,https://www.bcra.gob.ar/archivos/Pdfs/comytexord/B12488.pdf,B12488,2026-05-12T15:24:39+00:00,2023-03-01,326650,2,"""1983/2023 - 40 AÑOS DE DEMOCRACIA""",true,,
comunicacion_B,data/raw/03_comunicaciones_B/B12489_1983_2023_40_anos_de_democraci.pdf,https://www.bcra.gob.ar/archivos/Pdfs/comytexord/B12489.pdf,B12489,2026-05-12T15:24:39+00:00,2023-03-01,314628,2,"""1983/2023 - 40 AÑOS DE DEMOCRACIA""",true,,
comunicacion_B,data/raw/03_comunicaciones_B/B12490_1983_2023_40_anos_de_democraci.pdf,https://www.bcra.gob.ar/archivos/Pdfs/comytexord/B12490.pdf,B12490,2026-05-12T15:24:40+00:00,2023-03-03,314625,2,"""1983/2023 - 40 AÑOS DE DEMOCRACIA""",true,,
comunicacion_B,data/raw/03_comunicaciones_B/B12491_1983_2023_40_anos_de_democraci.pdf,https://www.bcra.gob.ar/archivos/Pdfs/comytexord/B12491.pdf,B12491,2026-05-12T15:24:40+00:00,2023-03-09,153399,2,"""1983/2023 - 40 AÑOS DE DEMOCRACIA""",true,,
comunicacion_B,data/raw/03_comunicaciones_B/B12492_1983_2023_40_anos_de_democraci.pdf,https://www.bcra.gob.ar/archivos/Pdfs/comytexord/B12492.pdf,B12492,2026-05-12T15:24:41+00:00,2023-03-09,260549,2,"""1983/2023 - 40 AÑOS DE DEMOCRACIA""",true,,
comunicacion_B,data/raw/03_comunicaciones_B/B12493_1983_2023_40_anos_de_democraci.pdf,https://www.bcra.gob.ar/archivos/Pdfs/comytexord/B12493.pdf,B12493,2026-05-12T15:24:41+00:00,2023-03-10,314628,2,"""1983/2023 - 40 AÑOS DE DEMOCRACIA""",true,,
comunicacion_B,data/raw/03_comunicaciones_B/B12494_1983_2023_40_anos_de_democraci.pdf,https://www.bcra.gob.ar/archivos/Pdfs/comytexord/B12494.pdf,B12494,2026-05-12T15:24:42+00:00,2023-03-10,153370,2,"""1983/2023 - 40 AÑOS DE DEMOCRACIA""",true,,
comunicacion_B,data/raw/03_comunicaciones_B/B12495_1983_2023_40_anos_de_democraci.pdf,https://www.bcra.gob.ar/archivos/Pdfs/comytexord/B12495.pdf,B12495,2026-05-12T15:24:42+00:00,2023-03-14,132347,2,"""1983/2023 - 40 AÑOS DE DEMOCRACIA""",true,,
comunicacion_B,data/raw/03_comunicaciones_B/B12496_1983_2023_40_anos_de_democraci.pdf,https://www.bcra.gob.ar/archivos/Pdfs/comytexord/B12496.pdf,B12496,2026-05-12T15:24:43+00:00,2023-03-14,127419,1,"""1983/2023 - 40 AÑOS DE DEMOCRACIA""",true,,
comunicacion_B,data/raw/03_comunicaciones_B/B12497_1983_2023_40_anos_de_democraci.pdf,https://www.bcra.gob.ar/archivos/Pdfs/comytexord/B12497.pdf,B12497,2026-05-12T15:24:43+00:00,2023-03-14,217852,2,"""1983/2023 - 40 AÑOS DE DEMOCRACIA""",true,,
comunicacion_B,data/raw/03_comunicaciones_B/B12498_1983_2023_40_anos_de_democraci.pdf,https://www.bcra.gob.ar/archivos/Pdfs/comytexord/B12498.pdf,B12498,2026-05-12T15:24:44+00:00,2023-03-14,392510,2,"""1983/2023 - 40 AÑOS DE DEMOCRACIA""",true,,
comunicacion_B,data/raw/03_comunicaciones_B/B12499_1983_2023_40_anos_de_democraci.pdf,https://www.bcra.gob.ar/archivos/Pdfs/comytexord/B12499.pdf,B12499,2026-05-12T15:24:44+00:00,2023-03-16,239919,3,"""1983/2023 - 40 AÑOS DE DEMOCRACIA""",true,,
comunicacion_B,data/raw/03_comunicaciones_B/B12500_1983_2023_40_anos_de_democraci.pdf,https://www.bcra.gob.ar/archivos/Pdfs/comytexord/B12500.pdf,B12500,2026-05-12T15:24:45+00:00,2023-03-17,172430,3,"""1983/2023 - 40 AÑOS DE DEMOCRACIA""",true,,
comunicacion_B,data/raw/03_comunicaciones_B/B12501_1983_2023_40_anos_de_democraci.pdf,https://www.bcra.gob.ar/archivos/Pdfs/comytexord/B12501.pdf,B12501,2026-05-12T15:24:45+00:00,2023-03-17,127972,1,"""1983/2023 - 40 AÑOS DE DEMOCRACIA""",true,,
comunicacion_B,data/raw/03_comunicaciones_B/B12502_1983_2023_40_anos_de_democraci.pdf,https://www.bcra.gob.ar/archivos/Pdfs/comytexord/B12502.pdf,B12502,2026-05-12T15:24:46+00:00,2023-03-20,326888,2,"""1983/2023 - 40 AÑOS DE DEMOCRACIA""",true,,
comunicacion_B,data/raw/03_comunicaciones_B/B12503_1983_2023_40_anos_de_democraci.pdf,https://www.bcra.gob.ar/archivos/Pdfs/comytexord/B12503.pdf,B12503,2026-05-12T15:24:46+00:00,2023-03-22,162201,2,"""1983/2023 - 40 AÑOS DE DEMOCRACIA""",true,,
comunicacion_B,data/raw/03_comunicaciones_B/B12504_1983_2023_40_anos_de_democraci.pdf,https://www.bcra.gob.ar/archivos/Pdfs/comytexord/B12504.pdf,B12504,2026-05-12T15:24:47+00:00,2023-03-22,152592,2,"""1983/2023 - 40 AÑOS DE DEMOCRACIA""",true,,
comunicacion_B,data/raw/03_comunicaciones_B/B12505_1983_2023_40_anos_de_democraci.pdf,https://www.bcra.gob.ar/archivos/Pdfs/comytexord/B12505.pdf,B12505,2026-05-12T15:24:47+00:00,2023-03-22,152931,2,"""1983/2023 - 40 AÑOS DE DEMOCRACIA""",true,,
comunicacion_B,data/raw/03_comunicaciones_B/B12506_1983_2023_40_anos_de_democraci.pdf,https://www.bcra.gob.ar/archivos/Pdfs/comytexord/B12506.pdf,B12506,2026-05-12T15:24:48+00:00,2023-03-23,315562,2,"""1983/2023 - 40 AÑOS DE DEMOCRACIA""",true,,
comunicacion_B,data/raw/03_comunicaciones_B/B12507_comunicacion_b_12507_29_03_202.pdf,https://www.bcra.gob.ar/archivos/Pdfs/comytexord/B12507.pdf,B12507,2026-05-12T15:24:48+00:00,2023-03-29,129599,1,COMUNICACIÓN  “B”  12507 29/03/2023,true,,
comunicacion_B,data/raw/03_comunicaciones_B/B12508_1983_2023_40_anos_de_democraci.pdf,https://www.bcra.gob.ar/archivos/Pdfs/comytexord/B12508.pdf,B12508,2026-05-12T15:24:49+00:00,2023-03-29,153405,2,"""1983/2023 - 40 AÑOS DE DEMOCRACIA""",true,,
comunicacion_B,data/raw/03_comunicaciones_B/B12509_1983_2023_40_anos_de_democraci.pdf,https://www.bcra.gob.ar/archivos/Pdfs/comytexord/B12509.pdf,B12509,2026-05-12T15:24:49+00:00,2023-03-31,227466,1,"""1983/2023 - 40 AÑOS DE DEMOCRACIA""",true,,
comunicacion_B,data/raw/03_comunicaciones_B/B12510_1983_2023_40_anos_de_democraci.pdf,https://www.bcra.gob.ar/archivos/Pdfs/comytexord/B12510.pdf,B12510,2026-05-12T15:24:50+00:00,2023-04-03,327752,2,"""1983/2023 - 40 AÑOS DE DEMOCRACIA""",true,,
comunicacion_B,data/raw/03_comunicaciones_B/B12511_1983_2023_40_anos_de_democraci.pdf,https://www.bcra.gob.ar/archivos/Pdfs/comytexord/B12511.pdf,B12511,2026-05-12T15:24:50+00:00,2023-04-10,282061,1,"""1983/2023 - 40 AÑOS DE DEMOCRACIA""",true,,
comunicacion_B,data/raw/03_comunicaciones_B/B12512_1983_2023_40_anos_de_democraci.pdf,https://www.bcra.gob.ar/archivos/Pdfs/comytexord/B12512.pdf,B12512,2026-05-12T15:24:51+00:00,2023-04-11,128653,1,"""1983/2023 - 40 AÑOS DE DEMOCRACIA""",true,,
comunicacion_B,data/raw/03_comunicaciones_B/B12513_1983_2023_40_anos_de_democraci.pdf,https://www.bcra.gob.ar/archivos/Pdfs/comytexord/B12513.pdf,B12513,2026-05-12T15:24:51+00:00,2023-04-12,169140,2,"""1983/2023 - 40 AÑOS DE DEMOCRACIA""",true,,
comunicacion_B,data/raw/03_comunicaciones_B/B12514_1983_2023_40_anos_de_democraci.pdf,https://www.bcra.gob.ar/archivos/Pdfs/comytexord/B12514.pdf,B12514,2026-05-12T15:24:52+00:00,2023-04-12,345692,2,"""1983/2023 - 40 AÑOS DE DEMOCRACIA""",true,,
comunicacion_B,data/raw/03_comunicaciones_B/B12515_1983_2023_40_anos_de_democraci.pdf,https://www.bcra.gob.ar/archivos/Pdfs/comytexord/B12515.pdf,B12515,2026-05-12T15:24:52+00:00,2023-04-13,314644,2,"""1983/2023 - 40 AÑOS DE DEMOCRACIA""",true,,
comunicacion_B,data/raw/03_comunicaciones_B/B12516_1983_2023_40_anos_de_democraci.pdf,https://www.bcra.gob.ar/archivos/Pdfs/comytexord/B12516.pdf,B12516,2026-05-12T15:24:53+00:00,2023-04-14,239962,3,"""1983/2023 - 40 AÑOS DE DEMOCRACIA""",true,,
comunicacion_B,data/raw/03_comunicaciones_B/B12517_1983_2023_40_anos_de_democraci.pdf,https://www.bcra.gob.ar/archivos/Pdfs/comytexord/B12517.pdf,B12517,2026-05-12T15:24:53+00:00,2023-04-14,131217,2,"""1983/2023 - 40 AÑOS DE DEMOCRACIA""",true,,
comunicacion_B,data/raw/03_comunicaciones_B/B12518_1983_2023_40_anos_de_democraci.pdf,https://www.bcra.gob.ar/archivos/Pdfs/comytexord/B12518.pdf,B12518,2026-05-12T15:24:54+00:00,2023-04-14,219130,2,"""1983/2023 - 40 AÑOS DE DEMOCRACIA""",true,,
comunicacion_B,data/raw/03_comunicaciones_B/B12519_1983_2023_40_anos_de_democraci.pdf,https://www.bcra.gob.ar/archivos/Pdfs/comytexord/B12519.pdf,B12519,2026-05-12T15:24:54+00:00,2023-04-14,393660,2,"""1983/2023 - 40 AÑOS DE DEMOCRACIA""",true,,
comunicacion_B,data/raw/03_comunicaciones_B/B12520_1983_2023_40_anos_de_democraci.pdf,https://www.bcra.gob.ar/archivos/Pdfs/comytexord/B12520.pdf,B12520,2026-05-12T15:24:55+00:00,2023-04-17,168535,2,"""1983/2023 - 40 AÑOS DE DEMOCRACIA""",true,,
comunicacion_B,data/raw/03_comunicaciones_B/B12521_1983_2023_40_anos_de_democraci.pdf,https://www.bcra.gob.ar/archivos/Pdfs/comytexord/B12521.pdf,B12521,2026-05-12T15:24:55+00:00,2023-04-17,449836,5,"""1983/2023 - 40 AÑOS DE DEMOCRACIA""",true,,
comunicacion_B,data/raw/03_comunicaciones_B/B12522_1983_2023_40_anos_de_democraci.pdf,https://www.bcra.gob.ar/archivos/Pdfs/comytexord/B12522.pdf,B12522,2026-05-12T15:24:56+00:00,2023-04-19,153485,2,"""1983/2023 - 40 AÑOS DE DEMOCRACIA""",true,,
comunicacion_B,data/raw/03_comunicaciones_B/B12523_1983_2023_40_anos_de_democraci.pdf,https://www.bcra.gob.ar/archivos/Pdfs/comytexord/B12523.pdf,B12523,2026-05-12T15:24:56+00:00,2023-04-19,134203,1,"""1983/2023 - 40 AÑOS DE DEMOCRACIA""",true,,
comunicacion_B,data/raw/03_comunicaciones_B/B12524_1983_2023_40_anos_de_democraci.pdf,https://www.bcra.gob.ar/archivos/Pdfs/comytexord/B12524.pdf,B12524,2026-05-12T15:24:57+00:00,2023-04-19,327139,2,"""1983/2023 - 40 AÑOS DE DEMOCRACIA""",true,,
comunicacion_B,data/raw/03_comunicaciones_B/B12525_1983_2023_40_anos_de_democraci.pdf,https://www.bcra.gob.ar/archivos/Pdfs/comytexord/B12525.pdf,B12525,2026-05-12T15:24:57+00:00,2023-04-21,168322,2,"""1983/2023 - 40 AÑOS DE DEMOCRACIA""",true,,
comunicacion_B,data/raw/03_comunicaciones_B/B12526_1983_2023_40_anos_de_democraci.pdf,https://www.bcra.gob.ar/archivos/Pdfs/comytexord/B12526.pdf,B12526,2026-05-12T15:24:58+00:00,2023-04-24,232577,2,"""1983/2023 - 40 AÑOS DE DEMOCRACIA""",true,,
comunicacion_B,data/raw/03_comunicaciones_B/B12527_1983_2023_40_anos_de_democraci.pdf,https://www.bcra.gob.ar/archivos/Pdfs/comytexord/B12527.pdf,B12527,2026-05-12T15:24:58+00:00,2023-04-26,153984,2,"""1983/2023 - 40 AÑOS DE DEMOCRACIA""",true,,
comunicacion_B,data/raw/03_comunicaciones_B/B12528_1983_2023_40_anos_de_democraci.pdf,https://www.bcra.gob.ar/archivos/Pdfs/comytexord/B12528.pdf,B12528,2026-05-12T15:24:59+00:00,2023-04-26,134277,1,"""1983/2023 - 40 AÑOS DE DEMOCRACIA""",true,,
comunicacion_B,data/raw/03_comunicaciones_B/B12529_1983_2023_40_anos_de_democraci.pdf,https://www.bcra.gob.ar/archivos/Pdfs/comytexord/B12529.pdf,B12529,2026-05-12T15:24:59+00:00,2023-04-27,134459,1,"""1983/2023 - 40 AÑOS DE DEMOCRACIA""",true,,
comunicacion_B,data/raw/03_comunicaciones_B/B12530_1983_2023_40_anos_de_democraci.pdf,https://www.bcra.gob.ar/archivos/Pdfs/comytexord/B12530.pdf,B12530,2026-05-12T15:25:00+00:00,2023-04-27,154138,2,"""1983/2023 - 40 AÑOS DE DEMOCRACIA""",true,,
comunicacion_B,data/raw/03_comunicaciones_B/B12531_1983_2023_40_anos_de_democraci.pdf,https://www.bcra.gob.ar/archivos/Pdfs/comytexord/B12531.pdf,B12531,2026-05-12T15:25:01+00:00,2023-05-02,327332,2,"""1983/2023 - 40 AÑOS DE DEMOCRACIA""",true,,
comunicacion_B,data/raw/03_comunicaciones_B/B12532_1983_2023_40_anos_de_democraci.pdf,https://www.bcra.gob.ar/archivos/Pdfs/comytexord/B12532.pdf,B12532,2026-05-12T15:25:01+00:00,2023-05-02,314631,2,"""1983/2023 - 40 AÑOS DE DEMOCRACIA""",true,,
comunicacion_B,data/raw/03_comunicaciones_B/B12533_1983_2023_40_anos_de_democraci.pdf,https://www.bcra.gob.ar/archivos/Pdfs/comytexord/B12533.pdf,B12533,2026-05-12T15:25:01+00:00,2023-05-09,168104,2,"""1983/2023 - 40 AÑOS DE DEMOCRACIA""",true,,
comunicacion_B,data/raw/03_comunicaciones_B/B12534_1983_2023_40_anos_de_democraci.pdf,https://www.bcra.gob.ar/archivos/Pdfs/comytexord/B12534.pdf,B12534,2026-05-12T15:25:02+00:00,2023-05-09,314631,2,"""1983/2023 - 40 AÑOS DE DEMOCRACIA""",true,,
comunicacion_B,data/raw/03_comunicaciones_B/B12535_1983_2023_40_anos_de_democraci.pdf,https://www.bcra.gob.ar/archivos/Pdfs/comytexord/B12535.pdf,B12535,2026-05-12T15:25:02+00:00,2023-05-09,126960,1,"""1983/2023 - 40 AÑOS DE DEMOCRACIA""",true,,
comunicacion_B,data/raw/03_comunicaciones_B/B12536_1983_2023_40_anos_de_democraci.pdf,https://www.bcra.gob.ar/archivos/Pdfs/comytexord/B12536.pdf,B12536,2026-05-12T15:25:03+00:00,2023-05-10,345373,2,"""1983/2023 - 40 AÑOS DE DEMOCRACIA""",true,,
comunicacion_B,data/raw/03_comunicaciones_B/B12537_1983_2023_40_anos_de_democraci.pdf,https://www.bcra.gob.ar/archivos/Pdfs/comytexord/B12537.pdf,B12537,2026-05-12T15:25:03+00:00,2023-05-10,85663,1,"""1983/2023 - 40 AÑOS DE DEMOCRACIA""",true,,
comunicacion_B,data/raw/03_comunicaciones_B/B12538_1983_2023_40_anos_de_democraci.pdf,https://www.bcra.gob.ar/archivos/Pdfs/comytexord/B12538.pdf,B12538,2026-05-12T15:25:04+00:00,2023-05-10,126871,1,"""1983/2023 - 40 AÑOS DE DEMOCRACIA""",true,,
comunicacion_B,data/raw/03_comunicaciones_B/B12539_1983_2023_40_anos_de_democraci.pdf,https://www.bcra.gob.ar/archivos/Pdfs/comytexord/B12539.pdf,B12539,2026-05-12T15:25:04+00:00,2023-05-11,194290,1,"""1983/2023 - 40 AÑOS DE DEMOCRACIA""",true,,
comunicacion_B,data/raw/03_comunicaciones_B/B12540_1983_2023_40_anos_de_democraci.pdf,https://www.bcra.gob.ar/archivos/Pdfs/comytexord/B12540.pdf,B12540,2026-05-12T15:25:05+00:00,2023-05-11,314637,2,"""1983/2023 - 40 AÑOS DE DEMOCRACIA""",true,,
comunicacion_B,data/raw/03_comunicaciones_B/B12541_1983_2023_40_anos_de_democraci.pdf,https://www.bcra.gob.ar/archivos/Pdfs/comytexord/B12541.pdf,B12541,2026-05-12T15:25:05+00:00,2023-05-12,131039,2,"""1983/2023 - 40 AÑOS DE DEMOCRACIA""",true,,
comunicacion_B,data/raw/03_comunicaciones_B/B12542_1983_2023_40_anos_de_democraci.pdf,https://www.bcra.gob.ar/archivos/Pdfs/comytexord/B12542.pdf,B12542,2026-05-12T15:25:06+00:00,2023-05-12,218110,2,"""1983/2023 - 40 AÑOS DE DEMOCRACIA""",true,,
comunicacion_B,data/raw/03_comunicaciones_B/B12543_1983_2023_40_anos_de_democraci.pdf,https://www.bcra.gob.ar/archivos/Pdfs/comytexord/B12543.pdf,B12543,2026-05-12T15:25:07+00:00,2023-05-12,392520,2,"""1983/2023 - 40 AÑOS DE DEMOCRACIA""",true,,
comunicacion_B,data/raw/03_comunicaciones_B/B12544_1983_2023_40_anos_de_democraci.pdf,https://www.bcra.gob.ar/archivos/Pdfs/comytexord/B12544.pdf,B12544,2026-05-12T15:25:07+00:00,2023-05-15,260066,2,"""1983/2023 - 40 AÑOS DE DEMOCRACIA""",true,,
comunicacion_B,data/raw/03_comunicaciones_B/B12545_1983_2023_40_anos_de_democraci.pdf,https://www.bcra.gob.ar/archivos/Pdfs/comytexord/B12545.pdf,B12545,2026-05-12T15:25:07+00:00,2023-05-16,239895,3,"""1983/2023 - 40 AÑOS DE DEMOCRACIA""",true,,
comunicacion_B,data/raw/03_comunicaciones_B/B12546_1983_2023_40_anos_de_democraci.pdf,https://www.bcra.gob.ar/archivos/Pdfs/comytexord/B12546.pdf,B12546,2026-05-12T15:25:08+00:00,2023-05-17,153289,2,"""1983/2023 - 40 AÑOS DE DEMOCRACIA""",true,,
comunicacion_B,data/raw/03_comunicaciones_B/B12547_1983_2023_40_anos_de_democraci.pdf,https://www.bcra.gob.ar/archivos/Pdfs/comytexord/B12547.pdf,B12547,2026-05-12T15:25:08+00:00,2023-05-17,134103,1,"""1983/2023 - 40 AÑOS DE DEMOCRACIA""",true,,
comunicacion_B,data/raw/03_comunicaciones_B/B12548_1983_2023_40_anos_de_democraci.pdf,https://www.bcra.gob.ar/archivos/Pdfs/comytexord/B12548.pdf,B12548,2026-05-12T15:25:09+00:00,2023-05-17,325655,2,"""1983/2023 - 40 AÑOS DE DEMOCRACIA""",true,,
comunicacion_B,data/raw/03_comunicaciones_B/B12549_1983_2023_40_anos_de_democraci.pdf,https://www.bcra.gob.ar/archivos/Pdfs/comytexord/B12549.pdf,B12549,2026-05-12T15:25:10+00:00,2023-05-22,586350,7,"""1983/2023 - 40 AÑOS DE DEMOCRACIA""",true,,
comunicacion_B,data/raw/03_comunicaciones_B/B12550_1983_2023_40_anos_de_democraci.pdf,https://www.bcra.gob.ar/archivos/Pdfs/comytexord/B12550.pdf,B12550,2026-05-12T15:25:10+00:00,2023-05-23,314635,2,"""1983/2023 - 40 AÑOS DE DEMOCRACIA""",true,,
comunicacion_B,data/raw/03_comunicaciones_B/B12551_1983_2023_40_anos_de_democraci.pdf,https://www.bcra.gob.ar/archivos/Pdfs/comytexord/B12551.pdf,B12551,2026-05-12T15:25:10+00:00,2023-05-29,151625,2,"""1983/2023 - 40 AÑOS DE DEMOCRACIA""",true,,
comunicacion_B,data/raw/03_comunicaciones_B/B12552_1983_2023_40_anos_de_democraci.pdf,https://www.bcra.gob.ar/archivos/Pdfs/comytexord/B12552.pdf,B12552,2026-05-12T15:25:11+00:00,2023-05-29,152440,2,"""1983/2023 - 40 AÑOS DE DEMOCRACIA""",true,,
comunicacion_B,data/raw/03_comunicaciones_B/B12553_1983_2023_40_anos_de_democraci.pdf,https://www.bcra.gob.ar/archivos/Pdfs/comytexord/B12553.pdf,B12553,2026-05-12T15:25:11+00:00,2023-05-30,314647,2,"""1983/2023 - 40 AÑOS DE DEMOCRACIA""",true,,
comunicacion_B,data/raw/03_comunicaciones_B/B12554_1983_2023_40_anos_de_democraci.pdf,https://www.bcra.gob.ar/archivos/Pdfs/comytexord/B12554.pdf,B12554,2026-05-12T15:25:12+00:00,2023-06-01,328247,2,"""1983/2023 - 40 AÑOS DE DEMOCRACIA""",true,,
comunicacion_B,data/raw/03_comunicaciones_B/B12555_1983_2023_40_anos_de_democraci.pdf,https://www.bcra.gob.ar/archivos/Pdfs/comytexord/B12555.pdf,B12555,2026-05-12T15:25:12+00:00,2023-06-01,315559,2,"""1983/2023 - 40 AÑOS DE DEMOCRACIA""",true,,
comunicacion_B,data/raw/03_comunicaciones_B/B12556_1983_2023_40_anos_de_democraci.pdf,https://www.bcra.gob.ar/archivos/Pdfs/comytexord/B12556.pdf,B12556,2026-05-12T15:25:13+00:00,2023-06-08,153303,2,"""1983/2023 - 40 AÑOS DE DEMOCRACIA""",true,,
comunicacion_B,data/raw/03_comunicaciones_B/B12557_1983_2023_40_anos_de_democraci.pdf,https://www.bcra.gob.ar/archivos/Pdfs/comytexord/B12557.pdf,B12557,2026-05-12T15:25:13+00:00,2023-06-08,315561,2,"""1983/2023 - 40 AÑOS DE DEMOCRACIA""",true,,
comunicacion_B,data/raw/03_comunicaciones_B/B12558_1983_2023_40_anos_de_democraci.pdf,https://www.bcra.gob.ar/archivos/Pdfs/comytexord/B12558.pdf,B12558,2026-05-12T15:25:14+00:00,2023-06-08,346926,2,"""1983/2023 - 40 AÑOS DE DEMOCRACIA""",true,,
comunicacion_B,data/raw/03_comunicaciones_B/B12559_1983_2023_40_anos_de_democraci.pdf,https://www.bcra.gob.ar/archivos/Pdfs/comytexord/B12559.pdf,B12559,2026-05-12T15:25:14+00:00,2023-06-13,122807,1,"""1983/2023 - 40 AÑOS DE DEMOCRACIA""",true,,
comunicacion_B,data/raw/03_comunicaciones_B/B12560_1983_2023_40_anos_de_democraci.pdf,https://www.bcra.gob.ar/archivos/Pdfs/comytexord/B12560.pdf,B12560,2026-05-12T15:25:15+00:00,2023-06-13,193970,1,"""1983/2023 - 40 AÑOS DE DEMOCRACIA""",true,,
comunicacion_B,data/raw/03_comunicaciones_B/B12561_1983_2023_40_anos_de_democraci.pdf,https://www.bcra.gob.ar/archivos/Pdfs/comytexord/B12561.pdf,B12561,2026-05-12T15:25:15+00:00,2023-06-14,129367,2,"""1983/2023 - 40 AÑOS DE DEMOCRACIA""",true,,
comunicacion_B,data/raw/03_comunicaciones_B/B12562_1983_2023_40_anos_de_democraci.pdf,https://www.bcra.gob.ar/archivos/Pdfs/comytexord/B12562.pdf,B12562,2026-05-12T15:25:16+00:00,2023-06-14,152201,2,"""1983/2023 - 40 AÑOS DE DEMOCRACIA""",true,,
comunicacion_B,data/raw/03_comunicaciones_B/B12563_comunicacion_b_12563_14_06_202.pdf,https://www.bcra.gob.ar/archivos/Pdfs/comytexord/B12563.pdf,B12563,2026-05-12T15:25:16+00:00,2023-06-14,126590,1,COMUNICACIÓN  “B”  12563 14/06/2023,true,,
comunicacion_B,data/raw/03_comunicaciones_B/B12564_1983_2023_40_anos_de_democraci.pdf,https://www.bcra.gob.ar/archivos/Pdfs/comytexord/B12564.pdf,B12564,2026-05-12T15:25:17+00:00,2023-06-14,219652,2,"""1983/2023 - 40 AÑOS DE DEMOCRACIA""",true,,
comunicacion_B,data/raw/03_comunicaciones_B/B12565_1983_2023_40_anos_de_democraci.pdf,https://www.bcra.gob.ar/archivos/Pdfs/comytexord/B12565.pdf,B12565,2026-05-12T15:25:17+00:00,2023-06-14,332649,2,"""1983/2023 - 40 AÑOS DE DEMOCRACIA""",true,,
comunicacion_B,data/raw/03_comunicaciones_B/B12566_1983_2023_40_anos_de_democraci.pdf,https://www.bcra.gob.ar/archivos/Pdfs/comytexord/B12566.pdf,B12566,2026-05-12T15:25:18+00:00,2023-06-15,326478,2,"""1983/2023 - 40 AÑOS DE DEMOCRACIA""",true,,
comunicacion_B,data/raw/03_comunicaciones_B/B12567_1983_2023_40_anos_de_democraci.pdf,https://www.bcra.gob.ar/archivos/Pdfs/comytexord/B12567.pdf,B12567,2026-05-12T15:25:18+00:00,2023-06-16,239701,3,"""1983/2023 - 40 AÑOS DE DEMOCRACIA""",true,,
comunicacion_B,data/raw/03_comunicaciones_B/B12568_1983_2023_40_anos_de_democraci.pdf,https://www.bcra.gob.ar/archivos/Pdfs/comytexord/B12568.pdf,B12568,2026-05-12T15:25:19+00:00,2023-06-16,125873,1,"""1983/2023 - 40 AÑOS DE DEMOCRACIA""",true,,
comunicacion_B,data/raw/03_comunicaciones_B/B12569_1983_2023_40_anos_de_democraci.pdf,https://www.bcra.gob.ar/archivos/Pdfs/comytexord/B12569.pdf,B12569,2026-05-12T15:25:19+00:00,2023-06-21,315559,2,"""1983/2023 - 40 AÑOS DE DEMOCRACIA""",true,,
comunicacion_B,data/raw/03_comunicaciones_B/B12570_1983_2023_40_anos_de_democraci.pdf,https://www.bcra.gob.ar/archivos/Pdfs/comytexord/B12570.pdf,B12570,2026-05-12T15:25:20+00:00,2023-06-28,133955,1,"""1983/2023 - 40 AÑOS DE DEMOCRACIA""",true,,
comunicacion_B,data/raw/03_comunicaciones_B/B12571_1983_2023_40_anos_de_democraci.pdf,https://www.bcra.gob.ar/archivos/Pdfs/comytexord/B12571.pdf,B12571,2026-05-12T15:25:21+00:00,2023-06-28,153307,2,"""1983/2023 - 40 AÑOS DE DEMOCRACIA""",true,,
comunicacion_B,data/raw/03_comunicaciones_B/B12572_1983_2023_40_anos_de_democraci.pdf,https://www.bcra.gob.ar/archivos/Pdfs/comytexord/B12572.pdf,B12572,2026-05-12T15:25:21+00:00,2023-06-29,133938,1,"""1983/2023 - 40 AÑOS DE DEMOCRACIA""",true,,
comunicacion_B,data/raw/03_comunicaciones_B/B12573_1983_2023_40_anos_de_democraci.pdf,https://www.bcra.gob.ar/archivos/Pdfs/comytexord/B12573.pdf,B12573,2026-05-12T15:25:22+00:00,2023-06-29,153281,2,"""1983/2023 - 40 AÑOS DE DEMOCRACIA""",true,,
comunicacion_B,data/raw/03_comunicaciones_B/B12574_1983_2023_40_anos_de_democraci.pdf,https://www.bcra.gob.ar/archivos/Pdfs/comytexord/B12574.pdf,B12574,2026-05-12T15:25:22+00:00,2023-06-30,263180,3,"""1983/2023 - 40 AÑOS DE DEMOCRACIA""",true,,
comunicacion_B,data/raw/03_comunicaciones_B/B12575_1983_2023_40_anos_de_democraci.pdf,https://www.bcra.gob.ar/archivos/Pdfs/comytexord/B12575.pdf,B12575,2026-05-12T15:25:23+00:00,2023-06-30,127992,1,"""1983/2023 - 40 AÑOS DE DEMOCRACIA""",true,,
comunicacion_B,data/raw/03_comunicaciones_B/B12576_1983_2023_40_anos_de_democraci.pdf,https://www.bcra.gob.ar/archivos/Pdfs/comytexord/B12576.pdf,B12576,2026-05-12T15:25:23+00:00,2023-07-03,126984,1,"""1983/2023 - 40 AÑOS DE DEMOCRACIA""",true,,
comunicacion_B,data/raw/03_comunicaciones_B/B12577_1983_2023_40_anos_de_democraci.pdf,https://www.bcra.gob.ar/archivos/Pdfs/comytexord/B12577.pdf,B12577,2026-05-12T15:25:24+00:00,2023-07-03,327627,2,"""1983/2023 - 40 AÑOS DE DEMOCRACIA""",true,,
comunicacion_B,data/raw/03_comunicaciones_B/B12578_1983_2023_40_anos_de_democraci.pdf,https://www.bcra.gob.ar/archivos/Pdfs/comytexord/B12578.pdf,B12578,2026-05-12T15:25:24+00:00,2023-07-05,314636,2,"""1983/2023 - 40 AÑOS DE DEMOCRACIA""",true,,
comunicacion_B,data/raw/03_comunicaciones_B/B12579_1983_2023_40_anos_de_democraci.pdf,https://www.bcra.gob.ar/archivos/Pdfs/comytexord/B12579.pdf,B12579,2026-05-12T15:25:25+00:00,2023-07-05,403635,12,"""1983/2023 - 40 AÑOS DE DEMOCRACIA""",true,,
comunicacion_B,data/raw/03_comunicaciones_B/B12580_1983_2023_40_anos_de_democraci.pdf,https://www.bcra.gob.ar/archivos/Pdfs/comytexord/B12580.pdf,B12580,2026-05-12T15:25:25+00:00,2023-07-06,184140,2,"""1983/2023 - 40 AÑOS DE DEMOCRACIA""",true,,
comunicacion_B,data/raw/03_comunicaciones_B/B12581_1983_2023_40_anos_de_democraci.pdf,https://www.bcra.gob.ar/archivos/Pdfs/comytexord/B12581.pdf,B12581,2026-05-12T15:25:26+00:00,2023-07-10,171159,3,"""1983/2023 - 40 AÑOS DE DEMOCRACIA""",true,,
comunicacion_B,data/raw/03_comunicaciones_B/B12582_1983_2023_40_anos_de_democraci.pdf,https://www.bcra.gob.ar/archivos/Pdfs/comytexord/B12582.pdf,B12582,2026-05-12T15:25:26+00:00,2023-07-13,134835,2,"""1983/2023 - 40 AÑOS DE DEMOCRACIA""",true,,
comunicacion_B,data/raw/03_comunicaciones_B/B12583_1983_2023_40_anos_de_democraci.pdf,https://www.bcra.gob.ar/archivos/Pdfs/comytexord/B12583.pdf,B12583,2026-05-12T15:25:27+00:00,2023-07-13,219666,2,"""1983/2023 - 40 AÑOS DE DEMOCRACIA""",true,,
comunicacion_B,data/raw/03_comunicaciones_B/B12584_1983_2023_40_anos_de_democraci.pdf,https://www.bcra.gob.ar/archivos/Pdfs/comytexord/B12584.pdf,B12584,2026-05-12T15:25:27+00:00,2023-07-14,84958,2,"""1983/2023 - 40 AÑOS DE DEMOCRACIA""",true,,
comunicacion_B,data/raw/03_comunicaciones_B/B12585_1983_2023_40_anos_de_democraci.pdf,https://www.bcra.gob.ar/archivos/Pdfs/comytexord/B12585.pdf,B12585,2026-05-12T15:25:28+00:00,2023-07-14,236694,3,"""1983/2023 - 40 AÑOS DE DEMOCRACIA""",true,,
comunicacion_B,data/raw/03_comunicaciones_B/B12586_1983_2023_40_anos_de_democraci.pdf,https://www.bcra.gob.ar/archivos/Pdfs/comytexord/B12586.pdf,B12586,2026-05-12T15:25:28+00:00,2023-07-14,152222,2,"""1983/2023 - 40 AÑOS DE DEMOCRACIA""",true,,
comunicacion_B,data/raw/03_comunicaciones_B/B12587_1983_2023_40_anos_de_democraci.pdf,https://www.bcra.gob.ar/archivos/Pdfs/comytexord/B12587.pdf,B12587,2026-05-12T15:25:29+00:00,2023-07-14,152799,2,"""1983/2023 - 40 AÑOS DE DEMOCRACIA""",true,,
comunicacion_B,data/raw/03_comunicaciones_B/B12588_1983_2023_40_anos_de_democraci.pdf,https://www.bcra.gob.ar/archivos/Pdfs/comytexord/B12588.pdf,B12588,2026-05-12T15:25:29+00:00,2023-07-18,189981,2,"""1983/2023 - 40 AÑOS DE DEMOCRACIA""",true,,
comunicacion_B,data/raw/03_comunicaciones_B/B12589_1983_2023_40_anos_de_democraci.pdf,https://www.bcra.gob.ar/archivos/Pdfs/comytexord/B12589.pdf,B12589,2026-05-12T15:25:30+00:00,2023-07-18,126684,1,"""1983/2023 - 40 AÑOS DE DEMOCRACIA""",true,,
comunicacion_B,data/raw/03_comunicaciones_B/B12590_1983_2023_40_anos_de_democraci.pdf,https://www.bcra.gob.ar/archivos/Pdfs/comytexord/B12590.pdf,B12590,2026-05-12T15:25:30+00:00,2023-07-19,81657,1,"""1983/2023 - 40 AÑOS DE DEMOCRACIA""",true,,
comunicacion_B,data/raw/03_comunicaciones_B/B12591_1983_2023_40_anos_de_democraci.pdf,https://www.bcra.gob.ar/archivos/Pdfs/comytexord/B12591.pdf,B12591,2026-05-12T15:25:31+00:00,2023-07-19,80464,1,"""1983/2023 - 40 AÑOS DE DEMOCRACIA""",true,,
comunicacion_B,data/raw/03_comunicaciones_B/B12592_1983_2023_40_anos_de_democraci.pdf,https://www.bcra.gob.ar/archivos/Pdfs/comytexord/B12592.pdf,B12592,2026-05-12T15:25:31+00:00,2023-07-21,127054,1,"""1983/2023 - 40 AÑOS DE DEMOCRACIA""",true,,
comunicacion_B,data/raw/03_comunicaciones_B/B12593_1983_2023_40_anos_de_democraci.pdf,https://www.bcra.gob.ar/archivos/Pdfs/comytexord/B12593.pdf,B12593,2026-05-12T15:25:32+00:00,2023-07-21,126812,1,"""1983/2023 - 40 AÑOS DE DEMOCRACIA""",true,,
comunicacion_B,data/raw/03_comunicaciones_B/B12594_1983_2023_40_anos_de_democraci.pdf,https://www.bcra.gob.ar/archivos/Pdfs/comytexord/B12594.pdf,B12594,2026-05-12T15:25:32+00:00,2023-07-25,182717,2,"""1983/2023 - 40 AÑOS DE DEMOCRACIA""",true,,
comunicacion_B,data/raw/03_comunicaciones_B/B12595_1983_2023_40_anos_de_democraci.pdf,https://www.bcra.gob.ar/archivos/Pdfs/comytexord/B12595.pdf,B12595,2026-05-12T15:25:33+00:00,2023-07-26,127755,1,"""1983/2023 - 40 AÑOS DE DEMOCRACIA""",true,,
comunicacion_B,data/raw/03_comunicaciones_B/B12596_1983_2023_40_anos_de_democraci.pdf,https://www.bcra.gob.ar/archivos/Pdfs/comytexord/B12596.pdf,B12596,2026-05-12T15:25:33+00:00,2023-07-27,151792,2,"""1983/2023 - 40 AÑOS DE DEMOCRACIA""",true,,
comunicacion_B,data/raw/03_comunicaciones_B/B12597_1983_2023_40_anos_de_democraci.pdf,https://www.bcra.gob.ar/archivos/Pdfs/comytexord/B12597.pdf,B12597,2026-05-12T15:25:34+00:00,2023-07-27,153377,2,"""1983/2023 - 40 AÑOS DE DEMOCRACIA""",true,,
comunicacion_B,data/raw/03_comunicaciones_B/B12598_1983_2023_40_anos_de_democraci.pdf,https://www.bcra.gob.ar/archivos/Pdfs/comytexord/B12598.pdf,B12598,2026-05-12T15:25:34+00:00,2023-07-27,203980,1,"""1983/2023 - 40 AÑOS DE DEMOCRACIA""",true,,
comunicacion_B,data/raw/03_comunicaciones_B/B12599_1983_2023_40_anos_de_democraci.pdf,https://www.bcra.gob.ar/archivos/Pdfs/comytexord/B12599.pdf,B12599,2026-05-12T15:25:35+00:00,2023-07-28,182713,2,"""1983/2023 - 40 AÑOS DE DEMOCRACIA""",true,,
comunicacion_B,data/raw/03_comunicaciones_B/B12600_1983_2023_40_anos_de_democraci.pdf,https://www.bcra.gob.ar/archivos/Pdfs/comytexord/B12600.pdf,B12600,2026-05-12T15:25:35+00:00,2023-08-01,127367,1,"""1983/2023 - 40 AÑOS DE DEMOCRACIA""",true,,
comunicacion_B,data/raw/03_comunicaciones_B/B12601_1983_2023_40_anos_de_democraci.pdf,https://www.bcra.gob.ar/archivos/Pdfs/comytexord/B12601.pdf,B12601,2026-05-12T15:25:36+00:00,2023-08-01,195573,2,"""1983/2023 - 40 AÑOS DE DEMOCRACIA""",true,,
comunicacion_B,data/raw/03_comunicaciones_B/B12602_1983_2023_40_anos_de_democraci.pdf,https://www.bcra.gob.ar/archivos/Pdfs/comytexord/B12602.pdf,B12602,2026-05-12T15:25:36+00:00,2023-08-04,136503,2,"""1983/2023 - 40 AÑOS DE DEMOCRACIA""",true,,
comunicacion_B,data/raw/03_comunicaciones_B/B12603_1983_2023_40_anos_de_democraci.pdf,https://www.bcra.gob.ar/archivos/Pdfs/comytexord/B12603.pdf,B12603,2026-05-12T15:25:37+00:00,2023-08-09,183932,2,"""1983/2023 - 40 AÑOS DE DEMOCRACIA""",true,,
comunicacion_B,data/raw/03_comunicaciones_B/B12604_1983_2023_40_anos_de_democraci.pdf,https://www.bcra.gob.ar/archivos/Pdfs/comytexord/B12604.pdf,B12604,2026-05-12T15:25:37+00:00,2023-08-10,133952,1,"""1983/2023 - 40 AÑOS DE DEMOCRACIA""",true,,
comunicacion_B,data/raw/03_comunicaciones_B/B12605_1983_2023_40_anos_de_democraci.pdf,https://www.bcra.gob.ar/archivos/Pdfs/comytexord/B12605.pdf,B12605,2026-05-12T15:25:38+00:00,2023-08-10,154051,2,"""1983/2023 - 40 AÑOS DE DEMOCRACIA""",true,,
comunicacion_B,data/raw/03_comunicaciones_B/B12606_1983_2023_40_anos_de_democraci.pdf,https://www.bcra.gob.ar/archivos/Pdfs/comytexord/B12606.pdf,B12606,2026-05-12T15:25:38+00:00,2023-08-10,127152,1,"""1983/2023 - 40 AÑOS DE DEMOCRACIA""",true,,
comunicacion_B,data/raw/03_comunicaciones_B/B12607_1983_2023_40_anos_de_democraci.pdf,https://www.bcra.gob.ar/archivos/Pdfs/comytexord/B12607.pdf,B12607,2026-05-12T15:25:39+00:00,2023-08-11,84995,1,"""1983/2023 - 40 AÑOS DE DEMOCRACIA""",true,,
comunicacion_B,data/raw/03_comunicaciones_B/B12608_1983_2023_40_anos_de_democraci.pdf,https://www.bcra.gob.ar/archivos/Pdfs/comytexord/B12608.pdf,B12608,2026-05-12T15:25:39+00:00,2023-08-14,85339,2,"""1983/2023 - 40 AÑOS DE DEMOCRACIA""",true,,
comunicacion_B,data/raw/03_comunicaciones_B/B12609_1983_2023_40_anos_de_democraci.pdf,https://www.bcra.gob.ar/archivos/Pdfs/comytexord/B12609.pdf,B12609,2026-05-12T15:25:40+00:00,2023-08-15,134661,2,"""1983/2023 - 40 AÑOS DE DEMOCRACIA""",true,,
comunicacion_B,data/raw/03_comunicaciones_B/B12610_1983_2023_40_anos_de_democraci.pdf,https://www.bcra.gob.ar/archivos/Pdfs/comytexord/B12610.pdf,B12610,2026-05-12T15:25:40+00:00,2023-08-15,218790,2,"""1983/2023 - 40 AÑOS DE DEMOCRACIA""",true,,
comunicacion_B,data/raw/03_comunicaciones_B/B12611_1983_2023_40_anos_de_democraci.pdf,https://www.bcra.gob.ar/archivos/Pdfs/comytexord/B12611.pdf,B12611,2026-05-12T15:25:41+00:00,2023-08-16,133071,3,"""1983/2023 - 40 AÑOS DE DEMOCRACIA""",true,,
comunicacion_B,data/raw/03_comunicaciones_B/B12612_1983_2023_40_anos_de_democraci.pdf,https://www.bcra.gob.ar/archivos/Pdfs/comytexord/B12612.pdf,B12612,2026-05-12T15:25:41+00:00,2023-08-16,183659,2,"""1983/2023 - 40 AÑOS DE DEMOCRACIA""",true,,
comunicacion_B,data/raw/03_comunicaciones_B/B12613_1983_2023_40_anos_de_democraci.pdf,https://www.bcra.gob.ar/archivos/Pdfs/comytexord/B12613.pdf,B12613,2026-05-12T15:25:42+00:00,2023-08-18,133760,1,"""1983/2023 - 40 AÑOS DE DEMOCRACIA""",true,,
comunicacion_B,data/raw/03_comunicaciones_B/B12614_1983_2023_40_anos_de_democraci.pdf,https://www.bcra.gob.ar/archivos/Pdfs/comytexord/B12614.pdf,B12614,2026-05-12T15:25:42+00:00,2023-08-18,153200,2,"""1983/2023 - 40 AÑOS DE DEMOCRACIA""",true,,
comunicacion_B,data/raw/03_comunicaciones_B/B12615_1983_2023_40_anos_de_democraci.pdf,https://www.bcra.gob.ar/archivos/Pdfs/comytexord/B12615.pdf,B12615,2026-05-12T15:25:43+00:00,2023-08-18,189857,2,"""1983/2023 - 40 AÑOS DE DEMOCRACIA""",true,,
comunicacion_B,data/raw/03_comunicaciones_B/B12616_1983_2023_40_anos_de_democraci.pdf,https://www.bcra.gob.ar/archivos/Pdfs/comytexord/B12616.pdf,B12616,2026-05-12T15:25:43+00:00,2023-08-22,154124,2,"""1983/2023 - 40 AÑOS DE DEMOCRACIA""",true,,
comunicacion_B,data/raw/03_comunicaciones_B/B12617_1983_2023_40_anos_de_democraci.pdf,https://www.bcra.gob.ar/archivos/Pdfs/comytexord/B12617.pdf,B12617,2026-05-12T15:25:44+00:00,2023-08-22,183654,2,"""1983/2023 - 40 AÑOS DE DEMOCRACIA""",true,,
comunicacion_B,data/raw/03_comunicaciones_B/B12618_1983_2023_40_anos_de_democraci.pdf,https://www.bcra.gob.ar/archivos/Pdfs/comytexord/B12618.pdf,B12618,2026-05-12T15:25:44+00:00,2023-08-28,237917,4,"""1983/2023 - 40 AÑOS DE DEMOCRACIA""",true,,
comunicacion_B,data/raw/03_comunicaciones_B/B12619_1983_2023_40_anos_de_democraci.pdf,https://www.bcra.gob.ar/archivos/Pdfs/comytexord/B12619.pdf,B12619,2026-05-12T15:25:45+00:00,2023-08-31,80347,1,"""1983/2023 - 40 AÑOS DE DEMOCRACIA""",true,,
comunicacion_B,data/raw/03_comunicaciones_B/B12620_1983_2023_40_anos_de_democraci.pdf,https://www.bcra.gob.ar/archivos/Pdfs/comytexord/B12620.pdf,B12620,2026-05-12T15:25:45+00:00,2023-09-01,107044,2,"""1983/2023 - 40 AÑOS DE DEMOCRACIA""",true,,
comunicacion_B,data/raw/03_comunicaciones_B/B12621_1983_2023_40_anos_de_democraci.pdf,https://www.bcra.gob.ar/archivos/Pdfs/comytexord/B12621.pdf,B12621,2026-05-12T15:25:46+00:00,2023-09-01,195314,2,"""1983/2023 - 40 AÑOS DE DEMOCRACIA""",true,,
comunicacion_B,data/raw/03_comunicaciones_B/B12622_1983_2023_40_anos_de_democraci.pdf,https://www.bcra.gob.ar/archivos/Pdfs/comytexord/B12622.pdf,B12622,2026-05-12T15:25:46+00:00,2023-09-05,183653,2,"""1983/2023 - 40 AÑOS DE DEMOCRACIA""",true,,
comunicacion_B,data/raw/03_comunicaciones_B/B12623_1983_2023_40_anos_de_democraci.pdf,https://www.bcra.gob.ar/archivos/Pdfs/comytexord/B12623.pdf,B12623,2026-05-12T15:25:47+00:00,2023-09-11,158174,2,"""1983/2023 - 40 AÑOS DE DEMOCRACIA""",true,,
comunicacion_B,data/raw/03_comunicaciones_B/B12624_1983_2023_40_anos_de_democraci.pdf,https://www.bcra.gob.ar/archivos/Pdfs/comytexord/B12624.pdf,B12624,2026-05-12T15:25:47+00:00,2023-09-12,183669,2,"""1983/2023 - 40 AÑOS DE DEMOCRACIA""",true,,
comunicacion_B,data/raw/03_comunicaciones_B/B12625_1983_2023_40_anos_de_democraci.pdf,https://www.bcra.gob.ar/archivos/Pdfs/comytexord/B12625.pdf,B12625,2026-05-12T15:25:48+00:00,2023-09-12,80282,1,"""1983/2023 - 40 AÑOS DE DEMOCRACIA""",true,,
comunicacion_B,data/raw/03_comunicaciones_B/B12626_1983_2023_40_anos_de_democraci.pdf,https://www.bcra.gob.ar/archivos/Pdfs/comytexord/B12626.pdf,B12626,2026-05-12T15:25:48+00:00,2023-09-13,134152,2,"""1983/2023 - 40 AÑOS DE DEMOCRACIA""",true,,
comunicacion_B,data/raw/03_comunicaciones_B/B12627_1983_2023_40_anos_de_democraci.pdf,https://www.bcra.gob.ar/archivos/Pdfs/comytexord/B12627.pdf,B12627,2026-05-12T15:25:49+00:00,2023-09-13,219030,2,"""1983/2023 - 40 AÑOS DE DEMOCRACIA""",true,,
comunicacion_B,data/raw/03_comunicaciones_B/B12628_1983_2023_40_anos_de_democraci.pdf,https://www.bcra.gob.ar/archivos/Pdfs/comytexord/B12628.pdf,B12628,2026-05-12T15:25:49+00:00,2023-09-14,85292,2,"""1983/2023 - 40 AÑOS DE DEMOCRACIA""",true,,
comunicacion_B,data/raw/03_comunicaciones_B/B12629_1983_2023_40_anos_de_democraci.pdf,https://www.bcra.gob.ar/archivos/Pdfs/comytexord/B12629.pdf,B12629,2026-05-12T15:25:50+00:00,2023-09-14,107972,2,"""1983/2023 - 40 AÑOS DE DEMOCRACIA""",true,,
comunicacion_B,data/raw/03_comunicaciones_B/B12630_1983_2023_40_anos_de_democraci.pdf,https://www.bcra.gob.ar/archivos/Pdfs/comytexord/B12630.pdf,B12630,2026-05-12T15:25:50+00:00,2023-09-15,133033,3,"""1983/2023 - 40 AÑOS DE DEMOCRACIA""",true,,
comunicacion_B,data/raw/03_comunicaciones_B/B12631_1983_2023_40_anos_de_democraci.pdf,https://www.bcra.gob.ar/archivos/Pdfs/comytexord/B12631.pdf,B12631,2026-05-12T15:25:51+00:00,2023-09-18,108053,2,"""1983/2023 - 40 AÑOS DE DEMOCRACIA""",true,,
comunicacion_B,data/raw/03_comunicaciones_B/B12632_1983_2023_40_anos_de_democraci.pdf,https://www.bcra.gob.ar/archivos/Pdfs/comytexord/B12632.pdf,B12632,2026-05-12T15:25:51+00:00,2023-09-19,190029,2,"""1983/2023 - 40 AÑOS DE DEMOCRACIA""",true,,
comunicacion_B,data/raw/03_comunicaciones_B/B12633_1983_2023_40_anos_de_democraci.pdf,https://www.bcra.gob.ar/archivos/Pdfs/comytexord/B12633.pdf,B12633,2026-05-12T15:25:52+00:00,2023-09-21,183641,2,"""1983/2023 - 40 AÑOS DE DEMOCRACIA""",true,,
comunicacion_B,data/raw/03_comunicaciones_B/B12634_1983_2023_40_anos_de_democraci.pdf,https://www.bcra.gob.ar/archivos/Pdfs/comytexord/B12634.pdf,B12634,2026-05-12T15:25:52+00:00,2023-09-27,107365,2,"""1983/2023 - 40 AÑOS DE DEMOCRACIA""",true,,
comunicacion_B,data/raw/03_comunicaciones_B/B12635_1983_2023_40_anos_de_democraci.pdf,https://www.bcra.gob.ar/archivos/Pdfs/comytexord/B12635.pdf,B12635,2026-05-12T15:25:53+00:00,2023-09-27,114468,1,"""1983/2023 - 40 AÑOS DE DEMOCRACIA""",true,,
comunicacion_B,data/raw/03_comunicaciones_B/B12636_1983_2023_40_anos_de_democraci.pdf,https://www.bcra.gob.ar/archivos/Pdfs/comytexord/B12636.pdf,B12636,2026-05-12T15:25:53+00:00,2023-09-29,183653,2,"""1983/2023 - 40 AÑOS DE DEMOCRACIA""",true,,
comunicacion_B,data/raw/03_comunicaciones_B/B12637_1983_2023_40_anos_de_democraci.pdf,https://www.bcra.gob.ar/archivos/Pdfs/comytexord/B12637.pdf,B12637,2026-05-12T15:25:54+00:00,2023-10-02,109072,2,"""1983/2023 - 40 AÑOS DE DEMOCRACIA""",true,,
comunicacion_B,data/raw/03_comunicaciones_B/B12638_1983_2023_40_anos_de_democraci.pdf,https://www.bcra.gob.ar/archivos/Pdfs/comytexord/B12638.pdf,B12638,2026-05-12T15:25:54+00:00,2023-10-02,147820,2,"""1983/2023 - 40 AÑOS DE DEMOCRACIA""",true,,
comunicacion_B,data/raw/03_comunicaciones_B/B12639_1983_2023_40_anos_de_democraci.pdf,https://www.bcra.gob.ar/archivos/Pdfs/comytexord/B12639.pdf,B12639,2026-05-12T15:25:55+00:00,2023-10-02,195196,2,"""1983/2023 - 40 AÑOS DE DEMOCRACIA""",true,,
comunicacion_B,data/raw/03_comunicaciones_B/B12640_1983_2023_40_anos_de_democraci.pdf,https://www.bcra.gob.ar/archivos/Pdfs/comytexord/B12640.pdf,B12640,2026-05-12T15:25:55+00:00,2023-10-05,183665,2,"""1983/2023 - 40 AÑOS DE DEMOCRACIA""",true,,
comunicacion_B,data/raw/03_comunicaciones_B/B12641_1983_2023_40_anos_de_democraci.pdf,https://www.bcra.gob.ar/archivos/Pdfs/comytexord/B12641.pdf,B12641,2026-05-12T15:25:56+00:00,2023-10-10,183646,2,"""1983/2023 - 40 AÑOS DE DEMOCRACIA""",true,,
comunicacion_B,data/raw/03_comunicaciones_B/B12642_1983_2023_40_anos_de_democraci.pdf,https://www.bcra.gob.ar/archivos/Pdfs/comytexord/B12642.pdf,B12642,2026-05-12T15:25:56+00:00,2023-10-11,183538,2,"""1983/2023 - 40 AÑOS DE DEMOCRACIA""",true,,
comunicacion_B,data/raw/03_comunicaciones_B/B12643_1983_2023_40_anos_de_democraci.pdf,https://www.bcra.gob.ar/archivos/Pdfs/comytexord/B12643.pdf,B12643,2026-05-12T15:25:57+00:00,2023-10-12,107684,2,"""1983/2023 - 40 AÑOS DE DEMOCRACIA""",true,,
comunicacion_B,data/raw/03_comunicaciones_B/B12644_1983_2023_40_anos_de_democraci.pdf,https://www.bcra.gob.ar/archivos/Pdfs/comytexord/B12644.pdf,B12644,2026-05-12T15:25:57+00:00,2023-10-12,183669,2,"""1983/2023 - 40 AÑOS DE DEMOCRACIA""",true,,
comunicacion_B,data/raw/03_comunicaciones_B/B12645_1983_2023_40_anos_de_democraci.pdf,https://www.bcra.gob.ar/archivos/Pdfs/comytexord/B12645.pdf,B12645,2026-05-12T15:25:58+00:00,2023-10-12,134712,2,"""1983/2023 - 40 AÑOS DE DEMOCRACIA""",true,,
comunicacion_B,data/raw/03_comunicaciones_B/B12646_1983_2023_40_anos_de_democraci.pdf,https://www.bcra.gob.ar/archivos/Pdfs/comytexord/B12646.pdf,B12646,2026-05-12T15:25:59+00:00,2023-10-12,218789,2,"""1983/2023 - 40 AÑOS DE DEMOCRACIA""",true,,
comunicacion_B,data/raw/03_comunicaciones_B/B12647_1983_2023_40_anos_de_democraci.pdf,https://www.bcra.gob.ar/archivos/Pdfs/comytexord/B12647.pdf,B12647,2026-05-12T15:25:59+00:00,2023-10-17,133064,3,"""1983/2023 - 40 AÑOS DE DEMOCRACIA""",true,,
comunicacion_B,data/raw/03_comunicaciones_B/B12648_1983_2023_40_anos_de_democraci.pdf,https://www.bcra.gob.ar/archivos/Pdfs/comytexord/B12648.pdf,B12648,2026-05-12T15:25:59+00:00,2023-10-17,88033,1,"""1983/2023 - 40 AÑOS DE DEMOCRACIA""",true,,
comunicacion_B,data/raw/03_comunicaciones_B/B12649_1983_2023_40_anos_de_democraci.pdf,https://www.bcra.gob.ar/archivos/Pdfs/comytexord/B12649.pdf,B12649,2026-05-12T15:26:00+00:00,2023-10-18,183661,2,"""1983/2023 - 40 AÑOS DE DEMOCRACIA""",true,,
comunicacion_B,data/raw/03_comunicaciones_B/B12650_1983_2023_40_anos_de_democraci.pdf,https://www.bcra.gob.ar/archivos/Pdfs/comytexord/B12650.pdf,B12650,2026-05-12T15:26:00+00:00,2023-10-19,189998,2,"""1983/2023 - 40 AÑOS DE DEMOCRACIA""",true,,
comunicacion_B,data/raw/03_comunicaciones_B/B12651_1983_2023_40_anos_de_democraci.pdf,https://www.bcra.gob.ar/archivos/Pdfs/comytexord/B12651.pdf,B12651,2026-05-12T15:26:01+00:00,2023-10-20,311432,6,"""1983/2023 - 40 AÑOS DE DEMOCRACIA""",true,,
comunicacion_B,data/raw/03_comunicaciones_B/B12652_1983_2023_40_anos_de_democraci.pdf,https://www.bcra.gob.ar/archivos/Pdfs/comytexord/B12652.pdf,B12652,2026-05-12T15:26:01+00:00,2023-10-20,85816,2,"""1983/2023 - 40 AÑOS DE DEMOCRACIA""",true,,
comunicacion_B,data/raw/03_comunicaciones_B/B12653_1983_2023_40_anos_de_democraci.pdf,https://www.bcra.gob.ar/archivos/Pdfs/comytexord/B12653.pdf,B12653,2026-05-12T15:26:02+00:00,2023-10-20,183662,2,"""1983/2023 - 40 AÑOS DE DEMOCRACIA""",true,,
comunicacion_B,data/raw/03_comunicaciones_B/B12654_1983_2023_40_anos_de_democraci.pdf,https://www.bcra.gob.ar/archivos/Pdfs/comytexord/B12654.pdf,B12654,2026-05-12T15:26:02+00:00,2023-10-23,183653,2,"""1983/2023 - 40 AÑOS DE DEMOCRACIA""",true,,
comunicacion_B,data/raw/03_comunicaciones_B/B12655_1983_2023_40_anos_de_democraci.pdf,https://www.bcra.gob.ar/archivos/Pdfs/comytexord/B12655.pdf,B12655,2026-05-12T15:26:03+00:00,2023-10-24,183653,2,"""1983/2023 - 40 AÑOS DE DEMOCRACIA""",true,,
comunicacion_B,data/raw/03_comunicaciones_B/B12656_1983_2023_40_anos_de_democraci.pdf,https://www.bcra.gob.ar/archivos/Pdfs/comytexord/B12656.pdf,B12656,2026-05-12T15:26:03+00:00,2023-10-27,108462,2,"""1983/2023 - 40 AÑOS DE DEMOCRACIA""",true,,
comunicacion_B,data/raw/03_comunicaciones_B/B12657_1983_2023_40_anos_de_democraci.pdf,https://www.bcra.gob.ar/archivos/Pdfs/comytexord/B12657.pdf,B12657,2026-05-12T15:26:04+00:00,2023-10-27,183675,2,"""1983/2023 - 40 AÑOS DE DEMOCRACIA""",true,,
comunicacion_B,data/raw/03_comunicaciones_B/B12658_1983_2023_40_anos_de_democraci.pdf,https://www.bcra.gob.ar/archivos/Pdfs/comytexord/B12658.pdf,B12658,2026-05-12T15:26:04+00:00,2023-10-30,86009,1,"""1983/2023 - 40 AÑOS DE DEMOCRACIA""",true,,
comunicacion_B,data/raw/03_comunicaciones_B/B12659_1983_2023_40_anos_de_democraci.pdf,https://www.bcra.gob.ar/archivos/Pdfs/comytexord/B12659.pdf,B12659,2026-05-12T15:26:05+00:00,2023-10-30,80007,1,"""1983/2023 - 40 AÑOS DE DEMOCRACIA""",true,,
comunicacion_B,data/raw/03_comunicaciones_B/B12660_1983_2023_40_anos_de_democraci.pdf,https://www.bcra.gob.ar/archivos/Pdfs/comytexord/B12660.pdf,B12660,2026-05-12T15:26:05+00:00,2023-10-31,120188,2,"""1983/2023 - 40 AÑOS DE DEMOCRACIA""",true,,
comunicacion_B,data/raw/03_comunicaciones_B/B12661_1983_2023_40_anos_de_democraci.pdf,https://www.bcra.gob.ar/archivos/Pdfs/comytexord/B12661.pdf,B12661,2026-05-12T15:26:06+00:00,2023-11-01,195279,2,"""1983/2023 - 40 AÑOS DE DEMOCRACIA""",true,,
comunicacion_B,data/raw/03_comunicaciones_B/B12662_1983_2023_40_anos_de_democraci.pdf,https://www.bcra.gob.ar/archivos/Pdfs/comytexord/B12662.pdf,B12662,2026-05-12T15:26:07+00:00,2023-11-02,183655,2,"""1983/2023 - 40 AÑOS DE DEMOCRACIA""",true,,
comunicacion_B,data/raw/03_comunicaciones_B/B12663_1983_2023_40_anos_de_democraci.pdf,https://www.bcra.gob.ar/archivos/Pdfs/comytexord/B12663.pdf,B12663,2026-05-12T15:26:07+00:00,2023-11-07,183657,2,"""1983/2023 - 40 AÑOS DE DEMOCRACIA""",true,,
comunicacion_B,data/raw/03_comunicaciones_B/B12664_1983_2023_40_anos_de_democraci.pdf,https://www.bcra.gob.ar/archivos/Pdfs/comytexord/B12664.pdf,B12664,2026-05-12T15:26:07+00:00,2023-11-08,183032,2,"""1983/2023 - 40 AÑOS DE DEMOCRACIA""",true,,
comunicacion_B,data/raw/03_comunicaciones_B/B12665_1983_2023_40_anos_de_democraci.pdf,https://www.bcra.gob.ar/archivos/Pdfs/comytexord/B12665.pdf,B12665,2026-05-12T15:26:08+00:00,2023-11-08,183661,2,"""1983/2023 - 40 AÑOS DE DEMOCRACIA""",true,,
comunicacion_B,data/raw/03_comunicaciones_B/B12666_1983_2023_40_anos_de_democraci.pdf,https://www.bcra.gob.ar/archivos/Pdfs/comytexord/B12666.pdf,B12666,2026-05-12T15:26:08+00:00,2023-11-09,183608,2,"""1983/2023 - 40 AÑOS DE DEMOCRACIA""",true,,
comunicacion_B,data/raw/03_comunicaciones_B/B12667_1983_2023_40_anos_de_democraci.pdf,https://www.bcra.gob.ar/archivos/Pdfs/comytexord/B12667.pdf,B12667,2026-05-12T15:26:09+00:00,2023-11-13,122105,2,"""1983/2023 - 40 AÑOS DE DEMOCRACIA""",true,,
comunicacion_B,data/raw/03_comunicaciones_B/B12668_1983_2023_40_anos_de_democraci.pdf,https://www.bcra.gob.ar/archivos/Pdfs/comytexord/B12668.pdf,B12668,2026-05-12T15:26:09+00:00,2023-11-13,133739,2,"""1983/2023 - 40 AÑOS DE DEMOCRACIA""",true,,
comunicacion_B,data/raw/03_comunicaciones_B/B12669_1983_2023_40_anos_de_democraci.pdf,https://www.bcra.gob.ar/archivos/Pdfs/comytexord/B12669.pdf,B12669,2026-05-12T15:26:10+00:00,2023-11-13,218694,2,"""1983/2023 - 40 AÑOS DE DEMOCRACIA""",true,,
comunicacion_B,data/raw/03_comunicaciones_B/B12670_1983_2023_40_anos_de_democraci.pdf,https://www.bcra.gob.ar/archivos/Pdfs/comytexord/B12670.pdf,B12670,2026-05-12T15:26:11+00:00,2023-11-14,183657,2,"""1983/2023 - 40 AÑOS DE DEMOCRACIA""",true,,
comunicacion_B,data/raw/03_comunicaciones_B/B12671_1983_2023_40_anos_de_democraci.pdf,https://www.bcra.gob.ar/archivos/Pdfs/comytexord/B12671.pdf,B12671,2026-05-12T15:26:11+00:00,2023-11-15,183659,2,"""1983/2023 - 40 AÑOS DE DEMOCRACIA""",true,,
comunicacion_B,data/raw/03_comunicaciones_B/B12672_1983_2023_40_anos_de_democraci.pdf,https://www.bcra.gob.ar/archivos/Pdfs/comytexord/B12672.pdf,B12672,2026-05-12T15:26:12+00:00,2023-11-16,135389,3,"""1983/2023 - 40 AÑOS DE DEMOCRACIA""",true,,
comunicacion_B,data/raw/03_comunicaciones_B/B12673_1983_2023_40_anos_de_democraci.pdf,https://www.bcra.gob.ar/archivos/Pdfs/comytexord/B12673.pdf,B12673,2026-05-12T15:26:12+00:00,2023-11-16,189982,2,"""1983/2023 - 40 AÑOS DE DEMOCRACIA""",true,,
comunicacion_B,data/raw/03_comunicaciones_B/B12674_1983_2023_40_anos_de_democraci.pdf,https://www.bcra.gob.ar/archivos/Pdfs/comytexord/B12674.pdf,B12674,2026-05-12T15:26:13+00:00,2023-11-21,109316,2,"""1983/2023 - 40 AÑOS DE DEMOCRACIA""",true,,
comunicacion_B,data/raw/03_comunicaciones_B/B12675_1983_2023_40_anos_de_democraci.pdf,https://www.bcra.gob.ar/archivos/Pdfs/comytexord/B12675.pdf,B12675,2026-05-12T15:26:13+00:00,2023-11-21,85776,2,"""1983/2023 - 40 AÑOS DE DEMOCRACIA""",true,,
comunicacion_B,data/raw/03_comunicaciones_B/B12676_1983_2023_40_anos_de_democraci.pdf,https://www.bcra.gob.ar/archivos/Pdfs/comytexord/B12676.pdf,B12676,2026-05-12T15:26:14+00:00,2023-11-22,183651,2,"""1983/2023 - 40 AÑOS DE DEMOCRACIA""",true,,
comunicacion_B,data/raw/03_comunicaciones_B/B12677_1983_2023_40_anos_de_democraci.pdf,https://www.bcra.gob.ar/archivos/Pdfs/comytexord/B12677.pdf,B12677,2026-05-12T15:26:14+00:00,2023-11-27,183673,2,"""1983/2023 - 40 AÑOS DE DEMOCRACIA""",true,,
comunicacion_B,data/raw/03_comunicaciones_B/B12678_1983_2023_40_anos_de_democraci.pdf,https://www.bcra.gob.ar/archivos/Pdfs/comytexord/B12678.pdf,B12678,2026-05-12T15:26:15+00:00,2023-11-28,321524,6,"""1983/2023 - 40 AÑOS DE DEMOCRACIA""",true,,
comunicacion_B,data/raw/03_comunicaciones_B/B12679_1983_2023_40_anos_de_democraci.pdf,https://www.bcra.gob.ar/archivos/Pdfs/comytexord/B12679.pdf,B12679,2026-05-12T15:26:15+00:00,2023-11-28,107657,2,"""1983/2023 - 40 AÑOS DE DEMOCRACIA""",true,,
comunicacion_B,data/raw/03_comunicaciones_B/B12680_1983_2023_40_anos_de_democraci.pdf,https://www.bcra.gob.ar/archivos/Pdfs/comytexord/B12680.pdf,B12680,2026-05-12T15:26:16+00:00,2023-11-28,183665,2,"""1983/2023 - 40 AÑOS DE DEMOCRACIA""",true,,
comunicacion_B,data/raw/03_comunicaciones_B/B12681_1983_2023_40_anos_de_democraci.pdf,https://www.bcra.gob.ar/archivos/Pdfs/comytexord/B12681.pdf,B12681,2026-05-12T15:26:16+00:00,2023-11-30,183670,2,"""1983/2023 - 40 AÑOS DE DEMOCRACIA""",true,,
comunicacion_B,data/raw/03_comunicaciones_B/B12682_1983_2023_40_anos_de_democraci.pdf,https://www.bcra.gob.ar/archivos/Pdfs/comytexord/B12682.pdf,B12682,2026-05-12T15:26:17+00:00,2023-12-01,195122,2,"""1983/2023 - 40 AÑOS DE DEMOCRACIA""",true,,
comunicacion_B,data/raw/03_comunicaciones_B/B12683_1983_2023_40_anos_de_democraci.pdf,https://www.bcra.gob.ar/archivos/Pdfs/comytexord/B12683.pdf,B12683,2026-05-12T15:26:17+00:00,2023-12-05,183041,2,"""1983/2023 - 40 AÑOS DE DEMOCRACIA""",true,,
comunicacion_B,data/raw/03_comunicaciones_B/B12684_1983_2023_40_anos_de_democraci.pdf,https://www.bcra.gob.ar/archivos/Pdfs/comytexord/B12684.pdf,B12684,2026-05-12T15:26:18+00:00,2023-12-05,80978,1,"""1983/2023 - 40 AÑOS DE DEMOCRACIA""",true,,
comunicacion_B,data/raw/03_comunicaciones_B/B12685_1983_2023_40_anos_de_democraci.pdf,https://www.bcra.gob.ar/archivos/Pdfs/comytexord/B12685.pdf,B12685,2026-05-12T15:26:18+00:00,2023-12-13,134641,2,"""1983/2023 - 40 AÑOS DE DEMOCRACIA""",true,,
comunicacion_B,data/raw/03_comunicaciones_B/B12686_1983_2023_40_anos_de_democraci.pdf,https://www.bcra.gob.ar/archivos/Pdfs/comytexord/B12686.pdf,B12686,2026-05-12T15:26:19+00:00,2023-12-13,218795,2,"""1983/2023 - 40 AÑOS DE DEMOCRACIA""",true,,
comunicacion_B,data/raw/03_comunicaciones_B/B12687_1983_2023_40_anos_de_democraci.pdf,https://www.bcra.gob.ar/archivos/Pdfs/comytexord/B12687.pdf,B12687,2026-05-12T15:26:19+00:00,2023-12-15,133993,3,"""1983/2023 - 40 AÑOS DE DEMOCRACIA""",true,,
comunicacion_B,data/raw/03_comunicaciones_B/B12688_1983_2023_40_anos_de_democraci.pdf,https://www.bcra.gob.ar/archivos/Pdfs/comytexord/B12688.pdf,B12688,2026-05-12T15:26:20+00:00,2023-12-15,183650,2,"""1983/2023 - 40 AÑOS DE DEMOCRACIA""",true,,
comunicacion_B,data/raw/03_comunicaciones_B/B12689_1983_2023_40_anos_de_democraci.pdf,https://www.bcra.gob.ar/archivos/Pdfs/comytexord/B12689.pdf,B12689,2026-05-12T15:26:20+00:00,2023-12-19,183650,2,"""1983/2023 - 40 AÑOS DE DEMOCRACIA""",true,,
comunicacion_B,data/raw/03_comunicaciones_B/B12690_1983_2023_40_anos_de_democraci.pdf,https://www.bcra.gob.ar/archivos/Pdfs/comytexord/B12690.pdf,B12690,2026-05-12T15:26:21+00:00,2023-12-19,190285,2,"""1983/2023 - 40 AÑOS DE DEMOCRACIA""",true,,
comunicacion_B,data/raw/03_comunicaciones_B/B12691_1983_2023_40_anos_de_democraci.pdf,https://www.bcra.gob.ar/archivos/Pdfs/comytexord/B12691.pdf,B12691,2026-05-12T15:26:21+00:00,2023-12-20,84942,2,"""1983/2023 - 40 AÑOS DE DEMOCRACIA""",true,,
comunicacion_B,data/raw/03_comunicaciones_B/B12692_1983_2023_40_anos_de_democraci.pdf,https://www.bcra.gob.ar/archivos/Pdfs/comytexord/B12692.pdf,B12692,2026-05-12T15:26:22+00:00,2023-12-20,88368,1,"""1983/2023 - 40 AÑOS DE DEMOCRACIA""",true,,
comunicacion_B,data/raw/03_comunicaciones_B/B12693_1983_2023_40_anos_de_democraci.pdf,https://www.bcra.gob.ar/archivos/Pdfs/comytexord/B12693.pdf,B12693,2026-05-12T15:26:22+00:00,2023-12-20,183652,2,"""1983/2023 - 40 AÑOS DE DEMOCRACIA""",true,,
comunicacion_B,data/raw/03_comunicaciones_B/B12694_1983_2023_40_anos_de_democraci.pdf,https://www.bcra.gob.ar/archivos/Pdfs/comytexord/B12694.pdf,B12694,2026-05-12T15:26:23+00:00,2023-12-21,183652,2,"""1983/2023 - 40 AÑOS DE DEMOCRACIA""",true,,
comunicacion_B,data/raw/03_comunicaciones_B/B12695_1983_2023_40_anos_de_democraci.pdf,https://www.bcra.gob.ar/archivos/Pdfs/comytexord/B12695.pdf,B12695,2026-05-12T15:26:23+00:00,2023-12-22,187014,5,"""1983/2023 - 40 AÑOS DE DEMOCRACIA""",true,,
comunicacion_B,data/raw/03_comunicaciones_B/B12696_1983_2023_40_anos_de_democraci.pdf,https://www.bcra.gob.ar/archivos/Pdfs/comytexord/B12696.pdf,B12696,2026-05-12T15:26:24+00:00,2023-12-22,183659,2,"""1983/2023 - 40 AÑOS DE DEMOCRACIA""",true,,
comunicacion_B,data/raw/03_comunicaciones_B/B12697_1983_2023_40_anos_de_democraci.pdf,https://www.bcra.gob.ar/archivos/Pdfs/comytexord/B12697.pdf,B12697,2026-05-12T15:26:24+00:00,2023-12-22,141609,3,"""1983/2023 - 40 AÑOS DE DEMOCRACIA""",true,,
comunicacion_B,data/raw/03_comunicaciones_B/B12698_1983_2023_40_anos_de_democraci.pdf,https://www.bcra.gob.ar/archivos/Pdfs/comytexord/B12698.pdf,B12698,2026-05-12T15:26:25+00:00,2023-12-26,87726,1,"""1983/2023 - 40 AÑOS DE DEMOCRACIA""",true,,
comunicacion_B,data/raw/03_comunicaciones_B/B12699_1983_2023_40_anos_de_democraci.pdf,https://www.bcra.gob.ar/archivos/Pdfs/comytexord/B12699.pdf,B12699,2026-05-12T15:26:25+00:00,2023-12-27,183651,2,"""1983/2023 - 40 AÑOS DE DEMOCRACIA""",true,,
comunicacion_B,data/raw/03_comunicaciones_B/B12700_1983_2023_40_anos_de_democraci.pdf,https://www.bcra.gob.ar/archivos/Pdfs/comytexord/B12700.pdf,B12700,2026-05-12T15:26:26+00:00,2023-12-27,296455,14,"""1983/2023 - 40 AÑOS DE DEMOCRACIA""",true,,
comunicacion_B,data/raw/03_comunicaciones_B/B12701_1983_2023_40_anos_de_democraci.pdf,https://www.bcra.gob.ar/archivos/Pdfs/comytexord/B12701.pdf,B12701,2026-05-12T15:26:26+00:00,2023-12-28,112975,2,“1983/2023 – 40 AÑOS DE DEMOCRACIA”,true,,
comunicacion_B,data/raw/03_comunicaciones_B/B12702_1983_2023_40_anos_de_democraci.pdf,https://www.bcra.gob.ar/archivos/Pdfs/comytexord/B12702.pdf,B12702,2026-05-12T15:26:27+00:00,2023-12-28,183661,2,"""1983/2023 - 40 AÑOS DE DEMOCRACIA""",true,,
comunicacion_B,data/raw/03_comunicaciones_B/B12703_1983_2023_40_anos_de_democraci.pdf,https://www.bcra.gob.ar/archivos/Pdfs/comytexord/B12703.pdf,B12703,2026-05-12T15:26:27+00:00,2023-12-29,140972,2,"""1983/2023 - 40 AÑOS DE DEMOCRACIA""",true,,
comunicacion_B,data/raw/03_comunicaciones_B/B12704_comunicacion_b_12704_02_01_202.pdf,https://www.bcra.gob.ar/archivos/Pdfs/comytexord/B12704.pdf,B12704,2026-05-12T15:26:28+00:00,2024-01-02,80017,2,COMUNICACIÓN  “B”  12704 02/01/2024,true,,
comunicacion_B,data/raw/03_comunicaciones_B/B12705_comunicacion_b_12705_02_01_202.pdf,https://www.bcra.gob.ar/archivos/Pdfs/comytexord/B12705.pdf,B12705,2026-05-12T15:26:28+00:00,2024-01-02,194017,2,COMUNICACIÓN  “B”  12705 02/01/2024,true,,
comunicacion_B,data/raw/03_comunicaciones_B/B12706_comunicacion_b_12706_03_01_202.pdf,https://www.bcra.gob.ar/archivos/Pdfs/comytexord/B12706.pdf,B12706,2026-05-12T15:26:29+00:00,2024-01-03,182214,2,COMUNICACIÓN  “B”  12706 03/01/2024,true,,
comunicacion_B,data/raw/03_comunicaciones_B/B12707_comunicacion_b_12707_08_01_202.pdf,https://www.bcra.gob.ar/archivos/Pdfs/comytexord/B12707.pdf,B12707,2026-05-12T15:26:29+00:00,2024-01-08,140799,2,COMUNICACIÓN  “B”  12707 08/01/2024,true,,
comunicacion_B,data/raw/03_comunicaciones_B/B12708_comunicacion_b_12708_08_01_202.pdf,https://www.bcra.gob.ar/archivos/Pdfs/comytexord/B12708.pdf,B12708,2026-05-12T15:26:30+00:00,2024-01-08,182214,2,COMUNICACIÓN  “B”  12708 08/01/2024,true,,
comunicacion_B,data/raw/03_comunicaciones_B/B12709_comunicacion_b_12709_08_01_202.pdf,https://www.bcra.gob.ar/archivos/Pdfs/comytexord/B12709.pdf,B12709,2026-05-12T15:26:30+00:00,2024-01-08,80351,1,COMUNICACIÓN  “B”  12709 08/01/2024,true,,
comunicacion_B,data/raw/03_comunicaciones_B/B12710_comunicacion_b_12710_09_01_202.pdf,https://www.bcra.gob.ar/archivos/Pdfs/comytexord/B12710.pdf,B12710,2026-05-12T15:26:31+00:00,2024-01-09,183163,2,COMUNICACIÓN  “B”  12710 09/01/2024,true,,
comunicacion_B,data/raw/03_comunicaciones_B/B12711_comunicacion_b_12711_10_01_202.pdf,https://www.bcra.gob.ar/archivos/Pdfs/comytexord/B12711.pdf,B12711,2026-05-12T15:26:31+00:00,2024-01-10,182195,2,COMUNICACIÓN  “B”  12711 10/01/2024,true,,
comunicacion_B,data/raw/03_comunicaciones_B/B12712_comunicacion_b_12712_11_01_202.pdf,https://www.bcra.gob.ar/archivos/Pdfs/comytexord/B12712.pdf,B12712,2026-05-12T15:26:32+00:00,2024-01-11,129948,2,COMUNICACIÓN  “B”  12712 11/01/2024,true,,
comunicacion_B,data/raw/03_comunicaciones_B/B12713_comunicacion_b_12713_11_01_202.pdf,https://www.bcra.gob.ar/archivos/Pdfs/comytexord/B12713.pdf,B12713,2026-05-12T15:26:32+00:00,2024-01-11,217406,2,COMUNICACIÓN  “B”  12713 11/01/2024,true,,
comunicacion_B,data/raw/03_comunicaciones_B/B12714_comunicacion_b_12714_11_01_202.pdf,https://www.bcra.gob.ar/archivos/Pdfs/comytexord/B12714.pdf,B12714,2026-05-12T15:26:33+00:00,2024-01-11,82315,1,COMUNICACIÓN  “B”  12714 11/01/2024,true,,
comunicacion_B,data/raw/03_comunicaciones_B/B12715_comunicacion_b_12715_12_01_202.pdf,https://www.bcra.gob.ar/archivos/Pdfs/comytexord/B12715.pdf,B12715,2026-05-12T15:26:33+00:00,2024-01-12,134005,2,COMUNICACIÓN  “B”  12715 12/01/2024,true,,
comunicacion_B,data/raw/03_comunicaciones_B/B12716_comunicacion_b_12716_15_01_202.pdf,https://www.bcra.gob.ar/archivos/Pdfs/comytexord/B12716.pdf,B12716,2026-05-12T15:26:34+00:00,2024-01-15,141363,2,COMUNICACIÓN  “B”  12716 15/01/2024,true,,
comunicacion_B,data/raw/03_comunicaciones_B/B12717_comunicacion_b_12717_16_01_202.pdf,https://www.bcra.gob.ar/archivos/Pdfs/comytexord/B12717.pdf,B12717,2026-05-12T15:26:34+00:00,2024-01-16,129960,3,COMUNICACIÓN  “B”  12717 16/01/2024,true,,
comunicacion_B,data/raw/03_comunicaciones_B/B12718_comunicacion_b_12718_16_01_202.pdf,https://www.bcra.gob.ar/archivos/Pdfs/comytexord/B12718.pdf,B12718,2026-05-12T15:26:35+00:00,2024-01-16,105505,2,COMUNICACIÓN  “B”  12718 16/01/2024,true,,
comunicacion_B,data/raw/03_comunicaciones_B/B12719_comunicacion_b_12719_16_01_202.pdf,https://www.bcra.gob.ar/archivos/Pdfs/comytexord/B12719.pdf,B12719,2026-05-12T15:26:35+00:00,2024-01-16,183162,2,COMUNICACIÓN  “B”  12719 16/01/2024,true,,
comunicacion_B,data/raw/03_comunicaciones_B/B12720_comunicacion_b_12720_17_01_202.pdf,https://www.bcra.gob.ar/archivos/Pdfs/comytexord/B12720.pdf,B12720,2026-05-12T15:26:36+00:00,2024-01-17,182147,2,COMUNICACIÓN  “B”  12720 17/01/2024,true,,
comunicacion_B,data/raw/03_comunicaciones_B/B12721_comunicacion_b_12721_17_01_202.pdf,https://www.bcra.gob.ar/archivos/Pdfs/comytexord/B12721.pdf,B12721,2026-05-12T15:26:36+00:00,2024-01-17,187379,2,COMUNICACIÓN  “B”  12721 17/01/2024,true,,
comunicacion_B,data/raw/03_comunicaciones_B/B12722_comunicacion_b_12722_17_01_202.pdf,https://www.bcra.gob.ar/archivos/Pdfs/comytexord/B12722.pdf,B12722,2026-05-12T15:26:37+00:00,2024-01-17,78926,1,COMUNICACIÓN  “B”  12722 17/01/2024,true,,
comunicacion_B,data/raw/03_comunicaciones_B/B12723_comunicacion_b_12723_18_01_202.pdf,https://www.bcra.gob.ar/archivos/Pdfs/comytexord/B12723.pdf,B12723,2026-05-12T15:26:37+00:00,2024-01-18,118735,3,COMUNICACIÓN  “B”  12723 18/01/2024,true,,
comunicacion_B,data/raw/03_comunicaciones_B/B12724_comunicacion_b_12724_19_01_202.pdf,https://www.bcra.gob.ar/archivos/Pdfs/comytexord/B12724.pdf,B12724,2026-05-12T15:26:38+00:00,2024-01-19,83630,2,COMUNICACIÓN  “B”  12724 19/01/2024,true,,
comunicacion_B,data/raw/03_comunicaciones_B/B12725_comunicacion_b_12725_19_01_202.pdf,https://www.bcra.gob.ar/archivos/Pdfs/comytexord/B12725.pdf,B12725,2026-05-12T15:26:38+00:00,2024-01-19,81366,1,COMUNICACIÓN  “B”  12725 19/01/2024,true,,
comunicacion_B,data/raw/03_comunicaciones_B/B12726_comunicacion_b_12726_19_01_202.pdf,https://www.bcra.gob.ar/archivos/Pdfs/comytexord/B12726.pdf,B12726,2026-05-12T15:26:39+00:00,2024-01-19,183163,2,COMUNICACIÓN  “B”  12726 19/01/2024,true,,
comunicacion_B,data/raw/03_comunicaciones_B/B12727_comunicacion_b_12727_19_01_202.pdf,https://www.bcra.gob.ar/archivos/Pdfs/comytexord/B12727.pdf,B12727,2026-05-12T15:26:39+00:00,2024-01-19,142416,2,COMUNICACIÓN  “B”  12727 19/01/2024,true,,
comunicacion_B,data/raw/03_comunicaciones_B/B12728_ano_de_la_defensa_de_la_vida_l.pdf,https://www.bcra.gob.ar/archivos/Pdfs/comytexord/B12728.pdf,B12728,2026-05-12T15:26:40+00:00,2024-01-23,182741,2,"“AÑO DE LA DEFENSA DE LA VIDA, LA LIBERTAD Y LA PROPIEDAD""",true,,
comunicacion_B,data/raw/03_comunicaciones_B/B12729_ano_de_la_defensa_de_la_vida_l.pdf,https://www.bcra.gob.ar/archivos/Pdfs/comytexord/B12729.pdf,B12729,2026-05-12T15:26:40+00:00,2024-01-24,183727,2,"“AÑO DE LA DEFENSA DE LA VIDA, LA LIBERTAD Y LA PROPIEDAD""",true,,
comunicacion_B,data/raw/03_comunicaciones_B/B12730_ano_de_la_defensa_de_la_vida_l.pdf,https://www.bcra.gob.ar/archivos/Pdfs/comytexord/B12730.pdf,B12730,2026-05-12T15:26:41+00:00,2024-01-26,142768,2,"""AÑO DE LA DEFENSA DE LA VIDA, LA LIBERTAD Y LA PROPIEDAD""",true,,
comunicacion_B,data/raw/03_comunicaciones_B/B12731_ano_de_la_defensa_de_la_vida_l.pdf,https://www.bcra.gob.ar/archivos/Pdfs/comytexord/B12731.pdf,B12731,2026-05-12T15:26:41+00:00,2024-01-26,182753,2,"“AÑO DE LA DEFENSA DE LA VIDA, LA LIBERTAD Y LA PROPIEDAD""",true,,
comunicacion_B,data/raw/03_comunicaciones_B/B12732_comunicacion_b_12732_30_01_202.pdf,https://www.bcra.gob.ar/archivos/Pdfs/comytexord/B12732.pdf,B12732,2026-05-12T15:26:42+00:00,2024-01-30,81880,1,COMUNICACIÓN  “B”  12732 30/01/2024,true,,
comunicacion_B,data/raw/03_comunicaciones_B/B12733_ano_de_la_defensa_de_la_vida_l.pdf,https://www.bcra.gob.ar/archivos/Pdfs/comytexord/B12733.pdf,B12733,2026-05-12T15:26:42+00:00,2024-02-01,119318,3,"""AÑO DE LA DEFENSA DE LA VIDA, LA LIBERTAD Y LA PROPIEDAD""",true,,
comunicacion_B,data/raw/03_comunicaciones_B/B12734_ano_de_la_defensa_de_la_vida_l.pdf,https://www.bcra.gob.ar/archivos/Pdfs/comytexord/B12734.pdf,B12734,2026-05-12T15:26:43+00:00,2024-02-01,182726,2,"“AÑO DE LA DEFENSA DE LA VIDA, LA LIBERTAD Y LA PROPIEDAD""",true,,
comunicacion_B,data/raw/03_comunicaciones_B/B12735_ano_de_la_defensa_de_la_vida_l.pdf,https://www.bcra.gob.ar/archivos/Pdfs/comytexord/B12735.pdf,B12735,2026-05-12T15:26:43+00:00,2024-02-01,195512,2,"“AÑO DE LA DEFENSA DE LA VIDA, LA LIBERTAD Y LA PROPIEDAD""",true,,
comunicacion_B,data/raw/03_comunicaciones_B/B12736_ano_de_la_defensa_de_la_vida_l.pdf,https://www.bcra.gob.ar/archivos/Pdfs/comytexord/B12736.pdf,B12736,2026-05-12T15:26:44+00:00,2024-02-05,276689,2,"""AÑO DE LA DEFENSA DE LA VIDA, LA LIBERTAD Y LA PROPIEDAD""",true,,
comunicacion_B,data/raw/03_comunicaciones_B/B12737_ano_de_la_defensa_de_la_vida_l.pdf,https://www.bcra.gob.ar/archivos/Pdfs/comytexord/B12737.pdf,B12737,2026-05-12T15:26:44+00:00,2024-02-05,82808,1,"""AÑO DE LA DEFENSA DE LA VIDA, LA LIBERTAD Y LA PROPIEDAD""",true,,
comunicacion_B,data/raw/03_comunicaciones_B/B12738_ano_de_la_defensa_de_la_vida_l.pdf,https://www.bcra.gob.ar/archivos/Pdfs/comytexord/B12738.pdf,B12738,2026-05-12T15:26:45+00:00,2024-02-08,182725,2,"“AÑO DE LA DEFENSA DE LA VIDA, LA LIBERTAD Y LA PROPIEDAD""",true,,
comunicacion_B,data/raw/03_comunicaciones_B/B12739_ano_de_la_defensa_de_la_vida_l.pdf,https://www.bcra.gob.ar/archivos/Pdfs/comytexord/B12739.pdf,B12739,2026-05-12T15:26:45+00:00,2024-02-09,139918,2,"""AÑO DE LA DEFENSA DE LA VIDA, LA LIBERTAD Y LA PROPIEDAD""",true,,
comunicacion_B,data/raw/03_comunicaciones_B/B12740_ano_de_la_defensa_de_la_vida_l.pdf,https://www.bcra.gob.ar/archivos/Pdfs/comytexord/B12740.pdf,B12740,2026-05-12T15:26:46+00:00,2024-02-14,130639,2,"“AÑO DE LA DEFENSA DE LA VIDA, LA LIBERTAD Y LA PROPIEDAD""",true,,
comunicacion_B,data/raw/03_comunicaciones_B/B12741_ano_de_la_defensa_de_la_vida_l.pdf,https://www.bcra.gob.ar/archivos/Pdfs/comytexord/B12741.pdf,B12741,2026-05-12T15:26:46+00:00,2024-02-14,198861,2,"“AÑO DE LA DEFENSA DE LA VIDA, LA LIBERTAD Y LA PROPIEDAD""",true,,
comunicacion_B,data/raw/03_comunicaciones_B/B12742_ano_de_la_defensa_de_la_vida_l.pdf,https://www.bcra.gob.ar/archivos/Pdfs/comytexord/B12742.pdf,B12742,2026-05-12T15:26:47+00:00,2024-02-14,182680,2,"“AÑO DE LA DEFENSA DE LA VIDA, LA LIBERTAD Y LA PROPIEDAD""",true,,
comunicacion_B,data/raw/03_comunicaciones_B/B12743_ano_de_la_defensa_de_la_vida_l.pdf,https://www.bcra.gob.ar/archivos/Pdfs/comytexord/B12743.pdf,B12743,2026-05-12T15:26:48+00:00,2024-02-14,183588,2,"""AÑO DE LA DEFENSA DE LA VIDA, LA LIBERTAD Y LA PROPIEDAD""",true,,
comunicacion_B,data/raw/03_comunicaciones_B/B12744_ano_de_la_defensa_de_la_vida_l.pdf,https://www.bcra.gob.ar/archivos/Pdfs/comytexord/B12744.pdf,B12744,2026-05-12T15:26:48+00:00,2024-02-15,88017,1,"""AÑO DE LA DEFENSA DE LA VIDA, LA LIBERTAD Y LA PROPIEDAD""",true,,
comunicacion_B,data/raw/03_comunicaciones_B/B12745_ano_de_la_defensa_de_la_vida_l.pdf,https://www.bcra.gob.ar/archivos/Pdfs/comytexord/B12745.pdf,B12745,2026-05-12T15:26:49+00:00,2024-02-16,131706,3,"“AÑO DE LA DEFENSA DE LA VIDA, LA LIBERTAD Y LA PROPIEDAD”",true,,
comunicacion_B,data/raw/03_comunicaciones_B/B12746_ano_de_la_defensa_de_la_vida_l.pdf,https://www.bcra.gob.ar/archivos/Pdfs/comytexord/B12746.pdf,B12746,2026-05-12T15:26:49+00:00,2024-02-19,140250,2,"""AÑO DE LA DEFENSA DE LA VIDA, LA LIBERTAD Y LA PROPIEDAD""",true,,
comunicacion_B,data/raw/03_comunicaciones_B/B12747_ano_de_la_defensa_de_la_vida_l.pdf,https://www.bcra.gob.ar/archivos/Pdfs/comytexord/B12747.pdf,B12747,2026-05-12T15:26:50+00:00,2024-02-19,194493,2,"“AÑO DE LA DEFENSA DE LA VIDA, LA LIBERTAD Y LA PROPIEDAD""",true,,
comunicacion_B,data/raw/03_comunicaciones_B/B12748_ano_de_la_defensa_de_la_vida_l.pdf,https://www.bcra.gob.ar/archivos/Pdfs/comytexord/B12748.pdf,B12748,2026-05-12T15:26:50+00:00,2024-02-20,82947,2,"“AÑO DE LA DEFENSA DE LA VIDA, LA LIBERTAD Y LA PROPIEDAD""",true,,
comunicacion_B,data/raw/03_comunicaciones_B/B12749_ano_de_la_defensa_de_la_vida_l.pdf,https://www.bcra.gob.ar/archivos/Pdfs/comytexord/B12749.pdf,B12749,2026-05-12T15:26:50+00:00,2024-02-23,86053,1,"""AÑO DE LA DEFENSA DE LA VIDA, LA LIBERTAD Y LA PROPIEDAD""",true,,
comunicacion_B,data/raw/03_comunicaciones_B/B12750_comunicacion_b_12750_26_02_202.pdf,https://www.bcra.gob.ar/archivos/Pdfs/comytexord/B12750.pdf,B12750,2026-05-12T15:26:51+00:00,2024-02-26,118065,2,COMUNICACIÓN  “B”  12750 26/02/2024,true,,
comunicacion_B,data/raw/03_comunicaciones_B/B12751_ano_de_la_defensa_de_la_vida_l.pdf,https://www.bcra.gob.ar/archivos/Pdfs/comytexord/B12751.pdf,B12751,2026-05-12T15:26:51+00:00,2024-02-28,106541,2,"""AÑO DE LA DEFENSA DE LA VIDA, LA LIBERTAD Y LA PROPIEDAD""",true,,
comunicacion_B,data/raw/03_comunicaciones_B/B12752_ano_de_la_defensa_de_la_vida_l.pdf,https://www.bcra.gob.ar/archivos/Pdfs/comytexord/B12752.pdf,B12752,2026-05-12T15:26:52+00:00,2024-03-01,182433,5,"""AÑO DE LA DEFENSA DE LA VIDA, LA LIBERTAD Y LA PROPIEDAD""",true,,
comunicacion_B,data/raw/03_comunicaciones_B/B12754_ano_de_la_defensa_de_la_vida_l.pdf,https://www.bcra.gob.ar/archivos/Pdfs/comytexord/B12754.pdf,B12754,2026-05-12T15:26:53+00:00,2024-03-04,140196,2,"""AÑO DE LA DEFENSA DE LA VIDA, LA LIBERTAD Y LA PROPIEDAD""",true,,
comunicacion_B,data/raw/03_comunicaciones_B/B12753_ano_de_la_defensa_de_la_vida_l.pdf,https://www.bcra.gob.ar/archivos/Pdfs/comytexord/B12753.pdf,B12753,2026-05-12T15:26:53+00:00,2024-03-01,195535,2,"“AÑO DE LA DEFENSA DE LA VIDA, LA LIBERTAD Y LA PROPIEDAD""",true,,
comunicacion_B,data/raw/03_comunicaciones_B/B12755_ano_de_la_defensa_de_la_vida_l.pdf,https://www.bcra.gob.ar/archivos/Pdfs/comytexord/B12755.pdf,B12755,2026-05-12T15:26:53+00:00,2024-03-04,114810,2,"""AÑO DE LA DEFENSA DE LA VIDA, LA LIBERTAD Y LA PROPIEDAD""",true,,
comunicacion_B,data/raw/03_comunicaciones_B/B12756_ano_de_la_defensa_de_la_vida_l.pdf,https://www.bcra.gob.ar/archivos/Pdfs/comytexord/B12756.pdf,B12756,2026-05-12T15:26:54+00:00,2024-03-05,183209,2,"""AÑO DE LA DEFENSA DE LA VIDA, LA LIBERTAD Y LA PROPIEDAD""",true,,
comunicacion_B,data/raw/03_comunicaciones_B/B12757_ano_de_la_defensa_de_la_vida_l.pdf,https://www.bcra.gob.ar/archivos/Pdfs/comytexord/B12757.pdf,B12757,2026-05-12T15:26:54+00:00,2024-03-11,140021,2,"""AÑO DE LA DEFENSA DE LA VIDA, LA LIBERTAD Y LA PROPIEDAD""",true,,
comunicacion_B,data/raw/03_comunicaciones_B/B12758_ano_de_la_defensa_de_la_vida_l.pdf,https://www.bcra.gob.ar/archivos/Pdfs/comytexord/B12758.pdf,B12758,2026-05-12T15:26:55+00:00,2024-03-11,182714,2,"“AÑO DE LA DEFENSA DE LA VIDA, LA LIBERTAD Y LA PROPIEDAD""",true,,
comunicacion_B,data/raw/03_comunicaciones_B/B12759_ano_de_la_defensa_de_la_vida_l.pdf,https://www.bcra.gob.ar/archivos/Pdfs/comytexord/B12759.pdf,B12759,2026-05-12T15:26:56+00:00,2024-03-12,133351,2,"“AÑO DE LA DEFENSA DE LA VIDA, LA LIBERTAD Y LA PROPIEDAD""",true,,
comunicacion_B,data/raw/03_comunicaciones_B/B12760_ano_de_la_defensa_de_la_vida_l.pdf,https://www.bcra.gob.ar/archivos/Pdfs/comytexord/B12760.pdf,B12760,2026-05-12T15:26:56+00:00,2024-03-12,218069,2,"“AÑO DE LA DEFENSA DE LA VIDA, LA LIBERTAD Y LA PROPIEDAD""",true,,
comunicacion_B,data/raw/03_comunicaciones_B/B12761_ano_de_la_defensa_de_la_vida_l.pdf,https://www.bcra.gob.ar/archivos/Pdfs/comytexord/B12761.pdf,B12761,2026-05-12T15:26:56+00:00,2024-03-14,183679,2,"“AÑO DE LA DEFENSA DE LA VIDA, LA LIBERTAD Y LA PROPIEDAD""",true,,
comunicacion_B,data/raw/03_comunicaciones_B/B12762_ano_de_la_defensa_de_la_vida_l.pdf,https://www.bcra.gob.ar/archivos/Pdfs/comytexord/B12762.pdf,B12762,2026-05-12T15:26:57+00:00,2024-03-15,131209,3,"“AÑO DE LA DEFENSA DE LA VIDA, LA LIBERTAD Y LA PROPIEDAD”",true,,
comunicacion_B,data/raw/03_comunicaciones_B/B12763_ano_de_la_defensa_de_la_vida_l.pdf,https://www.bcra.gob.ar/archivos/Pdfs/comytexord/B12763.pdf,B12763,2026-05-12T15:26:58+00:00,2024-03-15,183673,2,"“AÑO DE LA DEFENSA DE LA VIDA, LA LIBERTAD Y LA PROPIEDAD""",true,,
comunicacion_B,data/raw/03_comunicaciones_B/B12764_ano_de_la_defensa_de_la_vida_l.pdf,https://www.bcra.gob.ar/archivos/Pdfs/comytexord/B12764.pdf,B12764,2026-05-12T15:26:58+00:00,2024-03-18,139651,2,"""AÑO DE LA DEFENSA DE LA VIDA, LA LIBERTAD Y LA PROPIEDAD""",true,,
comunicacion_B,data/raw/03_comunicaciones_B/B12765_ano_de_la_defensa_de_la_vida_l.pdf,https://www.bcra.gob.ar/archivos/Pdfs/comytexord/B12765.pdf,B12765,2026-05-12T15:26:58+00:00,2024-03-18,183673,2,"“AÑO DE LA DEFENSA DE LA VIDA, LA LIBERTAD Y LA PROPIEDAD""",true,,
comunicacion_B,data/raw/03_comunicaciones_B/B12766_ano_de_la_defensa_de_la_vida_l.pdf,https://www.bcra.gob.ar/archivos/Pdfs/comytexord/B12766.pdf,B12766,2026-05-12T15:26:59+00:00,2024-03-19,183683,2,"“AÑO DE LA DEFENSA DE LA VIDA, LA LIBERTAD Y LA PROPIEDAD""",true,,
comunicacion_B,data/raw/03_comunicaciones_B/B12767_ano_de_la_defensa_de_la_vida_l.pdf,https://www.bcra.gob.ar/archivos/Pdfs/comytexord/B12767.pdf,B12767,2026-05-12T15:27:00+00:00,2024-03-19,189039,2,"“AÑO DE LA DEFENSA DE LA VIDA, LA LIBERTAD Y LA PROPIEDAD""",true,,
comunicacion_B,data/raw/03_comunicaciones_B/B12768_ano_de_la_defensa_de_la_vida_l.pdf,https://www.bcra.gob.ar/archivos/Pdfs/comytexord/B12768.pdf,B12768,2026-05-12T15:27:00+00:00,2024-03-20,83906,2,"“AÑO DE LA DEFENSA DE LA VIDA, LA LIBERTAD Y LA PROPIEDAD""",true,,
comunicacion_B,data/raw/03_comunicaciones_B/B12769_ano_de_la_defensa_de_la_vida_l.pdf,https://www.bcra.gob.ar/archivos/Pdfs/comytexord/B12769.pdf,B12769,2026-05-12T15:27:00+00:00,2024-03-20,183681,2,"“AÑO DE LA DEFENSA DE LA VIDA, LA LIBERTAD Y LA PROPIEDAD""",true,,
comunicacion_B,data/raw/03_comunicaciones_B/B12770_ano_de_la_defensa_de_la_vida_l.pdf,https://www.bcra.gob.ar/archivos/Pdfs/comytexord/B12770.pdf,B12770,2026-05-12T15:27:01+00:00,2024-03-21,183656,2,"“AÑO DE LA DEFENSA DE LA VIDA, LA LIBERTAD Y LA PROPIEDAD""",true,,
comunicacion_B,data/raw/03_comunicaciones_B/B12771_ano_de_la_defensa_de_la_vida_l.pdf,https://www.bcra.gob.ar/archivos/Pdfs/comytexord/B12771.pdf,B12771,2026-05-12T15:27:01+00:00,2024-03-22,183691,2,"“AÑO DE LA DEFENSA DE LA VIDA, LA LIBERTAD Y LA PROPIEDAD""",true,,
comunicacion_B,data/raw/03_comunicaciones_B/B12772_ano_de_la_defensa_de_la_vida_l.pdf,https://www.bcra.gob.ar/archivos/Pdfs/comytexord/B12772.pdf,B12772,2026-05-12T15:27:02+00:00,2024-03-25,183682,2,"“AÑO DE LA DEFENSA DE LA VIDA, LA LIBERTAD Y LA PROPIEDAD""",true,,
comunicacion_B,data/raw/03_comunicaciones_B/B12773_ano_de_la_defensa_de_la_vida_l.pdf,https://www.bcra.gob.ar/archivos/Pdfs/comytexord/B12773.pdf,B12773,2026-05-12T15:27:02+00:00,2024-03-26,183682,2,"“AÑO DE LA DEFENSA DE LA VIDA, LA LIBERTAD Y LA PROPIEDAD""",true,,
comunicacion_B,data/raw/03_comunicaciones_B/B12774_ano_de_la_defensa_de_la_vida_l.pdf,https://www.bcra.gob.ar/archivos/Pdfs/comytexord/B12774.pdf,B12774,2026-05-12T15:27:03+00:00,2024-03-27,183748,2,"“AÑO DE LA DEFENSA DE LA VIDA, LA LIBERTAD Y LA PROPIEDAD""",true,,
comunicacion_B,data/raw/03_comunicaciones_B/B12775_ano_de_la_defensa_de_la_vida_l.pdf,https://www.bcra.gob.ar/archivos/Pdfs/comytexord/B12775.pdf,B12775,2026-05-12T15:27:04+00:00,2024-04-03,195511,2,"“AÑO DE LA DEFENSA DE LA VIDA, LA LIBERTAD Y LA PROPIEDAD""",true,,
comunicacion_B,data/raw/03_comunicaciones_B/B12776_ano_de_la_defensa_de_la_vida_l.pdf,https://www.bcra.gob.ar/archivos/Pdfs/comytexord/B12776.pdf,B12776,2026-05-12T15:27:04+00:00,2024-04-05,183677,2,"“AÑO DE LA DEFENSA DE LA VIDA, LA LIBERTAD Y LA PROPIEDAD""",true,,
comunicacion_B,data/raw/03_comunicaciones_B/B12777_ano_de_la_defensa_de_la_vida_l.pdf,https://www.bcra.gob.ar/archivos/Pdfs/comytexord/B12777.pdf,B12777,2026-05-12T15:27:05+00:00,2024-04-05,183376,2,"""AÑO DE LA DEFENSA DE LA VIDA, LA LIBERTAD Y LA PROPIEDAD""",true,,
comunicacion_B,data/raw/03_comunicaciones_B/B12778_ano_de_la_defensa_de_la_vida_l.pdf,https://www.bcra.gob.ar/archivos/Pdfs/comytexord/B12778.pdf,B12778,2026-05-12T15:27:05+00:00,2024-04-08,140036,2,"""AÑO DE LA DEFENSA DE LA VIDA, LA LIBERTAD Y LA PROPIEDAD""",true,,
comunicacion_B,data/raw/03_comunicaciones_B/B12779_ano_de_la_defensa_de_la_vida_l.pdf,https://www.bcra.gob.ar/archivos/Pdfs/comytexord/B12779.pdf,B12779,2026-05-12T15:27:06+00:00,2024-04-09,183803,2,"“AÑO DE LA DEFENSA DE LA VIDA, LA LIBERTAD Y LA PROPIEDAD""",true,,
comunicacion_B,data/raw/03_comunicaciones_B/B12780_ano_de_la_defensa_de_la_vida_l.pdf,https://www.bcra.gob.ar/archivos/Pdfs/comytexord/B12780.pdf,B12780,2026-05-12T15:27:06+00:00,2024-04-10,87440,1,"""AÑO DE LA DEFENSA DE LA VIDA, LA LIBERTAD Y LA PROPIEDAD""",true,,
comunicacion_B,data/raw/03_comunicaciones_B/B12781_ano_de_la_defensa_de_la_vida_l.pdf,https://www.bcra.gob.ar/archivos/Pdfs/comytexord/B12781.pdf,B12781,2026-05-12T15:27:07+00:00,2024-04-11,183798,2,"“AÑO DE LA DEFENSA DE LA VIDA, LA LIBERTAD Y LA PROPIEDAD""",true,,
comunicacion_B,data/raw/03_comunicaciones_B/B12782_ano_de_la_defensa_de_la_vida_l.pdf,https://www.bcra.gob.ar/archivos/Pdfs/comytexord/B12782.pdf,B12782,2026-05-12T15:27:07+00:00,2024-04-12,131448,2,"“AÑO DE LA DEFENSA DE LA VIDA, LA LIBERTAD Y LA PROPIEDAD""",true,,
comunicacion_B,data/raw/03_comunicaciones_B/B12783_ano_de_la_defensa_de_la_vida_l.pdf,https://www.bcra.gob.ar/archivos/Pdfs/comytexord/B12783.pdf,B12783,2026-05-12T15:27:08+00:00,2024-04-12,217897,2,"“AÑO DE LA DEFENSA DE LA VIDA, LA LIBERTAD Y LA PROPIEDAD""",true,,
comunicacion_B,data/raw/03_comunicaciones_B/B12784_ano_de_la_defensa_de_la_vida_l.pdf,https://www.bcra.gob.ar/archivos/Pdfs/comytexord/B12784.pdf,B12784,2026-05-12T15:27:08+00:00,2024-04-16,131261,3,"“AÑO DE LA DEFENSA DE LA VIDA, LA LIBERTAD Y LA PROPIEDAD”",true,,
comunicacion_B,data/raw/03_comunicaciones_B/B12785_ano_de_la_defensa_de_la_vida_l.pdf,https://www.bcra.gob.ar/archivos/Pdfs/comytexord/B12785.pdf,B12785,2026-05-12T15:27:09+00:00,2024-04-17,183807,2,"“AÑO DE LA DEFENSA DE LA VIDA, LA LIBERTAD Y LA PROPIEDAD""",true,,
comunicacion_B,data/raw/03_comunicaciones_B/B12786_ano_de_la_defensa_de_la_vida_l.pdf,https://www.bcra.gob.ar/archivos/Pdfs/comytexord/B12786.pdf,B12786,2026-05-12T15:27:09+00:00,2024-04-17,194265,2,"“AÑO DE LA DEFENSA DE LA VIDA, LA LIBERTAD Y LA PROPIEDAD""",true,,
comunicacion_B,data/raw/03_comunicaciones_B/B12788_ano_de_la_defensa_de_la_vida_l.pdf,https://www.bcra.gob.ar/archivos/Pdfs/comytexord/B12788.pdf,B12788,2026-05-12T15:27:10+00:00,2024-04-22,139489,2,"""AÑO DE LA DEFENSA DE LA VIDA, LA LIBERTAD Y LA PROPIEDAD""",true,,
comunicacion_B,data/raw/03_comunicaciones_B/B12789_ano_de_la_defensa_de_la_vida_l.pdf,https://www.bcra.gob.ar/archivos/Pdfs/comytexord/B12789.pdf,B12789,2026-05-12T15:27:11+00:00,2024-04-22,182889,2,"“AÑO DE LA DEFENSA DE LA VIDA, LA LIBERTAD Y LA PROPIEDAD""",true,,
comunicacion_B,data/raw/03_comunicaciones_B/B12791_ano_de_la_defensa_de_la_vida_l.pdf,https://www.bcra.gob.ar/archivos/Pdfs/comytexord/B12791.pdf,B12791,2026-05-12T15:27:12+00:00,2024-04-26,118747,3,"""AÑO DE LA DEFENSA DE LA VIDA, LA LIBERTAD Y LA PROPIEDAD""",true,,
comunicacion_B,data/raw/03_comunicaciones_B/B12792_ano_de_la_defensa_de_la_vida_l.pdf,https://www.bcra.gob.ar/archivos/Pdfs/comytexord/B12792.pdf,B12792,2026-05-12T15:27:12+00:00,2024-04-30,121673,2,"""AÑO DE LA DEFENSA DE LA VIDA, LA LIBERTAD Y LA PROPIEDAD""",true,,
comunicacion_B,data/raw/03_comunicaciones_B/B12794_ano_de_la_defensa_de_la_vida_l.pdf,https://www.bcra.gob.ar/archivos/Pdfs/comytexord/B12794.pdf,B12794,2026-05-12T15:27:13+00:00,2024-05-02,194836,2,"“AÑO DE LA DEFENSA DE LA VIDA, LA LIBERTAD Y LA PROPIEDAD""",true,,
comunicacion_B,data/raw/03_comunicaciones_B/B12795_ano_de_la_defensa_de_la_vida_l.pdf,https://www.bcra.gob.ar/archivos/Pdfs/comytexord/B12795.pdf,B12795,2026-05-12T15:27:13+00:00,2024-05-03,149668,2,"""AÑO DE LA DEFENSA DE LA VIDA, LA LIBERTAD Y LA PROPIEDAD""",true,,
comunicacion_B,data/raw/03_comunicaciones_B/B12793_ano_de_la_defensa_de_la_vida_l.pdf,https://www.bcra.gob.ar/archivos/Pdfs/comytexord/B12793.pdf,B12793,2026-05-12T15:27:14+00:00,2024-04-30,182862,2,"“AÑO DE LA DEFENSA DE LA VIDA, LA LIBERTAD Y LA PROPIEDAD""",true,,
comunicacion_B,data/raw/03_comunicaciones_B/B12796_ano_de_la_defensa_de_la_vida_l.pdf,https://www.bcra.gob.ar/archivos/Pdfs/comytexord/B12796.pdf,B12796,2026-05-12T15:27:14+00:00,2024-05-06,78437,1,"""AÑO DE LA DEFENSA DE LA VIDA, LA LIBERTAD Y LA PROPIEDAD""",true,,
comunicacion_B,data/raw/03_comunicaciones_B/B12797_ano_de_la_defensa_de_la_vida_l.pdf,https://www.bcra.gob.ar/archivos/Pdfs/comytexord/B12797.pdf,B12797,2026-05-12T15:27:15+00:00,2024-05-06,182371,2,"""AÑO DE LA DEFENSA DE LA VIDA, LA LIBERTAD Y LA PROPIEDAD""",true,,
comunicacion_B,data/raw/03_comunicaciones_B/B12798_ano_de_la_defensa_de_la_vida_l.pdf,https://www.bcra.gob.ar/archivos/Pdfs/comytexord/B12798.pdf,B12798,2026-05-12T15:27:15+00:00,2024-05-06,182893,2,"“AÑO DE LA DEFENSA DE LA VIDA, LA LIBERTAD Y LA PROPIEDAD""",true,,
comunicacion_B,data/raw/03_comunicaciones_B/B12799_ano_de_la_defensa_de_la_vida_l.pdf,https://www.bcra.gob.ar/archivos/Pdfs/comytexord/B12799.pdf,B12799,2026-05-12T15:27:16+00:00,2024-05-07,325067,7,"""AÑO DE LA DEFENSA DE LA VIDA, LA LIBERTAD Y LA PROPIEDAD""",true,,
comunicacion_B,data/raw/03_comunicaciones_B/B12800_ano_de_la_defensa_de_la_vida_l.pdf,https://www.bcra.gob.ar/archivos/Pdfs/comytexord/B12800.pdf,B12800,2026-05-12T15:27:16+00:00,2024-05-09,182011,2,"“AÑO DE LA DEFENSA DE LA VIDA, LA LIBERTAD Y LA PROPIEDAD""",true,,
comunicacion_B,data/raw/03_comunicaciones_B/B12801_ano_de_la_defensa_de_la_vida_l.pdf,https://www.bcra.gob.ar/archivos/Pdfs/comytexord/B12801.pdf,B12801,2026-05-12T15:27:17+00:00,2024-05-10,182826,2,"“AÑO DE LA DEFENSA DE LA VIDA, LA LIBERTAD Y LA PROPIEDAD""",true,,
comunicacion_B,data/raw/03_comunicaciones_B/B12802_ano_de_la_defensa_de_la_vida_l.pdf,https://www.bcra.gob.ar/archivos/Pdfs/comytexord/B12802.pdf,B12802,2026-05-12T15:27:17+00:00,2024-05-13,149969,2,"""AÑO DE LA DEFENSA DE LA VIDA, LA LIBERTAD Y LA PROPIEDAD""",true,,
comunicacion_B,data/raw/03_comunicaciones_B/B12803_ano_de_la_defensa_de_la_vida_l.pdf,https://www.bcra.gob.ar/archivos/Pdfs/comytexord/B12803.pdf,B12803,2026-05-12T15:27:18+00:00,2024-05-14,132675,2,"“AÑO DE LA DEFENSA DE LA VIDA, LA LIBERTAD Y LA PROPIEDAD""",true,,
comunicacion_B,data/raw/03_comunicaciones_B/B12804_ano_de_la_defensa_de_la_vida_l.pdf,https://www.bcra.gob.ar/archivos/Pdfs/comytexord/B12804.pdf,B12804,2026-05-12T15:27:18+00:00,2024-05-14,217859,2,"“AÑO DE LA DEFENSA DE LA VIDA, LA LIBERTAD Y LA PROPIEDAD""",true,,
comunicacion_B,data/raw/03_comunicaciones_B/B12805_ano_de_la_defensa_de_la_vida_l.pdf,https://www.bcra.gob.ar/archivos/Pdfs/comytexord/B12805.pdf,B12805,2026-05-12T15:27:19+00:00,2024-05-16,131750,3,"“AÑO DE LA DEFENSA DE LA VIDA, LA LIBERTAD Y LA PROPIEDAD”",true,,
comunicacion_B,data/raw/03_comunicaciones_B/B12806_ano_de_la_defensa_de_la_vida_l.pdf,https://www.bcra.gob.ar/archivos/Pdfs/comytexord/B12806.pdf,B12806,2026-05-12T15:27:19+00:00,2024-05-16,87866,1,"""AÑO DE LA DEFENSA DE LA VIDA, LA LIBERTAD Y LA PROPIEDAD""",true,,
comunicacion_B,data/raw/03_comunicaciones_B/B12807_ano_de_la_defensa_de_la_vida_l.pdf,https://www.bcra.gob.ar/archivos/Pdfs/comytexord/B12807.pdf,B12807,2026-05-12T15:27:20+00:00,2024-05-17,189000,2,"“AÑO DE LA DEFENSA DE LA VIDA, LA LIBERTAD Y LA PROPIEDAD""",true,,
comunicacion_B,data/raw/03_comunicaciones_B/B12809_ano_de_la_defensa_de_la_vida_l.pdf,https://www.bcra.gob.ar/archivos/Pdfs/comytexord/B12809.pdf,B12809,2026-05-12T15:27:20+00:00,2024-05-20,84940,2,"“AÑO DE LA DEFENSA DE LA VIDA, LA LIBERTAD Y LA PROPIEDAD""",true,,
comunicacion_B,data/raw/03_comunicaciones_B/B12810_ano_de_la_defensa_de_la_vida_l.pdf,https://www.bcra.gob.ar/archivos/Pdfs/comytexord/B12810.pdf,B12810,2026-05-12T15:27:21+00:00,2024-05-20,140634,2,"""AÑO DE LA DEFENSA DE LA VIDA, LA LIBERTAD Y LA PROPIEDAD""",true,,
comunicacion_B,data/raw/03_comunicaciones_B/B12808_ano_de_la_defensa_de_la_vida_l.pdf,https://www.bcra.gob.ar/archivos/Pdfs/comytexord/B12808.pdf,B12808,2026-05-12T15:27:21+00:00,2024-05-17,182700,2,"“AÑO DE LA DEFENSA DE LA VIDA, LA LIBERTAD Y LA PROPIEDAD""",true,,
comunicacion_B,data/raw/03_comunicaciones_B/B12811_ano_de_la_defensa_de_la_vida_l.pdf,https://www.bcra.gob.ar/archivos/Pdfs/comytexord/B12811.pdf,B12811,2026-05-12T15:27:22+00:00,2024-05-21,118626,3,"""AÑO DE LA DEFENSA DE LA VIDA, LA LIBERTAD Y LA PROPIEDAD""",true,,
comunicacion_B,data/raw/03_comunicaciones_B/B12812_ano_de_la_defensa_de_la_vida_l.pdf,https://www.bcra.gob.ar/archivos/Pdfs/comytexord/B12812.pdf,B12812,2026-05-12T15:27:22+00:00,2024-05-21,181754,2,"“AÑO DE LA DEFENSA DE LA VIDA, LA LIBERTAD Y LA PROPIEDAD""",true,,
comunicacion_B,data/raw/03_comunicaciones_B/B12813_ano_de_la_defensa_de_la_vida_l.pdf,https://www.bcra.gob.ar/archivos/Pdfs/comytexord/B12813.pdf,B12813,2026-05-12T15:27:23+00:00,2024-05-29,182820,2,"“AÑO DE LA DEFENSA DE LA VIDA, LA LIBERTAD Y LA PROPIEDAD""",true,,
comunicacion_B,data/raw/03_comunicaciones_B/B12814_ano_de_la_defensa_de_la_vida_l.pdf,https://www.bcra.gob.ar/archivos/Pdfs/comytexord/B12814.pdf,B12814,2026-05-12T15:27:23+00:00,2024-05-30,182840,2,"“AÑO DE LA DEFENSA DE LA VIDA, LA LIBERTAD Y LA PROPIEDAD""",true,,
comunicacion_B,data/raw/03_comunicaciones_B/B12815_ano_de_la_defensa_de_la_vida_l.pdf,https://www.bcra.gob.ar/archivos/Pdfs/comytexord/B12815.pdf,B12815,2026-05-12T15:27:24+00:00,2024-06-03,183797,2,"“AÑO DE LA DEFENSA DE LA VIDA, LA LIBERTAD Y LA PROPIEDAD""",true,,
comunicacion_B,data/raw/03_comunicaciones_B/B12816_ano_de_la_defensa_de_la_vida_l.pdf,https://www.bcra.gob.ar/archivos/Pdfs/comytexord/B12816.pdf,B12816,2026-05-12T15:27:24+00:00,2024-06-03,195480,2,"“AÑO DE LA DEFENSA DE LA VIDA, LA LIBERTAD Y LA PROPIEDAD""",true,,
comunicacion_B,data/raw/03_comunicaciones_B/B12817_ano_de_la_defensa_de_la_vida_l.pdf,https://www.bcra.gob.ar/archivos/Pdfs/comytexord/B12817.pdf,B12817,2026-05-12T15:27:25+00:00,2024-06-06,186703,2,"""AÑO DE LA DEFENSA DE LA VIDA, LA LIBERTAD Y LA PROPIEDAD""",true,,
comunicacion_B,data/raw/03_comunicaciones_B/B12818_ano_de_la_defensa_de_la_vida_l.pdf,https://www.bcra.gob.ar/archivos/Pdfs/comytexord/B12818.pdf,B12818,2026-05-12T15:27:25+00:00,2024-06-06,183775,2,"“AÑO DE LA DEFENSA DE LA VIDA, LA LIBERTAD Y LA PROPIEDAD""",true,,
comunicacion_B,data/raw/03_comunicaciones_B/B12819_ano_de_la_defensa_de_la_vida_l.pdf,https://www.bcra.gob.ar/archivos/Pdfs/comytexord/B12819.pdf,B12819,2026-05-12T15:27:26+00:00,2024-06-07,183786,2,"“AÑO DE LA DEFENSA DE LA VIDA, LA LIBERTAD Y LA PROPIEDAD""",true,,
comunicacion_B,data/raw/03_comunicaciones_B/B12821_ano_de_la_defensa_de_la_vida_l.pdf,https://www.bcra.gob.ar/archivos/Pdfs/comytexord/B12821.pdf,B12821,2026-05-12T15:27:27+00:00,2024-06-13,217805,2,"“AÑO DE LA DEFENSA DE LA VIDA, LA LIBERTAD Y LA PROPIEDAD""",true,,
comunicacion_B,data/raw/03_comunicaciones_B/B12820_ano_de_la_defensa_de_la_vida_l.pdf,https://www.bcra.gob.ar/archivos/Pdfs/comytexord/B12820.pdf,B12820,2026-05-12T15:27:27+00:00,2024-06-13,132931,2,"“AÑO DE LA DEFENSA DE LA VIDA, LA LIBERTAD Y LA PROPIEDAD""",true,,
comunicacion_B,data/raw/03_comunicaciones_B/B12822_ano_de_la_defensa_de_la_vida_l.pdf,https://www.bcra.gob.ar/archivos/Pdfs/comytexord/B12822.pdf,B12822,2026-05-12T15:27:27+00:00,2024-06-14,131176,3,"“AÑO DE LA DEFENSA DE LA VIDA, LA LIBERTAD Y LA PROPIEDAD”",true,,
comunicacion_B,data/raw/03_comunicaciones_B/B12823_ano_de_la_defensa_de_la_vida_l.pdf,https://www.bcra.gob.ar/archivos/Pdfs/comytexord/B12823.pdf,B12823,2026-05-12T15:27:28+00:00,2024-06-14,183771,2,"“AÑO DE LA DEFENSA DE LA VIDA, LA LIBERTAD Y LA PROPIEDAD""",true,,
comunicacion_B,data/raw/03_comunicaciones_B/B12824_ano_de_la_defensa_de_la_vida_l.pdf,https://www.bcra.gob.ar/archivos/Pdfs/comytexord/B12824.pdf,B12824,2026-05-12T15:27:28+00:00,2024-06-18,188955,2,"“AÑO DE LA DEFENSA DE LA VIDA, LA LIBERTAD Y LA PROPIEDAD""",true,,
comunicacion_B,data/raw/03_comunicaciones_B/B12825_ano_de_la_defensa_de_la_vida_l.pdf,https://www.bcra.gob.ar/archivos/Pdfs/comytexord/B12825.pdf,B12825,2026-05-12T15:27:29+00:00,2024-06-19,84590,2,"“AÑO DE LA DEFENSA DE LA VIDA, LA LIBERTAD Y LA PROPIEDAD""",true,,
comunicacion_B,data/raw/03_comunicaciones_B/B12826_ano_de_la_defensa_de_la_vida_l.pdf,https://www.bcra.gob.ar/archivos/Pdfs/comytexord/B12826.pdf,B12826,2026-05-12T15:27:29+00:00,2024-06-19,183773,2,"“AÑO DE LA DEFENSA DE LA VIDA, LA LIBERTAD Y LA PROPIEDAD""",true,,
comunicacion_B,data/raw/03_comunicaciones_B/B12827_ano_de_la_defensa_de_la_vida_l.pdf,https://www.bcra.gob.ar/archivos/Pdfs/comytexord/B12827.pdf,B12827,2026-05-12T15:27:30+00:00,2024-06-25,105189,1,"""AÑO DE LA DEFENSA DE LA VIDA, LA LIBERTAD Y LA PROPIEDAD""",true,,
comunicacion_B,data/raw/03_comunicaciones_B/B12828_ano_de_la_defensa_de_la_vida_l.pdf,https://www.bcra.gob.ar/archivos/Pdfs/comytexord/B12828.pdf,B12828,2026-05-12T15:27:30+00:00,2024-06-25,183796,2,"“AÑO DE LA DEFENSA DE LA VIDA, LA LIBERTAD Y LA PROPIEDAD""",true,,
comunicacion_B,data/raw/03_comunicaciones_B/B12829_ano_de_la_defensa_de_la_vida_l.pdf,https://www.bcra.gob.ar/archivos/Pdfs/comytexord/B12829.pdf,B12829,2026-05-12T15:27:31+00:00,2024-06-26,183804,2,"“AÑO DE LA DEFENSA DE LA VIDA, LA LIBERTAD Y LA PROPIEDAD""",true,,
comunicacion_B,data/raw/03_comunicaciones_B/B12830_ano_de_la_defensa_de_la_vida_l.pdf,https://www.bcra.gob.ar/archivos/Pdfs/comytexord/B12830.pdf,B12830,2026-05-12T15:27:31+00:00,2024-06-27,121022,3,"""AÑO DE LA DEFENSA DE LA VIDA, LA LIBERTAD Y LA PROPIEDAD""",true,,
comunicacion_B,data/raw/03_comunicaciones_B/B12831_ano_de_la_defensa_de_la_vida_l.pdf,https://www.bcra.gob.ar/archivos/Pdfs/comytexord/B12831.pdf,B12831,2026-05-12T15:27:32+00:00,2024-06-27,183764,2,"“AÑO DE LA DEFENSA DE LA VIDA, LA LIBERTAD Y LA PROPIEDAD""",true,,
comunicacion_B,data/raw/03_comunicaciones_B/B12832_ano_de_la_defensa_de_la_vida_l.pdf,https://www.bcra.gob.ar/archivos/Pdfs/comytexord/B12832.pdf,B12832,2026-05-12T15:27:32+00:00,2024-06-28,183796,2,"“AÑO DE LA DEFENSA DE LA VIDA, LA LIBERTAD Y LA PROPIEDAD""",true,,
comunicacion_B,data/raw/03_comunicaciones_B/B12833_ano_de_la_defensa_de_la_vida_l.pdf,https://www.bcra.gob.ar/archivos/Pdfs/comytexord/B12833.pdf,B12833,2026-05-12T15:27:33+00:00,2024-07-01,182848,2,"“AÑO DE LA DEFENSA DE LA VIDA, LA LIBERTAD Y LA PROPIEDAD""",true,,
comunicacion_B,data/raw/03_comunicaciones_B/B12834_ano_de_la_defensa_de_la_vida_l.pdf,https://www.bcra.gob.ar/archivos/Pdfs/comytexord/B12834.pdf,B12834,2026-05-12T15:27:33+00:00,2024-07-01,194570,2,"“AÑO DE LA DEFENSA DE LA VIDA, LA LIBERTAD Y LA PROPIEDAD""",true,,
comunicacion_B,data/raw/03_comunicaciones_B/B12835_ano_de_la_defensa_de_la_vida_l.pdf,https://www.bcra.gob.ar/archivos/Pdfs/comytexord/B12835.pdf,B12835,2026-05-12T15:27:34+00:00,2024-07-02,281895,12,"""AÑO DE LA DEFENSA DE LA VIDA, LA LIBERTAD Y LA PROPIEDAD""",true,,
comunicacion_B,data/raw/03_comunicaciones_B/B12836_ano_de_la_defensa_de_la_vida_l.pdf,https://www.bcra.gob.ar/archivos/Pdfs/comytexord/B12836.pdf,B12836,2026-05-12T15:27:34+00:00,2024-07-02,183781,2,"“AÑO DE LA DEFENSA DE LA VIDA, LA LIBERTAD Y LA PROPIEDAD""",true,,
comunicacion_B,data/raw/03_comunicaciones_B/B12838_ano_de_la_defensa_de_la_vida_l.pdf,https://www.bcra.gob.ar/archivos/Pdfs/comytexord/B12838.pdf,B12838,2026-05-12T15:27:35+00:00,2024-07-04,182833,2,"“AÑO DE LA DEFENSA DE LA VIDA, LA LIBERTAD Y LA PROPIEDAD""",true,,
comunicacion_B,data/raw/03_comunicaciones_B/B12837_ano_de_la_defensa_de_la_vida_l.pdf,https://www.bcra.gob.ar/archivos/Pdfs/comytexord/B12837.pdf,B12837,2026-05-12T15:27:36+00:00,2024-07-03,182826,2,"“AÑO DE LA DEFENSA DE LA VIDA, LA LIBERTAD Y LA PROPIEDAD""",true,,
comunicacion_B,data/raw/03_comunicaciones_B/B12839_ano_de_la_defensa_de_la_vida_l.pdf,https://www.bcra.gob.ar/archivos/Pdfs/comytexord/B12839.pdf,B12839,2026-05-12T15:27:36+00:00,2024-07-05,184823,2,"""AÑO DE LA DEFENSA DE LA VIDA, LA LIBERTAD Y LA PROPIEDAD""",true,,
comunicacion_B,data/raw/03_comunicaciones_B/B12840_ano_de_la_defensa_de_la_vida_l.pdf,https://www.bcra.gob.ar/archivos/Pdfs/comytexord/B12840.pdf,B12840,2026-05-12T15:27:36+00:00,2024-07-08,183775,2,"“AÑO DE LA DEFENSA DE LA VIDA, LA LIBERTAD Y LA PROPIEDAD""",true,,
comunicacion_B,data/raw/03_comunicaciones_B/B12841_ano_de_la_defensa_de_la_vida_l.pdf,https://www.bcra.gob.ar/archivos/Pdfs/comytexord/B12841.pdf,B12841,2026-05-12T15:27:37+00:00,2024-07-12,131396,2,"“AÑO DE LA DEFENSA DE LA VIDA, LA LIBERTAD Y LA PROPIEDAD""",true,,
comunicacion_B,data/raw/03_comunicaciones_B/B12842_ano_de_la_defensa_de_la_vida_l.pdf,https://www.bcra.gob.ar/archivos/Pdfs/comytexord/B12842.pdf,B12842,2026-05-12T15:27:37+00:00,2024-07-12,217866,2,"“AÑO DE LA DEFENSA DE LA VIDA, LA LIBERTAD Y LA PROPIEDAD""",true,,
comunicacion_B,data/raw/03_comunicaciones_B/B12843_ano_de_la_defensa_de_la_vida_l.pdf,https://www.bcra.gob.ar/archivos/Pdfs/comytexord/B12843.pdf,B12843,2026-05-12T15:27:38+00:00,2024-07-15,114195,1,"""AÑO DE LA DEFENSA DE LA VIDA, LA LIBERTAD Y LA PROPIEDAD""",true,,
comunicacion_B,data/raw/03_comunicaciones_B/B12844_ano_de_la_defensa_de_la_vida_l.pdf,https://www.bcra.gob.ar/archivos/Pdfs/comytexord/B12844.pdf,B12844,2026-05-12T15:27:38+00:00,2024-07-15,119042,2,"""AÑO DE LA DEFENSA DE LA VIDA, LA LIBERTAD Y LA PROPIEDAD""",true,,
comunicacion_B,data/raw/03_comunicaciones_B/B12845_ano_de_la_defensa_de_la_vida_l.pdf,https://www.bcra.gob.ar/archivos/Pdfs/comytexord/B12845.pdf,B12845,2026-05-12T15:27:39+00:00,2024-07-16,131274,3,"“AÑO DE LA DEFENSA DE LA VIDA, LA LIBERTAD Y LA PROPIEDAD”",true,,
comunicacion_B,data/raw/03_comunicaciones_B/B12846_ano_de_la_defensa_de_la_vida_l.pdf,https://www.bcra.gob.ar/archivos/Pdfs/comytexord/B12846.pdf,B12846,2026-05-12T15:27:39+00:00,2024-07-16,183759,2,"“AÑO DE LA DEFENSA DE LA VIDA, LA LIBERTAD Y LA PROPIEDAD""",true,,
comunicacion_B,data/raw/03_comunicaciones_B/B12847_ano_de_la_defensa_de_la_vida_l.pdf,https://www.bcra.gob.ar/archivos/Pdfs/comytexord/B12847.pdf,B12847,2026-05-12T15:27:40+00:00,2024-07-16,189006,2,"""AÑO DE LA DEFENSA DE LA VIDA, LA LIBERTAD Y LA PROPIEDAD""",true,,
comunicacion_B,data/raw/03_comunicaciones_B/B12848_ano_de_la_defensa_de_la_vida_l.pdf,https://www.bcra.gob.ar/archivos/Pdfs/comytexord/B12848.pdf,B12848,2026-05-12T15:27:40+00:00,2024-07-17,188986,2,"“AÑO DE LA DEFENSA DE LA VIDA, LA LIBERTAD Y LA PROPIEDAD""",true,,
comunicacion_B,data/raw/03_comunicaciones_B/B12849_ano_de_la_defensa_de_la_vida_l.pdf,https://www.bcra.gob.ar/archivos/Pdfs/comytexord/B12849.pdf,B12849,2026-05-12T15:27:41+00:00,2024-07-19,84211,2,"“AÑO DE LA DEFENSA DE LA VIDA, LA LIBERTAD Y LA PROPIEDAD""",true,,
comunicacion_B,data/raw/03_comunicaciones_B/B12850_ano_de_la_defensa_de_la_vida_l.pdf,https://www.bcra.gob.ar/archivos/Pdfs/comytexord/B12850.pdf,B12850,2026-05-12T15:27:41+00:00,2024-07-25,182806,2,"“AÑO DE LA DEFENSA DE LA VIDA, LA LIBERTAD Y LA PROPIEDAD""",true,,
comunicacion_B,data/raw/03_comunicaciones_B/B12851_ano_de_la_defensa_de_la_vida_l.pdf,https://www.bcra.gob.ar/archivos/Pdfs/comytexord/B12851.pdf,B12851,2026-05-12T15:27:42+00:00,2024-07-26,183754,2,"“AÑO DE LA DEFENSA DE LA VIDA, LA LIBERTAD Y LA PROPIEDAD""",true,,
comunicacion_B,data/raw/03_comunicaciones_B/B12852_ano_de_la_defensa_de_la_vida_l.pdf,https://www.bcra.gob.ar/archivos/Pdfs/comytexord/B12852.pdf,B12852,2026-05-12T15:27:42+00:00,2024-07-29,182885,2,"“AÑO DE LA DEFENSA DE LA VIDA, LA LIBERTAD Y LA PROPIEDAD""",true,,
comunicacion_B,data/raw/03_comunicaciones_B/B12853_ano_de_la_defensa_de_la_vida_l.pdf,https://www.bcra.gob.ar/archivos/Pdfs/comytexord/B12853.pdf,B12853,2026-05-12T15:27:43+00:00,2024-07-30,182855,2,"“AÑO DE LA DEFENSA DE LA VIDA, LA LIBERTAD Y LA PROPIEDAD""",true,,
comunicacion_B,data/raw/03_comunicaciones_B/B12854_ano_de_la_defensa_de_la_vida_l.pdf,https://www.bcra.gob.ar/archivos/Pdfs/comytexord/B12854.pdf,B12854,2026-05-12T15:27:43+00:00,2024-07-31,282157,2,"""AÑO DE LA DEFENSA DE LA VIDA, LA LIBERTAD Y LA PROPIEDAD""",true,,
comunicacion_B,data/raw/03_comunicaciones_B/B12855_ano_de_la_defensa_de_la_vida_l.pdf,https://www.bcra.gob.ar/archivos/Pdfs/comytexord/B12855.pdf,B12855,2026-05-12T15:27:44+00:00,2024-07-31,182822,2,"“AÑO DE LA DEFENSA DE LA VIDA, LA LIBERTAD Y LA PROPIEDAD""",true,,
comunicacion_B,data/raw/03_comunicaciones_B/B12856_ano_de_la_defensa_de_la_vida_l.pdf,https://www.bcra.gob.ar/archivos/Pdfs/comytexord/B12856.pdf,B12856,2026-05-12T15:27:44+00:00,2024-08-01,195252,2,"“AÑO DE LA DEFENSA DE LA VIDA, LA LIBERTAD Y LA PROPIEDAD""",true,,
comunicacion_B,data/raw/03_comunicaciones_B/B12857_ano_de_la_defensa_de_la_vida_l.pdf,https://www.bcra.gob.ar/archivos/Pdfs/comytexord/B12857.pdf,B12857,2026-05-12T15:27:45+00:00,2024-08-02,182825,2,"“AÑO DE LA DEFENSA DE LA VIDA, LA LIBERTAD Y LA PROPIEDAD""",true,,
comunicacion_B,data/raw/03_comunicaciones_B/B12858_ano_de_la_defensa_de_la_vida_l.pdf,https://www.bcra.gob.ar/archivos/Pdfs/comytexord/B12858.pdf,B12858,2026-05-12T15:27:46+00:00,2024-08-07,186389,2,"""AÑO DE LA DEFENSA DE LA VIDA, LA LIBERTAD Y LA PROPIEDAD""",true,,
comunicacion_B,data/raw/03_comunicaciones_B/B12859_ano_de_la_defensa_de_la_vida_l.pdf,https://www.bcra.gob.ar/archivos/Pdfs/comytexord/B12859.pdf,B12859,2026-05-12T15:27:46+00:00,2024-08-07,78288,1,"""AÑO DE LA DEFENSA DE LA VIDA, LA LIBERTAD Y LA PROPIEDAD""",true,,
comunicacion_B,data/raw/03_comunicaciones_B/B12860_ano_de_la_defensa_de_la_vida_l.pdf,https://www.bcra.gob.ar/archivos/Pdfs/comytexord/B12860.pdf,B12860,2026-05-12T15:27:47+00:00,2024-08-07,183754,2,"“AÑO DE LA DEFENSA DE LA VIDA, LA LIBERTAD Y LA PROPIEDAD""",true,,
comunicacion_B,data/raw/03_comunicaciones_B/B12861_ano_de_la_defensa_de_la_vida_l.pdf,https://www.bcra.gob.ar/archivos/Pdfs/comytexord/B12861.pdf,B12861,2026-05-12T15:27:47+00:00,2024-08-09,183769,2,"“AÑO DE LA DEFENSA DE LA VIDA, LA LIBERTAD Y LA PROPIEDAD""",true,,
comunicacion_B,data/raw/03_comunicaciones_B/B12862_ano_de_la_defensa_de_la_vida_l.pdf,https://www.bcra.gob.ar/archivos/Pdfs/comytexord/B12862.pdf,B12862,2026-05-12T15:27:48+00:00,2024-08-12,306702,3,"""AÑO DE LA DEFENSA DE LA VIDA, LA LIBERTAD Y LA PROPIEDAD""",true,,
comunicacion_B,data/raw/03_comunicaciones_B/B12863_ano_de_la_defensa_de_la_vida_l.pdf,https://www.bcra.gob.ar/archivos/Pdfs/comytexord/B12863.pdf,B12863,2026-05-12T15:27:48+00:00,2024-08-13,80957,1,"""AÑO DE LA DEFENSA DE LA VIDA, LA LIBERTAD Y LA PROPIEDAD""",true,,
comunicacion_B,data/raw/03_comunicaciones_B/B12864_ano_de_la_defensa_de_la_vida_l.pdf,https://www.bcra.gob.ar/archivos/Pdfs/comytexord/B12864.pdf,B12864,2026-05-12T15:27:49+00:00,2024-08-14,132035,2,"“AÑO DE LA DEFENSA DE LA VIDA, LA LIBERTAD Y LA PROPIEDAD""",true,,
comunicacion_B,data/raw/03_comunicaciones_B/B12865_ano_de_la_defensa_de_la_vida_l.pdf,https://www.bcra.gob.ar/archivos/Pdfs/comytexord/B12865.pdf,B12865,2026-05-12T15:27:49+00:00,2024-08-14,217846,2,"“AÑO DE LA DEFENSA DE LA VIDA, LA LIBERTAD Y LA PROPIEDAD""",true,,
comunicacion_B,data/raw/03_comunicaciones_B/B12866_ano_de_la_defensa_de_la_vida_l.pdf,https://www.bcra.gob.ar/archivos/Pdfs/comytexord/B12866.pdf,B12866,2026-05-12T15:27:50+00:00,2024-08-14,183790,2,"“AÑO DE LA DEFENSA DE LA VIDA, LA LIBERTAD Y LA PROPIEDAD""",true,,
comunicacion_B,data/raw/03_comunicaciones_B/B12867_ano_de_la_defensa_de_la_vida_l.pdf,https://www.bcra.gob.ar/archivos/Pdfs/comytexord/B12867.pdf,B12867,2026-05-12T15:27:50+00:00,2024-08-15,183762,2,"“AÑO DE LA DEFENSA DE LA VIDA, LA LIBERTAD Y LA PROPIEDAD""",true,,
comunicacion_B,data/raw/03_comunicaciones_B/B12868_ano_de_la_defensa_de_la_vida_l.pdf,https://www.bcra.gob.ar/archivos/Pdfs/comytexord/B12868.pdf,B12868,2026-05-12T15:27:51+00:00,2024-08-16,131233,3,"“AÑO DE LA DEFENSA DE LA VIDA, LA LIBERTAD Y LA PROPIEDAD”",true,,
comunicacion_B,data/raw/03_comunicaciones_B/B12869_ano_de_la_defensa_de_la_vida_l.pdf,https://www.bcra.gob.ar/archivos/Pdfs/comytexord/B12869.pdf,B12869,2026-05-12T15:27:51+00:00,2024-08-16,189942,2,"“AÑO DE LA DEFENSA DE LA VIDA, LA LIBERTAD Y LA PROPIEDAD""",true,,
comunicacion_B,data/raw/03_comunicaciones_B/B12870_ano_de_la_defensa_de_la_vida_l.pdf,https://www.bcra.gob.ar/archivos/Pdfs/comytexord/B12870.pdf,B12870,2026-05-12T15:27:52+00:00,2024-08-20,83967,2,"“AÑO DE LA DEFENSA DE LA VIDA, LA LIBERTAD Y LA PROPIEDAD""",true,,
comunicacion_B,data/raw/03_comunicaciones_B/B12871_ano_de_la_defensa_de_la_vida_l.pdf,https://www.bcra.gob.ar/archivos/Pdfs/comytexord/B12871.pdf,B12871,2026-05-12T15:27:52+00:00,2024-08-21,107974,2,"""AÑO DE LA DEFENSA DE LA VIDA, LA LIBERTAD Y LA PROPIEDAD""",true,,
comunicacion_B,data/raw/03_comunicaciones_B/B12872_ano_de_la_defensa_de_la_vida_l.pdf,https://www.bcra.gob.ar/archivos/Pdfs/comytexord/B12872.pdf,B12872,2026-05-12T15:27:53+00:00,2024-08-21,183752,2,"“AÑO DE LA DEFENSA DE LA VIDA, LA LIBERTAD Y LA PROPIEDAD""",true,,
comunicacion_B,data/raw/03_comunicaciones_B/B12873_ano_de_la_defensa_de_la_vida_l.pdf,https://www.bcra.gob.ar/archivos/Pdfs/comytexord/B12873.pdf,B12873,2026-05-12T15:27:53+00:00,2024-08-23,183735,2,"“AÑO DE LA DEFENSA DE LA VIDA, LA LIBERTAD Y LA PROPIEDAD""",true,,
comunicacion_B,data/raw/03_comunicaciones_B/B12874_ano_de_la_defensa_de_la_vida_l.pdf,https://www.bcra.gob.ar/archivos/Pdfs/comytexord/B12874.pdf,B12874,2026-05-12T15:27:54+00:00,2024-08-23,86006,1,"""AÑO DE LA DEFENSA DE LA VIDA, LA LIBERTAD Y LA PROPIEDAD""",true,,
comunicacion_B,data/raw/03_comunicaciones_B/B12875_ano_de_la_defensa_de_la_vida_l.pdf,https://www.bcra.gob.ar/archivos/Pdfs/comytexord/B12875.pdf,B12875,2026-05-12T15:27:54+00:00,2024-08-26,183741,2,"“AÑO DE LA DEFENSA DE LA VIDA, LA LIBERTAD Y LA PROPIEDAD""",true,,
comunicacion_B,data/raw/03_comunicaciones_B/B12876_ano_de_la_defensa_de_la_vida_l.pdf,https://www.bcra.gob.ar/archivos/Pdfs/comytexord/B12876.pdf,B12876,2026-05-12T15:27:55+00:00,2024-08-30,183728,2,"“AÑO DE LA DEFENSA DE LA VIDA, LA LIBERTAD Y LA PROPIEDAD""",true,,
comunicacion_B,data/raw/03_comunicaciones_B/B12877_ano_de_la_defensa_de_la_vida_l.pdf,https://www.bcra.gob.ar/archivos/Pdfs/comytexord/B12877.pdf,B12877,2026-05-12T15:27:55+00:00,2024-09-02,194248,2,"“AÑO DE LA DEFENSA DE LA VIDA, LA LIBERTAD Y LA PROPIEDAD""",true,,
comunicacion_B,data/raw/03_comunicaciones_B/B12878_ano_de_la_defensa_de_la_vida_l.pdf,https://www.bcra.gob.ar/archivos/Pdfs/comytexord/B12878.pdf,B12878,2026-05-12T15:27:56+00:00,2024-09-03,182724,2,"“AÑO DE LA DEFENSA DE LA VIDA, LA LIBERTAD Y LA PROPIEDAD""",true,,
comunicacion_B,data/raw/03_comunicaciones_B/B12879_ano_de_la_defensa_de_la_vida_l.pdf,https://www.bcra.gob.ar/archivos/Pdfs/comytexord/B12879.pdf,B12879,2026-05-12T15:27:56+00:00,2024-09-06,186349,2,"""AÑO DE LA DEFENSA DE LA VIDA, LA LIBERTAD Y LA PROPIEDAD""",true,,
comunicacion_B,data/raw/03_comunicaciones_B/B12880_ano_de_la_defensa_de_la_vida_l.pdf,https://www.bcra.gob.ar/archivos/Pdfs/comytexord/B12880.pdf,B12880,2026-05-12T15:27:57+00:00,2024-09-11,132012,2,"“AÑO DE LA DEFENSA DE LA VIDA, LA LIBERTAD Y LA PROPIEDAD""",true,,
comunicacion_B,data/raw/03_comunicaciones_B/B12881_ano_de_la_defensa_de_la_vida_l.pdf,https://www.bcra.gob.ar/archivos/Pdfs/comytexord/B12881.pdf,B12881,2026-05-12T15:27:57+00:00,2024-09-11,218783,2,"“AÑO DE LA DEFENSA DE LA VIDA, LA LIBERTAD Y LA PROPIEDAD""",true,,
comunicacion_B,data/raw/03_comunicaciones_B/B12882_ano_de_la_defensa_de_la_vida_l.pdf,https://www.bcra.gob.ar/archivos/Pdfs/comytexord/B12882.pdf,B12882,2026-05-12T15:27:58+00:00,2024-09-16,132316,3,"“AÑO DE LA DEFENSA DE LA VIDA, LA LIBERTAD Y LA PROPIEDAD”",true,,
comunicacion_B,data/raw/03_comunicaciones_B/B12883_ano_de_la_defensa_de_la_vida_l.pdf,https://www.bcra.gob.ar/archivos/Pdfs/comytexord/B12883.pdf,B12883,2026-05-12T15:27:58+00:00,2024-09-17,190033,2,"“AÑO DE LA DEFENSA DE LA VIDA, LA LIBERTAD Y LA PROPIEDAD""",true,,
comunicacion_B,data/raw/03_comunicaciones_B/B12884_ano_de_la_defensa_de_la_vida_l.pdf,https://www.bcra.gob.ar/archivos/Pdfs/comytexord/B12884.pdf,B12884,2026-05-12T15:27:59+00:00,2024-09-19,182719,2,"“AÑO DE LA DEFENSA DE LA VIDA, LA LIBERTAD Y LA PROPIEDAD""",true,,
comunicacion_B,data/raw/03_comunicaciones_B/B12885_ano_de_la_defensa_de_la_vida_l.pdf,https://www.bcra.gob.ar/archivos/Pdfs/comytexord/B12885.pdf,B12885,2026-05-12T15:27:59+00:00,2024-09-20,84910,2,"“AÑO DE LA DEFENSA DE LA VIDA, LA LIBERTAD Y LA PROPIEDAD""",true,,
comunicacion_B,data/raw/03_comunicaciones_B/B12886_ano_de_la_defensa_de_la_vida_l.pdf,https://www.bcra.gob.ar/archivos/Pdfs/comytexord/B12886.pdf,B12886,2026-05-12T15:28:00+00:00,2024-09-24,183684,2,"“AÑO DE LA DEFENSA DE LA VIDA, LA LIBERTAD Y LA PROPIEDAD""",true,,
comunicacion_B,data/raw/03_comunicaciones_B/B12887_ano_de_la_defensa_de_la_vida_l.pdf,https://www.bcra.gob.ar/archivos/Pdfs/comytexord/B12887.pdf,B12887,2026-05-12T15:28:00+00:00,2024-09-25,182737,2,"“AÑO DE LA DEFENSA DE LA VIDA, LA LIBERTAD Y LA PROPIEDAD""",true,,
comunicacion_B,data/raw/03_comunicaciones_B/B12888_ano_de_la_defensa_de_la_vida_l.pdf,https://www.bcra.gob.ar/archivos/Pdfs/comytexord/B12888.pdf,B12888,2026-05-12T15:28:01+00:00,2024-10-01,193533,2,"“AÑO DE LA DEFENSA DE LA VIDA, LA LIBERTAD Y LA PROPIEDAD""",true,,
comunicacion_B,data/raw/03_comunicaciones_B/B12889_ano_de_la_defensa_de_la_vida_l.pdf,https://www.bcra.gob.ar/archivos/Pdfs/comytexord/B12889.pdf,B12889,2026-05-12T15:28:01+00:00,2024-10-03,74154,1,"""AÑO DE LA DEFENSA DE LA VIDA, LA LIBERTAD Y LA PROPIEDAD""",true,,
comunicacion_B,data/raw/03_comunicaciones_B/B12890_ano_de_la_defensa_de_la_vida_l.pdf,https://www.bcra.gob.ar/archivos/Pdfs/comytexord/B12890.pdf,B12890,2026-05-12T15:28:02+00:00,2024-10-04,185229,2,"""AÑO DE LA DEFENSA DE LA VIDA, LA LIBERTAD Y LA PROPIEDAD""",true,,
comunicacion_B,data/raw/03_comunicaciones_B/B12891_ano_de_la_defensa_de_la_vida_l.pdf,https://www.bcra.gob.ar/archivos/Pdfs/comytexord/B12891.pdf,B12891,2026-05-12T15:28:02+00:00,2024-10-10,132075,2,"“AÑO DE LA DEFENSA DE LA VIDA, LA LIBERTAD Y LA PROPIEDAD""",true,,
comunicacion_B,data/raw/03_comunicaciones_B/B12892_ano_de_la_defensa_de_la_vida_l.pdf,https://www.bcra.gob.ar/archivos/Pdfs/comytexord/B12892.pdf,B12892,2026-05-12T15:28:03+00:00,2024-10-10,218789,2,"“AÑO DE LA DEFENSA DE LA VIDA, LA LIBERTAD Y LA PROPIEDAD""",true,,
comunicacion_B,data/raw/03_comunicaciones_B/B12893_ano_de_la_defensa_de_la_vida_l.pdf,https://www.bcra.gob.ar/archivos/Pdfs/comytexord/B12893.pdf,B12893,2026-05-12T15:28:03+00:00,2024-10-14,134929,5,"""AÑO DE LA DEFENSA DE LA VIDA, LA LIBERTAD Y LA PROPIEDAD""",true,,
comunicacion_B,data/raw/03_comunicaciones_B/B12894_ano_de_la_defensa_de_la_vida_l.pdf,https://www.bcra.gob.ar/archivos/Pdfs/comytexord/B12894.pdf,B12894,2026-05-12T15:28:04+00:00,2024-10-16,132893,3,"“AÑO DE LA DEFENSA DE LA VIDA, LA LIBERTAD Y LA PROPIEDAD”",true,,
comunicacion_B,data/raw/03_comunicaciones_B/B12895_ano_de_la_defensa_de_la_vida_l.pdf,https://www.bcra.gob.ar/archivos/Pdfs/comytexord/B12895.pdf,B12895,2026-05-12T15:28:04+00:00,2024-10-17,189969,2,"“AÑO DE LA DEFENSA DE LA VIDA, LA LIBERTAD Y LA PROPIEDAD""",true,,
comunicacion_B,data/raw/03_comunicaciones_B/B12896_ano_de_la_defensa_de_la_vida_l.pdf,https://www.bcra.gob.ar/archivos/Pdfs/comytexord/B12896.pdf,B12896,2026-05-12T15:28:05+00:00,2024-10-18,84196,2,"“AÑO DE LA DEFENSA DE LA VIDA, LA LIBERTAD Y LA PROPIEDAD""",true,,
comunicacion_B,data/raw/03_comunicaciones_B/B12897_ano_de_la_defensa_de_la_vida_l.pdf,https://www.bcra.gob.ar/archivos/Pdfs/comytexord/B12897.pdf,B12897,2026-05-12T15:28:05+00:00,2024-10-21,182728,2,"“AÑO DE LA DEFENSA DE LA VIDA, LA LIBERTAD Y LA PROPIEDAD""",true,,
comunicacion_B,data/raw/03_comunicaciones_B/B12898_ano_de_la_defensa_de_la_vida_l.pdf,https://www.bcra.gob.ar/archivos/Pdfs/comytexord/B12898.pdf,B12898,2026-05-12T15:28:06+00:00,2024-10-22,141875,3,"""AÑO DE LA DEFENSA DE LA VIDA, LA LIBERTAD Y LA PROPIEDAD""",true,,
comunicacion_B,data/raw/03_comunicaciones_B/B12899_ano_de_la_defensa_de_la_vida_l.pdf,https://www.bcra.gob.ar/archivos/Pdfs/comytexord/B12899.pdf,B12899,2026-05-12T15:28:06+00:00,2024-10-22,182772,2,"“AÑO DE LA DEFENSA DE LA VIDA, LA LIBERTAD Y LA PROPIEDAD""",true,,
comunicacion_B,data/raw/03_comunicaciones_B/B12900_ano_de_la_defensa_de_la_vida_l.pdf,https://www.bcra.gob.ar/archivos/Pdfs/comytexord/B12900.pdf,B12900,2026-05-12T15:28:07+00:00,2024-10-29,83141,1,"""AÑO DE LA DEFENSA DE LA VIDA, LA LIBERTAD Y LA PROPIEDAD""",true,,
comunicacion_B,data/raw/03_comunicaciones_B/B12901_ano_de_la_defensa_de_la_vida_l.pdf,https://www.bcra.gob.ar/archivos/Pdfs/comytexord/B12901.pdf,B12901,2026-05-12T15:28:07+00:00,2024-11-01,193609,2,"“AÑO DE LA DEFENSA DE LA VIDA, LA LIBERTAD Y LA PROPIEDAD""",true,,
comunicacion_B,data/raw/03_comunicaciones_B/B12902_ano_de_la_defensa_de_la_vida_l.pdf,https://www.bcra.gob.ar/archivos/Pdfs/comytexord/B12902.pdf,B12902,2026-05-12T15:28:08+00:00,2024-11-08,176755,2,"""AÑO DE LA DEFENSA DE LA VIDA, LA LIBERTAD Y LA PROPIEDAD""",true,,
comunicacion_B,data/raw/03_comunicaciones_B/B12903_ano_de_la_defensa_de_la_vida_l.pdf,https://www.bcra.gob.ar/archivos/Pdfs/comytexord/B12903.pdf,B12903,2026-05-12T15:28:08+00:00,2024-11-12,132022,2,"“AÑO DE LA DEFENSA DE LA VIDA, LA LIBERTAD Y LA PROPIEDAD""",true,,
comunicacion_B,data/raw/03_comunicaciones_B/B12904_ano_de_la_defensa_de_la_vida_l.pdf,https://www.bcra.gob.ar/archivos/Pdfs/comytexord/B12904.pdf,B12904,2026-05-12T15:28:09+00:00,2024-11-12,218782,2,"“AÑO DE LA DEFENSA DE LA VIDA, LA LIBERTAD Y LA PROPIEDAD""",true,,
comunicacion_B,data/raw/03_comunicaciones_B/B12905_ano_de_la_defensa_de_la_vida_l.pdf,https://www.bcra.gob.ar/archivos/Pdfs/comytexord/B12905.pdf,B12905,2026-05-12T15:28:09+00:00,2024-11-12,183683,2,"“AÑO DE LA DEFENSA DE LA VIDA, LA LIBERTAD Y LA PROPIEDAD""",true,,
comunicacion_B,data/raw/03_comunicaciones_B/B12906_ano_de_la_defensa_de_la_vida_l.pdf,https://www.bcra.gob.ar/archivos/Pdfs/comytexord/B12906.pdf,B12906,2026-05-12T15:28:10+00:00,2024-11-15,239952,2,"""AÑO DE LA DEFENSA DE LA VIDA, LA LIBERTAD Y LA PROPIEDAD""",true,,
comunicacion_B,data/raw/03_comunicaciones_B/B12907_ano_de_la_defensa_de_la_vida_l.pdf,https://www.bcra.gob.ar/archivos/Pdfs/comytexord/B12907.pdf,B12907,2026-05-12T15:28:10+00:00,2024-11-15,130209,3,"“AÑO DE LA DEFENSA DE LA VIDA, LA LIBERTAD Y LA PROPIEDAD”",true,,
comunicacion_B,data/raw/03_comunicaciones_B/B12908_ano_de_la_defensa_de_la_vida_l.pdf,https://www.bcra.gob.ar/archivos/Pdfs/comytexord/B12908.pdf,B12908,2026-05-12T15:28:11+00:00,2024-11-19,120767,3,"""AÑO DE LA DEFENSA DE LA VIDA, LA LIBERTAD Y LA PROPIEDAD""",true,,
comunicacion_B,data/raw/03_comunicaciones_B/B12909_ano_de_la_defensa_de_la_vida_l.pdf,https://www.bcra.gob.ar/archivos/Pdfs/comytexord/B12909.pdf,B12909,2026-05-12T15:28:11+00:00,2024-11-19,188976,2,"“AÑO DE LA DEFENSA DE LA VIDA, LA LIBERTAD Y LA PROPIEDAD""",true,,
comunicacion_B,data/raw/03_comunicaciones_B/B12910_ano_de_la_defensa_de_la_vida_l.pdf,https://www.bcra.gob.ar/archivos/Pdfs/comytexord/B12910.pdf,B12910,2026-05-12T15:28:12+00:00,2024-11-20,82937,2,"“AÑO DE LA DEFENSA DE LA VIDA, LA LIBERTAD Y LA PROPIEDAD""",true,,
comunicacion_B,data/raw/03_comunicaciones_B/B12911_ano_de_la_defensa_de_la_vida_l.pdf,https://www.bcra.gob.ar/archivos/Pdfs/comytexord/B12911.pdf,B12911,2026-05-12T15:28:12+00:00,2024-12-02,193620,2,"“AÑO DE LA DEFENSA DE LA VIDA, LA LIBERTAD Y LA PROPIEDAD""",true,,
comunicacion_B,data/raw/03_comunicaciones_B/B12912_ano_de_la_defensa_de_la_vida_l.pdf,https://www.bcra.gob.ar/archivos/Pdfs/comytexord/B12912.pdf,B12912,2026-05-12T15:28:13+00:00,2024-12-03,149913,3,"""AÑO DE LA DEFENSA DE LA VIDA, LA LIBERTAD Y LA PROPIEDAD""",true,,
comunicacion_B,data/raw/03_comunicaciones_B/B12913_ano_de_la_defensa_de_la_vida_l.pdf,https://www.bcra.gob.ar/archivos/Pdfs/comytexord/B12913.pdf,B12913,2026-05-12T15:28:13+00:00,2024-12-06,183530,2,"""AÑO DE LA DEFENSA DE LA VIDA, LA LIBERTAD Y LA PROPIEDAD""",true,,
comunicacion_B,data/raw/03_comunicaciones_B/B12914_ano_de_la_defensa_de_la_vida_l.pdf,https://www.bcra.gob.ar/archivos/Pdfs/comytexord/B12914.pdf,B12914,2026-05-12T15:28:14+00:00,2024-12-10,183677,2,"“AÑO DE LA DEFENSA DE LA VIDA, LA LIBERTAD Y LA PROPIEDAD""",true,,
comunicacion_B,data/raw/03_comunicaciones_B/B12915_ano_de_la_defensa_de_la_vida_l.pdf,https://www.bcra.gob.ar/archivos/Pdfs/comytexord/B12915.pdf,B12915,2026-05-12T15:28:14+00:00,2024-12-11,131843,2,"“AÑO DE LA DEFENSA DE LA VIDA, LA LIBERTAD Y LA PROPIEDAD""",true,,
comunicacion_B,data/raw/03_comunicaciones_B/B12916_ano_de_la_defensa_de_la_vida_l.pdf,https://www.bcra.gob.ar/archivos/Pdfs/comytexord/B12916.pdf,B12916,2026-05-12T15:28:15+00:00,2024-12-11,218785,2,"“AÑO DE LA DEFENSA DE LA VIDA, LA LIBERTAD Y LA PROPIEDAD""",true,,
comunicacion_B,data/raw/03_comunicaciones_B/B12917_ano_de_la_defensa_de_la_vida_l.pdf,https://www.bcra.gob.ar/archivos/Pdfs/comytexord/B12917.pdf,B12917,2026-05-12T15:28:15+00:00,2024-12-13,182729,2,"“AÑO DE LA DEFENSA DE LA VIDA, LA LIBERTAD Y LA PROPIEDAD""",true,,
comunicacion_B,data/raw/03_comunicaciones_B/B12918_ano_de_la_defensa_de_la_vida_l.pdf,https://www.bcra.gob.ar/archivos/Pdfs/comytexord/B12918.pdf,B12918,2026-05-12T15:28:16+00:00,2024-12-16,131997,3,"“AÑO DE LA DEFENSA DE LA VIDA, LA LIBERTAD Y LA PROPIEDAD”",true,,
comunicacion_B,data/raw/03_comunicaciones_B/B12919_ano_de_la_defensa_de_la_vida_l.pdf,https://www.bcra.gob.ar/archivos/Pdfs/comytexord/B12919.pdf,B12919,2026-05-12T15:28:16+00:00,2024-12-17,188997,2,"“AÑO DE LA DEFENSA DE LA VIDA, LA LIBERTAD Y LA PROPIEDAD""",true,,
comunicacion_B,data/raw/03_comunicaciones_B/B12920_ano_de_la_defensa_de_la_vida_l.pdf,https://www.bcra.gob.ar/archivos/Pdfs/comytexord/B12920.pdf,B12920,2026-05-12T15:28:17+00:00,2024-12-19,119910,3,"""AÑO DE LA DEFENSA DE LA VIDA, LA LIBERTAD Y LA PROPIEDAD""",true,,
comunicacion_B,data/raw/03_comunicaciones_B/B12921_ano_de_la_defensa_de_la_vida_l.pdf,https://www.bcra.gob.ar/archivos/Pdfs/comytexord/B12921.pdf,B12921,2026-05-12T15:28:17+00:00,2024-12-20,83389,2,"“AÑO DE LA DEFENSA DE LA VIDA, LA LIBERTAD Y LA PROPIEDAD""",true,,
comunicacion_B,data/raw/03_comunicaciones_B/B12922_ano_de_la_defensa_de_la_vida_l.pdf,https://www.bcra.gob.ar/archivos/Pdfs/comytexord/B12922.pdf,B12922,2026-05-12T15:28:18+00:00,2024-12-20,84076,1,"""AÑO DE LA DEFENSA DE LA VIDA, LA LIBERTAD Y LA PROPIEDAD""",true,,
comunicacion_B,data/raw/03_comunicaciones_B/B12923_ano_de_la_defensa_de_la_vida_l.pdf,https://www.bcra.gob.ar/archivos/Pdfs/comytexord/B12923.pdf,B12923,2026-05-12T15:28:18+00:00,2024-12-23,112484,2,"""AÑO DE LA DEFENSA DE LA VIDA, LA LIBERTAD Y LA PROPIEDAD""",true,,
comunicacion_B,data/raw/03_comunicaciones_B/B12924_ano_de_la_defensa_de_la_vida_l.pdf,https://www.bcra.gob.ar/archivos/Pdfs/comytexord/B12924.pdf,B12924,2026-05-12T15:28:19+00:00,2024-12-26,283143,12,"""AÑO DE LA DEFENSA DE LA VIDA, LA LIBERTAD Y LA PROPIEDAD""",true,,
comunicacion_B,data/raw/03_comunicaciones_B/B12925_ano_de_la_defensa_de_la_vida_l.pdf,https://www.bcra.gob.ar/archivos/Pdfs/comytexord/B12925.pdf,B12925,2026-05-12T15:28:19+00:00,2024-26-12,245691,2,"""AÑO DE LA DEFENSA DE LA VIDA, LA LIBERTAD Y LA PROPIEDAD""",true,,
comunicacion_B,data/raw/03_comunicaciones_B/B12926_ano_de_la_defensa_de_la_vida_l.pdf,https://www.bcra.gob.ar/archivos/Pdfs/comytexord/B12926.pdf,B12926,2026-05-12T15:28:20+00:00,2024-12-27,183654,2,"“AÑO DE LA DEFENSA DE LA VIDA, LA LIBERTAD Y LA PROPIEDAD""",true,,
comunicacion_B,data/raw/03_comunicaciones_B/B12927_ano_de_la_defensa_de_la_vida_l.pdf,https://www.bcra.gob.ar/archivos/Pdfs/comytexord/B12927.pdf,B12927,2026-05-12T15:28:21+00:00,2024-12-27,329369,12,"""AÑO DE LA DEFENSA DE LA VIDA, LA LIBERTAD Y LA PROPIEDAD""",true,,
comunicacion_B,data/raw/03_comunicaciones_B/B12928_comunicacion_b_12928_02_01_202.pdf,https://www.bcra.gob.ar/archivos/Pdfs/comytexord/B12928.pdf,B12928,2026-05-12T15:28:21+00:00,2025-01-02,193763,2,COMUNICACIÓN  “B”  12928 02/01/2025,true,,
comunicacion_B,data/raw/03_comunicaciones_B/B12929_ano_de_la_reconstruccion_de_la.pdf,https://www.bcra.gob.ar/archivos/Pdfs/comytexord/B12929.pdf,B12929,2026-05-12T15:28:21+00:00,2025-01-09,182459,2,“Año de la Reconstrucción de la Nación Argentina”,true,,
comunicacion_B,data/raw/03_comunicaciones_B/B12930_ano_de_la_reconstruccion_de_la.pdf,https://www.bcra.gob.ar/archivos/Pdfs/comytexord/B12930.pdf,B12930,2026-05-12T15:28:22+00:00,2025-01-14,132753,2,“Año de la Reconstrucción de la Nación Argentina”,true,,
comunicacion_B,data/raw/03_comunicaciones_B/B12931_ano_de_la_reconstruccion_de_la.pdf,https://www.bcra.gob.ar/archivos/Pdfs/comytexord/B12931.pdf,B12931,2026-05-12T15:28:22+00:00,2025-01-14,219090,2,“Año de la Reconstrucción de la Nación Argentina”,true,,
comunicacion_B,data/raw/03_comunicaciones_B/B12932_ano_de_la_reconstruccion_de_la.pdf,https://www.bcra.gob.ar/archivos/Pdfs/comytexord/B12932.pdf,B12932,2026-05-12T15:28:23+00:00,2025-01-16,85675,3,“Año de la Reconstrucción de la Nación Argentina”,true,,
comunicacion_B,data/raw/03_comunicaciones_B/B12933_ano_de_la_reconstruccion_de_la.pdf,https://www.bcra.gob.ar/archivos/Pdfs/comytexord/B12933.pdf,B12933,2026-05-12T15:28:23+00:00,2025-01-17,189075,2,“Año de la Reconstrucción de la Nación Argentina”,true,,
comunicacion_B,data/raw/03_comunicaciones_B/B12934_ano_de_la_reconstruccion_de_la.pdf,https://www.bcra.gob.ar/archivos/Pdfs/comytexord/B12934.pdf,B12934,2026-05-12T15:28:24+00:00,2025-01-20,84613,2,“Año de la Reconstrucción de la Nación Argentina”,true,,
comunicacion_B,data/raw/03_comunicaciones_B/B12935_ano_de_la_reconstruccion_de_la.pdf,https://www.bcra.gob.ar/archivos/Pdfs/comytexord/B12935.pdf,B12935,2026-05-12T15:28:24+00:00,2025-01-22,217199,2,“Año de la Reconstrucción de la Nación Argentina”,true,,
comunicacion_B,data/raw/03_comunicaciones_B/B12936_ano_de_la_reconstruccion_de_la.pdf,https://www.bcra.gob.ar/archivos/Pdfs/comytexord/B12936.pdf,B12936,2026-05-12T15:28:25+00:00,2025-01-22,183657,2,“Año de la Reconstrucción de la Nación Argentina”,true,,
comunicacion_B,data/raw/03_comunicaciones_B/B12937_ano_de_la_reconstruccion_de_la.pdf,https://www.bcra.gob.ar/archivos/Pdfs/comytexord/B12937.pdf,B12937,2026-05-12T15:28:25+00:00,2025-01-29,182708,2,“Año de la Reconstrucción de la Nación Argentina”,true,,
comunicacion_B,data/raw/03_comunicaciones_B/B12938_ano_de_la_reconstruccion_de_la.pdf,https://www.bcra.gob.ar/archivos/Pdfs/comytexord/B12938.pdf,B12938,2026-05-12T15:28:26+00:00,2025-02-03,195261,2,“Año de la Reconstrucción de la Nación Argentina”,true,,
comunicacion_B,data/raw/03_comunicaciones_B/B12939_ano_de_la_reconstruccion_de_la.pdf,https://www.bcra.gob.ar/archivos/Pdfs/comytexord/B12939.pdf,B12939,2026-05-12T15:28:26+00:00,2025-02-03,182817,2,“Año de la Reconstrucción de la Nación Argentina”,true,,
comunicacion_B,data/raw/03_comunicaciones_B/B12940_ano_de_la_reconstruccion_de_la.pdf,https://www.bcra.gob.ar/archivos/Pdfs/comytexord/B12940.pdf,B12940,2026-05-12T15:28:27+00:00,2025-02-04,184356,2,“Año de la Reconstrucción de la Nación Argentina”,true,,
comunicacion_B,data/raw/03_comunicaciones_B/B12941_ano_de_la_reconstruccion_de_la.pdf,https://www.bcra.gob.ar/archivos/Pdfs/comytexord/B12941.pdf,B12941,2026-05-12T15:28:27+00:00,2025-02-05,79532,1,“Año de la Reconstrucción de la Nación Argentina”,true,,
comunicacion_B,data/raw/03_comunicaciones_B/B12942_ano_de_la_reconstruccion_de_la.pdf,https://www.bcra.gob.ar/archivos/Pdfs/comytexord/B12942.pdf,B12942,2026-05-12T15:28:28+00:00,2025-02-05,81083,1,“Año de la Reconstrucción de la Nación Argentina”,true,,
comunicacion_B,data/raw/03_comunicaciones_B/B12943_ano_de_la_reconstruccion_de_la.pdf,https://www.bcra.gob.ar/archivos/Pdfs/comytexord/B12943.pdf,B12943,2026-05-12T15:28:28+00:00,2025-02-06,76781,1,“Año de la Reconstrucción de la Nación Argentina”,true,,
comunicacion_B,data/raw/03_comunicaciones_B/B12944_ano_de_la_reconstruccion_de_la.pdf,https://www.bcra.gob.ar/archivos/Pdfs/comytexord/B12944.pdf,B12944,2026-05-12T15:28:29+00:00,2025-02-07,182752,2,“Año de la Reconstrucción de la Nación Argentina”,true,,
comunicacion_B,data/raw/03_comunicaciones_B/B12945_ano_de_la_reconstruccion_de_la.pdf,https://www.bcra.gob.ar/archivos/Pdfs/comytexord/B12945.pdf,B12945,2026-05-12T15:28:29+00:00,2025-02-10,182750,2,“Año de la Reconstrucción de la Nación Argentina”,true,,
comunicacion_B,data/raw/03_comunicaciones_B/B12946_ano_de_la_reconstruccion_de_la.pdf,https://www.bcra.gob.ar/archivos/Pdfs/comytexord/B12946.pdf,B12946,2026-05-12T15:28:30+00:00,2025-02-13,133919,2,“Año de la Reconstrucción de la Nación Argentina”,true,,
comunicacion_B,data/raw/03_comunicaciones_B/B12947_ano_de_la_reconstruccion_de_la.pdf,https://www.bcra.gob.ar/archivos/Pdfs/comytexord/B12947.pdf,B12947,2026-05-12T15:28:30+00:00,2025-02-13,219249,2,“Año de la Reconstrucción de la Nación Argentina”,true,,
comunicacion_B,data/raw/03_comunicaciones_B/B12948_ano_de_la_reconstruccion_de_la.pdf,https://www.bcra.gob.ar/archivos/Pdfs/comytexord/B12948.pdf,B12948,2026-05-12T15:28:31+00:00,2025-02-14,85038,3,“Año de la Reconstrucción de la Nación Argentina”,true,,
comunicacion_B,data/raw/03_comunicaciones_B/B12949_ano_de_la_reconstruccion_de_la.pdf,https://www.bcra.gob.ar/archivos/Pdfs/comytexord/B12949.pdf,B12949,2026-05-12T15:28:31+00:00,2025-02-19,189230,2,“Año de la Reconstrucción de la Nación Argentina”,true,,
comunicacion_B,data/raw/03_comunicaciones_B/B12950_ano_de_la_reconstruccion_de_la.pdf,https://www.bcra.gob.ar/archivos/Pdfs/comytexord/B12950.pdf,B12950,2026-05-12T15:28:32+00:00,2025-02-20,84131,2,“Año de la Reconstrucción de la Nación Argentina”,true,,
comunicacion_B,data/raw/03_comunicaciones_B/B12951_ano_de_la_reconstruccion_de_la.pdf,https://www.bcra.gob.ar/archivos/Pdfs/comytexord/B12951.pdf,B12951,2026-05-12T15:28:32+00:00,2025-03-05,195049,2,“Año de la Reconstrucción de la Nación Argentina”,true,,
comunicacion_B,data/raw/03_comunicaciones_B/B12952_ano_de_la_reconstruccion_de_la.pdf,https://www.bcra.gob.ar/archivos/Pdfs/comytexord/B12952.pdf,B12952,2026-05-12T15:28:33+00:00,2025-03-10,183109,2,“Año de la Reconstrucción de la Nación Argentina”,true,,
comunicacion_B,data/raw/03_comunicaciones_B/B12953_ano_de_la_reconstruccion_de_la.pdf,https://www.bcra.gob.ar/archivos/Pdfs/comytexord/B12953.pdf,B12953,2026-05-12T15:28:33+00:00,2025-03-11,183461,2,“Año de la Reconstrucción de la Nación Argentina”,true,,
comunicacion_B,data/raw/03_comunicaciones_B/B12954_ano_de_la_reconstruccion_de_la.pdf,https://www.bcra.gob.ar/archivos/Pdfs/comytexord/B12954.pdf,B12954,2026-05-12T15:28:34+00:00,2025-03-12,183681,2,“Año de la Reconstrucción de la Nación Argentina”,true,,
comunicacion_B,data/raw/03_comunicaciones_B/B12955_ano_de_la_reconstruccion_de_la.pdf,https://www.bcra.gob.ar/archivos/Pdfs/comytexord/B12955.pdf,B12955,2026-05-12T15:28:34+00:00,2025-03-14,113970,2,“Año de la Reconstrucción de la Nación Argentina”,true,,
comunicacion_B,data/raw/03_comunicaciones_B/B12956_ano_de_la_reconstruccion_de_la.pdf,https://www.bcra.gob.ar/archivos/Pdfs/comytexord/B12956.pdf,B12956,2026-05-12T15:28:35+00:00,2025-03-14,133703,2,“Año de la Reconstrucción de la Nación Argentina”,true,,
comunicacion_B,data/raw/03_comunicaciones_B/B12957_ano_de_la_reconstruccion_de_la.pdf,https://www.bcra.gob.ar/archivos/Pdfs/comytexord/B12957.pdf,B12957,2026-05-12T15:28:35+00:00,2025-03-14,219065,2,“Año de la Reconstrucción de la Nación Argentina”,true,,
comunicacion_B,data/raw/03_comunicaciones_B/B12958_ano_de_la_reconstruccion_de_la.pdf,https://www.bcra.gob.ar/archivos/Pdfs/comytexord/B12958.pdf,B12958,2026-05-12T15:28:36+00:00,2025-03-14,86166,3,“Año de la Reconstrucción de la Nación Argentina”,true,,
comunicacion_B,data/raw/03_comunicaciones_B/B12959_ano_de_la_reconstruccion_de_la.pdf,https://www.bcra.gob.ar/archivos/Pdfs/comytexord/B12959.pdf,B12959,2026-05-12T15:28:36+00:00,2025-03-17,182166,2,“Año de la Reconstrucción de la Nación Argentina”,true,,
comunicacion_B,data/raw/03_comunicaciones_B/B12960_ano_de_la_reconstruccion_de_la.pdf,https://www.bcra.gob.ar/archivos/Pdfs/comytexord/B12960.pdf,B12960,2026-05-12T15:28:37+00:00,2025-03-18,189973,2,“Año de la Reconstrucción de la Nación Argentina”,true,,
comunicacion_B,data/raw/03_comunicaciones_B/B12961_ano_de_la_reconstruccion_de_la.pdf,https://www.bcra.gob.ar/archivos/Pdfs/comytexord/B12961.pdf,B12961,2026-05-12T15:28:37+00:00,2025-03-20,84957,2,“Año de la Reconstrucción de la Nación Argentina”,true,,
comunicacion_B,data/raw/03_comunicaciones_B/B12962_ano_de_la_reconstruccion_de_la.pdf,https://www.bcra.gob.ar/archivos/Pdfs/comytexord/B12962.pdf,B12962,2026-05-12T15:28:38+00:00,2025-03-20,183091,2,“Año de la Reconstrucción de la Nación Argentina”,true,,
comunicacion_B,data/raw/03_comunicaciones_B/B12963_ano_de_la_reconstruccion_de_la.pdf,https://www.bcra.gob.ar/archivos/Pdfs/comytexord/B12963.pdf,B12963,2026-05-12T15:28:38+00:00,2025-03-21,183106,2,“Año de la Reconstrucción de la Nación Argentina”,true,,
comunicacion_B,data/raw/03_comunicaciones_B/B12964_ano_de_la_reconstruccion_de_la.pdf,https://www.bcra.gob.ar/archivos/Pdfs/comytexord/B12964.pdf,B12964,2026-05-12T15:28:39+00:00,2025-03-28,183692,2,“Año de la Reconstrucción de la Nación Argentina”,true,,
comunicacion_B,data/raw/03_comunicaciones_B/B12965_ano_de_la_reconstruccion_de_la.pdf,https://www.bcra.gob.ar/archivos/Pdfs/comytexord/B12965.pdf,B12965,2026-05-12T15:28:40+00:00,2025-04-01,195275,2,“Año de la Reconstrucción de la Nación Argentina”,true,,
comunicacion_B,data/raw/03_comunicaciones_B/B12966_ano_de_la_reconstruccion_de_la.pdf,https://www.bcra.gob.ar/archivos/Pdfs/comytexord/B12966.pdf,B12966,2026-05-12T15:28:40+00:00,2025-04-01,79319,1,“Año de la Reconstrucción de la Nación Argentina”,true,,
comunicacion_B,data/raw/03_comunicaciones_B/B12967_ano_de_la_reconstruccion_de_la.pdf,https://www.bcra.gob.ar/archivos/Pdfs/comytexord/B12967.pdf,B12967,2026-05-12T15:28:40+00:00,2025-04-04,182795,2,“Año de la Reconstrucción de la Nación Argentina”,true,,
comunicacion_B,data/raw/03_comunicaciones_B/B12968_ano_de_la_reconstruccion_de_la.pdf,https://www.bcra.gob.ar/archivos/Pdfs/comytexord/B12968.pdf,B12968,2026-05-12T15:28:41+00:00,2025-04-07,184596,2,“Año de la Reconstrucción de la Nación Argentina”,true,,
comunicacion_B,data/raw/03_comunicaciones_B/B12969_ano_de_la_reconstruccion_de_la.pdf,https://www.bcra.gob.ar/archivos/Pdfs/comytexord/B12969.pdf,B12969,2026-05-12T15:28:42+00:00,2025-04-11,132821,2,“Año de la Reconstrucción de la Nación Argentina”,true,,
comunicacion_B,data/raw/03_comunicaciones_B/B12970_ano_de_la_reconstruccion_de_la.pdf,https://www.bcra.gob.ar/archivos/Pdfs/comytexord/B12970.pdf,B12970,2026-05-12T15:28:42+00:00,2025-04-11,219016,2,“Año de la Reconstrucción de la Nación Argentina”,true,,
comunicacion_B,data/raw/03_comunicaciones_B/B12971_ano_de_la_reconstruccion_de_la.pdf,https://www.bcra.gob.ar/archivos/Pdfs/comytexord/B12971.pdf,B12971,2026-05-12T15:28:43+00:00,2025-04-14,120306,3,“Año de la Reconstrucción de la Nación Argentina”,true,,
comunicacion_B,data/raw/03_comunicaciones_B/B12972_ano_de_la_reconstruccion_de_la.pdf,https://www.bcra.gob.ar/archivos/Pdfs/comytexord/B12972.pdf,B12972,2026-05-12T15:28:43+00:00,2025-04-14,182746,2,“Año de la Reconstrucción de la Nación Argentina”,true,,
comunicacion_B,data/raw/03_comunicaciones_B/B12973_ano_de_la_reconstruccion_de_la.pdf,https://www.bcra.gob.ar/archivos/Pdfs/comytexord/B12973.pdf,B12973,2026-05-12T15:28:44+00:00,2025-04-16,86185,3,“Año de la Reconstrucción de la Nación Argentina”,true,,
comunicacion_B,data/raw/03_comunicaciones_B/B12974_ano_de_la_reconstruccion_de_la.pdf,https://www.bcra.gob.ar/archivos/Pdfs/comytexord/B12974.pdf,B12974,2026-05-12T15:28:44+00:00,2025-04-16,84870,2,“Año de la Reconstrucción de la Nación Argentina”,true,,
comunicacion_B,data/raw/03_comunicaciones_B/B12975_ano_de_la_reconstruccion_de_la.pdf,https://www.bcra.gob.ar/archivos/Pdfs/comytexord/B12975.pdf,B12975,2026-05-12T15:28:45+00:00,2025-04-16,188940,2,“Año de la Reconstrucción de la Nación Argentina”,true,,
comunicacion_B,data/raw/03_comunicaciones_B/B12976_ano_de_la_reconstruccion_de_la.pdf,https://www.bcra.gob.ar/archivos/Pdfs/comytexord/B12976.pdf,B12976,2026-05-12T15:28:45+00:00,2025-04-22,183662,2,“Año de la Reconstrucción de la Nación Argentina”,true,,
comunicacion_B,data/raw/03_comunicaciones_B/B12977_ano_de_la_reconstruccion_de_la.pdf,https://www.bcra.gob.ar/archivos/Pdfs/comytexord/B12977.pdf,B12977,2026-05-12T15:28:46+00:00,2025-04-24,79960,1,“Año de la Reconstrucción de la Nación Argentina”,true,,
comunicacion_B,data/raw/03_comunicaciones_B/B12978_ano_de_la_reconstruccion_de_la.pdf,https://www.bcra.gob.ar/archivos/Pdfs/comytexord/B12978.pdf,B12978,2026-05-12T15:28:46+00:00,2025-04-24,182727,2,“Año de la Reconstrucción de la Nación Argentina”,true,,
comunicacion_B,data/raw/03_comunicaciones_B/B12979_ano_de_la_reconstruccion_de_la.pdf,https://www.bcra.gob.ar/archivos/Pdfs/comytexord/B12979.pdf,B12979,2026-05-12T15:28:47+00:00,2025-05-05,194657,2,“Año de la Reconstrucción de la Nación Argentina”,true,,
comunicacion_B,data/raw/03_comunicaciones_B/B12980_ano_de_la_reconstruccion_de_la.pdf,https://www.bcra.gob.ar/archivos/Pdfs/comytexord/B12980.pdf,B12980,2026-05-12T15:28:47+00:00,2025-05-07,185502,2,“Año de la Reconstrucción de la Nación Argentina”,true,,
comunicacion_B,data/raw/03_comunicaciones_B/B12981_ano_de_la_reconstruccion_de_la.pdf,https://www.bcra.gob.ar/archivos/Pdfs/comytexord/B12981.pdf,B12981,2026-05-12T15:28:48+00:00,2025-05-14,132811,2,“Año de la Reconstrucción de la Nación Argentina”,true,,
comunicacion_B,data/raw/03_comunicaciones_B/B12982_ano_de_la_reconstruccion_de_la.pdf,https://www.bcra.gob.ar/archivos/Pdfs/comytexord/B12982.pdf,B12982,2026-05-12T15:28:48+00:00,2025-05-14,219083,2,“Año de la Reconstrucción de la Nación Argentina”,true,,
comunicacion_B,data/raw/03_comunicaciones_B/B12983_ano_de_la_reconstruccion_de_la.pdf,https://www.bcra.gob.ar/archivos/Pdfs/comytexord/B12983.pdf,B12983,2026-05-12T15:28:49+00:00,2025-05-16,86581,3,“Año de la Reconstrucción de la Nación Argentina”,true,,
comunicacion_B,data/raw/03_comunicaciones_B/B12984_ano_de_la_reconstruccion_de_la.pdf,https://www.bcra.gob.ar/archivos/Pdfs/comytexord/B12984.pdf,B12984,2026-05-12T15:28:49+00:00,2025-05-16,79121,1,“Año de la Reconstrucción de la Nación Argentina”,true,,
comunicacion_B,data/raw/03_comunicaciones_B/B12985_ano_de_la_reconstruccion_de_la.pdf,https://www.bcra.gob.ar/archivos/Pdfs/comytexord/B12985.pdf,B12985,2026-05-12T15:28:50+00:00,2025-05-19,189943,2,“Año de la Reconstrucción de la Nación Argentina”,true,,
comunicacion_B,data/raw/03_comunicaciones_B/B12986_ano_de_la_reconstruccion_de_la.pdf,https://www.bcra.gob.ar/archivos/Pdfs/comytexord/B12986.pdf,B12986,2026-05-12T15:28:50+00:00,2025-05-20,84052,2,“Año de la Reconstrucción de la Nación Argentina”,true,,
comunicacion_B,data/raw/03_comunicaciones_B/B12987_ano_de_la_reconstruccion_de_la.pdf,https://www.bcra.gob.ar/archivos/Pdfs/comytexord/B12987.pdf,B12987,2026-05-12T15:28:51+00:00,2025-05-23,183077,2,“Año de la Reconstrucción de la Nación Argentina”,true,,
comunicacion_B,data/raw/03_comunicaciones_B/B12988_ano_de_la_reconstruccion_de_la.pdf,https://www.bcra.gob.ar/archivos/Pdfs/comytexord/B12988.pdf,B12988,2026-05-12T15:28:51+00:00,2025-05-23,79094,1,“Año de la Reconstrucción de la Nación Argentina”,true,,
comunicacion_B,data/raw/03_comunicaciones_B/B12989_ano_de_la_reconstruccion_de_la.pdf,https://www.bcra.gob.ar/archivos/Pdfs/comytexord/B12989.pdf,B12989,2026-05-12T15:28:52+00:00,2025-05-27,182145,2,“Año de la Reconstrucción de la Nación Argentina”,true,,
comunicacion_B,data/raw/03_comunicaciones_B/B12990_ano_de_la_reconstruccion_de_la.pdf,https://www.bcra.gob.ar/archivos/Pdfs/comytexord/B12990.pdf,B12990,2026-05-12T15:28:52+00:00,2025-05-28,182707,2,“Año de la Reconstrucción de la Nación Argentina”,true,,
comunicacion_B,data/raw/03_comunicaciones_B/B12991_ano_de_la_reconstruccion_de_la.pdf,https://www.bcra.gob.ar/archivos/Pdfs/comytexord/B12991.pdf,B12991,2026-05-12T15:28:53+00:00,2025-05-30,183075,2,“Año de la Reconstrucción de la Nación Argentina”,true,,
comunicacion_B,data/raw/03_comunicaciones_B/B12992_ano_de_la_reconstruccion_de_la.pdf,https://www.bcra.gob.ar/archivos/Pdfs/comytexord/B12992.pdf,B12992,2026-05-12T15:28:53+00:00,2025-06-02,195346,2,“Año de la Reconstrucción de la Nación Argentina”,true,,
comunicacion_B,data/raw/03_comunicaciones_B/B12993_ano_de_la_reconstruccion_de_la.pdf,https://www.bcra.gob.ar/archivos/Pdfs/comytexord/B12993.pdf,B12993,2026-05-12T15:28:54+00:00,2025-06-03,183072,2,“Año de la Reconstrucción de la Nación Argentina”,true,,
comunicacion_B,data/raw/03_comunicaciones_B/B12994_ano_de_la_reconstruccion_de_la.pdf,https://www.bcra.gob.ar/archivos/Pdfs/comytexord/B12994.pdf,B12994,2026-05-12T15:28:54+00:00,2025-06-04,78464,1,“Año de la Reconstrucción de la Nación Argentina”,true,,
comunicacion_B,data/raw/03_comunicaciones_B/B12995_ano_de_la_reconstruccion_de_la.pdf,https://www.bcra.gob.ar/archivos/Pdfs/comytexord/B12995.pdf,B12995,2026-05-12T15:28:55+00:00,2025-06-04,183622,2,“Año de la Reconstrucción de la Nación Argentina”,true,,
comunicacion_B,data/raw/03_comunicaciones_B/B12997_comunicacion_b_12997_06_06_202.pdf,https://www.bcra.gob.ar/archivos/Pdfs/comytexord/B12997.pdf,B12997,2026-05-12T15:28:55+00:00,2025-06-06,83705,2,COMUNICACIÓN  “B”  12997 06/06/2025,true,,
comunicacion_B,data/raw/03_comunicaciones_B/B12996_ano_de_la_reconstruccion_de_la.pdf,https://www.bcra.gob.ar/archivos/Pdfs/comytexord/B12996.pdf,B12996,2026-05-12T15:28:55+00:00,2025-06-06,1564536,8,“Año de la Reconstrucción de la Nación Argentina”,true,,
comunicacion_B,data/raw/03_comunicaciones_B/B12998_ano_de_la_reconstruccion_de_la.pdf,https://www.bcra.gob.ar/archivos/Pdfs/comytexord/B12998.pdf,B12998,2026-05-12T15:28:56+00:00,2025-06-09,275901,12,“Año de la Reconstrucción de la Nación Argentina”,true,,
comunicacion_B,data/raw/03_comunicaciones_B/B13000_ano_de_la_reconstruccion_de_la.pdf,https://www.bcra.gob.ar/archivos/Pdfs/comytexord/B13000.pdf,B13000,2026-05-12T15:28:57+00:00,2025-06-10,182687,2,“Año de la Reconstrucción de la Nación Argentina”,true,,
comunicacion_B,data/raw/03_comunicaciones_B/B12999_ano_de_la_reconstruccion_de_la.pdf,https://www.bcra.gob.ar/archivos/Pdfs/comytexord/B12999.pdf,B12999,2026-05-12T15:28:57+00:00,2025-06-10,452444,3,“Año de la Reconstrucción de la Nación Argentina”,true,,
comunicacion_B,data/raw/03_comunicaciones_B/B13001_ano_de_la_reconstruccion_de_la.pdf,https://www.bcra.gob.ar/archivos/Pdfs/comytexord/B13001.pdf,B13001,2026-05-12T15:28:58+00:00,2025-06-12,83319,1,“Año de la Reconstrucción de la Nación Argentina”,true,,
comunicacion_B,data/raw/03_comunicaciones_B/B13002_ano_de_la_reconstruccion_de_la.pdf,https://www.bcra.gob.ar/archivos/Pdfs/comytexord/B13002.pdf,B13002,2026-05-12T15:28:58+00:00,2025-06-12,77725,1,“Año de la Reconstrucción de la Nación Argentina”,true,,
comunicacion_B,data/raw/03_comunicaciones_B/B13003_ano_de_la_reconstruccion_de_la.pdf,https://www.bcra.gob.ar/archivos/Pdfs/comytexord/B13003.pdf,B13003,2026-05-12T15:28:59+00:00,2025-06-12,132139,2,“Año de la Reconstrucción de la Nación Argentina”,true,,
comunicacion_B,data/raw/03_comunicaciones_B/B13004_ano_de_la_reconstruccion_de_la.pdf,https://www.bcra.gob.ar/archivos/Pdfs/comytexord/B13004.pdf,B13004,2026-05-12T15:28:59+00:00,2025-06-12,218091,2,“Año de la Reconstrucción de la Nación Argentina”,true,,
comunicacion_B,data/raw/03_comunicaciones_B/B13005_ano_de_la_reconstruccion_de_la.pdf,https://www.bcra.gob.ar/archivos/Pdfs/comytexord/B13005.pdf,B13005,2026-05-12T15:29:00+00:00,2025-06-13,84651,3,“Año de la Reconstrucción de la Nación Argentina”,true,,
comunicacion_B,data/raw/03_comunicaciones_B/B13006_ano_de_la_reconstruccion_de_la.pdf,https://www.bcra.gob.ar/archivos/Pdfs/comytexord/B13006.pdf,B13006,2026-05-12T15:29:00+00:00,2025-06-17,187960,2,“Año de la Reconstrucción de la Nación Argentina”,true,,
comunicacion_B,data/raw/03_comunicaciones_B/B13007_ano_de_la_reconstruccion_de_la.pdf,https://www.bcra.gob.ar/archivos/Pdfs/comytexord/B13007.pdf,B13007,2026-05-12T15:29:01+00:00,2025-06-19,84103,2,“Año de la Reconstrucción de la Nación Argentina”,true,,
comunicacion_B,data/raw/03_comunicaciones_B/B13008_ano_de_la_reconstruccion_de_la.pdf,https://www.bcra.gob.ar/archivos/Pdfs/comytexord/B13008.pdf,B13008,2026-05-12T15:29:01+00:00,2025-06-19,87690,1,“Año de la Reconstrucción de la Nación Argentina”,true,,
comunicacion_B,data/raw/03_comunicaciones_B/B13009_ano_de_la_reconstruccion_de_la.pdf,https://www.bcra.gob.ar/archivos/Pdfs/comytexord/B13009.pdf,B13009,2026-05-12T15:29:02+00:00,2025-06-19,183073,2,“Año de la Reconstrucción de la Nación Argentina”,true,,
comunicacion_B,data/raw/03_comunicaciones_B/B13010_ano_de_la_reconstruccion_de_la.pdf,https://www.bcra.gob.ar/archivos/Pdfs/comytexord/B13010.pdf,B13010,2026-05-12T15:29:02+00:00,2025-06-27,182684,2,“Año de la Reconstrucción de la Nación Argentina”,true,,
comunicacion_B,data/raw/03_comunicaciones_B/B13011_ano_de_la_reconstruccion_de_la.pdf,https://www.bcra.gob.ar/archivos/Pdfs/comytexord/B13011.pdf,B13011,2026-05-12T15:29:03+00:00,2025-06-30,141447,2,“Año de la Reconstrucción de la Nación Argentina”,true,,
comunicacion_B,data/raw/03_comunicaciones_B/B13012_ano_de_la_reconstruccion_de_la.pdf,https://www.bcra.gob.ar/archivos/Pdfs/comytexord/B13012.pdf,B13012,2026-05-12T15:29:03+00:00,2025-07-01,195534,2,“Año de la Reconstrucción de la Nación Argentina”,true,,
comunicacion_B,data/raw/03_comunicaciones_B/B13013_ano_de_la_reconstruccion_de_la.pdf,https://www.bcra.gob.ar/archivos/Pdfs/comytexord/B13013.pdf,B13013,2026-05-12T15:29:04+00:00,2025-07-04,183905,2,“Año de la Reconstrucción de la Nación Argentina”,true,,
comunicacion_B,data/raw/03_comunicaciones_B/B13014_ano_de_la_reconstruccion_de_la.pdf,https://www.bcra.gob.ar/archivos/Pdfs/comytexord/B13014.pdf,B13014,2026-05-12T15:29:07+00:00,2025-07-14,144403,2,“Año de la Reconstrucción de la Nación Argentina”,true,,
comunicacion_B,data/raw/03_comunicaciones_B/B13015_ano_de_la_reconstruccion_de_la.pdf,https://www.bcra.gob.ar/archivos/Pdfs/comytexord/B13015.pdf,B13015,2026-05-12T15:29:07+00:00,2025-07-14,132125,2,“Año de la Reconstrucción de la Nación Argentina”,true,,
comunicacion_B,data/raw/03_comunicaciones_B/B13016_ano_de_la_reconstruccion_de_la.pdf,https://www.bcra.gob.ar/archivos/Pdfs/comytexord/B13016.pdf,B13016,2026-05-12T15:29:07+00:00,2025-07-14,218137,2,“Año de la Reconstrucción de la Nación Argentina”,true,,
comunicacion_B,data/raw/03_comunicaciones_B/B13017_ano_de_la_reconstruccion_de_la.pdf,https://www.bcra.gob.ar/archivos/Pdfs/comytexord/B13017.pdf,B13017,2026-05-12T15:29:08+00:00,2025-07-15,181749,2,“Año de la Reconstrucción de la Nación Argentina”,true,,
comunicacion_B,data/raw/03_comunicaciones_B/B13018_ano_de_la_reconstruccion_de_la.pdf,https://www.bcra.gob.ar/archivos/Pdfs/comytexord/B13018.pdf,B13018,2026-05-12T15:29:08+00:00,2025-07-16,85548,3,“Año de la Reconstrucción de la Nación Argentina”,true,,
comunicacion_B,data/raw/03_comunicaciones_B/B13019_ano_de_la_reconstruccion_de_la.pdf,https://www.bcra.gob.ar/archivos/Pdfs/comytexord/B13019.pdf,B13019,2026-05-12T15:29:09+00:00,2025-07-17,189011,2,“Año de la Reconstrucción de la Nación Argentina”,true,,
comunicacion_B,data/raw/03_comunicaciones_B/B13020_ano_de_la_reconstruccion_de_la.pdf,https://www.bcra.gob.ar/archivos/Pdfs/comytexord/B13020.pdf,B13020,2026-05-12T15:29:09+00:00,2025-07-18,84190,2,“Año de la Reconstrucción de la Nación Argentina”,true,,
comunicacion_B,data/raw/03_comunicaciones_B/B13021_ano_de_la_reconstruccion_de_la.pdf,https://www.bcra.gob.ar/archivos/Pdfs/comytexord/B13021.pdf,B13021,2026-05-12T15:29:10+00:00,2025-07-24,83155,1,“Año de la Reconstrucción de la Nación Argentina”,true,,
comunicacion_B,data/raw/03_comunicaciones_B/B13022_ano_de_la_reconstruccion_de_la.pdf,https://www.bcra.gob.ar/archivos/Pdfs/comytexord/B13022.pdf,B13022,2026-05-12T15:29:10+00:00,2025-07-29,183673,2,“Año de la Reconstrucción de la Nación Argentina”,true,,
comunicacion_B,data/raw/03_comunicaciones_B/B13023_ano_de_la_reconstruccion_de_la.pdf,https://www.bcra.gob.ar/archivos/Pdfs/comytexord/B13023.pdf,B13023,2026-05-12T15:29:11+00:00,2025-08-01,76401,1,“Año de la Reconstrucción de la Nación Argentina”,true,,
comunicacion_B,data/raw/03_comunicaciones_B/B13024_ano_de_la_reconstruccion_de_la.pdf,https://www.bcra.gob.ar/archivos/Pdfs/comytexord/B13024.pdf,B13024,2026-05-12T15:29:11+00:00,2025-08-01,195355,2,“Año de la Reconstrucción de la Nación Argentina”,true,,
comunicacion_B,data/raw/03_comunicaciones_B/B13025_ano_de_la_reconstruccion_de_la.pdf,https://www.bcra.gob.ar/archivos/Pdfs/comytexord/B13025.pdf,B13025,2026-05-12T15:29:12+00:00,2025-08-04,151870,3,“Año de la Reconstrucción de la Nación Argentina”,true,,
comunicacion_B,data/raw/03_comunicaciones_B/B13026_ano_de_la_reconstruccion_de_la.pdf,https://www.bcra.gob.ar/archivos/Pdfs/comytexord/B13026.pdf,B13026,2026-05-12T15:29:12+00:00,2025-08-05,121503,3,“Año de la Reconstrucción de la Nación Argentina”,true,,
comunicacion_B,data/raw/03_comunicaciones_B/B13027_ano_de_la_reconstruccion_de_la.pdf,https://www.bcra.gob.ar/archivos/Pdfs/comytexord/B13027.pdf,B13027,2026-05-12T15:29:13+00:00,2025-08-06,182711,2,“Año de la Reconstrucción de la Nación Argentina”,true,,
comunicacion_B,data/raw/03_comunicaciones_B/B13028_ano_de_la_reconstruccion_de_la.pdf,https://www.bcra.gob.ar/archivos/Pdfs/comytexord/B13028.pdf,B13028,2026-05-12T15:29:13+00:00,2025-08-06,185646,2,“Año de la Reconstrucción de la Nación Argentina”,true,,
comunicacion_B,data/raw/03_comunicaciones_B/B13029_ano_de_la_reconstruccion_de_la.pdf,https://www.bcra.gob.ar/archivos/Pdfs/comytexord/B13029.pdf,B13029,2026-05-12T15:29:14+00:00,2025-08-07,81098,1,“Año de la Reconstrucción de la Nación Argentina”,true,,
comunicacion_B,data/raw/03_comunicaciones_B/B13030_ano_de_la_reconstruccion_de_la.pdf,https://www.bcra.gob.ar/archivos/Pdfs/comytexord/B13030.pdf,B13030,2026-05-12T15:29:14+00:00,2025-08-07,181774,2,“Año de la Reconstrucción de la Nación Argentina”,true,,
comunicacion_B,data/raw/03_comunicaciones_B/B13031_ano_de_la_reconstruccion_de_la.pdf,https://www.bcra.gob.ar/archivos/Pdfs/comytexord/B13031.pdf,B13031,2026-05-12T15:29:15+00:00,2025-08-08,181780,2,“Año de la Reconstrucción de la Nación Argentina”,true,,
comunicacion_B,data/raw/03_comunicaciones_B/B13032_ano_de_la_reconstruccion_de_la.pdf,https://www.bcra.gob.ar/archivos/Pdfs/comytexord/B13032.pdf,B13032,2026-05-12T15:29:15+00:00,2025-08-13,87951,1,“Año de la Reconstrucción de la Nación Argentina”,true,,
comunicacion_B,data/raw/03_comunicaciones_B/B13033_ano_de_la_reconstruccion_de_la.pdf,https://www.bcra.gob.ar/archivos/Pdfs/comytexord/B13033.pdf,B13033,2026-05-12T15:29:16+00:00,2025-08-13,132088,2,“Año de la Reconstrucción de la Nación Argentina”,true,,
comunicacion_B,data/raw/03_comunicaciones_B/B13034_ano_de_la_reconstruccion_de_la.pdf,https://www.bcra.gob.ar/archivos/Pdfs/comytexord/B13034.pdf,B13034,2026-05-12T15:29:16+00:00,2025-08-13,218117,2,“Año de la Reconstrucción de la Nación Argentina”,true,,
comunicacion_B,data/raw/03_comunicaciones_B/B13035_ano_de_la_reconstruccion_de_la.pdf,https://www.bcra.gob.ar/archivos/Pdfs/comytexord/B13035.pdf,B13035,2026-05-12T15:29:17+00:00,2025-08-14,104639,1,“Año de la Reconstrucción de la Nación Argentina”,true,,
comunicacion_B,data/raw/03_comunicaciones_B/B13036_ano_de_la_reconstruccion_de_la.pdf,https://www.bcra.gob.ar/archivos/Pdfs/comytexord/B13036.pdf,B13036,2026-05-12T15:29:17+00:00,2025-08-14,86177,3,“Año de la Reconstrucción de la Nación Argentina”,true,,
comunicacion_B,data/raw/03_comunicaciones_B/B13037_ano_de_la_reconstruccion_de_la.pdf,https://www.bcra.gob.ar/archivos/Pdfs/comytexord/B13037.pdf,B13037,2026-05-12T15:29:18+00:00,2025-08-14,181776,2,“Año de la Reconstrucción de la Nación Argentina”,true,,
comunicacion_B,data/raw/03_comunicaciones_B/B13038_ano_de_la_reconstruccion_de_la.pdf,https://www.bcra.gob.ar/archivos/Pdfs/comytexord/B13038.pdf,B13038,2026-05-12T15:29:18+00:00,2025-08-19,189985,2,“Año de la Reconstrucción de la Nación Argentina”,true,,
comunicacion_B,data/raw/03_comunicaciones_B/B13039_ano_de_la_reconstruccion_de_la.pdf,https://www.bcra.gob.ar/archivos/Pdfs/comytexord/B13039.pdf,B13039,2026-05-12T15:29:19+00:00,2025-08-20,84505,2,“Año de la Reconstrucción de la Nación Argentina”,true,,
comunicacion_B,data/raw/03_comunicaciones_B/B13040_ano_de_la_reconstruccion_de_la.pdf,https://www.bcra.gob.ar/archivos/Pdfs/comytexord/B13040.pdf,B13040,2026-05-12T15:29:19+00:00,2025-08-20,181778,2,“Año de la Reconstrucción de la Nación Argentina”,true,,
comunicacion_B,data/raw/03_comunicaciones_B/B13041_ano_de_la_reconstruccion_de_la.pdf,https://www.bcra.gob.ar/archivos/Pdfs/comytexord/B13041.pdf,B13041,2026-05-12T15:29:20+00:00,2025-08-27,181757,2,“Año de la Reconstrucción de la Nación Argentina”,true,,
comunicacion_B,data/raw/03_comunicaciones_B/B13042_ano_de_la_reconstruccion_de_la.pdf,https://www.bcra.gob.ar/archivos/Pdfs/comytexord/B13042.pdf,B13042,2026-05-12T15:29:20+00:00,2025-09-01,195412,2,“Año de la Reconstrucción de la Nación Argentina”,true,,
comunicacion_B,data/raw/03_comunicaciones_B/B13043_ano_de_la_reconstruccion_de_la.pdf,https://www.bcra.gob.ar/archivos/Pdfs/comytexord/B13043.pdf,B13043,2026-05-12T15:29:21+00:00,2025-09-01,182707,2,“Año de la Reconstrucción de la Nación Argentina”,true,,
comunicacion_B,data/raw/03_comunicaciones_B/B13044_ano_de_la_reconstruccion_de_la.pdf,https://www.bcra.gob.ar/archivos/Pdfs/comytexord/B13044.pdf,B13044,2026-05-12T15:29:21+00:00,2025-09-10,186832,2,“Año de la Reconstrucción de la Nación Argentina”,true,,
comunicacion_B,data/raw/03_comunicaciones_B/B13045_ano_de_la_reconstruccion_de_la.pdf,https://www.bcra.gob.ar/archivos/Pdfs/comytexord/B13045.pdf,B13045,2026-05-12T15:29:22+00:00,2025-09-10,134865,2,“Año de la Reconstrucción de la Nación Argentina”,true,,
comunicacion_B,data/raw/03_comunicaciones_B/B13046_ano_de_la_reconstruccion_de_la.pdf,https://www.bcra.gob.ar/archivos/Pdfs/comytexord/B13046.pdf,B13046,2026-05-12T15:29:22+00:00,2025-09-10,218982,2,“Año de la Reconstrucción de la Nación Argentina”,true,,
comunicacion_B,data/raw/03_comunicaciones_B/B13047_ano_de_la_reconstruccion_de_la.pdf,https://www.bcra.gob.ar/archivos/Pdfs/comytexord/B13047.pdf,B13047,2026-05-12T15:29:23+00:00,2025-09-15,182740,2,“Año de la Reconstrucción de la Nación Argentina”,true,,
comunicacion_B,data/raw/03_comunicaciones_B/B13048_ano_de_la_reconstruccion_de_la.pdf,https://www.bcra.gob.ar/archivos/Pdfs/comytexord/B13048.pdf,B13048,2026-05-12T15:29:23+00:00,2025-09-16,87083,3,“Año de la Reconstrucción de la Nación Argentina”,true,,
comunicacion_B,data/raw/03_comunicaciones_B/B13050_ano_de_la_reconstruccion_de_la.pdf,https://www.bcra.gob.ar/archivos/Pdfs/comytexord/B13050.pdf,B13050,2026-05-12T15:29:24+00:00,2025-09-18,182701,2,“Año de la Reconstrucción de la Nación Argentina”,true,,
comunicacion_B,data/raw/03_comunicaciones_B/B13049_ano_de_la_reconstruccion_de_la.pdf,https://www.bcra.gob.ar/archivos/Pdfs/comytexord/B13049.pdf,B13049,2026-05-12T15:29:24+00:00,2025-09-17,188979,2,“Año de la Reconstrucción de la Nación Argentina”,true,,
comunicacion_B,data/raw/03_comunicaciones_B/B13051_ano_de_la_reconstruccion_de_la.pdf,https://www.bcra.gob.ar/archivos/Pdfs/comytexord/B13051.pdf,B13051,2026-05-12T15:29:25+00:00,2025-09-19,86354,2,“Año de la Reconstrucción de la Nación Argentina”,true,,
comunicacion_B,data/raw/03_comunicaciones_B/B13052_ano_de_la_reconstruccion_de_la.pdf,https://www.bcra.gob.ar/archivos/Pdfs/comytexord/B13052.pdf,B13052,2026-05-12T15:29:25+00:00,2025-09-22,182734,2,“Año de la Reconstrucción de la Nación Argentina”,true,,
comunicacion_B,data/raw/03_comunicaciones_B/B13053_ano_de_la_reconstruccion_de_la.pdf,https://www.bcra.gob.ar/archivos/Pdfs/comytexord/B13053.pdf,B13053,2026-05-12T15:29:26+00:00,2025-09-23,92017,1,“Año de la Reconstrucción de la Nación Argentina”,true,,
comunicacion_B,data/raw/03_comunicaciones_B/B13054_ano_de_la_reconstruccion_de_la.pdf,https://www.bcra.gob.ar/archivos/Pdfs/comytexord/B13054.pdf,B13054,2026-05-12T15:29:26+00:00,2025-09-25,78323,1,“Año de la Reconstrucción de la Nación Argentina”,true,,
comunicacion_B,data/raw/03_comunicaciones_B/B13055_ano_de_la_reconstruccion_de_la.pdf,https://www.bcra.gob.ar/archivos/Pdfs/comytexord/B13055.pdf,B13055,2026-05-12T15:29:27+00:00,2025-09-29,182732,2,“Año de la Reconstrucción de la Nación Argentina”,true,,
comunicacion_B,data/raw/03_comunicaciones_B/B13056_ano_de_la_reconstruccion_de_la.pdf,https://www.bcra.gob.ar/archivos/Pdfs/comytexord/B13056.pdf,B13056,2026-05-12T15:29:27+00:00,2025-10-01,196367,2,“Año de la Reconstrucción de la Nación Argentina”,true,,
comunicacion_B,data/raw/03_comunicaciones_B/B13057_ano_de_la_reconstruccion_de_la.pdf,https://www.bcra.gob.ar/archivos/Pdfs/comytexord/B13057.pdf,B13057,2026-05-12T15:29:28+00:00,2025-10-07,184501,2,“Año de la Reconstrucción de la Nación Argentina”,true,,
comunicacion_B,data/raw/03_comunicaciones_B/B13058_ano_de_la_reconstruccion_de_la.pdf,https://www.bcra.gob.ar/archivos/Pdfs/comytexord/B13058.pdf,B13058,2026-05-12T15:29:28+00:00,2025-10-09,182737,2,“Año de la Reconstrucción de la Nación Argentina”,true,,
comunicacion_B,data/raw/03_comunicaciones_B/B13059_ano_de_la_reconstruccion_de_la.pdf,https://www.bcra.gob.ar/archivos/Pdfs/comytexord/B13059.pdf,B13059,2026-05-12T15:29:29+00:00,2025-10-14,134896,2,“Año de la Reconstrucción de la Nación Argentina”,true,,
comunicacion_B,data/raw/03_comunicaciones_B/B13060_ano_de_la_reconstruccion_de_la.pdf,https://www.bcra.gob.ar/archivos/Pdfs/comytexord/B13060.pdf,B13060,2026-05-12T15:29:29+00:00,2025-10-14,198944,2,“Año de la Reconstrucción de la Nación Argentina”,true,,
comunicacion_B,data/raw/03_comunicaciones_B/B13061_ano_de_la_reconstruccion_de_la.pdf,https://www.bcra.gob.ar/archivos/Pdfs/comytexord/B13061.pdf,B13061,2026-05-12T15:29:30+00:00,2025-10-14,183688,2,“Año de la Reconstrucción de la Nación Argentina”,true,,
comunicacion_B,data/raw/03_comunicaciones_B/B13062_ano_de_la_reconstruccion_de_la.pdf,https://www.bcra.gob.ar/archivos/Pdfs/comytexord/B13062.pdf,B13062,2026-05-12T15:29:30+00:00,2025-10-16,84653,3,“Año de la Reconstrucción de la Nación Argentina”,true,,
comunicacion_B,data/raw/03_comunicaciones_B/B13063_ano_de_la_reconstruccion_de_la.pdf,https://www.bcra.gob.ar/archivos/Pdfs/comytexord/B13063.pdf,B13063,2026-05-12T15:29:31+00:00,2025-10-16,193261,2,“Año de la Reconstrucción de la Nación Argentina”,true,,
comunicacion_B,data/raw/03_comunicaciones_B/B13064_ano_de_la_reconstruccion_de_la.pdf,https://www.bcra.gob.ar/archivos/Pdfs/comytexord/B13064.pdf,B13064,2026-05-12T15:29:31+00:00,2025-10-20,86477,2,“Año de la Reconstrucción de la Nación Argentina”,true,,
comunicacion_B,data/raw/03_comunicaciones_B/B13065_ano_de_la_reconstruccion_de_la.pdf,https://www.bcra.gob.ar/archivos/Pdfs/comytexord/B13065.pdf,B13065,2026-05-12T15:29:32+00:00,2025-10-20,86776,1,“Año de la Reconstrucción de la Nación Argentina”,true,,
comunicacion_B,data/raw/03_comunicaciones_B/B13066_ano_de_la_reconstruccion_de_la.pdf,https://www.bcra.gob.ar/archivos/Pdfs/comytexord/B13066.pdf,B13066,2026-05-12T15:29:32+00:00,2025-10-27,79639,1,“Año de la Reconstrucción de la Nación Argentina”,true,,
comunicacion_B,data/raw/03_comunicaciones_B/B13067_comunicacion_b_13067_31_10_202.pdf,https://www.bcra.gob.ar/archivos/Pdfs/comytexord/B13067.pdf,B13067,2026-05-12T15:29:33+00:00,2025-10-31,86805,2,COMUNICACIÓN  “B”  13067 31/10/2025,true,,
comunicacion_B,data/raw/03_comunicaciones_B/B13068_ano_de_la_reconstruccion_de_la.pdf,https://www.bcra.gob.ar/archivos/Pdfs/comytexord/B13068.pdf,B13068,2026-05-12T15:29:33+00:00,2025-11-03,195933,2,“Año de la Reconstrucción de la Nación Argentina”,true,,
comunicacion_B,data/raw/03_comunicaciones_B/B13069_ano_de_la_reconstruccion_de_la.pdf,https://www.bcra.gob.ar/archivos/Pdfs/comytexord/B13069.pdf,B13069,2026-05-12T15:29:34+00:00,2025-11-03,182990,2,“Año de la Reconstrucción de la Nación Argentina”,true,,
comunicacion_B,data/raw/03_comunicaciones_B/B13070_ano_de_la_reconstruccion_de_la.pdf,https://www.bcra.gob.ar/archivos/Pdfs/comytexord/B13070.pdf,B13070,2026-05-12T15:29:34+00:00,2025-11-05,183107,2,“Año de la Reconstrucción de la Nación Argentina”,true,,
comunicacion_B,data/raw/03_comunicaciones_B/B13071_ano_de_la_reconstruccion_de_la.pdf,https://www.bcra.gob.ar/archivos/Pdfs/comytexord/B13071.pdf,B13071,2026-05-12T15:29:35+00:00,2025-11-05,184131,2,“Año de la Reconstrucción de la Nación Argentina”,true,,
comunicacion_B,data/raw/03_comunicaciones_B/B13072_ano_de_la_reconstruccion_de_la.pdf,https://www.bcra.gob.ar/archivos/Pdfs/comytexord/B13072.pdf,B13072,2026-05-12T15:29:35+00:00,2025-11-10,183673,2,“Año de la Reconstrucción de la Nación Argentina”,true,,
comunicacion_B,data/raw/03_comunicaciones_B/B13073_ano_de_la_reconstruccion_de_la.pdf,https://www.bcra.gob.ar/archivos/Pdfs/comytexord/B13073.pdf,B13073,2026-05-12T15:29:36+00:00,2025-11-11,125061,4,“Año de la Reconstrucción de la Nación Argentina”,true,,
comunicacion_B,data/raw/03_comunicaciones_B/B13074_ano_de_la_reconstruccion_de_la.pdf,https://www.bcra.gob.ar/archivos/Pdfs/comytexord/B13074.pdf,B13074,2026-05-12T15:29:36+00:00,2025-11-12,134854,2,“Año de la Reconstrucción de la Nación Argentina”,true,,
comunicacion_B,data/raw/03_comunicaciones_B/B13075_ano_de_la_reconstruccion_de_la.pdf,https://www.bcra.gob.ar/archivos/Pdfs/comytexord/B13075.pdf,B13075,2026-05-12T15:29:37+00:00,2025-11-12,218068,2,“Año de la Reconstrucción de la Nación Argentina”,true,,
comunicacion_B,data/raw/03_comunicaciones_B/B13076_ano_de_la_reconstruccion_de_la.pdf,https://www.bcra.gob.ar/archivos/Pdfs/comytexord/B13076.pdf,B13076,2026-05-12T15:29:37+00:00,2025-11-12,183656,2,“Año de la Reconstrucción de la Nación Argentina”,true,,
comunicacion_B,data/raw/03_comunicaciones_B/B13077_ano_de_la_reconstruccion_de_la.pdf,https://www.bcra.gob.ar/archivos/Pdfs/comytexord/B13077.pdf,B13077,2026-05-12T15:29:38+00:00,2025-11-14,84120,3,“Año de la Reconstrucción de la Nación Argentina”,true,,
comunicacion_B,data/raw/03_comunicaciones_B/B13078_ano_de_la_reconstruccion_de_la.pdf,https://www.bcra.gob.ar/archivos/Pdfs/comytexord/B13078.pdf,B13078,2026-05-12T15:29:38+00:00,2025-11-17,141722,1,“Año de la Reconstrucción de la Nación Argentina”,true,,
comunicacion_B,data/raw/03_comunicaciones_B/B13079_ano_de_la_reconstruccion_de_la.pdf,https://www.bcra.gob.ar/archivos/Pdfs/comytexord/B13079.pdf,B13079,2026-05-12T15:29:39+00:00,2025-11-17,182169,2,“Año de la Reconstrucción de la Nación Argentina”,true,,
comunicacion_B,data/raw/03_comunicaciones_B/B13080_ano_de_la_reconstruccion_de_la.pdf,https://www.bcra.gob.ar/archivos/Pdfs/comytexord/B13080.pdf,B13080,2026-05-12T15:29:39+00:00,2025-11-18,188903,2,“Año de la Reconstrucción de la Nación Argentina”,true,,
comunicacion_B,data/raw/03_comunicaciones_B/B13081_ano_de_la_reconstruccion_de_la.pdf,https://www.bcra.gob.ar/archivos/Pdfs/comytexord/B13081.pdf,B13081,2026-05-12T15:29:40+00:00,2025-11-20,86356,2,“Año de la Reconstrucción de la Nación Argentina”,true,,
comunicacion_B,data/raw/03_comunicaciones_B/B13082_ano_de_la_reconstruccion_de_la.pdf,https://www.bcra.gob.ar/archivos/Pdfs/comytexord/B13082.pdf,B13082,2026-05-12T15:29:40+00:00,2025-11-26,80789,1,“Año de la Reconstrucción de la Nación Argentina”,true,,
comunicacion_B,data/raw/03_comunicaciones_B/B13083_ano_de_la_reconstruccion_de_la.pdf,https://www.bcra.gob.ar/archivos/Pdfs/comytexord/B13083.pdf,B13083,2026-05-12T15:29:41+00:00,2025-11-28,182719,2,“Año de la Reconstrucción de la Nación Argentina”,true,,
comunicacion_B,data/raw/03_comunicaciones_B/B13084_ano_de_la_reconstruccion_de_la.pdf,https://www.bcra.gob.ar/archivos/Pdfs/comytexord/B13084.pdf,B13084,2026-05-12T15:29:41+00:00,2025-12-01,195183,2,“Año de la Reconstrucción de la Nación Argentina”,true,,
comunicacion_B,data/raw/03_comunicaciones_B/B13085_ano_de_la_reconstruccion_de_la.pdf,https://www.bcra.gob.ar/archivos/Pdfs/comytexord/B13085.pdf,B13085,2026-05-12T15:29:42+00:00,2025-12-03,80028,1,“Año de la Reconstrucción de la Nación Argentina”,true,,
comunicacion_B,data/raw/03_comunicaciones_B/B13086_ano_de_la_reconstruccion_de_la.pdf,https://www.bcra.gob.ar/archivos/Pdfs/comytexord/B13086.pdf,B13086,2026-05-12T15:29:42+00:00,2025-12-04,184975,2,“Año de la Reconstrucción de la Nación Argentina”,true,,
comunicacion_B,data/raw/03_comunicaciones_B/B13087_ano_de_la_reconstruccion_de_la.pdf,https://www.bcra.gob.ar/archivos/Pdfs/comytexord/B13087.pdf,B13087,2026-05-12T15:29:43+00:00,2025-12-05,183665,2,“Año de la Reconstrucción de la Nación Argentina”,true,,
comunicacion_B,data/raw/03_comunicaciones_B/B13088_ano_de_la_reconstruccion_de_la.pdf,https://www.bcra.gob.ar/archivos/Pdfs/comytexord/B13088.pdf,B13088,2026-05-12T15:29:43+00:00,2025-12-11,79447,1,“Año de la Reconstrucción de la Nación Argentina”,true,,
comunicacion_B,data/raw/03_comunicaciones_B/B13089_ano_de_la_reconstruccion_de_la.pdf,https://www.bcra.gob.ar/archivos/Pdfs/comytexord/B13089.pdf,B13089,2026-05-12T15:29:44+00:00,2025-12-11,183093,2,“Año de la Reconstrucción de la Nación Argentina”,true,,
comunicacion_B,data/raw/03_comunicaciones_B/B13090_ano_de_la_reconstruccion_de_la.pdf,https://www.bcra.gob.ar/archivos/Pdfs/comytexord/B13090.pdf,B13090,2026-05-12T15:29:44+00:00,2025-12-11,134876,2,“Año de la Reconstrucción de la Nación Argentina”,true,,
comunicacion_B,data/raw/03_comunicaciones_B/B13091_ano_de_la_reconstruccion_de_la.pdf,https://www.bcra.gob.ar/archivos/Pdfs/comytexord/B13091.pdf,B13091,2026-05-12T15:29:45+00:00,2025-12-11,219060,2,“Año de la Reconstrucción de la Nación Argentina”,true,,
comunicacion_B,data/raw/03_comunicaciones_B/B13092_ano_de_la_reconstruccion_de_la.pdf,https://www.bcra.gob.ar/archivos/Pdfs/comytexord/B13092.pdf,B13092,2026-05-12T15:29:45+00:00,2025-12-15,183099,2,“Año de la Reconstrucción de la Nación Argentina”,true,,
comunicacion_B,data/raw/03_comunicaciones_B/B13093_ano_de_la_reconstruccion_de_la.pdf,https://www.bcra.gob.ar/archivos/Pdfs/comytexord/B13093.pdf,B13093,2026-05-12T15:29:46+00:00,2025-12-16,85542,3,“Año de la Reconstrucción de la Nación Argentina”,true,,
comunicacion_B,data/raw/03_comunicaciones_B/B13094_ano_de_la_reconstruccion_de_la.pdf,https://www.bcra.gob.ar/archivos/Pdfs/comytexord/B13094.pdf,B13094,2026-05-12T15:29:46+00:00,2025-12-16,117620,1,“Año de la Reconstrucción de la Nación Argentina”,true,,
comunicacion_B,data/raw/03_comunicaciones_B/B13095_ano_de_la_reconstruccion_de_la.pdf,https://www.bcra.gob.ar/archivos/Pdfs/comytexord/B13095.pdf,B13095,2026-05-12T15:29:47+00:00,2025-12-17,188973,2,“Año de la Reconstrucción de la Nación Argentina”,true,,
comunicacion_B,data/raw/03_comunicaciones_B/B13096_ano_de_la_reconstruccion_de_la.pdf,https://www.bcra.gob.ar/archivos/Pdfs/comytexord/B13096.pdf,B13096,2026-05-12T15:29:48+00:00,2025-12-19,86720,2,“Año de la Reconstrucción de la Nación Argentina”,true,,
comunicacion_B,data/raw/03_comunicaciones_B/B13097_ano_de_la_reconstruccion_de_la.pdf,https://www.bcra.gob.ar/archivos/Pdfs/comytexord/B13097.pdf,B13097,2026-05-12T15:29:48+00:00,2025-12-23,80081,1,“Año de la Reconstrucción de la Nación Argentina”,true,,
comunicacion_B,data/raw/03_comunicaciones_B/B13098_ano_de_la_reconstruccion_de_la.pdf,https://www.bcra.gob.ar/archivos/Pdfs/comytexord/B13098.pdf,B13098,2026-05-12T15:29:49+00:00,2025-12-29,235988,12,“Año de la Reconstrucción de la Nación Argentina”,true,,
comunicacion_B,data/raw/03_comunicaciones_B/B13099_comunicacion_b_13099_02_01_202.pdf,https://www.bcra.gob.ar/archivos/Pdfs/comytexord/B13099.pdf,B13099,2026-05-12T15:29:49+00:00,2026-01-02,193807,2,COMUNICACIÓN  “B”  13099 02/01/2026,true,,
comunicacion_B,data/raw/03_comunicaciones_B/B13100_comunicacion_b_13100_06_01_202.pdf,https://www.bcra.gob.ar/archivos/Pdfs/comytexord/B13100.pdf,B13100,2026-05-12T15:29:50+00:00,2026-01-06,182842,2,COMUNICACIÓN  “B”  13100 06/01/2026,true,,
comunicacion_B,data/raw/03_comunicaciones_B/B13101_comunicacion_b_13101_06_01_202.pdf,https://www.bcra.gob.ar/archivos/Pdfs/comytexord/B13101.pdf,B13101,2026-05-12T15:29:50+00:00,2026-01-06,182282,2,COMUNICACIÓN  “B”  13101 06/01/2026,true,,
comunicacion_B,data/raw/03_comunicaciones_B/B13102_comunicacion_b_13102_07_01_202.pdf,https://www.bcra.gob.ar/archivos/Pdfs/comytexord/B13102.pdf,B13102,2026-05-12T15:29:51+00:00,2026-01-07,140400,2,COMUNICACIÓN  “B”  13102 07/01/2026,true,,
comunicacion_B,data/raw/03_comunicaciones_B/B13103_comunicacion_b_13103_07_01_202.pdf,https://www.bcra.gob.ar/archivos/Pdfs/comytexord/B13103.pdf,B13103,2026-05-12T15:29:51+00:00,2026-01-07,83505,1,COMUNICACIÓN  “B”  13103 07/01/2026,true,,
comunicacion_B,data/raw/03_comunicaciones_B/B13104_comunicacion_b_13104_09_01_202.pdf,https://www.bcra.gob.ar/archivos/Pdfs/comytexord/B13104.pdf,B13104,2026-05-12T15:29:52+00:00,2026-01-09,182850,2,COMUNICACIÓN  “B”  13104 09/01/2026,true,,
comunicacion_B,data/raw/03_comunicaciones_B/B13105_comunicacion_b_13105_13_01_202.pdf,https://www.bcra.gob.ar/archivos/Pdfs/comytexord/B13105.pdf,B13105,2026-05-12T15:29:52+00:00,2026-01-13,255445,5,COMUNICACIÓN  “B”  13105 13/01/2026,true,,
comunicacion_B,data/raw/03_comunicaciones_B/B13106_comunicacion_b_13106_13_01_202.pdf,https://www.bcra.gob.ar/archivos/Pdfs/comytexord/B13106.pdf,B13106,2026-05-12T15:29:53+00:00,2026-01-13,134401,2,COMUNICACIÓN  “B”  13106 13/01/2026,true,,
comunicacion_B,data/raw/03_comunicaciones_B/B13107_comunicacion_b_13107_13_01_202.pdf,https://www.bcra.gob.ar/archivos/Pdfs/comytexord/B13107.pdf,B13107,2026-05-12T15:29:53+00:00,2026-01-13,216655,2,COMUNICACIÓN  “B”  13107 13/01/2026,true,,
comunicacion_B,data/raw/03_comunicaciones_B/B13108_comunicacion_b_13108_14_01_202.pdf,https://www.bcra.gob.ar/archivos/Pdfs/comytexord/B13108.pdf,B13108,2026-05-12T15:29:54+00:00,2026-01-14,81180,1,COMUNICACIÓN  “B”  13108 14/01/2026,true,,
comunicacion_B,data/raw/03_comunicaciones_B/B13109_comunicacion_b_13109_16_01_202.pdf,https://www.bcra.gob.ar/archivos/Pdfs/comytexord/B13109.pdf,B13109,2026-05-12T15:29:54+00:00,2026-01-16,85106,3,COMUNICACIÓN  “B”  13109 16/01/2026,true,,
comunicacion_B,data/raw/03_comunicaciones_B/B13110_comunicacion_b_13110_19_01_202.pdf,https://www.bcra.gob.ar/archivos/Pdfs/comytexord/B13110.pdf,B13110,2026-05-12T15:29:55+00:00,2026-01-19,187319,2,COMUNICACIÓN  “B”  13110 19/01/2026,true,,
comunicacion_B,data/raw/03_comunicaciones_B/B13111_comunicacion_b_13111_20_01_202.pdf,https://www.bcra.gob.ar/archivos/Pdfs/comytexord/B13111.pdf,B13111,2026-05-12T15:29:55+00:00,2026-01-20,132921,2,COMUNICACIÓN  “B”  13111 20/01/2026,true,,
comunicacion_B,data/raw/03_comunicaciones_B/B13112_comunicacion_b_13112_20_01_202.pdf,https://www.bcra.gob.ar/archivos/Pdfs/comytexord/B13112.pdf,B13112,2026-05-12T15:29:56+00:00,2026-01-20,182317,2,COMUNICACIÓN  “B”  13112 20/01/2026,true,,
comunicacion_B,data/raw/03_comunicaciones_B/B13113_comunicacion_b_13113_22_01_202.pdf,https://www.bcra.gob.ar/archivos/Pdfs/comytexord/B13113.pdf,B13113,2026-05-12T15:29:56+00:00,2026-01-22,182539,2,COMUNICACIÓN  “B”  13113 22/01/2026,true,,
comunicacion_B,data/raw/03_comunicaciones_B/B13114_2026_ano_de_la_grandeza_argent.pdf,https://www.bcra.gob.ar/archivos/Pdfs/comytexord/B13114.pdf,B13114,2026-05-12T15:29:57+00:00,2026-02-02,142871,2,"""2026 - AÑO DE LA GRANDEZA ARGENTINA""",true,,
comunicacion_B,data/raw/03_comunicaciones_B/B13115_2026_ano_de_la_grandeza_argent.pdf,https://www.bcra.gob.ar/archivos/Pdfs/comytexord/B13115.pdf,B13115,2026-05-12T15:29:57+00:00,2026-02-04,82046,1,"""2026 - AÑO DE LA GRANDEZA ARGENTINA""",true,,
comunicacion_B,data/raw/03_comunicaciones_B/B13116_2026_ano_de_la_grandeza_argent.pdf,https://www.bcra.gob.ar/archivos/Pdfs/comytexord/B13116.pdf,B13116,2026-05-12T15:29:58+00:00,2026-02-06,183340,2,"""2026 - AÑO DE LA GRANDEZA ARGENTINA""",true,,
comunicacion_B,data/raw/03_comunicaciones_B/B13117_comunicacion_b_13117_10_02_202.pdf,https://www.bcra.gob.ar/archivos/Pdfs/comytexord/B13117.pdf,B13117,2026-05-12T15:29:58+00:00,2026-02-10,103447,2,COMUNICACIÓN  “B”  13117 10/02/2026,true,,
comunicacion_B,data/raw/03_comunicaciones_B/B13118_2026_ano_de_la_grandeza_argent.pdf,https://www.bcra.gob.ar/archivos/Pdfs/comytexord/B13118.pdf,B13118,2026-05-12T15:29:59+00:00,2026-02-10,139269,2,"""2026 - AÑO DE LA GRANDEZA ARGENTINA""",true,,
comunicacion_B,data/raw/03_comunicaciones_B/B13119_2026_ano_de_la_grandeza_argent.pdf,https://www.bcra.gob.ar/archivos/Pdfs/comytexord/B13119.pdf,B13119,2026-05-12T15:29:59+00:00,2026-02-10,216914,2,"""2026 - AÑO DE LA GRANDEZA ARGENTINA""",true,,
comunicacion_B,data/raw/03_comunicaciones_B/B13120_comunicacion_b_13120_11_02_202.pdf,https://www.bcra.gob.ar/archivos/Pdfs/comytexord/B13120.pdf,B13120,2026-05-12T15:30:00+00:00,2026-02-11,87301,3,COMUNICACIÓN  “B”  13120 11/02/2026,true,,
comunicacion_B,data/raw/03_comunicaciones_B/B13121_2026_ano_de_la_grandeza_argent.pdf,https://www.bcra.gob.ar/archivos/Pdfs/comytexord/B13121.pdf,B13121,2026-05-12T15:30:00+00:00,2026-02-12,138437,2,"""2026 - AÑO DE LA GRANDEZA ARGENTINA""",true,,
comunicacion_B,data/raw/03_comunicaciones_B/B13122_2026_ano_de_la_grandeza_argent.pdf,https://www.bcra.gob.ar/archivos/Pdfs/comytexord/B13122.pdf,B13122,2026-05-12T15:30:01+00:00,2026-02-13,138437,2,"""2026 - AÑO DE LA GRANDEZA ARGENTINA""",true,,
comunicacion_B,data/raw/03_comunicaciones_B/B13123_2026_ano_de_la_grandeza_argent.pdf,https://www.bcra.gob.ar/archivos/Pdfs/comytexord/B13123.pdf,B13123,2026-05-12T15:30:01+00:00,2026-02-19,187610,2,"""2026 - AÑO DE LA GRANDEZA ARGENTINA""",true,,
comunicacion_B,data/raw/03_comunicaciones_B/B13124_2026_ano_de_la_grandeza_argent.pdf,https://www.bcra.gob.ar/archivos/Pdfs/comytexord/B13124.pdf,B13124,2026-05-12T15:30:02+00:00,2026-02-20,85364,2,"""2026 - AÑO DE LA GRANDEZA ARGENTINA""",true,,
comunicacion_B,data/raw/03_comunicaciones_B/B13125_2026_ano_de_la_grandeza_argent.pdf,https://www.bcra.gob.ar/archivos/Pdfs/comytexord/B13125.pdf,B13125,2026-05-12T15:30:02+00:00,2026-02-23,138482,2,"""2026 - AÑO DE LA GRANDEZA ARGENTINA""",true,,
comunicacion_B,data/raw/03_comunicaciones_B/B13126_2026_ano_de_la_grandeza_argent.pdf,https://www.bcra.gob.ar/archivos/Pdfs/comytexord/B13126.pdf,B13126,2026-05-12T15:30:03+00:00,2026-02-25,138432,2,"""2026 - AÑO DE LA GRANDEZA ARGENTINA""",true,,
comunicacion_B,data/raw/03_comunicaciones_B/B13127_2026_ano_de_la_grandeza_argent.pdf,https://www.bcra.gob.ar/archivos/Pdfs/comytexord/B13127.pdf,B13127,2026-05-12T15:30:03+00:00,2026-02-26,124781,4,"""2026 - AÑO DE LA GRANDEZA ARGENTINA""",true,,
comunicacion_B,data/raw/03_comunicaciones_B/B13128_2026_ano_de_la_grandeza_argent.pdf,https://www.bcra.gob.ar/archivos/Pdfs/comytexord/B13128.pdf,B13128,2026-05-12T15:30:04+00:00,2026-02-27,84728,1,"""2026 - AÑO DE LA GRANDEZA ARGENTINA""",true,,
comunicacion_B,data/raw/03_comunicaciones_B/B13129_2026_ano_de_la_grandeza_argent.pdf,https://www.bcra.gob.ar/archivos/Pdfs/comytexord/B13129.pdf,B13129,2026-05-12T15:30:04+00:00,2026-03-02,142532,2,"""2026 - AÑO DE LA GRANDEZA ARGENTINA""",true,,
comunicacion_B,data/raw/03_comunicaciones_B/B13130_2026_ano_de_la_grandeza_argent.pdf,https://www.bcra.gob.ar/archivos/Pdfs/comytexord/B13130.pdf,B13130,2026-05-12T15:30:05+00:00,2026-03-02,138446,2,"""2026 - AÑO DE LA GRANDEZA ARGENTINA""",true,,
comunicacion_B,data/raw/03_comunicaciones_B/B13131_2026_ano_de_la_grandeza_argent.pdf,https://www.bcra.gob.ar/archivos/Pdfs/comytexord/B13131.pdf,B13131,2026-05-12T15:30:05+00:00,2026-03-04,182882,2,"""2026 - AÑO DE LA GRANDEZA ARGENTINA""",true,,
comunicacion_B,data/raw/03_comunicaciones_B/B13132_2026_ano_de_la_grandeza_argent.pdf,https://www.bcra.gob.ar/archivos/Pdfs/comytexord/B13132.pdf,B13132,2026-05-12T15:30:06+00:00,2026-03-05,124710,4,"""2026 - AÑO DE LA GRANDEZA ARGENTINA""",true,,
comunicacion_B,data/raw/03_comunicaciones_B/B13133_2026_ano_de_la_grandeza_argent.pdf,https://www.bcra.gob.ar/archivos/Pdfs/comytexord/B13133.pdf,B13133,2026-05-12T15:30:06+00:00,2026-03-12,139297,2,"""2026 - AÑO DE LA GRANDEZA ARGENTINA""",true,,
comunicacion_B,data/raw/03_comunicaciones_B/B13134_2026_ano_de_la_grandeza_argent.pdf,https://www.bcra.gob.ar/archivos/Pdfs/comytexord/B13134.pdf,B13134,2026-05-12T15:30:07+00:00,2026-03-12,215946,2,"""2026 - AÑO DE LA GRANDEZA ARGENTINA""",true,,
comunicacion_B,data/raw/03_comunicaciones_B/B13135_2026_ano_de_la_grandeza_argent.pdf,https://www.bcra.gob.ar/archivos/Pdfs/comytexord/B13135.pdf,B13135,2026-05-12T15:30:07+00:00,2026-03-13,79566,1,"""2026 - AÑO DE LA GRANDEZA ARGENTINA""",true,,
comunicacion_B,data/raw/03_comunicaciones_B/B13136_2026_ano_de_la_grandeza_argent.pdf,https://www.bcra.gob.ar/archivos/Pdfs/comytexord/B13136.pdf,B13136,2026-05-12T15:30:08+00:00,2026-03-16,87578,3,"""2026 - AÑO DE LA GRANDEZA ARGENTINA""",true,,
comunicacion_B,data/raw/03_comunicaciones_B/B13137_2026_ano_de_la_grandeza_argent.pdf,https://www.bcra.gob.ar/archivos/Pdfs/comytexord/B13137.pdf,B13137,2026-05-12T15:30:08+00:00,2026-03-17,186394,2,"""2026 - AÑO DE LA GRANDEZA ARGENTINA""",true,,
comunicacion_B,data/raw/03_comunicaciones_B/B13138_2026_ano_de_la_grandeza_argent.pdf,https://www.bcra.gob.ar/archivos/Pdfs/comytexord/B13138.pdf,B13138,2026-05-12T15:30:09+00:00,2026-03-18,113672,2,"""2026 - AÑO DE LA GRANDEZA ARGENTINA""",true,,
comunicacion_B,data/raw/03_comunicaciones_B/B13139_2026_ano_de_la_grandeza_argent.pdf,https://www.bcra.gob.ar/archivos/Pdfs/comytexord/B13139.pdf,B13139,2026-05-12T15:30:09+00:00,2026-03-20,85988,2,"""2026 - AÑO DE LA GRANDEZA ARGENTINA""",true,,
comunicacion_B,data/raw/03_comunicaciones_B/B13140_2026_ano_de_la_grandeza_argent.pdf,https://www.bcra.gob.ar/archivos/Pdfs/comytexord/B13140.pdf,B13140,2026-05-12T15:30:10+00:00,2026-03-20,138438,2,"""2026 - AÑO DE LA GRANDEZA ARGENTINA""",true,,
comunicacion_B,data/raw/03_comunicaciones_B/B13141_2026_ano_de_la_grandeza_argent.pdf,https://www.bcra.gob.ar/archivos/Pdfs/comytexord/B13141.pdf,B13141,2026-05-12T15:30:10+00:00,2026-03-20,82453,1,"""2026 - AÑO DE LA GRANDEZA ARGENTINA""",true,,
comunicacion_B,data/raw/03_comunicaciones_B/B13142_2026_ano_de_la_grandeza_argent.pdf,https://www.bcra.gob.ar/archivos/Pdfs/comytexord/B13142.pdf,B13142,2026-05-12T15:30:11+00:00,2026-03-25,138421,2,"""2026 - AÑO DE LA GRANDEZA ARGENTINA""",true,,
comunicacion_B,data/raw/03_comunicaciones_B/B13143_2026_ano_de_la_grandeza_argent.pdf,https://www.bcra.gob.ar/archivos/Pdfs/comytexord/B13143.pdf,B13143,2026-05-12T15:30:11+00:00,2026-03-26,138430,2,"""2026 - AÑO DE LA GRANDEZA ARGENTINA""",true,,
comunicacion_B,data/raw/03_comunicaciones_B/B13144_2026_ano_de_la_grandeza_argent.pdf,https://www.bcra.gob.ar/archivos/Pdfs/comytexord/B13144.pdf,B13144,2026-05-12T15:30:12+00:00,2026-03-27,138442,2,"""2026 - AÑO DE LA GRANDEZA ARGENTINA""",true,,
comunicacion_B,data/raw/03_comunicaciones_B/B13145_2026_ano_de_la_grandeza_argent.pdf,https://www.bcra.gob.ar/archivos/Pdfs/comytexord/B13145.pdf,B13145,2026-05-12T15:30:12+00:00,2026-03-27,79824,1,"""2026 - AÑO DE LA GRANDEZA ARGENTINA""",true,,
comunicacion_B,data/raw/03_comunicaciones_B/B13146_2026_ano_de_la_grandeza_argent.pdf,https://www.bcra.gob.ar/archivos/Pdfs/comytexord/B13146.pdf,B13146,2026-05-12T15:30:13+00:00,2026-03-31,138412,2,"""2026 - AÑO DE LA GRANDEZA ARGENTINA""",true,,
comunicacion_B,data/raw/03_comunicaciones_B/B13147_2026_ano_de_la_grandeza_argent.pdf,https://www.bcra.gob.ar/archivos/Pdfs/comytexord/B13147.pdf,B13147,2026-05-12T15:30:13+00:00,2026-04-01,143160,2,"""2026 - AÑO DE LA GRANDEZA ARGENTINA""",true,,
comunicacion_B,data/raw/03_comunicaciones_B/B13148_2026_ano_de_la_grandeza_argent.pdf,https://www.bcra.gob.ar/archivos/Pdfs/comytexord/B13148.pdf,B13148,2026-05-12T15:30:14+00:00,2026-04-07,139455,2,"""2026 - AÑO DE LA GRANDEZA ARGENTINA""",true,,
comunicacion_B,data/raw/03_comunicaciones_B/B13149_2026_ano_de_la_grandeza_argent.pdf,https://www.bcra.gob.ar/archivos/Pdfs/comytexord/B13149.pdf,B13149,2026-05-12T15:30:14+00:00,2026-04-08,139440,2,"""2026 - AÑO DE LA GRANDEZA ARGENTINA""",true,,
comunicacion_B,data/raw/03_comunicaciones_B/B13150_2026_ano_de_la_grandeza_argent.pdf,https://www.bcra.gob.ar/archivos/Pdfs/comytexord/B13150.pdf,B13150,2026-05-12T15:30:15+00:00,2026-04-09,184267,2,"""2026 - AÑO DE LA GRANDEZA ARGENTINA""",true,,
comunicacion_B,data/raw/03_comunicaciones_B/B13151_2026_ano_de_la_grandeza_argent.pdf,https://www.bcra.gob.ar/archivos/Pdfs/comytexord/B13151.pdf,B13151,2026-05-12T15:30:15+00:00,2026-04-10,80734,1,"""2026 - AÑO DE LA GRANDEZA ARGENTINA""",true,,
comunicacion_B,data/raw/03_comunicaciones_B/B13152_2026_ano_de_la_grandeza_argent.pdf,https://www.bcra.gob.ar/archivos/Pdfs/comytexord/B13152.pdf,B13152,2026-05-12T15:30:16+00:00,2026-04-10,95710,1,"""2026 - AÑO DE LA GRANDEZA ARGENTINA""",true,,
comunicacion_B,data/raw/03_comunicaciones_B/B13153_2026_ano_de_la_grandeza_argent.pdf,https://www.bcra.gob.ar/archivos/Pdfs/comytexord/B13153.pdf,B13153,2026-05-12T15:30:16+00:00,2026-04-10,138424,2,"""2026 - AÑO DE LA GRANDEZA ARGENTINA""",true,,
comunicacion_B,data/raw/03_comunicaciones_B/B13154_2026_ano_de_la_grandeza_argent.pdf,https://www.bcra.gob.ar/archivos/Pdfs/comytexord/B13154.pdf,B13154,2026-05-12T15:30:17+00:00,2026-04-13,138421,2,"""2026 - AÑO DE LA GRANDEZA ARGENTINA""",true,,
comunicacion_B,data/raw/03_comunicaciones_B/B13155_2026_ano_de_la_grandeza_argent.pdf,https://www.bcra.gob.ar/archivos/Pdfs/comytexord/B13155.pdf,B13155,2026-05-12T15:30:17+00:00,2026-04-14,139302,2,"""2026 - AÑO DE LA GRANDEZA ARGENTINA""",true,,
comunicacion_B,data/raw/03_comunicaciones_B/B13156_2026_ano_de_la_grandeza_argent.pdf,https://www.bcra.gob.ar/archivos/Pdfs/comytexord/B13156.pdf,B13156,2026-05-12T15:30:18+00:00,2026-04-14,196753,2,"""2026 - AÑO DE LA GRANDEZA ARGENTINA""",true,,
comunicacion_B,data/raw/03_comunicaciones_B/B13157_2026_ano_de_la_grandeza_argent.pdf,https://www.bcra.gob.ar/archivos/Pdfs/comytexord/B13157.pdf,B13157,2026-05-12T15:30:18+00:00,2026-04-14,138431,2,"""2026 - AÑO DE LA GRANDEZA ARGENTINA""",true,,
comunicacion_B,data/raw/03_comunicaciones_B/B13158_2026_ano_de_la_grandeza_argent.pdf,https://www.bcra.gob.ar/archivos/Pdfs/comytexord/B13158.pdf,B13158,2026-05-12T15:30:19+00:00,2026-04-15,139436,2,"""2026 - AÑO DE LA GRANDEZA ARGENTINA""",true,,
comunicacion_B,data/raw/03_comunicaciones_B/B13159_2026_ano_de_la_grandeza_argent.pdf,https://www.bcra.gob.ar/archivos/Pdfs/comytexord/B13159.pdf,B13159,2026-05-12T15:30:19+00:00,2026-04-16,89686,3,"""2026 - AÑO DE LA GRANDEZA ARGENTINA""",true,,
comunicacion_B,data/raw/03_comunicaciones_B/B13160_2026_ano_de_la_grandeza_argent.pdf,https://www.bcra.gob.ar/archivos/Pdfs/comytexord/B13160.pdf,B13160,2026-05-12T15:30:20+00:00,2026-04-16,138433,2,"""2026 - AÑO DE LA GRANDEZA ARGENTINA""",true,,
comunicacion_B,data/raw/03_comunicaciones_B/B13161_2026_ano_de_la_grandeza_argent.pdf,https://www.bcra.gob.ar/archivos/Pdfs/comytexord/B13161.pdf,B13161,2026-05-12T15:30:20+00:00,2026-04-16,186411,2,"""2026 - AÑO DE LA GRANDEZA ARGENTINA""",true,,
comunicacion_B,data/raw/03_comunicaciones_B/B13162_2026_ano_de_la_grandeza_argent.pdf,https://www.bcra.gob.ar/archivos/Pdfs/comytexord/B13162.pdf,B13162,2026-05-12T15:30:21+00:00,2026-04-17,138414,2,"""2026 - AÑO DE LA GRANDEZA ARGENTINA""",true,,
comunicacion_B,data/raw/03_comunicaciones_B/B13163_2026_ano_de_la_grandeza_argent.pdf,https://www.bcra.gob.ar/archivos/Pdfs/comytexord/B13163.pdf,B13163,2026-05-12T15:30:21+00:00,2026-04-20,85756,2,"""2026 - AÑO DE LA GRANDEZA ARGENTINA""",true,,
comunicacion_B,data/raw/03_comunicaciones_B/B13164_2026_ano_de_la_grandeza_argent.pdf,https://www.bcra.gob.ar/archivos/Pdfs/comytexord/B13164.pdf,B13164,2026-05-12T15:30:22+00:00,2026-04-21,264296,8,"""2026 - AÑO DE LA GRANDEZA ARGENTINA""",true,,
comunicacion_B,data/raw/03_comunicaciones_B/B13165_2026_ano_de_la_grandeza_argent.pdf,https://www.bcra.gob.ar/archivos/Pdfs/comytexord/B13165.pdf,B13165,2026-05-12T15:30:22+00:00,2026-04-24,138412,2,"""2026 - AÑO DE LA GRANDEZA ARGENTINA""",true,,
comunicacion_B,data/raw/03_comunicaciones_B/B13166_2026_ano_de_la_grandeza_argent.pdf,https://www.bcra.gob.ar/archivos/Pdfs/comytexord/B13166.pdf,B13166,2026-05-12T15:30:23+00:00,2026-04-28,138389,2,"""2026 - AÑO DE LA GRANDEZA ARGENTINA""",true,,
comunicacion_B,data/raw/03_comunicaciones_B/B13168_2026_ano_de_la_grandeza_argent.pdf,https://www.bcra.gob.ar/archivos/Pdfs/comytexord/B13168.pdf,B13168,2026-05-12T15:30:39+00:00,2026-05-04,143438,2,"""2026 - AÑO DE LA GRANDEZA ARGENTINA""",true,,
comunicacion_B,data/raw/03_comunicaciones_B/B13167_2026_ano_de_la_grandeza_argent.pdf,https://www.bcra.gob.ar/archivos/Pdfs/comytexord/B13167.pdf,B13167,2026-05-12T15:30:39+00:00,2026-04-30,138390,2,"""2026 - AÑO DE LA GRANDEZA ARGENTINA""",true,,
comunicacion_B,data/raw/03_comunicaciones_B/B13169_2026_ano_de_la_grandeza_argent.pdf,https://www.bcra.gob.ar/archivos/Pdfs/comytexord/B13169.pdf,B13169,2026-05-12T15:30:40+00:00,2026-05-08,184350,2,"""2026 - AÑO DE LA GRANDEZA ARGENTINA""",true,,
comunicacion_B,data/raw/03_comunicaciones_B/B13170_2026_ano_de_la_grandeza_argent.pdf,https://www.bcra.gob.ar/archivos/Pdfs/comytexord/B13170.pdf,B13170,2026-05-12T15:30:40+00:00,2026-05-11,138383,2,"""2026 - AÑO DE LA GRANDEZA ARGENTINA""",true,,
comunicacion_B,data/raw/03_comunicaciones_B/B12787_ano_de_la_defensa_de_la_vida_l.pdf,https://www.bcra.gob.ar/archivos/Pdfs/comytexord/B12787.pdf,B12787,2026-05-12T19:36:13+00:00,2024-04-19,84667,2,"“AÑO DE LA DEFENSA DE LA VIDA, LA LIBERTAD Y LA PROPIEDAD""",true,,
comunicacion_B,data/raw/03_comunicaciones_B/B12790_ano_de_la_defensa_de_la_vida_l.pdf,https://www.bcra.gob.ar/archivos/Pdfs/comytexord/B12790.pdf,B12790,2026-05-12T19:36:13+00:00,2024-04-24,88170,1,"""AÑO DE LA DEFENSA DE LA VIDA, LA LIBERTAD Y LA PROPIEDAD""",true,,
marco_legal,data/raw/00_marco_legal/Ley_21526_LEF.html,https://servicios.infoleg.gob.ar/infolegInternet/anexos/15000-19999/16071/texact.htm,Ley_21526,2026-05-13T02:12:23+00:00,2003-10-31,91417,,Infoleg,true,,
TO_historico_cladeu,data/raw/01_textos_ordenados/historicos/TO_clasificacion_deudores_2007-11-25.pdf,https://www.bcra.gob.ar/pdfs/texord/texord_viejos/v-cladeu_07-11-25.pdf,2007-11-25,2026-05-13T17:40:25+00:00,2007-10-25,390588,56,CLASIFICACIÓN DE DEUDORES,true,,
TO_historico_cladeu,data/raw/01_textos_ordenados/historicos/TO_clasificacion_deudores_2009-08-19.pdf,https://www.bcra.gob.ar/pdfs/texord/texord_viejos/v-cladeu_09-08-19.pdf,2009-08-19,2026-05-13T17:40:27+00:00,2008-12-26,293625,56,CLASIFICACIÓN DE DEUDORES,true,,
TO_historico_cladeu,data/raw/01_textos_ordenados/historicos/TO_clasificacion_deudores_2014-07-01.pdf,https://www.bcra.gob.ar/pdfs/texord/texord_viejos/v-cladeu_14-07-01.pdf,2014-07-01,2026-05-13T17:40:30+00:00,2004-01-09,497947,56,CLASIFICACIÓN DE DEUDORES,true,,
TO_historico_cladeu,data/raw/01_textos_ordenados/historicos/TO_clasificacion_deudores_2016-06-23.pdf,https://www.bcra.gob.ar/pdfs/texord/texord_viejos/v-cladeu_16-06-23.pdf,2016-06-23,2026-05-13T17:40:34+00:00,2004-01-09,610750,57,CLASIFICACIÓN DE DEUDORES,true,,
TO_historico_capmin,data/raw/01_textos_ordenados/historicos/TO_capitales_minimos_2009-04-06.pdf,https://www.bcra.gob.ar/pdfs/texord/texord_viejos/v-capmin_09-04-06.pdf,2009-04-06,2026-05-13T17:40:36+00:00,2008-11-19,784482,92,CAPITALES MÍNIMOS DE LAS ENTIDADES,true,,
TO_historico_capmin,data/raw/01_textos_ordenados/historicos/TO_capitales_minimos_2015-11-15.pdf,https://www.bcra.gob.ar/pdfs/texord/texord_viejos/v-capmin_15-11-15.pdf,2015-11-15,2026-05-13T17:40:40+00:00,2014-05-08,602378,98,CAPITALES MÍNIMOS DE LAS,true,,
TO_historico_capmin,data/raw/01_textos_ordenados/historicos/TO_capitales_minimos_2015-11-17.pdf,https://www.bcra.gob.ar/pdfs/texord/texord_viejos/v-capmin_15-11-17.pdf,2015-11-17,2026-05-13T17:40:43+00:00,2015-12-01,1221467,108,CAPITALES MÍNIMOS DE LAS,true,,
TO_historico_capmin,data/raw/01_textos_ordenados/historicos/TO_capitales_minimos_2017-05-15.pdf,https://www.bcra.gob.ar/pdfs/texord/texord_viejos/v-capmin_17-05-15.pdf,2017-05-15,2026-05-13T17:40:47+00:00,2016-03-01,1009334,134,CAPITALES MÍNIMOS DE LAS,true,,
TO_historico_capmin,data/raw/01_textos_ordenados/historicos/TO_capitales_minimos_2018-05-06.pdf,https://www.bcra.gob.ar/pdfs/texord/texord_viejos/v-capmin_18-05-06.pdf,2018-05-06,2026-05-13T17:40:53+00:00,2018-04-12,2996783,178,CAPITALES MÍNIMOS DE LAS,true,,
TO_historico_capmin,data/raw/01_textos_ordenados/historicos/TO_capitales_minimos_2018-10-11.pdf,https://www.bcra.gob.ar/pdfs/texord/texord_viejos/v-capmin_18-10-11.pdf,2018-10-11,2026-05-13T17:40:59+00:00,2018-06-28,3171090,179,CAPITALES MÍNIMOS DE LAS,true,,
TO_historico_garant,data/raw/01_textos_ordenados/historicos/TO_garantias_2016-11-01.pdf,https://www.bcra.gob.ar/pdfs/texord/texord_viejos/v-garant_16-11-01.pdf,2016-11-01,2026-05-13T17:41:02+00:00,2016-06-25,409529,23,-Última comunicación incorporada: “A” 5,true,,
TO_historico_garant,data/raw/01_textos_ordenados/historicos/TO_garantias_2017-06-01.pdf,https://www.bcra.gob.ar/pdfs/texord/texord_viejos/v-garant_17-06-01.pdf,2017-06-01,2026-05-13T17:41:05+00:00,2016-06-25,611242,23,-Última comunicación incorporada: “A” -,true,,
TO_historico_garant,data/raw/01_textos_ordenados/historicos/TO_garantias_2017-11-16.pdf,https://www.bcra.gob.ar/pdfs/texord/texord_viejos/v-garant_17-11-16.pdf,2017-11-16,2026-05-13T17:41:07+00:00,2016-06-25,811005,26,-Última comunicación incorporada: “A” 328-,true,,
TO_historico_garant,data/raw/01_textos_ordenados/historicos/TO_garantias_2018-06-27.pdf,https://www.bcra.gob.ar/pdfs/texord/texord_viejos/v-garant_18-06-27.pdf,2018-06-27,2026-05-13T17:41:10+00:00,2016-06-25,671862,25,-Última comunicación incorporada: “A” 6528-,true,,
