"id_muestra","par","chunk_id","texto_fragmento_e0","origen_tipo","origen_etiqueta","origen_descripcion","predicado","destino_tipo","destino_etiqueta","destino_descripcion","veredicto","nota"
"C01","Condicion --condicion_de--> Operacion","cap::10.3.3.1","Sección 10. Agentes de calificación externa (ECAI).
10.3. Consideraciones para su implementación.
10.3.3. Evaluaciones de emisores o de emisiones.
10.3.3.1. Cuando una entidad financiera invierta en una emisión que cuente con una
calificación específica para esa emisión, el ponderador de riesgo estará ba-
sado en esa calificación. De lo contrario, será de aplicación lo siguiente:
i) En los casos en que el prestatario cuente con una calificación específica
para una de sus emisiones de deuda –pero la exposición crediticia de la
entidad financiera no sea en dicha emisión– la exposición crediticia de la
entidad sólo recibirá una evaluación de crédito de alta calidad –es decir,
la que corresponde a un ponderador de riesgo inferior a la evaluación
aplicable a un crédito no calificado– cuando sea en todos sus aspectos
igual o preferente (“senior”) respecto del crédito evaluado. De lo contrario,
no podrá usarse dicha calificación y la exposición crediticia no calificada
recibirá el ponderador de riesgo correspondiente a los créditos no califi-
cados.
ii) Cuando el prestatario haya sido evaluado como emisor, esa calificación
se podrá aplicar a los créditos quirografarios no subordinados que le ha-
yan sido concedidos y no hayan sido evaluados. Las otras exposiciones
crediticias no calificadas del emisor serán tratadas como no calificadas.
iii) Cuando el emisor o una emisión específica tengan una baja evaluación
crediticia –es decir, asociada a un ponderador de riesgo igual o mayor
que el aplicable a exposiciones no calificadas–, una exposición crediticia
no evaluada frente a dicha contraparte que sea equiparable, o que esté
subordinada, a la evaluación del emisor –correspondiente a sus pasivos
quirografarios no subordinados– o a la evaluación de la exposición, recibi-
rá el mismo ponderador de riesgo que corresponda a esa baja calificación
crediticia.","Condicion","Exposición equiparable o subordinada","Exposición crediticia es equiparable o subordinada a la evaluación del emisor o de la emisión específica","condicion_de","Operacion","Aplicación de ponderador de baja calificación","Una exposición crediticia no evaluada frente a una contraparte con baja calificación que sea equiparable o subordinada a la calificación del emisor recibe el mismo ponderador de riesgo de esa baja calificación","correcta","Condicion literal del inciso iii): la exposicion no evaluada «que sea equiparable, o que este subordinada, a la evaluacion del emisor... recibira el mismo ponderador de riesgo que corresponda a esa baja calificacion»."
"C02","Condicion --condicion_de--> Operacion","cap::6.6.3.6","Sección 6. Capital mínimo por riesgo de mercado.
6.6. Exigencia de capital por riesgo de posiciones en opciones.
6.6.3. Método delta-plus.
El método delta-plus utiliza los parámetros de sensibilidad o “letras griegas” asociadas
a las opciones para determinar el equivalente delta de cada posición.
Al equivalente delta de la posición, se le aplicará la metodología estándar de los pun-
tos 6.2. a 6.4., al efecto de calcular la exigencia de capital por riesgo general de mer-
cado para las opciones, al que se agregan exigencias adicionales para la cobertura de
los riesgos gamma –que mide la tasa de cambio del coeficiente delta ante variaciones
en el precio del subyacente– y vega –que mide la sensibilidad del precio de la opción
a los cambios en la volatilidad del precio del subyacente–.
La exigencia por riesgo específico se determinará por separado, multiplicando el equi-
valente delta de cada opción por las ponderaciones de riesgo específico establecidas
en los puntos 6.2. y 6.3.
6.6.3.6. Las exigencias de capital para cubrir los riesgos gamma y vega se calcularán
por separado para cada posición en opciones –incluidas las posiciones para
cobertura–, en los siguientes términos:
i) El efecto gamma para cada opción:
efecto gamma = ½ gamma VU2
x
donde
VU = variación del precio del subyacente de la opción.
gamma: valor del coeficiente gamma de la opción, expresado como el
cambio en el coeficiente delta de la opción ante un cambio en 1 peso en
el precio del activo subyacente.
ii) VU se calculará de la siguiente forma:
a) Opciones sobre tasas de interés cuyo subyacente sea un bono: el valor
de mercado del subyacente se multiplicará por los ponderadores de
riesgo establecidos en el punto 6.2.2.4. Cuando el subyacente sea una
tasa de interés se empleará similar procedimiento, sobre la base de los
supuestos respecto de los cambios en los rendimientos previstos en el
punto 6.2.2.4.
b) Opciones sobre acciones, índices bursátiles, oro o monedas extranje-
ras: el valor de mercado del subyacente se multiplicará por 8 %.
iii) A los efectos del cálculo, las siguientes posiciones se considerarán como
un mismo subyacente:
a) Tasas de interés: cada banda temporal para cada tipo de moneda, se-
gún se establece en el punto 6.2.2.4.
b) Acciones e índices bursátiles: cada mercado nacional.
c) Moneda extranjera y oro: cada par de monedas que conforme la op-
ción –el oro se considerará como una moneda extranjera–.
d) Productos básicos, cada producto individual según lo previsto en el
punto 6.5.
iv) Cada opción sobre el mismo subyacente tendrá un efecto gamma que
puede ser positivo o negativo. La suma de los efectos individuales dará
como resultado un efecto gamma neto para cada subyacente, también po-
sitivo o negativo. Sólo se incluirán en el cálculo de capital los efectos
gamma netos que sean negativos.
v) La exigencia de capital total por el riesgo gamma será la suma del valor
absoluto de los efectos gamma negativos netos calculados conforme a lo
previsto precedentemente.
vi) Para el riesgo vega, la exigencia de capital se obtendrá multiplicando la
suma de los coeficientes vega de todas las opciones sobre el mismo sub-
yacente por un cambio proporcional de la volatilidad de ± 25 %.
vii) La exigencia total de capital por riesgo vega será la suma del valor absolu-
to de las exigencias de capital individual que se hayan calculado para di-
cho riesgo.","Condicion","Agrupamiento subyacentes — acciones/índices","Se considerarán como un mismo subyacente cada mercado nacional para acciones e índices bursátiles.","condicion_de","Operacion","Cálculo de exigencia capital — riesgo gamma","Cálculo del efecto gamma para cada posición en opciones, por separado. El efecto gamma se determina como la suma de los efectos gamma individuales netos (que pueden ser positivos o negativos), incluyendo solo los efectos gamma netos negativos en el cálculo de capital. La exigencia de capital total por riesgo gamma es la suma del valor absoluto de los efectos gamma negativos netos.","correcta","El punto agrupa los subyacentes «a los efectos del calculo» y el neteo gamma se hace por subyacente, de modo que el calculo depende de esa regla; el origen es una definicion de computo mas que una condicion deontica."
"C03","Condicion --condicion_de--> Operacion","cla::6.5.5.5","Sección 6. Clasificación de los deudores de la cartera comercial.
6.5. Niveles de clasificación.
Cada cliente, y la totalidad de sus financiaciones comprendidas, se incluirá en una de las si-
guientes cinco categorías, las que se definen teniendo en cuenta las condiciones que se deta-
llan en cada caso.
Los clientes que no registren asistencia crediticia de la entidad y que posteriormente reciban fi-
nanciaciones de ésta que no superen el importe resultante de aplicar sobre el saldo de deuda
registrado en el sistema financiero, según la última información disponible en la “Central de
deudores” a la fecha de su otorgamiento, el porcentaje establecido en el punto 2.2.5. de las
normas sobre “Previsiones mínimas por riesgo de incobrabilidad” correspondiente a la peor cla-
sificación asignada, podrán ser clasificados por la entidad teniendo en cuenta únicamente el
análisis del flujo de fondos proyectado. Las asistencias así otorgadas no serán consideradas a
los fines a que se refiere el punto 6.6.
A fin de verificar el cumplimiento de las obligaciones sin recurrir a nueva financiación directa o
indirecta o a refinanciaciones, no se considerarán refinanciaciones las facilidades adicionales
que se otorguen respecto de los márgenes vigentes acordados, siempre que el nuevo apoyo
crediticio implique nuevos desembolsos de fondos y no supere el 10 % del cupo asignado en
oportunidad de la última evaluación crediticia del cliente, en la medida en que éstas sean con-
sistentes con el curso normal de los negocios y exista capacidad para atender el resto de las
obligaciones financieras, ni las nuevas financiaciones y las refinanciaciones asociadas a una
mayor inversión derivada de la expansión de las actividades, y siempre que pueda demostrarse
que el flujo de fondos proyectado permitirá afrontar la totalidad de sus obligaciones.
Tampoco se considerarán dentro de ese concepto las refinanciaciones otorgadas a los produc-
tores agropecuarios cuando ello resulte de la aplicación de disposiciones vinculadas a la Ley de
Emergencia Agropecuaria, sin perjuicio de lo cual, a los fines de la clasificación, deberá tenerse
en cuenta el flujo de fondos proyectado para el momento en que concluya la vigencia de la
emergencia declarada. El tratamiento que se dispense en ese marco no podrá implicar mejora-
miento de la clasificación asignada al cliente en función de su situación individual, preexistente
a la emergencia, ni su aplicación extenderse más allá de la vigencia fijada para ella.
6.5.5. Irrecuperable.
Las deudas de clientes incorporados a esta categoría se consideran incobrables. Si bien
estos activos podrían tener algún valor de recuperación bajo un cierto conjunto de cir-
cunstancias futuras, su incobrabilidad es evidente al momento del análisis.
Entre los indicadores que pueden reflejar esta situación se destacan que el cliente:
Además, corresponderá clasificar en esta categoría a los clientes que, cualquiera sea el
motivo (entre ellos por no contar con legajo o por no haber proporcionado información
confiable y/o actualizada), no hayan sido evaluados con la periodicidad correspondiente,
con excepción de los deudores en concurso o con acuerdo preventivo extrajudicial solici-
tado o en gestión judicial que, por un período de hasta 540 días contados a partir de la
apertura del concurso, solicitud del acuerdo preventivo o inicio de las gestiones judiciales
de cobro, según corresponda, no hubiesen presentado la documentación que permita
realizarla, siempre que se cuente con informe de abogado de la entidad financiera
acreedora sobre la razonabilidad del recupero de los créditos comprendidos.
Ello, sin perjuicio de que se trate de deudas que reúnan todas las condiciones previstas
por el punto 2.2.3.2. de las normas sobre “Previsiones mínimas por riesgo de incobrabili-
dad”.
6.5.5.5. Pertenezca a un sector de la actividad económica o ramo de negocios en extin-
ción, con graves problemas estructurales o que estén requiriendo una reestructu-
ración generalizada.","Condicion","Pertenencia a sector en extinción con problemas estructurales","Pertenezca a un sector de la actividad económica o ramo de negocios en extinción, con graves problemas estructurales o que estén requiriendo una reestructuración generalizada.","condicion_de","Operacion","Clasificación en categoría Irrecuperable","Clasificación de un cliente en la categoría Irrecuperable de la cartera comercial en función de indicadores de incobrabilidad.","correcta","El punto es uno de los motivos por los que corresponde clasificar en Irrecuperable, aunque el texto los presenta como lista no exhaustiva («entre los indicadores que pueden reflejar esta situacion se destacan»), no como condicion estricta."
"C04","Condicion --condicion_de--> Operacion","ext::10.4.2.4","Sección 10. Pagos de importaciones y otras compras de bienes en el exterior.
10.4. Pagos de importaciones de bienes con registro de ingreso aduanero pendiente.
10.4.2. Requisitos de acceso para el pago anticipado de importaciones.
La entidad podrá dar acceso al mercado de cambios para el pago al exterior en la
medida que verifique previamente que se cumplen la totalidad de los siguientes
requisitos:
10.4.2.4. Cuenta con la declaración jurada del cliente de que se compromete a
demostrar el registro del ingreso aduanero de los bienes dentro del plazo
que corresponda según tipo de bien a importar, o en su defecto, proceder
en ese plazo a la liquidación en el mercado de cambios de los fondos en
moneda extranjera asociados a la devolución del pago efectuado.
En el caso de pagos anticipados de bienes de capital, el plazo para
demostrar el registro de ingreso aduanero será de 270 (doscientos setenta)
días corridos a partir de la fecha de acceso al mercado de cambios. A tal
efecto, se deberán considerar las posiciones arancelarias clasificadas
como BK (Bien de Capital) en la Nomenclatura Común del MERCOSUR
(Decreto 690/02 y complementarias).
Para el resto de los bienes, el plazo será de 90 (noventa) días corridos a
partir de la fecha de acceso al mercado de cambios.
En el caso de que un mismo pago anticipado incluya bienes de capital y
bienes que no lo son, la operación se regirá por el plazo del tipo de bien
que represente una mayor proporción del valor total abonado.
Si la nacionalización de los bienes requiere un plazo mayor y el pago
anticipado se concreta en su totalidad en el marco de lo previsto en los
puntos 10.10.2.3. a 10.10.2.6. o 10.10.2.14.ii), la entidad podrá considerar
que el referido plazo se extiende hasta la fecha que surge de sumar 15
(quince) días corridos a la fecha estimada de arribo de los bienes. La
entidad deberá reportar la extensión otorgada en el SEPAIMPO.
Si el proveedor del exterior es una contraparte vinculada con el importador
o se necesiten plazos mayores para la oficialización del despacho de
importación, se requerirá contar con la previa conformidad del BCRA antes
del acceso al mercado de cambios.
Los pedidos al BCRA deben ser canalizados por una entidad autorizada a
realizar este tipo de pago.","Condicion","Plazo 270 días — bienes de capital","En el caso de pagos anticipados de bienes de capital, el plazo para demostrar el registro de ingreso aduanero será de 270 (doscientos setenta) días corridos a partir de la fecha de acceso al mercado de cambios. Se deberán considerar las posiciones arancelarias clasificadas como BK (Bien de Capital) en la Nomenclatura Común del MERCOSUR (Decreto 690/02 y complementarias).","condicion_de","Operacion","Acceso al mercado de cambios — pago anticipado de importaciones","Pago anticipado de importaciones de bienes con registro de ingreso aduanero pendiente, mediante acceso al mercado de cambios para obtener fondos en moneda extranjera.","correcta","El punto integra la «totalidad de los siguientes requisitos» que la entidad debe verificar para dar acceso, y el origen fija el plazo del requisito 10.4.2.4 para bienes de capital: condiciona el acceso a traves de ese requisito."
"C05","Condicion --condicion_de--> Operacion","ext::13.2.5","Sección 13. Pagos de servicios prestados por no residentes.
13.2. Pagos de servicios que fueron o serán prestados o devengados a partir del 13/12/23.
Las entidades podrán dar acceso al mercado de cambios para cursar pagos de servicios de
no residentes que fueron o serán prestados a partir del 13/12/23 cuando, adicionalmente a
los restantes requisitos normativos aplicables, la operación queda comprendida en algunas
de las situaciones que se detallan a continuación:
13.2.5. el pago corresponde a una operación que encuadra en el concepto “S24. Otros
servicios personales, culturales y recreativos” prestado por una contraparte
vinculada al residente hasta el 13/04/25 y se concreta una vez transcurrido un plazo
de 90 (noventa) días corridos desde la fecha de prestación o devengamiento del
servicio.","Condicion","Transcurso de 90 días desde prestación del servicio","Se concreta la operación una vez transcurrido un plazo de 90 (noventa) días corridos desde la fecha de prestación o devengamiento del servicio","condicion_de","Operacion","Pago de servicios personales, culturales y recreativos","Pago de servicios personales, culturales y recreativos (S24) prestados por una contraparte vinculada al residente, a partir del 13/12/23, con plazo mínimo de 90 días corridos desde la fecha de prestación o devengamiento","correcta","Condicion literal: «y se concreta una vez transcurrido un plazo de 90 (noventa) dias corridos desde la fecha de prestacion o devengamiento del servicio»."
"C06","Condicion --condicion_de--> Operacion","ext::13.3.5","Sección 13. Pagos de servicios prestados por no residentes.
13.3. Pagos de servicios que fueron o serán prestados o devengados a partir del 13/12/23 con
anterioridad a lo previsto en los puntos 13.2.3. a 13.2.7.
También será admisible el acceso para el pago de servicios que fueron o serán prestados o
devengados a partir del 13/12/23 con antelación a los plazos previstos en los puntos 13.2.3.
a 13.2.7., cuando adicionalmente a los restantes requisitos normativo, se verifique el
encuadre en alguna de las siguientes situaciones:
13.3.5. El cliente cuenta por el equivalente al valor que abona con una
“Certificación por los regímenes de acceso a divisas para la producción
incremental de petróleo y/o gas natural (Decreto 277/22)” emitida en el
marco de lo dispuesto en el punto 3.17.; o","Condicion","Cliente cuenta con Certificación régimen Decreto 277/22","El cliente cuenta por el equivalente al valor que abona con una 'Certificación por los regímenes de acceso a divisas para la producción incremental de petróleo y/o gas natural (Decreto 277/22)' emitida en el marco de lo dispuesto en el punto 3.17.","condicion_de","Operacion","Acceso a divisas — producción incremental petróleo/gas","Pago de servicios con acceso a divisas para la producción incremental de petróleo y/o gas natural, acreditado mediante Certificación conforme Decreto 277/22","correcta","El punto lista contar con la Certificacion como una de las situaciones que habilitan el pago anticipado de servicios; el destino repite la Certificacion en su propia descripcion, que es redundancia del nodo y no falsedad de la relacion."
"C07","Condicion --condicion_de--> Operacion","ext::3.11.1.1","Sección 3. Disposiciones específicas para los egresos por el mercado de cambios
Las entidades previamente a dar acceso al mercado de cambio por las operaciones comprendidas
en los puntos 3.1. a 3.15. –incluyendo aquellas que se concreten a través de canjes o arbitrajes–,
adicionalmente a los requisitos y condiciones específicas detalladas en cada punto, deberán
cumplimentar los requisitos complementarios que constan en el punto 3.16. que resulten aplicables.
3.11. Otras compras de moneda extranjera por parte de residentes con aplicación específica.
3.11.1. Las entidades podrán dar acceso al mercado de cambios a los residentes con
endeudamientos o los fideicomisos constituidos en el país para garantizar la atención
de los servicios de capital e intereses de tales endeudamientos, para la compra de
moneda extranjera para la constitución de las garantías por los montos exigibles en
los contratos de endeudamiento en las siguientes condiciones:
3.11.1.1. se trate de deudas comerciales por importaciones de bienes y/o servicios
con una entidad financiera del exterior o agencia oficial de crédito a la
exportación o endeudamientos financieros comprendidos en el punto 3.5.
con acreedores no vinculados, que normativamente tengan acceso al
mercado de cambios para su repago, en cuyos contratos se prevea la
acreditación de fondos en cuentas de garantía de futuros servicios de las
deudas con el exterior;","Condicion","Acceso normativo al mercado de cambios","Que normativamente tengan acceso al mercado de cambios para su repago","condicion_de","Operacion","Compra de moneda extranjera — deudas comerciales por importaciones","Compra de moneda extranjera para la constitución de garantías por los montos exigibles en contratos de endeudamiento que se trate de deudas comerciales por importaciones de bienes y/o servicios con una entidad financiera del exterior o agencia oficial de crédito a la exportación o endeudamientos financieros comprendidos en el punto 3.5. con acreedores no vinculados, que normativamente tengan acceso al mercado de cambios para su repago, en cuyos contratos se prevea la acreditación de fondos en cuentas de garantía de futuros servicios de las deudas con el exterior","correcta","El punto integra las condiciones del 3.11.1 para la compra de moneda extranjera y el origen es uno de sus calificativos; el destino arrastra el texto completo de la condicion, pero su nucleo es la operacion que el punto condiciona."
"C08","Condicion --condicion_de--> Operacion","ext::3.13.1.12","Sección 3. Disposiciones específicas para los egresos por el mercado de cambios
Las entidades previamente a dar acceso al mercado de cambio por las operaciones comprendidas
en los puntos 3.1. a 3.15. –incluyendo aquellas que se concreten a través de canjes o arbitrajes–,
adicionalmente a los requisitos y condiciones específicas detalladas en cada punto, deberán
cumplimentar los requisitos complementarios que constan en el punto 3.16. que resulten aplicables.
3.13. Repatriaciones de inversiones directas y otras compras de moneda extranjera por parte de no
residentes
3.13.1. El acceso al mercado de cambios para la repatriación de inversiones de no
residentes y otras compras de moneda extranjera por parte de clientes no residentes
requerirá la conformidad previa del BCRA, excepto para las operaciones de:
Si una repatriación de una inversión directa de no residentes consiste en una
reducción de capital y/o devolución de aportes irrevocables realizadas por la empresa
local, adicionalmente a los requisitos previstos en cada caso, la entidad deberá contar
con la documentación que demuestre que se han cumplimentado los mecanismos
legales previstos y haber verificado que se encuentra declarada, en caso de
corresponder, en la última presentación vencida del “Relevamiento de activos y
pasivos externos” el pasivo en pesos con el exterior generado a partir de la fecha de
la no aceptación del aporte irrevocable o de la reducción de capital según
corresponda.
3.13.1.12. Repatriación por parte de no residentes de servicios de capital, rentas y el
producido de las ventas de inversiones de portafolio en instrumentos con
cotizaciones en mercados locales autorizados por la Comisión Nacional
de Valores, fondos comunes de inversión sin cotización directa
conformados por esos instrumentos y/o los depósitos a la vista o a plazo
en entidades financieras locales, siempre que:
i) se cuente con la certificación de una entidad financiera local que
acredite que la inversión fue constituida con fondos ingresados y
liquidados en el mercado local de cambios a partir del 21/04/25.
El requisito de liquidación se considerará cumplimentado cuando el
cliente no residente haya aplicado moneda extranjera en forma
directa a partir del 23/05/25 a la suscripción primaria de títulos de
deuda emitidos por el Tesoro Nacional.
ii) se cuente con la documentación que demuestre que el monto por el
cual se accede al mercado no supera los servicios cobrados y/o el
monto efectivamente recibido por la venta de la inversión realizada.
En el caso que el cobro de los servicios o venta de la inversión sea
percibido en moneda extranjera la repatriación podrá concretarse por
hasta el equivalente de ese monto.","Condicion","Monto repatriado no supera servicios cobrados o venta realizada","se cuente con la documentación que demuestre que el monto por el cual se accede al mercado no supera los servicios cobrados y/o el monto efectivamente recibido por la venta de la inversión realizada. En el caso que el cobro de los servicios o venta de la inversión sea percibido en moneda extranjera la repatriación podrá concretarse por hasta el equivalente de ese monto.","condicion_de","Operacion","Repatriación de servicios de capital y rentas — no residentes","Repatriación por parte de no residentes de servicios de capital, rentas y el producido de las ventas de inversiones de portafolio en instrumentos con cotizaciones en mercados locales autorizados por la Comisión Nacional de Valores, fondos comunes de inversión sin cotización directa conformados por esos instrumentos y/o depósitos a la vista o a plazo en entidades financieras locales.","correcta","Condicion literal del inciso ii) bajo «siempre que»: el monto por el cual se accede no puede superar los servicios cobrados o el monto recibido por la venta."
"C09","Condicion --condicion_de--> Operacion","ext::3.15.2.2","Sección 3. Disposiciones específicas para los egresos por el mercado de cambios
Las entidades previamente a dar acceso al mercado de cambio por las operaciones comprendidas
en los puntos 3.1. a 3.15. –incluyendo aquellas que se concreten a través de canjes o arbitrajes–,
adicionalmente a los requisitos y condiciones específicas detalladas en cada punto, deberán
cumplimentar los requisitos complementarios que constan en el punto 3.16. que resulten aplicables.
3.15. Cancelación por parte de entidades financieras de líneas de crédito del exterior aplicadas a la
financiación de operaciones de comercio exterior y garantías financieras otorgadas.
3.15.2. Cancelación de garantías financieras otorgadas por entidades financieras locales.
Las entidades financieras locales podrán acceder al mercado de cambios para hacer
frente a sus obligaciones con no residentes por garantías financieras otorgadas a
partir del 01/10/21, en la medida que se reúnan la totalidad de las siguientes
condiciones:
3.15.2.2. La garantía se emite por pedido del residente que proporcionará los bienes
o servicios y está asociada al cumplimiento de los contratos de obras o
provisión de bienes y/o servicios por su parte o por una empresa no
residente bajo su control que tendrá a su cargo la ejecución del contrato.","Condicion","Residente es quien solicita la garantía","La garantía se emite por pedido del residente que proporcionará los bienes o servicios.","condicion_de","Operacion","Emisión de garantía — por pedido residente","Acto de emitir una garantía financiera por pedido de un residente; la garantía está asociada al cumplimiento de contratos de obras o provisión de bienes y servicios a ser ejecutados por el residente o por una empresa no residente bajo su control.","incorrecta","El punto enuncia el 3.15.2.2 como condicion del ACCESO de la entidad al mercado de cambios, no de la emision de la garantia: origen y destino son la misma oracion partida en dos (el origen es un fragmento del destino) y lo efectivamente condicionado no aparece como nodo."
"C10","Condicion --condicion_de--> Operacion","ext::3.17.3.1","Sección 3. Disposiciones específicas para los egresos por el mercado de cambios
Las entidades previamente a dar acceso al mercado de cambio por las operaciones comprendidas
en los puntos 3.1. a 3.15. –incluyendo aquellas que se concreten a través de canjes o arbitrajes–,
adicionalmente a los requisitos y condiciones específicas detalladas en cada punto, deberán
cumplimentar los requisitos complementarios que constan en el punto 3.16. que resulten aplicables.
3.17. Acceso con “Certificación por los regímenes de acceso a divisas para la producción
incremental de petróleo y/o gas natural (Decreto 277/22)”.
3.17.3. La entidad nominada deberá tomar registro de los montos de los beneficios
reconocidos por la Secretaría de Energía en el marco del Decreto 277/22 a favor del
cliente, dejando constancia del período al que corresponde el beneficio y el monto
total del beneficio en dólares estadounidenses obtenido para el período.
En el caso de que el cliente sea un beneficiario directo del Decreto 277/22, la entidad
podrá emitir “certificaciones de los regímenes de acceso a divisas para la producción
incremental de petróleo y/o gas natural (Decreto 277/22)” por hasta el monto que
surge de considerar el monto acumulado de los beneficios totales reconocidos al
cliente por la Secretaría de Energía neto de los montos acumulados por los
conceptos detallados a continuación:
3.17.3.1. los beneficios obtenidos por el cliente en el marco del Decreto 277/22 que
hayan sido cedidos a proveedores directos con la convalidación de la
Secretaría de Energía.","Condicion","Cliente sea beneficiario directo Decreto 277/22","El cliente sea un beneficiario directo del Decreto 277/22","condicion_de","Operacion","Registro de beneficios cedidos a proveedores directos","Los beneficios obtenidos por el cliente en el marco del Decreto 277/22 que hayan sido cedidos a proveedores directos con la convalidación de la Secretaría de Energía","no decidible","El destino es un concepto que se resta del tope de certificaciones, y su etiqueta («Registro de beneficios cedidos...») apunta al registro del primer parrafo, que es incondicional, mientras su descripcion apunta al monto neteado del 3.17.3.1, que si queda dentro del supuesto «en el caso de que el cliente sea un beneficiario directo»: el material no determina cual de las dos relaciones se afirma."
"C11","Condicion --condicion_de--> Operacion","ext::3.4.4.7","Sección 3. Disposiciones específicas para los egresos por el mercado de cambios
Las entidades previamente a dar acceso al mercado de cambio por las operaciones comprendidas
en los puntos 3.1. a 3.15. –incluyendo aquellas que se concreten a través de canjes o arbitrajes–,
adicionalmente a los requisitos y condiciones específicas detalladas en cada punto, deberán
cumplimentar los requisitos complementarios que constan en el punto 3.16. que resulten aplicables.
3.4. Pagos de utilidades y dividendos.
Las entidades podrán dar acceso al mercado de cambios para girar divisas al exterior en
concepto de utilidades y dividendos a accionistas no residentes, en la medida que se cumpla
la totalidad de las siguientes condiciones:
Los casos que no encuadren en lo expuesto precedentemente requerirán la conformidad
previa del BCRA para acceder al mercado de cambios.
Los clientes podrán suscribir Bonos para la Reconstrucción de una Argentina Libre
(BOPREAL) por hasta el equivalente al monto en moneda local de las utilidades y dividendos
pendientes de pago a accionistas no residentes según la distribución determinada por la
asamblea de accionistas, en la medida que se encuentren sujetos a conformidad previa del
BCRA y se cumplan los requisitos previstos en el punto 4.6.1.
3.4.4. El cliente encuadra en algunas de las siguientes situaciones y cumple la totalidad de
las condiciones estipuladas en cada caso:
3.4.4.7. El cliente cuenta con una “Certificación de aumento de exportaciones de
bienes” para los años 2021 a 2023 emitida en el marco del punto 3.18., por
el equivalente al valor de utilidades y dividendos que se abona.","Condicion","Cliente con Certificación aumento exportaciones 2021-2023","El cliente cuenta con una 'Certificación de aumento de exportaciones de bienes' para los años 2021 a 2023 emitida en el marco del punto 3.18., por el equivalente al valor de utilidades y dividendos que se abona.","condicion_de","Operacion","Giro divisas — Utilidades y dividendos a no residentes","Acceso al mercado de cambios para girar divisas al exterior en concepto de utilidades y dividendos a accionistas no residentes","correcta","El punto es una de las situaciones del 3.4.4, que a su vez integra «la totalidad de las siguientes condiciones» del giro de utilidades y dividendos."
"C12","Condicion --condicion_de--> Operacion","ext::3.5.1.8","Sección 3. Disposiciones específicas para los egresos por el mercado de cambios
Las entidades previamente a dar acceso al mercado de cambio por las operaciones comprendidas
en los puntos 3.1. a 3.15. –incluyendo aquellas que se concreten a través de canjes o arbitrajes–,
adicionalmente a los requisitos y condiciones específicas detalladas en cada punto, deberán
cumplimentar los requisitos complementarios que constan en el punto 3.16. que resulten aplicables.
3.5. Pagos de títulos de deuda suscriptos en el exterior y endeudamientos financieros con el
exterior.
Las entidades podrán dar acceso al mercado de cambios para realizar pagos de capital o
intereses de títulos de deuda con registro público en el exterior, otros endeudamientos
financieros con el exterior y títulos de deuda con registro público en el país denominados en
moneda extranjera íntegramente suscriptos en el exterior, en la medida que se verifiquen las
siguientes condiciones:
3.5.1. El deudor demuestre el ingreso y liquidación de divisas en el mercado de cambios por
un monto equivalente al valor nominal del endeudamiento financiero.
Este requisito se considerará cumplimentado en los siguientes casos:
3.5.1.8. por la porción suscripta con moneda extranjera en el país de emisiones de
títulos de deuda con registro público en el exterior realizadas a partir del
05/02/21, en la medida que se cumplan la totalidad de las siguientes
condiciones:
i) el deudor demuestre haber registrado exportaciones con anterioridad a
la emisión de los títulos de deuda o que los fondos de la colocación
fueron destinados a afrontar compromisos con el exterior. Si no se
cumple al menos una de las dos condiciones señaladas, la emisión debe
contar con la conformidad previa del BCRA;
ii) la vida promedio de los títulos de deuda no sea menor a los 5 (cinco)
años;
iii) el primer pago de capital no se registre antes de los 3 (tres) años de la
fecha de emisión;
iv)la suscripción local no supere el 25% (veinticinco por ciento) de la
suscripción total; y
v) la totalidad de los fondos suscriptos en el país ha sido liquidado en el
mercado de cambios.","Condicion","Deudor ha registrado exportaciones o fondos destinados exterior","El deudor demuestre haber registrado exportaciones con anterioridad a la emisión de los títulos de deuda o que los fondos de la colocación fueron destinados a afrontar compromisos con el exterior","condicion_de","Operacion","Pagos títulos de deuda suscriptos exterior — porción moneda extranjera país","Pagos de capital o intereses de títulos de deuda suscriptos en el exterior, y títulos de deuda con registro público en el país denominados en moneda extranjera íntegramente suscriptos en el exterior, por la porción suscripta con moneda extranjera en el país de emisiones de títulos de deuda con registro público en el exterior realizadas a partir del 05/02/21","correcta","Condicion literal del inciso i) bajo «en la medida que se cumplan la totalidad de las siguientes condiciones»."
"C13","Condicion --condicion_de--> Operacion","ext::3.5.3.2","Sección 3. Disposiciones específicas para los egresos por el mercado de cambios
Las entidades previamente a dar acceso al mercado de cambio por las operaciones comprendidas
en los puntos 3.1. a 3.15. –incluyendo aquellas que se concreten a través de canjes o arbitrajes–,
adicionalmente a los requisitos y condiciones específicas detalladas en cada punto, deberán
cumplimentar los requisitos complementarios que constan en el punto 3.16. que resulten aplicables.
3.5. Pagos de títulos de deuda suscriptos en el exterior y endeudamientos financieros con el
exterior.
Las entidades podrán dar acceso al mercado de cambios para realizar pagos de capital o
intereses de títulos de deuda con registro público en el exterior, otros endeudamientos
financieros con el exterior y títulos de deuda con registro público en el país denominados en
moneda extranjera íntegramente suscriptos en el exterior, en la medida que se verifiquen las
siguientes condiciones:
3.5.3. El acceso al mercado de cambios se produce con una anterioridad no mayor a los 3
(tres) días hábiles a la fecha de vencimiento del servicio de capital o interés a pagar.
En el caso de que se trate de un pago de capital de títulos de deuda emitidos a partir
del 08/11/24 que se concreta con una transferencia al exterior, el acceso al mercado
de cambios deberá adicionalmente producirse una vez transcurridos, como mínimo,
desde la fecha de emisión:
i) 12 (doce) meses si el título fue emitido entre el 08/11/24 y el 20/04/25.
ii) 6 (seis) meses si el título fue emitido entre 21/04/25 y el 15/05/25.
iii) 18 (dieciocho) meses si el título fue emitido a partir del 16/05/25.
El acceso al mercado de cambios antes de lo indicado requerirá la conformidad previa
del BCRA excepto que el deudor encuadre en alguna de las siguientes situaciones y
se cumplan la totalidad de las condiciones estipuladas en cada caso:
3.5.3.2. Precancelación de capital e intereses con la liquidación simultánea de otros
endeudamientos financieros comprendidos en este punto 3.5.
i) la precancelación de capital e intereses sea efectuada en manera
simultánea con los fondos liquidados de un nuevo endeudamiento
financiero comprendido en este punto 3.5.;
ii) la vida promedio del nuevo endeudamiento sea mayor a la vida
promedio remanente de la deuda que se precancela; y
iii) el monto acumulado de los vencimientos de capital del nuevo
endeudamiento en ningún momento podrá superar, hasta la fecha de
vencimiento de la deuda que se cancela, el monto que hubieran
acumulado los vencimientos de capital de la deuda que se cancela.","Condicion","Vida promedio — nuevo endeudamiento mayor a remanente","la vida promedio del nuevo endeudamiento sea mayor a la vida promedio remanente de la deuda que se precancela","condicion_de","Operacion","Precancelación de capital e intereses — liquidación simultánea","Precancelación de capital e intereses de deuda con simultánea liquidación de fondos de nuevo endeudamiento financiero comprendido en el punto 3.5, sujeto a condiciones de vida promedio y límite acumulado de vencimientos","correcta","Condicion literal del inciso ii) de la situacion 3.5.3.2 que exime de conformidad previa."
"C14","Condicion --condicion_de--> Operacion","ext::3.5.3.5","Sección 3. Disposiciones específicas para los egresos por el mercado de cambios
Las entidades previamente a dar acceso al mercado de cambio por las operaciones comprendidas
en los puntos 3.1. a 3.15. –incluyendo aquellas que se concreten a través de canjes o arbitrajes–,
adicionalmente a los requisitos y condiciones específicas detalladas en cada punto, deberán
cumplimentar los requisitos complementarios que constan en el punto 3.16. que resulten aplicables.
3.5. Pagos de títulos de deuda suscriptos en el exterior y endeudamientos financieros con el
exterior.
Las entidades podrán dar acceso al mercado de cambios para realizar pagos de capital o
intereses de títulos de deuda con registro público en el exterior, otros endeudamientos
financieros con el exterior y títulos de deuda con registro público en el país denominados en
moneda extranjera íntegramente suscriptos en el exterior, en la medida que se verifiquen las
siguientes condiciones:
3.5.3. El acceso al mercado de cambios se produce con una anterioridad no mayor a los 3
(tres) días hábiles a la fecha de vencimiento del servicio de capital o interés a pagar.
En el caso de que se trate de un pago de capital de títulos de deuda emitidos a partir
del 08/11/24 que se concreta con una transferencia al exterior, el acceso al mercado
de cambios deberá adicionalmente producirse una vez transcurridos, como mínimo,
desde la fecha de emisión:
i) 12 (doce) meses si el título fue emitido entre el 08/11/24 y el 20/04/25.
ii) 6 (seis) meses si el título fue emitido entre 21/04/25 y el 15/05/25.
iii) 18 (dieciocho) meses si el título fue emitido a partir del 16/05/25.
El acceso al mercado de cambios antes de lo indicado requerirá la conformidad previa
del BCRA excepto que el deudor encuadre en alguna de las siguientes situaciones y
se cumplan la totalidad de las condiciones estipuladas en cada caso:
3.5.3.5. Precancelación de capital e intereses por parte de un VPU adherido al RIGI.
El cliente es un Vehículo de Proyecto Único (VPU) adherido al Régimen de
Incentivo para Grandes Inversiones (RIGI) que precancela capital o intereses
devengados por endeudamientos financieros comprendidos en este punto
3.5. en el marco de lo previsto en el punto 14.2.1.","Condicion","Cliente es VPU adherido al RIGI","El cliente es un Vehículo de Proyecto Único (VPU) adherido al Régimen de Incentivo para Grandes Inversiones (RIGI)","condicion_de","Operacion","Precancelación capital/intereses VPU-RIGI","El cliente es un Vehículo de Proyecto Único (VPU) adherido al Régimen de Incentivo para Grandes Inversiones (RIGI) que precancela capital o intereses devengados por endeudamientos financieros comprendidos en el punto 3.5, en el marco de lo previsto en el punto 14.2.1.","correcta","El punto exime de conformidad previa del BCRA a la precancelacion cuando el deudor encuadra en la situacion de ser un VPU adherido al RIGI, asi que el origen condiciona la precancelacion; el destino repite el encuadre en su propia descripcion, que es redundancia del nodo."
"C15","Condicion --condicion_de--> Operacion","ext::3.6.4.2","Sección 3. Disposiciones específicas para los egresos por el mercado de cambios
Las entidades previamente a dar acceso al mercado de cambio por las operaciones comprendidas
en los puntos 3.1. a 3.15. –incluyendo aquellas que se concreten a través de canjes o arbitrajes–,
adicionalmente a los requisitos y condiciones específicas detalladas en cada punto, deberán
cumplimentar los requisitos complementarios que constan en el punto 3.16. que resulten aplicables.
3.6. Pagos de títulos de deuda u otros valores representativos de deuda denominados y
pagaderos en moneda extranjera en el país y obligaciones en moneda extranjera entre
residentes.
3.6.4. El acceso al mercado de cambios con anterioridad al vencimiento requerirá la
conformidad previa del BCRA excepto que la operación encuadre en alguna de las
siguientes situaciones y se cumplan la totalidad de las condiciones estipuladas en cada
caso:
3.6.4.2. Otras financiaciones en moneda extranjera de entidades financieras locales,
excepto la cancelación de giros en descubierto en cuentas corrientes en
dólares estadounidenses, canceladas en forma simultánea con la liquidación
de fondos desde el exterior por nuevos endeudamientos.
i) la precancelación sea efectuada en manera simultánea con los fondos
liquidados de un nuevo endeudamiento financiero comprendido en el
punto 3.5. y/o una nueva prefinanciación de exportaciones del exterior;
ii) la vida promedio del nuevo endeudamiento sea mayor a la vida
promedio remanente de la deuda que se precancela;
iii) el monto acumulado de los vencimientos de capital del nuevo
endeudamiento en ningún momento, hasta la fecha de vencimiento de la
deuda que se cancela, podrá superar el monto que hubieran acumulado
los vencimientos de capital de la financiación a precancelar; y
iv)en caso de que el nuevo endeudamiento sea una prefinanciación de
exportaciones del exterior, la entidad deberá contar con una declaración
jurada del cliente dejando constancia de que será necesaria la
conformidad previa del BCRA para la aplicación de divisas de cobros de
exportaciones a la cancelación del capital con anterioridad a los
vencimientos computados a los efectos del cumplimiento de las
condiciones indicadas.
Si la financiación precancelada por el cliente hubiese sido otorgada a partir
de una línea de crédito del exterior, la entidad financiera podrá a su vez
precancelar el capital y los intereses devengados de la línea de crédito por la
parte proporcional a la deuda cobrada anticipadamente.","Condicion","Fondos liquidados simultáneamente de nuevo endeudamiento","La precancelación sea efectuada en manera simultánea con los fondos liquidados de un nuevo endeudamiento financiero comprendido en el punto 3.5. y/o una nueva prefinanciación de exportaciones del exterior","condicion_de","Operacion","Precancelación de financiaciones en moneda extranjera","Cancelación anticipada de financiaciones en moneda extranjera de entidades financieras locales, excepto la cancelación de giros en descubierto en cuentas corrientes en dólares estadounidenses","correcta","Condicion literal del inciso i) de la situacion 3.6.4.2 que exime de conformidad previa para la cancelacion anticipada."
"C16","Condicion --condicion_de--> Operacion","ext::5.12.4","Sección 5. Pautas operativas.
5.12. Operaciones de arbitrajes y canjes en el exterior de las entidades.
Dichas entidades podrán realizar operaciones de arbitrajes y canjes en el exterior siempre que
la contraparte sea:
5.12.4. una compañía del exterior que se dedique a la compraventa de billetes de distintos
países y/o metales preciosos amonedados o en barras de buena entrega y cuya casa
matriz esté radicada en un país miembro del Comité de Supervisión Bancaria de
Basilea.","Condicion","Contraparte debe ser compañía dedicada a compraventa","La contraparte debe ser una compañía del exterior que se dedique a la compraventa de billetes de distintos países y/o metales preciosos amonedados o en barras de buena entrega","condicion_de","Operacion","Compraventa de billetes y metales preciosos","Operación de arbitraje y canje en el exterior consistente en la compraventa de billetes de distintos países y/o metales preciosos amonedados o en barras de buena entrega, realizada con contrapartes domiciliadas en país miembro del Comité de Supervisión Bancaria de Basilea","correcta","Condicion literal: las entidades podran realizar arbitrajes y canjes «siempre que la contraparte sea» una compania del exterior dedicada a la compraventa de billetes o metales preciosos; el destino traslada erroneamente esa compraventa al objeto de la operacion, cuando el texto la predica de la contraparte."
"C17","Condicion --condicion_de--> Operacion","ext::5.8.2.1","Sección 5. Pautas operativas.
5.8. Boletos globales diarios.
Las entidades podrán elaborar un boleto global diario para las situaciones que se detallan a
continuación, en la medida que se verifiquen todas las condiciones indicadas en cada caso.
En todos los casos, se deberá requerir una lista detallada de los beneficiarios/ordenantes de
los pagos comprendidos en dicho boleto, debiendo como mínimo informar respecto de ellos:
nombres y apellidos completos o denominación social (según corresponda), CUIT, CUIL o CDI
y el monto que le corresponde.
5.8.2. Ingresos de divisas a través de empresas procesadores de pagos.
A nombre de la empresa local que actúa como representante en el país de la empresa
procesadora de pagos en la medida que se cumplan las siguientes condiciones:
Por los ingresos cursados que correspondan al cobro de exportaciones de bienes y
servicios, la entidad receptora de la transferencia emitirá, a pedido del exportador, una
certificación de ingreso y liquidación de divisas por los fondos recibidos en moneda
local.
5.8.2.1. Exista un acuerdo entre la persona jurídica residente que actúa como cliente y
una empresa del exterior habilitando a la primera a actuar como agente de
pago en la República Argentina y en el cual se prevea que los fondos
ingresados sean destinados dentro de los 2 (dos) días hábiles al pago en el
país de quienes resulten beneficiarios finales mediante la acreditación de sus
cuentas locales en moneda nacional o en moneda extranjera.","Condicion","Acuerdo habilitación agente de pago con destino fondos","Exista un acuerdo entre la persona jurídica residente que actúa como cliente y una empresa del exterior habilitando a la primera a actuar como agente de pago en la República Argentina y en el cual se prevea que los fondos ingresados sean destinados dentro de los 2 (dos) días hábiles al pago en el país de quienes resulten beneficiarios finales mediante la acreditación de sus cuentas locales en moneda nacional o en moneda extranjera.","condicion_de","Operacion","Actuación como agente de pago en la República Argentina","Persona jurídica residente actúa como agente de pago en la República Argentina para empresa del exterior, con destino de fondos ingresados al pago de beneficiarios finales mediante acreditación de cuentas locales en moneda nacional o extranjera dentro de 2 días hábiles.","correcta","El punto dice que el acuerdo habilita a la persona juridica residente «a actuar como agente de pago en la Republica Argentina», de modo que el texto sostiene la habilitacion; en la economia de la norma la condicion rige el boleto global diario del 5.8.2 y el destino recoge en cambio el contenido del acuerdo."
"C18","Condicion --condicion_de--> Operacion","ext::7.10.2.5","Sección 7. Cobros de exportaciones de bienes.
7.10. Operaciones habilitadas para la aplicación de cobros de exportaciones de bienes en el marco
del régimen de fomento de inversión para las exportaciones (Decreto 234/21).
7.10.2. La aplicación de las divisas a las operaciones señaladas será admitida en la medida
que se verifiquen la totalidad de las siguientes condiciones:
7.10.2.5. Para el registro de las operaciones del punto 7.10.2.2.ii) en el régimen
informativo de operaciones de cambios (RIOC), la entidad encargada del
seguimiento deberá confeccionar dos boletos sin movimiento de fondos con
las siguientes características:
i) El boleto de compra se confeccionará por un código de concepto que
identifique que se trata de una operación comprendida en el
mencionado punto, debiéndose dejar constancia de la identificación del
acreedor o de quien realiza el aporte, según corresponda, y asignar un
número de identificación (número APX) que permitirá la incorporación
de la operación al “Seguimiento de anticipos y otras financiaciones de
exportación de bienes”.
ii) El boleto de venta se confeccionará con el código de concepto que
refleje el pago diferido de importaciones de bienes que se efectúa,
dejando constancia que el pago encuadra en el presente mecanismo.
iii)Los boletos deberán ser registrados en la fecha en que se produjo el
registro de ingreso aduanero de los bienes de capital,
independientemente de cuál sea el momento en que el cliente solicita
su registro ante la entidad financiera.","Condicion","Operación comprendida en punto 7.10.2.2.ii)","Que la operación esté comprendida en el punto 7.10.2.2.ii) del régimen de fomento de inversión para las exportaciones.","condicion_de","Operacion","Confección de dos boletos sin movimiento fondos RIOC","La entidad encargada del seguimiento debe confeccionar dos boletos sin movimiento de fondos para el registro de operaciones del punto 7.10.2.2.ii) en el régimen informativo de operaciones de cambios (RIOC), con características específicas en boleto de compra y venta, a registrarse en la fecha en que se produjo el registro de ingreso aduanero de los bienes de capital.","correcta","El punto ordena confeccionar los dos boletos «para el registro de las operaciones del punto 7.10.2.2.ii)»: el encuadre de la operacion delimita cuando rige el destino."
"C19","Condicion --condicion_de--> Operacion","ext::7.9.1.11","Sección 7. Cobros de exportaciones de bienes.
7.9. Operaciones financieras habilitadas para aplicar cobros de exportaciones de bienes y
servicios.
7.9.1. La aplicación de cobros de exportaciones y servicios estará habilitada, en la medida
que se cumplan las condiciones consignadas en cada caso, en los siguientes casos:
7.9.1.11. Pago de capital e intereses de emisiones de títulos de deuda con registro
público en el país, denominados y suscriptos en moneda extranjera y con
servicios pagaderos en moneda extranjera en el país, cuyos fondos hayan
sido liquidados en el mercado de cambios entre el 16/10/20 y el 31/12/23 y
hayan permitido alcanzar los parámetros de refinanciación previstos en el
punto 7.9.1.9.","Condicion","Fondos liquidados 16/10/20-31/12/23 alcanzando refinanciación","Los fondos hayan sido liquidados en el mercado de cambios entre el 16/10/20 y el 31/12/23 y hayan permitido alcanzar los parámetros de refinanciación previstos en el punto 7.9.1.9","condicion_de","Operacion","Pago capital e intereses títulos deuda exterior","Pago de capital e intereses de emisiones de títulos de deuda con registro público en el país, denominados y suscriptos en moneda extranjera y con servicios pagaderos en moneda extranjera en el país, cuyos fondos hayan sido liquidados en el mercado de cambios entre el 16/10/20 y el 31/12/23 y hayan permitido alcanzar los parámetros de refinanciación previstos en el punto 7.9.1.9.","correcta","El calificativo del punto delimita que pagos de titulos pueden recibir cobros de exportaciones, bajo el «en la medida que se cumplan las condiciones consignadas en cada caso» del 7.9.1; el destino repite el calificativo en su descripcion."
"C20","Condicion --condicion_de--> Operacion","ext::9.1.4","Sección 9. Seguimiento de anticipos y otras financiaciones de exportación de bienes.
9.1. Operaciones comprendidas.
9.1.4. Anticipos y prefinanciaciones de exportaciones del exterior pendientes al 31/08/19
que no fueron liquidados en el mercado de cambios para los cuales el exportador
solicite su aplicación a permisos de embarque oficializados a partir del 02/09/19.","Condicion","Aplicación a permisos de embarque posteriores","que el exportador solicite su aplicación a permisos de embarque oficializados a partir del 02/09/19","condicion_de","Operacion","Anticipos y prefinanciaciones de exportaciones del exterior","Anticipos y prefinanciaciones de exportaciones del exterior pendientes al 31/08/19 que no fueron liquidados en el mercado de cambios","correcta","El «para los cuales el exportador solicite su aplicacion a permisos de embarque oficializados a partir del 02/09/19» selecciona que anticipos quedan comprendidos en el seguimiento de la Seccion 9; ese contexto operativo no aparece en ninguno de los dos nodos."
"C21","Condicion --condicion_de--> Potestad","cap::3.1.13::intro","Sección 3. Capital mínimo por riesgo de crédito. Titulizaciones e inversiones en fon- dos.
3.1. Tratamiento de las titulizaciones.
3.1.13. Tratamiento de las posiciones con cobertura de riesgo admisible.
Al calcular la exigencia de capital, se podrá reconocer la protección crediticia recibida
respecto de una posición de titulización siempre que:
i) Se trate de alguno de los activos admitidos como garantía en los puntos 5.3.1.2. y
5.3.2.2. o de garantías personales o de derivados de crédito que cumplan con los
requisitos operativos especificados en el punto 5.2.3.
Se podrán reconocer los activos dados en garantía por los SPE.
ii) La protección sea provista por alguna de las entidades detalladas en el punto 5.4.1.
No podrán reconocerse los SPE como garantes admisibles.","Condicion","Activos admitidos o derivados de crédito elegibles","Se trate de alguno de los activos admitidos como garantía en los puntos 5.3.1.2. y 5.3.2.2. o de garantías personales o de derivados de crédito que cumplan con los requisitos operativos especificados en el punto 5.2.3","condicion_de","Potestad","Reconocer protección crediticia en titulizaciones","Al calcular la exigencia de capital, se podrá reconocer la protección crediticia recibida respecto de una posición de titulización siempre que se cumplan los requisitos especificados","correcta","Condicion literal del inciso i) bajo «se podra reconocer la proteccion crediticia recibida respecto de una posicion de titulizacion siempre que»."
"C22","Condicion --condicion_de--> Potestad","cap::5.1.2","Sección 5. Cobertura del riesgo de crédito.
A los efectos del cómputo de la exigencia de capital por riesgo de crédito, se reconocerá –total o
parcialmente– la cobertura del riesgo de crédito (CRC) de las operaciones registradas en la cartera
de inversión –tales como préstamos y responsabilidades eventuales– mediante la utilización de las
técnicas previstas en el punto 5.1.
La presente sección contempla, además, el cálculo de la exposición a las operaciones de financia-
ción con títulos valores (securities financing transactions, SFT) –conforme a lo previsto en la Sec-
ción 4.–, registradas tanto en la cartera de inversión como en la cartera de negociación.
5.1. Técnicas de cobertura del riesgo de crédito.
5.1.2. Garantías (y contragarantías) personales –tales como fianzas y avales– y derivados de
crédito (protección no desembolsada).
La aplicación de la técnica –que se detalla en el punto 5.4.– requerirá emplear única-
mente el método de sustitución de ponderadores, y estará sujeta al cumplimiento de los
requisitos establecidos en los puntos 5.2.1. y 5.2.3.
Los garantes (y contragarantes) admisibles se limitarán a aquellos listados en el punto
5.4.1.
El descalce de plazos de vencimiento se admitirá siempre que se cumplan las disposi-
ciones establecidas en el punto 5.4.5.
El descalce de monedas se permitirá siempre que se observen las disposiciones previs-
tas en el punto 5.4.6.","Condicion","Cumplimiento disposiciones punto 5.4.5. para descalce plazos","El descalce de plazos de vencimiento se admitirá siempre que se cumplan las disposiciones establecidas en el punto 5.4.5.","condicion_de","Potestad","Admisión descalce plazos de vencimiento","El descalce de plazos de vencimiento se admitirá siempre que se cumplan las disposiciones establecidas en el punto 5.4.5.","incorrecta","Origen y destino tienen la descripcion identica («El descalce de plazos de vencimiento se admitira siempre que se cumplan las disposiciones establecidas en el punto 5.4.5.»): el punto enuncia una sola regla y la arista la relaciona consigo misma."
"C23","Condicion --condicion_de--> Potestad","cap::8.3.2.5","Sección 8. Responsabilidad patrimonial computable.
8.3. Criterios relacionados con los conceptos computables.
8.3.2. Los instrumentos incluidos en el CA deberán observar los siguientes requisitos:
n1
8.3.2.5. La entidad financiera podrá rescatarlos –transcurridos un mínimo de cinco años
desde su emisión–, siempre que:
i) cuente con autorización de la SEFyC en forma previa al ejercicio de la op-
ción de compra;
ii) se abstenga de generar expectativas de que ejercitará la opción de com-
pra; y
iii) sustituya el instrumento con capital regulatorio de igual o mayor calidad y
en condiciones que sean sostenibles para su capacidad de generación de
ingresos, o demuestre que –una vez ejercida la opción de compra– su RPC
supera ampliamente –al menos en un 20 %– los requerimientos mínimos
de capital.","Condicion","Abstención de generar expectativas de compra","se abstenga de generar expectativas de que ejercitará la opción de compra","condicion_de","Potestad","Rescate de instrumentos CA — cinco años mínimo","La entidad financiera podrá rescatarlos –transcurridos un mínimo de cinco años desde su emisión–","correcta","Condicion literal del inciso ii) bajo «La entidad financiera podra rescatarlos -transcurridos un minimo de cinco anios desde su emision-, siempre que»."
"C24","Condicion --condicion_de--> Potestad","cla::7.2.5","Sección 7. Clasificación de los deudores de la cartera para consumo o vivienda.
7.2. Niveles de clasificación.
7.2.5. Irrecuperable.
Comprende a los clientes insolventes o en quiebra con nula o escasa posibilidad de re-
cuperación del crédito o con atrasos superiores al año.
También incluirá a los clientes que se encuentren en gestión judicial, o que hayan solici-
tado el concurso preventivo o hayan solicitado el acuerdo preventivo extrajudicial, aun
cuando existan posibilidades de recuperación del crédito, una vez transcurridos más de
540 días de atraso.
Los clientes cuyas deudas hayan sido refinanciadas mediante obligaciones de pago pe-
riódico (mensual o bimestral) podrán ser reclasificados en el nivel inmediato superior,
cuando hayan cumplido puntualmente o con atrasos que no superen los 31 días, con el
pago de 3 cuotas consecutivas o, cuando se trate de financiaciones de pago único, pe-
riódico superior a bimestral o irregular, hayan cancelado al menos el 15 % de sus
obligaciones refinanciadas (por capital).
El deudor refinanciado que haya cumplido con lo dispuesto en los párrafos precedentes,
según corresponda, podrá ser reclasificado en el nivel inmediato superior si, además, el
resto de sus deudas reúnen, como mínimo, las condiciones previstas en el citado nivel.
El deudor que, encontrándose clasificado en esta categoría, haya refinanciado su deuda
–aun cuando haya cancelado las cuotas o el porcentaje establecidos precedentemente–
y recibido crédito adicional en los términos a que se refiere el punto 2.2.5. de las normas
sobre “Previsiones mínimas por riesgo de incobrabilidad”, y en la medida en que dicha fi-
nanciación adicional no hubiese sido cancelada, deberá permanecer en esta categoría
por lo menos 180 días contados desde la fecha en que se otorgó el crédito adicional o
desde que se celebró el acuerdo de refinanciación, la circunstancia más reciente.
Además, comprende los clientes que reúnan las condiciones previstas en los puntos
6.5.5.7. a 6.5.5.9.","Condicion","Cumplimiento de condiciones de reclasificación previas","El deudor refinanciado que haya cumplido con lo dispuesto en los párrafos precedentes, según corresponda, podrá ser reclasificado en el nivel inmediato superior si, además, el resto de sus deudas reúnen, como mínimo, las condiciones previstas en el citado nivel.","condicion_de","Potestad","Reclasificación a nivel superior por cumplimiento de cuotas","Los clientes cuyas deudas hayan sido refinanciadas mediante obligaciones de pago periódico (mensual o bimestral) podrán ser reclasificados en el nivel inmediato superior, cuando hayan cumplido puntualmente o con atrasos que no superen los 31 días, con el pago de 3 cuotas consecutivas.","correcta","El parrafo del origen agrega un requisito a la reclasificacion del parrafo anterior («si, ademas, el resto de sus deudas reunen, como minimo, las condiciones previstas en el citado nivel»), de modo que la condiciona; el nodo de origen abarca el parrafo entero y por eso se lee como permiso en lugar de requisito."
"C25","Condicion --condicion_de--> Potestad","ext::1.2","Sección 1. Disposiciones generales.
1.2. Las entidades podrán dar acceso al mercado de cambios a las personas humanas o jurídicas
y los patrimonios y otras universalidades, en adelante “clientes”, cuando verifiquen el
cumplimiento de las disposiciones generales y, en caso de corresponder, aquellas específicas
previstas para el concepto pertinente en el presente texto ordenado.
En todos los casos, la entidad deberá contar con los elementos que le permitan constatar el
carácter genuino de la operación a cursar y su correcto encuadramiento en el concepto
declarado.","Condicion","Verificación cumplimiento disposiciones aplicables","Cuando verifiquen el cumplimiento de las disposiciones generales y, en caso de corresponder, aquellas específicas previstas para el concepto pertinente en el presente texto ordenado.","condicion_de","Potestad","Acceso mercado cambios a clientes","Las entidades podrán dar acceso al mercado de cambios a las personas humanas o jurídicas y los patrimonios y otras universalidades, en adelante ""clientes"", cuando verifiquen el cumplimiento de las disposiciones generales y, en caso de corresponder, aquellas específicas previstas para el concepto pertinente en el presente texto ordenado.","correcta","Condicion literal: «cuando verifiquen el cumplimiento de las disposiciones generales y, en caso de corresponder, aquellas especificas previstas para el concepto pertinente»."
"C26","Condicion --condicion_de--> Potestad","ext::10.11.2","Sección 10. Pagos de importaciones y otras compras de bienes en el exterior.
10.11. Disposiciones complementarias para importaciones de bienes con registro de ingreso
aduanero hasta el 12/12/23.
Se requerirá la conformidad previa del BCRA para el acceso al mercado de cambios para
realizar pagos de importaciones por bienes con registro de ingreso aduanero hasta el
12/12/23, excepto cuando, adicionalmente a los restantes requisitos aplicables, la entidad
verifique que:
10.11.2. el pago corresponda a la cancelación de deudas por operaciones financiadas o
garantizadas con anterioridad al 13/12/23 por organismos internacionales y/o
agencias oficiales de crédito; o
Las entidades podrán considerar también como operación garantizada por una
agencia oficial de crédito a aquella que se encuentre cubierta por una garantía
emitida por una aseguradora privada por cuenta y orden de un gobierno nacional
de otro país. En todos los casos, la entidad interviniente deberá contar con
documentación en la que conste explícitamente tal situación.","Condicion","Pago cancela deudas financiadas/garantizadas antes 13/12/23","el pago corresponda a la cancelación de deudas por operaciones financiadas o garantizadas con anterioridad al 13/12/23 por organismos internacionales y/o agencias oficiales de crédito","condicion_de","Potestad","Considerar operación garantizada por agencia oficial","Las entidades podrán considerar también como operación garantizada por una agencia oficial de crédito a aquella que se encuentre cubierta por una garantía emitida por una aseguradora privada por cuenta y orden de un gobierno nacional de otro país","incorrecta","La direccion esta invertida: el parrafo del destino amplia que cuenta como operacion garantizada por una agencia oficial de credito a los efectos del 10.11.2, de modo que sirve para establecer el origen, no depende de el."
"C27","Condicion --condicion_de--> Potestad","ext::10.5.5.1","Sección 10. Pagos de importaciones y otras compras de bienes en el exterior.
10.5. Seguimiento de pagos de importaciones con registro de ingreso aduanero pendiente.
Todo pago de importaciones con registro de ingreso aduanero pendiente efectuado a partir del
02/09/19 estará sujeto a un seguimiento desde la fecha de acceso al mercado de cambios
hasta la fecha en que se produzca su regularización.
Se considerará regularizada la situación de estos pagos a los efectos cambiarios cuando se
demuestre ante la entidad encargada del seguimiento de ese pago, y por hasta el monto
girado, la existencia de:
i) el registro de ingreso aduanero a su nombre o a nombre de un tercero en la medida
que se cumplan las condiciones establecidas en la presente normativa; y/o
ii) la liquidación en el mercado de cambios de las divisas asociadas a la devolución del
pago efectuado; y/o
iii) otras formas de regularización previstas en la presente norma según las condiciones
y límites establecidos en cada caso; y/o
iv) la conformidad otorgada por el BCRA para dar por regularizada parte o el total de la
operación. El pedido solo podrá ser tramitado por la entidad encargada del
seguimiento del pago y deberá estar debidamente justificado por ésta.
10.5.5. Prórrogas de plazos para la demostración del registro de ingreso aduanero.
Las prórrogas del plazo para la demostración del registro de ingreso aduanero de
importación serán concedidas por la entidad a cargo del seguimiento del pago
realizado sin registro de ingreso aduanero, dentro de las condiciones que establece la
presente normativa o con la previa conformidad del BCRA.
Estas prórrogas deberán ser registradas por la entidad encargada del seguimiento del
pago en el sistema SEPAIMPO.
10.5.5.1. Mercadería siniestrada con posterioridad a la entrega del bien en la
condición de compra pactada:
La entidad a cargo del seguimiento podrá otorgar hasta cinco prórrogas
sucesivas de 180 (ciento ochenta) días corridos de plazo hasta la fecha de
la liquidación del seguro, cuando se cumpla con los siguientes requisitos:
i) la falta total o parcial de la oficialización de la documentación
aduanera se justifica en un siniestro;
ii) el embarque cuenta con un seguro por la cobertura del siniestro de la
mercadería; y
iii) se cuenta con la factura emitida por el exportador; póliza del seguro
que cubre el embarque siniestrado; documentación de transporte;
denuncia del siniestro ante la entidad aseguradora y autoridad policial
u otra documentación probatoria del siniestro.
Operada la liquidación del seguro, la documentación respectiva se
completará con:
iv) la liquidación del seguro, donde figure fecha, lugar y moneda del
pago;
v) de haberse realizado el pago en moneda extranjera, documentación
por la cual se liquidaron las divisas en el mercado de cambios. El
monto percibido en moneda extranjera por el cobro del seguro deberá
ser ingresado y liquidado en el mercado de cambios dentro de los 20
(veinte) días hábiles siguientes a la fecha de efectiva percepción; y
vi) si el siniestro fue liquidado en moneda local, copia del extracto
bancario donde figure el depósito del cheque con el cual fue cobrado
el siniestro.
En todos los casos, la entidad deberá exigir, además de la documentación
señalada, una declaración jurada sobre el carácter genuino de lo
declarado, firmada por el importador o quien ejerza su representación legal
o un apoderado con facultades suficientes para asumir este compromiso en
nombre del importador.
Utilizados los plazos máximos con sus sucesivas renovaciones, la entidad
registrará la condición de no recupero total o parcial de los fondos en el
SEPAIMPO, dando por finalizado su seguimiento del pago. Esto es
independiente de la obligación del importador de ingresar por el mercado
de cambios dentro de los 20 (veinte) días hábiles de la fecha de cobro, todo
recupero que registre en moneda extranjera con relación a dicho pago.","Condicion","Documentación de factura exportador y transporte disponible","se cuenta con la factura emitida por el exportador; póliza del seguro que cubre el embarque siniestrado; documentación de transporte; denuncia del siniestro ante la entidad aseguradora y autoridad policial u otra documentación probatoria del siniestro","condicion_de","Potestad","Prorrogas hasta 5 × 180 días para documentación aduanera","La entidad a cargo del seguimiento podrá otorgar hasta cinco prórrogas sucesivas de 180 (ciento ochenta) días corridos de plazo hasta la fecha de la liquidación del seguro, cuando se cumpla con los requisitos establecidos","correcta","Requisito literal iii) bajo «podra otorgar hasta cinco prorrogas sucesivas de 180 dias corridos... cuando se cumpla con los siguientes requisitos»."
"C28","Condicion --condicion_de--> Potestad","ext::10.6.3","Sección 10. Pagos de importaciones y otras compras de bienes en el exterior.
10.6. Otras disposiciones.
10.6.3. Gobiernos locales por obras de infraestructura.
En la medida que se cumplan los requisitos generales previstos, los gobiernos locales
tendrán acceso para el pago al exterior de bienes importados en el marco de
contratos de obras de infraestructura, cuando cuenten con el registro de ingreso
aduanero oficializado por entes, reparticiones, organismos que formen parte del
estado Provincial y/o de empresas que, si bien puedan tener personería jurídica
propia, son propiedad en su totalidad del estado Provincial.
De igual forma, los gobiernos locales tendrán acceso al mercado de cambios para
realizar pagos con registro aduanero pendiente por bienes que serán importados en
el marco de la realización de obras de infraestructura por alguno de los enunciados
en el párrafo precedente.","Condicion","Registro aduanero pendiente — bienes a importar","cuando cuenten con registro aduanero pendiente por bienes que serán importados en el marco de la realización de obras de infraestructura por entes, reparticiones, organismos que formen parte del estado Provincial y/o de empresas que son propiedad en su totalidad del estado Provincial","condicion_de","Potestad","Acceso gobiernos locales — mercado de cambios obras infraestructura","los gobiernos locales tendrán acceso al mercado de cambios para realizar pagos con registro aduanero pendiente por bienes que serán importados en el marco de obras de infraestructura","correcta","El origen resuelve correctamente la remision («alguno de los enunciados en el parrafo precedente») y delimita el acceso del segundo parrafo del punto; el texto presenta esa circunstancia como objeto del acceso y el origen la formula como condicion, con la forma condicional del primer parrafo."
"C29","Condicion --condicion_de--> Potestad","ext::14.2.1.8","Sección 14. Disposiciones complementarias asociadas al Régimen de Incentivo para Grandes Inversiones (RIGI).
En esta sección se detallan las disposiciones complementarias en materia cambiaria que, en la
medida que las disposiciones generales no resulten más favorables, resultan aplicables a un
Vehículo de Proyecto Único (VPU) adherido al Régimen de Incentivo los referidas al “Régimen de
Incentivo para Grandes Inversiones” (RIGI) establecido en el Título VII de la Ley 27.742 y
reglamentado por el Decreto 749/24 y concordantes.
14.2. Beneficios relacionados con el acceso al mercado de cambios para operaciones de egreso.
Adicionalmente lo previsto en la normativa general en materia de egresos por el mercado de
cambios, en la medida que se cumplan los restantes requisitos aplicables a cada operación,
por aquellas financiaciones o aportes de inversión directa recibidos por el VPU adherido a
partir de la vigencia de la Ley 27.742, las entidades podrán también dar acceso en las
siguientes situaciones:
14.2.1. En el marco de lo dispuesto en los puntos 3.3., 3.5., 3.6. y 10.3.2., según
corresponda, sin necesidad de contar con la conformidad previa del BCRA si tal
requisito estuviese vigente, las entidades podrán darle acceso al cliente para pagar,
incluso antes de la fecha de vencimiento, los intereses devengados hasta la fecha
de acceso que se encuentren impagos y/o el capital pendiente de:
En el caso de que la totalidad de los fondos obtenidos por la financiación no pudiese
ser computada como ingresada y liquidada en el mercado de cambios, las
entidades también podrán dar acceso al VPU adherido, sin necesidad de contar con
la conformidad previa del BCRA si tal requisito estuviese vigente, para realizar:
i) pagos de intereses devengados hasta la fecha de acceso que se encuentren
impagos y que correspondan a la porción del capital equivalente a la proporción
de los fondos recibidos por el VPU por la financiación que puede computarse
como ingresada y liquidada por el mercado de cambios.
ii) pagos por capital adeudado que corresponda a la porción del capital
equivalente a la proporción de los fondos recibidos por el VPU por la
financiación que puede computarse como ingresada y liquidada por el mercado
de cambios.
14.2.1.8. financiaciones comerciales otorgadas por el proveedor del exterior para
la importación de bienes de capital en la medida que puedan ser
computadas como ingresadas y liquidadas en el mercado de cambios
por cumplir los requisitos previstos en el punto 14.5.3.","Condicion","Computación como ingresada y liquidada en mercado de cambios","Que la financiación comercial pueda ser computada como ingresada y liquidada en el mercado de cambios por cumplir los requisitos previstos en el punto 14.5.3.","condicion_de","Potestad","Acceso al cliente para pagar financiación comercial","Las entidades podrán dar acceso al cliente para pagar financiaciones comerciales otorgadas por el proveedor del exterior para la importación de bienes de capital que cumplan los requisitos previstos en el punto 14.5.3, sin necesidad de conformidad previa del BCRA.","correcta","Condicion literal: «en la medida que puedan ser computadas como ingresadas y liquidadas en el mercado de cambios por cumplir los requisitos previstos en el punto 14.5.3»."
"C30","Condicion --condicion_de--> Potestad","ext::14.2.3","Sección 14. Disposiciones complementarias asociadas al Régimen de Incentivo para Grandes Inversiones (RIGI).
En esta sección se detallan las disposiciones complementarias en materia cambiaria que, en la
medida que las disposiciones generales no resulten más favorables, resultan aplicables a un
Vehículo de Proyecto Único (VPU) adherido al Régimen de Incentivo los referidas al “Régimen de
Incentivo para Grandes Inversiones” (RIGI) establecido en el Título VII de la Ley 27.742 y
reglamentado por el Decreto 749/24 y concordantes.
14.2. Beneficios relacionados con el acceso al mercado de cambios para operaciones de egreso.
Adicionalmente lo previsto en la normativa general en materia de egresos por el mercado de
cambios, en la medida que se cumplan los restantes requisitos aplicables a cada operación,
por aquellas financiaciones o aportes de inversión directa recibidos por el VPU adherido a
partir de la vigencia de la Ley 27.742, las entidades podrán también dar acceso en las
siguientes situaciones:
14.2.3. En el marco de lo dispuesto en el punto 3.13., las entidades también podrán dar
acceso a un VPU adherido al RIGI para concretar, sin necesidad de contar con la
conformidad previa del BCRA ni respetar plazos mínimos de permanencia si alguno
de estos requisitos estuviese vigente, la repatriación de los aportes de inversión
directa de sus accionistas no residentes que fueron destinados a financiar el
proyecto en la medida que el monto acumulado de las repatriaciones de capital del
no residente sea menor o igual a la suma de los aportes contemplados en los
incisos i) y ii) del punto 14.2.2. precedente.","Condicion","Monto acumulado repatriaciones menor o igual suma aportes","El monto acumulado de las repatriaciones de capital del no residente sea menor o igual a la suma de los aportes contemplados en los incisos i) y ii) del punto 14.2.2","condicion_de","Potestad","Facultad dar acceso repatriación capital no residente","Las entidades podrán dar acceso a un VPU adherido al RIGI para concretar la repatriación de aportes de inversión directa de accionistas no residentes, sin necesidad de conformidad previa del BCRA ni plazos mínimos de permanencia","correcta","Condicion literal: «en la medida que el monto acumulado de las repatriaciones de capital del no residente sea menor o igual a la suma de los aportes contemplados en los incisos i) y ii) del punto 14.2.2. precedente»."
"C31","Condicion --condicion_de--> Potestad","ext::14.2.4","Sección 14. Disposiciones complementarias asociadas al Régimen de Incentivo para Grandes Inversiones (RIGI).
En esta sección se detallan las disposiciones complementarias en materia cambiaria que, en la
medida que las disposiciones generales no resulten más favorables, resultan aplicables a un
Vehículo de Proyecto Único (VPU) adherido al Régimen de Incentivo los referidas al “Régimen de
Incentivo para Grandes Inversiones” (RIGI) establecido en el Título VII de la Ley 27.742 y
reglamentado por el Decreto 749/24 y concordantes.
14.2. Beneficios relacionados con el acceso al mercado de cambios para operaciones de egreso.
Adicionalmente lo previsto en la normativa general en materia de egresos por el mercado de
cambios, en la medida que se cumplan los restantes requisitos aplicables a cada operación,
por aquellas financiaciones o aportes de inversión directa recibidos por el VPU adherido a
partir de la vigencia de la Ley 27.742, las entidades podrán también dar acceso en las
siguientes situaciones:
14.2.4. Las entidades podrán también en el marco del punto 3.13., sin conformidad previa
del BCRA si el requisito estuviese vigente, a un cliente no residente para la
transferencia al exterior de los fondos que haya percibido en el país por su carácter
de acreedor por un endeudamiento con el exterior otorgado a un VPU, en la medida
que:
i) los fondos correspondan a un cobro del capital y/o intereses del endeudamiento
a partir de pagos realizados por el VPU o a partir de cualquier modalidad que
haya permitido el cobro en el país a partir de un incumplimiento del VPU; como
ser el pago por otro residente -incluyendo empresas vinculadas al VPU- en
carácter de garante.
ii) la entidad verifique que el deudor hubiese tenido acceso para realizar el pago a
su nombre por cumplimentar las disposiciones normativas aplicables, debiendo
quedar constancia en el boleto de cambio de venta la identificación del VPU
cuyo endeudamiento ha permitido el acceso.
En caso de tratarse de la repatriación de un cobro de capital, la entidad deberá
registrar la operación en el sistema online a nombre del VPU y obtener la
correspondiente convalidación respecto al cumplimiento de lo previsto en el
punto 14.4.1.
iii) el acceso al mercado de cambios se concrete dentro de los 10 (diez) días
hábiles siguientes a la disponibilidad de los fondos por parte del no residente.","Condicion","Plazo de 10 días hábiles desde disponibilidad de fondos","El acceso al mercado de cambios se concrete dentro de los 10 (diez) días hábiles siguientes a la disponibilidad de los fondos por parte del no residente","condicion_de","Potestad","Facultad de acceso al mercado de cambios (no residente acreedor)","Las entidades podrán permitir a un cliente no residente la transferencia al exterior de los fondos que haya percibido en el país por su carácter de acreedor por un endeudamiento con el exterior otorgado a un VPU, sin conformidad previa del BCRA si el requisito estuviese vigente","correcta","Condicion literal del inciso iii): el acceso debe concretarse dentro de los diez dias habiles siguientes a la disponibilidad de los fondos."
"C32","Condicion --condicion_de--> Potestad","ext::14.2::intro","Sección 14. Disposiciones complementarias asociadas al Régimen de Incentivo para Grandes Inversiones (RIGI).
14.2. Beneficios relacionados con el acceso al mercado de cambios para operaciones de egreso.
Adicionalmente lo previsto en la normativa general en materia de egresos por el mercado de
cambios, en la medida que se cumplan los restantes requisitos aplicables a cada operación,
por aquellas financiaciones o aportes de inversión directa recibidos por el VPU adherido a
partir de la vigencia de la Ley 27.742, las entidades podrán también dar acceso en las
siguientes situaciones:","Condicion","Cumplimiento de requisitos — operaciones de egreso","Se cumplan los restantes requisitos aplicables a cada operación conforme a la normativa general en materia de egresos por el mercado de cambios.","condicion_de","Potestad","Acceso al mercado de cambios — financiaciones e inversión directa","Las entidades podrán dar acceso al mercado de cambios en situaciones específicas para financiaciones o aportes de inversión directa recibidos por VPU adherido a partir de la vigencia de la Ley 27.742, cumpliendo con los requisitos generales de egresos aplicables a cada operación.","correcta","Condicion literal del preambulo: «en la medida que se cumplan los restantes requisitos aplicables a cada operacion... las entidades podran tambien dar acceso en las siguientes situaciones»."
"C33","Condicion --condicion_de--> Potestad","ext::2.2.4","Sección 2. Disposiciones específicas para los ingresos por el mercado de cambios.
2.2. Cobros de exportaciones de servicios.
2.2.4. Se admitirá la aplicación de cobros de exportaciones de servicios a la cancelación de
capital e intereses de endeudamientos financieros comprendidos el punto 3.5. o de
títulos valores con acceso al mercado de cambios en función de lo dispuesto en los
puntos 3.6.1.3. a 3.6.1.5. o a la repatriación de aportes de inversiones directas, en la
medida que se cumplan los requisitos previstos en el punto 7.9.","Condicion","Cumplimiento requisitos punto 7.9","En la medida que se cumplan los requisitos previstos en el punto 7.9","condicion_de","Potestad","Facultad admitir aplicación cobros exportaciones","Se admitirá la aplicación de cobros de exportaciones de servicios a la cancelación de capital e intereses de endeudamientos financieros comprendidos en el punto 3.5, o de títulos valores con acceso al mercado de cambios en función de lo dispuesto en los puntos 3.6.1.3 a 3.6.1.5, o a la repatriación de aportes de inversiones directas","correcta","Condicion literal: «en la medida que se cumplan los requisitos previstos en el punto 7.9»."
"C34","Condicion --condicion_de--> Potestad","ext::2.2.5","Sección 2. Disposiciones específicas para los ingresos por el mercado de cambios.
2.2. Cobros de exportaciones de servicios.
2.2.5. Asimismo, en la medida que se cumplan los requisitos previstos en los puntos 3.11.3. y
7.9.5., se admitirá que los cobros de exportaciones de servicios sean acumulados en
cuentas abiertas en entidades financieras locales o en el exterior, por los montos
exigibles en los contratos de endeudamiento, con el objeto de garantizar la cancelación
de los servicios de capital e intereses de endeudamientos financieros comprendidos el
punto 3.5. y/o de títulos valores con acceso al mercado de cambios en función de lo
dispuesto en los puntos 3.6.1.3. a 3.6.1.5.","Condicion","Cumplimiento requisitos puntos 3.11.3 y 7.9.5","en la medida que se cumplan los requisitos previstos en los puntos 3.11.3. y 7.9.5.","condicion_de","Potestad","Acumulación cobros exportaciones servicios","se admitirá que los cobros de exportaciones de servicios sean acumulados en cuentas abiertas en entidades financieras locales o en el exterior, por los montos exigibles en los contratos de endeudamiento","correcta","Condicion literal: «en la medida que se cumplan los requisitos previstos en los puntos 3.11.3. y 7.9.5., se admitira que los cobros... sean acumulados»."
"C35","Condicion --condicion_de--> Potestad","ext::3.11.2.3","Sección 3. Disposiciones específicas para los egresos por el mercado de cambios
Las entidades previamente a dar acceso al mercado de cambio por las operaciones comprendidas
en los puntos 3.1. a 3.15. –incluyendo aquellas que se concreten a través de canjes o arbitrajes–,
adicionalmente a los requisitos y condiciones específicas detalladas en cada punto, deberán
cumplimentar los requisitos complementarios que constan en el punto 3.16. que resulten aplicables.
3.11. Otras compras de moneda extranjera por parte de residentes con aplicación específica.
3.11.2. Las entidades podrán dar acceso al mercado de cambios a los residentes que deban
realizar pagos de servicios de deudas financieras comprendidas en el punto 3.5. o de
títulos valores con acceso al mercado de cambios en función de lo dispuesto en los
puntos 3.6.1.3. a 3.6.1.5., para la compra de moneda extranjera con anterioridad al
plazo admitido por la normativa para cada caso, en las siguientes condiciones:
3.11.2.3. el acceso del cliente encuadra en alguna de las siguientes situaciones:
i) se concreta dentro de los 60 (sesenta) días corridos previos a la fecha
de vencimiento por un monto diario que no supere el 10% (diez por
ciento) del monto que se cancelará; o
ii) se concreta dentro de los 5 (cinco) días hábiles previos al plazo
normativo admitido en cada caso por un monto diario que no supere el
20% (veinte por ciento) del monto que se cancelará.","Condicion","Acceso dentro de 5 días hábiles — monto diario máximo 20%","se concreta dentro de los 5 (cinco) días hábiles previos al plazo normativo admitido en cada caso por un monto diario que no supere el 20% (veinte por ciento) del monto que se cancelará","condicion_de","Potestad","Otorgar acceso al mercado de cambios — residentes con aplicación específica","las entidades podrán dar acceso al mercado de cambios a los residentes que deban realizar pagos de servicios de deudas financieras o de títulos valores con acceso al mercado de cambios, para la compra de moneda extranjera con anterioridad al plazo admitido por la normativa","correcta","Condicion literal del inciso ii) del 3.11.2.3, una de las dos situaciones alternativas admitidas, con lo que es suficiente y no necesaria."
"C36","Condicion --condicion_de--> Potestad","ext::3.12.1","Sección 3. Disposiciones específicas para los egresos por el mercado de cambios
Las entidades previamente a dar acceso al mercado de cambio por las operaciones comprendidas
en los puntos 3.1. a 3.15. –incluyendo aquellas que se concreten a través de canjes o arbitrajes–,
adicionalmente a los requisitos y condiciones específicas detalladas en cada punto, deberán
cumplimentar los requisitos complementarios que constan en el punto 3.16. que resulten aplicables.
3.12. Compra de moneda extranjera para operaciones con derivados financieros.
3.12.1. Las entidades podrán dar acceso al mercado de cambios para el pago de primas,
constitución de garantías y cancelaciones que correspondan a operaciones de
contratos de cobertura de tasa de interés por las obligaciones de residentes con el
exterior declaradas y validadas, en caso de corresponder, en el “Relevamiento de
activos y pasivos externos”, en tanto no se cubran riesgos superiores a los pasivos
externos que efectivamente registre el deudor en la tasa de interés cuyo riesgo se
está cubriendo con la celebración de los mismos.
El cliente que acceda al mercado de cambios usando este mecanismo deberá
nominar a una entidad para que realice el seguimiento de la operación y firmar una
declaración jurada en la que se compromete a ingresar y liquidar los fondos que
resulten a favor del cliente local como resultado de dicha operación, o como resultado
de la liberación de los fondos de las garantías constituidas, dentro de los 5 (cinco)
días hábiles siguientes.","Condicion","Cobertura no superior a pasivos externos del deudor","En tanto no se cubran riesgos superiores a los pasivos externos que efectivamente registre el deudor en la tasa de interés cuyo riesgo se está cubriendo.","condicion_de","Potestad","Acceso mercado cambios — pago primas y garantías","Las entidades podrán dar acceso al mercado de cambios para el pago de primas, constitución de garantías y cancelaciones que correspondan a operaciones de contratos de cobertura de tasa de interés por las obligaciones de residentes con el exterior declaradas y validadas en el Relevamiento de activos y pasivos externos.","correcta","Condicion literal: «en tanto no se cubran riesgos superiores a los pasivos externos que efectivamente registre el deudor en la tasa de interes cuyo riesgo se esta cubriendo»."
"C37","Condicion --condicion_de--> Potestad","ext::3.13.2","Sección 3. Disposiciones específicas para los egresos por el mercado de cambios
Las entidades previamente a dar acceso al mercado de cambio por las operaciones comprendidas
en los puntos 3.1. a 3.15. –incluyendo aquellas que se concreten a través de canjes o arbitrajes–,
adicionalmente a los requisitos y condiciones específicas detalladas en cada punto, deberán
cumplimentar los requisitos complementarios que constan en el punto 3.16. que resulten aplicables.
3.13. Repatriaciones de inversiones directas y otras compras de moneda extranjera por parte de no
residentes
3.13.2. La repatriación de aportes de inversión directa mediante la aplicación de divisas
provenientes de cobros de exportaciones de bienes y servicios estará admitida en la
medida que se verifiquen los requisitos previstos en el punto 7.9.","Condicion","Verificación requisitos punto 7.9","Se verifiquen los requisitos previstos en el punto 7.9","condicion_de","Potestad","Admisión repatriación inversión directa","La repatriación de aportes de inversión directa mediante la aplicación de divisas provenientes de cobros de exportaciones de bienes y servicios estará admitida","correcta","Condicion literal: «estara admitida en la medida que se verifiquen los requisitos previstos en el punto 7.9»."
"C38","Condicion --condicion_de--> Potestad","ext::3.15.1","Sección 3. Disposiciones específicas para los egresos por el mercado de cambios
Las entidades previamente a dar acceso al mercado de cambio por las operaciones comprendidas
en los puntos 3.1. a 3.15. –incluyendo aquellas que se concreten a través de canjes o arbitrajes–,
adicionalmente a los requisitos y condiciones específicas detalladas en cada punto, deberán
cumplimentar los requisitos complementarios que constan en el punto 3.16. que resulten aplicables.
3.15. Cancelación por parte de entidades financieras de líneas de crédito del exterior aplicadas a la
financiación de operaciones de comercio exterior y garantías financieras otorgadas.
3.15.1. Cancelación de líneas de crédito del exterior aplicadas por las entidades a la
financiación de operaciones de comercio exterior.
Las entidades financieras tendrán acceso al mercado de cambios a partir del
vencimiento para la cancelación de líneas de crédito otorgadas por entidades
financieras del exterior y aplicadas a la financiación de operaciones de exportación o
importación de residentes.
La cancelación de las líneas destinadas a la financiación de operaciones de
importación de bienes y servicios quedará adicionalmente alcanzada por las
condiciones específicas previstas en los puntos 10.7. y 13.6., respectivamente.
También podrán acceder para precancelar dichas líneas de crédito en la medida que
la financiación otorgada por la entidad local haya sido precancelada por el deudor. El
acceso al mercado de cambios por parte de los clientes para la precancelación de
estas financiaciones requerirá la conformidad previa del BCRA.
La entidad deberá contar con la validación de la declaración del “Relevamiento de
activos y pasivos externos” de la entidad, en la medida que sea aplicable.","Condicion","Precancelación financiaciones — conformidad previa BCRA","El acceso al mercado de cambios por parte de los clientes para la precancelación de estas financiaciones requerirá la conformidad previa del BCRA","condicion_de","Potestad","Acceso precancelación líneas crédito — financiación precancelada deudor","También podrán acceder para precancelar dichas líneas de crédito en la medida que la financiación otorgada por la entidad local haya sido precancelada por el deudor","incorrecta","Son dos reglas distintas con sujetos distintos: el destino condiciona el acceso de la ENTIDAD a que el deudor haya precancelado, y el origen exige conformidad previa del BCRA para el acceso de los CLIENTES; el deudor puede precancelar sin acceder al mercado de cambios, con lo que el origen no condiciona al destino."
"C39","Condicion --condicion_de--> Potestad","ext::3.6.2","Sección 3. Disposiciones específicas para los egresos por el mercado de cambios
Las entidades previamente a dar acceso al mercado de cambio por las operaciones comprendidas
en los puntos 3.1. a 3.15. –incluyendo aquellas que se concreten a través de canjes o arbitrajes–,
adicionalmente a los requisitos y condiciones específicas detalladas en cada punto, deberán
cumplimentar los requisitos complementarios que constan en el punto 3.16. que resulten aplicables.
3.6. Pagos de títulos de deuda u otros valores representativos de deuda denominados y
pagaderos en moneda extranjera en el país y obligaciones en moneda extranjera entre
residentes.
3.6.2. Las entidades podrán dar acceso al mercado de cambios para la cancelación a partir
de su vencimiento de obligaciones en moneda extranjera entre residentes
instrumentadas mediante registros o escrituras públicos al 30/08/19.","Condicion","Obligaciones instrumentadas en registros o escrituras públicos al 30/08/19","obligaciones en moneda extranjera entre residentes instrumentadas mediante registros o escrituras públicos al 30/08/19","condicion_de","Potestad","Autorización — dar acceso mercado cambios — cancelación deuda extranjera","Las entidades podrán dar acceso al mercado de cambios para la cancelación a partir de su vencimiento de obligaciones en moneda extranjera entre residentes instrumentadas mediante registros o escrituras públicos al 30/08/19","correcta","El calificativo «instrumentadas mediante registros o escrituras publicos al 30/08/19» delimita que obligaciones pueden cancelarse con acceso al mercado; el destino repite la regla completa, incluido el calificativo."
"C40","Condicion --condicion_de--> Potestad","ext::3.6.5","Sección 3. Disposiciones específicas para los egresos por el mercado de cambios
Las entidades previamente a dar acceso al mercado de cambio por las operaciones comprendidas
en los puntos 3.1. a 3.15. –incluyendo aquellas que se concreten a través de canjes o arbitrajes–,
adicionalmente a los requisitos y condiciones específicas detalladas en cada punto, deberán
cumplimentar los requisitos complementarios que constan en el punto 3.16. que resulten aplicables.
3.6. Pagos de títulos de deuda u otros valores representativos de deuda denominados y
pagaderos en moneda extranjera en el país y obligaciones en moneda extranjera entre
residentes.
3.6.5. Las emisiones de títulos valores que cumplen las condiciones previstas los puntos
3.6.1.3. a 3.6.1.5. para el acceso al mercado de cambios quedarán habilitados a
cancelar sus servicios de capital e intereses a partir de su vencimiento mediante la
aplicación en el país de cobros de exportaciones de bienes y servicios, en la medida
que se cumplan los requisitos previstos en el punto 7.9.","Condicion","Cumplimiento requisitos punto 3.6.1.3 a 3.6.1.5","Las emisiones de títulos valores cumplen las condiciones previstas en los puntos 3.6.1.3. a 3.6.1.5. para el acceso al mercado de cambios","condicion_de","Potestad","Habilitación para cancelar servicios desde vencimiento","Las emisiones de títulos valores quedarán habilitadas a cancelar sus servicios de capital e intereses a partir de su vencimiento mediante la aplicación en el país de cobros de exportaciones de bienes y servicios","correcta","Condicion literal: las emisiones «que cumplen las condiciones previstas los puntos 3.6.1.3. a 3.6.1.5. para el acceso al mercado de cambios quedaran habilitados a cancelar sus servicios»."
"C41","Condicion --condicion_de--> Potestad","ext::3.7","Sección 3. Disposiciones específicas para los egresos por el mercado de cambios
Las entidades previamente a dar acceso al mercado de cambio por las operaciones comprendidas
en los puntos 3.1. a 3.15. –incluyendo aquellas que se concreten a través de canjes o arbitrajes–,
adicionalmente a los requisitos y condiciones específicas detalladas en cada punto, deberán
cumplimentar los requisitos complementarios que constan en el punto 3.16. que resulten aplicables.
3.7. Pagos de endeudamientos en moneda extranjera de residentes por parte de fideicomisos
constituidos en el país para garantizar la atención de los servicios.
Las entidades podrán dar acceso al mercado de cambios para realizar pagos de capital y/o
intereses a los fideicomisos constituidos en el país por un residente para garantizar la
atención de los servicios de capital e intereses de su obligación, en la medida que verifique
que el deudor hubiese tenido acceso para realizar el pago a su nombre por cumplimentar las
disposiciones normativas aplicables.","Condicion","Verificación de acceso previo del deudor","En la medida que verifique que el deudor hubiese tenido acceso para realizar el pago a su nombre por cumplimentar las disposiciones normativas aplicables","condicion_de","Potestad","Habilitación acceso mercado cambios para pagos fideicomiso","Las entidades podrán dar acceso al mercado de cambios para realizar pagos de capital y/o intereses a fideicomisos constituidos en el país","correcta","Condicion literal: «en la medida que verifique que el deudor hubiese tenido acceso para realizar el pago a su nombre por cumplimentar las disposiciones normativas aplicables»."
"C42","Condicion --condicion_de--> Potestad","ext::7.11.2.3","Sección 7. Cobros de exportaciones de bienes.
7.11. Financiaciones asociadas a importaciones de bienes habilitadas para la aplicación de cobros
de exportaciones de bienes.
7.11.2. La aplicación de las divisas a las operaciones señaladas será admitida en la medida
que se verifiquen la totalidad de las siguientes condiciones:
La entidad deberá verificar los requisitos habituales a los efectos de certificar la
aplicación de divisas a la cancelación de la financiación.
7.11.2.3. El importador haya demostrado el registro de ingreso aduanero de los
bienes por un valor equivalente al monto total de la financiación que
pretende ser cancelada con este mecanismo. A los efectos del valor de los
bienes podrá tomarse en todo concepto que forme parte de la condición de
compra pactada registrada en la factura emitida por el proveedor del
exterior.
Si existiesen fondos destinados al pago de fletes de importaciones de
bienes no incluidos en la condición de compra y el importador demostró el
registro de ingreso aduanero de los bienes cuyos fletes se abonaron,
también se podrá computar el valor de los fletes que consten en la
documentación de transporte asociada al registro de ingreso aduanero de
los bienes.
En el caso de operaciones comprendidas en el punto 7.11.1.6. también se
admitirá la cancelación de intereses a partir de la fecha en que se complete
el ingreso de la financiación, sin necesidad de contar en ese momento con
el registro de ingreso aduanero de los bienes.","Condicion","Fondos fletes importación no incluidos compra","Si existiesen fondos destinados al pago de fletes de importaciones de bienes no incluidos en la condición de compra y el importador demostró el registro de ingreso aduanero de los bienes cuyos fletes se abonaron.","condicion_de","Potestad","Computar valor fletes documentación transporte","También se podrá computar el valor de los fletes que consten en la documentación de transporte asociada al registro de ingreso aduanero de los bienes.","correcta","Condicional literal: «Si existiesen fondos destinados al pago de fletes... y el importador demostro el registro de ingreso aduanero..., tambien se podra computar el valor de los fletes»."
"C43","Condicion --condicion_de--> Potestad","ext::8.5.19::intro","Sección 8. Seguimiento de las negociaciones de divisas por exportaciones de bienes
8.5. Otras imputaciones admitidas en el cumplimiento del seguimiento.
8.5.19. Exportación comprendida en lo dispuesto en el Decreto 443/23 cuya liquidación de
divisas requerida fue completada hasta el 30/09/23.
La entidad podrá considerar cumplimentado el seguimiento de un permiso de
embarque por el equivalente de hasta el 25% (veinticinco por ciento) del valor
facturado según la condición de venta pactada, en la medida que se verifiquen las
siguientes condiciones:","Condicion","Verificación de condiciones — cumplimiento seguimiento","En la medida que se verifiquen las siguientes condiciones.","condicion_de","Potestad","Facultad de consideración cumplimiento — seguimiento","La entidad podrá considerar cumplimentado el seguimiento de un permiso de embarque por el equivalente de hasta el 25% del valor facturado según la condición de venta pactada.","correcta","El punto subordina la facultad a «las siguientes condiciones», pero el nodo de origen es ese pie de lista y las condiciones viven en subpuntos fuera del fragmento intro: la relacion es cierta y sin contenido normativo."
"C44","Condicion --condicion_de--> Potestad","ext::9.3.8","Sección 9. Seguimiento de anticipos y otras financiaciones de exportación de bienes.
9.3. Certificaciones de aplicación de cobros de exportaciones.
A solicitud del exportador, la entidad encargada del seguimiento emitirá las certificaciones de
aplicación en la medida que se verifiquen las condiciones previstas en los puntos 9.3.1. al
9.3.13.
La entidad deberá dejar registradas las certificaciones de aplicación emitidas para cada una
de las operaciones bajo su seguimiento.
9.3.8. Endeudamientos financieros con el exterior admitidos en los puntos 7.9. o 7.10.
La entidad podrá emitir las certificaciones de aplicación de las divisas a la
cancelación del capital, intereses y otros conceptos admitidos, en la medida que
verifique las condiciones indicadas en el punto 9.3.1., constate que la cancelación
tuvo lugar a partir de la fecha de vencimiento y cuente con la documentación que le
permita verificar el cumplimiento de los requisitos establecidos en los puntos 7.9. o
7.10., según corresponda.","Condicion","Documentación acreditativa de requisitos 7.9./7.10.","Cuente con la documentación que le permita verificar el cumplimiento de los requisitos establecidos en los puntos 7.9. o 7.10., según corresponda","condicion_de","Potestad","Emisión de certificaciones de aplicación","La entidad podrá emitir las certificaciones de aplicación de las divisas a la cancelación del capital, intereses y otros conceptos admitidos, en la medida que verifique las condiciones indicadas en el punto 9.3.1., constate que la cancelación tuvo lugar a partir de la fecha de vencimiento y cuente con la documentación que le permita verificar el cumplimiento de los requisitos establecidos en los puntos 7.9. o 7.10., según corresponda.","correcta","Condicion literal, tercer conyunto: «y cuente con la documentacion que le permita verificar el cumplimiento de los requisitos establecidos en los puntos 7.9. o 7.10.»."
"C45","Condicion --condicion_de--> Potestad","ext::9.3.9","Sección 9. Seguimiento de anticipos y otras financiaciones de exportación de bienes.
9.3. Certificaciones de aplicación de cobros de exportaciones.
A solicitud del exportador, la entidad encargada del seguimiento emitirá las certificaciones de
aplicación en la medida que se verifiquen las condiciones previstas en los puntos 9.3.1. al
9.3.13.
La entidad deberá dejar registradas las certificaciones de aplicación emitidas para cada una
de las operaciones bajo su seguimiento.
9.3.9. Títulos de deuda con registro público en el país denominados en moneda extranjera
admitidos en el punto 7.9.
La entidad podrá emitir las certificaciones de aplicación de las divisas a la
cancelación a partir del vencimiento del capital, intereses y otros conceptos
admitidos, en la medida que verifique las condiciones indicadas en el punto 9.3.1.,
constate que la cancelación tuvo lugar a partir de la fecha de vencimiento y cuente
con la documentación que verifican el cumplimiento de los requisitos establecidos en
el punto 7.9.","Condicion","Vencimiento del capital e intereses","Que se verifique el vencimiento del capital, intereses y otros conceptos admitidos","condicion_de","Potestad","Facultad de emitir certificaciones","La entidad podrá emitir las certificaciones de aplicación de las divisas a la cancelación","correcta","Condicion literal: la entidad puede emitir las certificaciones «en la medida que... constate que la cancelacion tuvo lugar a partir de la fecha de vencimiento»."
