"id_muestra","par","chunk_id","texto_fragmento_e0","origen_tipo","origen_etiqueta","origen_descripcion","predicado","destino_tipo","destino_etiqueta","destino_descripcion","veredicto","nota"
"M01","Condicion --condicion_de--> Operacion","cap::3.1.2.2","Sección 3. Capital mínimo por riesgo de crédito. Titulizaciones e inversiones en fon- dos.
3.1. Tratamiento de las titulizaciones.
Se denomina “posición de titulización” a la exposición a una titulización (o retitulización), tradi-
cional o sintética, o a una estructura con similares características.
La exposición a los riesgos de una titulización puede surgir, entre otros, de los siguientes con-
ceptos: tenencia de títulos valores emitidos en el marco de la titulización –es decir, títulos de
deuda y/o certificados de participación, tales como bonos de titulización de activos (“Asset-
Backed Securities”, ABS) y bonos de titulización hipotecaria (“Mortgage-Backed Securities”,
MBS)–, mejoras crediticias, facilidades de liquidez, “swaps” de tasa de interés o de monedas y
derivados de crédito. Las reservas (“reserve accounts”), tales como las cuentas de garantía en
efectivo, se considerarán como un activo para la entidad financiera originante, recibiendo tam-
bién el tratamiento de posiciones de titulización.
Dado que las titulizaciones pueden estructurarse de diferentes formas, la exigencia de capital
para una posición de titulización se determinará teniendo en cuenta su realidad o finalidad eco-
nómica y no su forma jurídica. En los casos en que exista incertidumbre acerca de si una de-
terminada operación debe considerarse como titulización, la entidad deberá aplicar el criterio
que estime mejor se ajusta a la realidad económica de la operación e informar a la SEFyC los
fundamentos que lo sustenten.
3.1.2. Entidad financiera originante.
3.1.2.2. Al calcular los activos ponderados por riesgo, la entidad originante podrá excluir
las exposiciones objeto de una titulización tradicional sólo si se satisface la
totalidad de los siguientes requisitos operativos –debiendo computar exigencia
de capital por las posiciones de titulización que conserve–:
i) Se ha transferido a uno o más terceros el riesgo de crédito asociado a las
exposiciones titulizadas.
ii) La entidad cedente no mantiene un control directo ni indirecto (como ser a
través de una sociedad controlada) sobre las exposiciones transferidas. Ellas
han sido aisladas de la cedente a los efectos jurídicos de forma tal que están
fuera de su alcance y del de sus acreedores, incluso en los casos de liquida-
ción o quiebra. Estas condiciones deberán estar avaladas por dictamen jurí-
dico.
Se considera que la cedente mantiene el control efectivo de las exposiciones
transferidas si:
a) puede recomprarlas con el objeto de realizar sus beneficios, o
b) está obligada a conservar su riesgo.
El mantenimiento por parte de la cedente de la administración de las exposi-
ciones subyacentes no implicará un control indirecto sobre ellas.
iii) Los títulos valores emitidos no son obligaciones de la cedente. En conse-
cuencia, los inversores que compren los títulos valores sólo deberán tener
derechos frente al conjunto subyacente de exposiciones.
iv)La cesión se ha efectuado a un “Ente de Propósito Especial” (SPE) y los in-
versores pueden gravar o enajenar sus títulos valores sin restricción.
v) Las opciones de exclusión satisfacen las condiciones estipuladas en el punto
3.1.4.
vi)La titulización no contiene cláusulas mediante las cuales:
a) se obligue a la originante a alterar las exposiciones subyacentes con el ob-
jeto de mejorar su calidad crediticia, a menos que esto se logre mediante
su venta –a precios de mercado– a terceros no vinculados a ésta;
b) la entidad financiera deba incrementar su posición a primera pérdida –es
decir, su exposición al tramo que absorbe las pérdidas en primer término–
o aumentar las mejoras crediticias provistas, con posterioridad al inicio de
la operación; o
c) se aumente el rendimiento pagadero a las partes distintas de la originante,
como pueden ser los inversores o terceros proveedores de mejoras credi-
ticias, en respuesta a un deterioro de la calidad crediticia de las exposicio-
nes subyacentes.
vii) No se incluyen opciones de rescisión o eventos desencadenantes de la ex-
tinción del contrato –excepto que se trate de opciones de exclusión admiti-
das (punto 3.1.4.) o que la extinción se deba a cambios impositivos o regula-
torios específicos–, ni se incluyen cláusulas de amortización anticipada que
–de acuerdo con lo previsto en el punto 3.1.8.1.– impliquen que la titulización
no cumple con los requerimientos operacionales del presente punto.","Condicion","Aislamiento exposiciones de cedente","La entidad cedente no mantiene un control directo ni indirecto sobre las exposiciones transferidas. Ellas han sido aisladas de la cedente a los efectos jurídicos de forma tal que están fuera de su alcance y del de sus acreedores, incluso en los casos de liquidación o quiebra. Estas condiciones deberán estar avaladas por dictamen jurídico","condicion_de","Operacion","Exclusión exposiciones titulizadas tradicionales","Al calcular los activos ponderados por riesgo, la entidad originante podrá excluir las exposiciones objeto de una titulización tradicional, debiendo computar exigencia de capital por las posiciones de titulización que conserve","",""
"M02","Condicion --condicion_de--> Operacion","cap::8.4.1.13","Sección 8. Responsabilidad patrimonial computable.
8.4. Conceptos deducibles.
8.4.1. Conceptos deducibles del capital ordinario de nivel uno (CD ).
COn1
8.4.1.13. Diferencias por insuficiencia en el cálculo de las previsiones regulatorias
conforme las normas sobre “Previsiones mínimas por riesgo de incobrabilidad”
determinadas por la SEFyC, con efecto al cierre del mes siguiente a aquel en
que la entidad reciba la notificación a que se refiere el primer párrafo del punto
2.6. de las citadas normas.","Condicion","Efecto al cierre del mes siguiente a notificación","Con efecto al cierre del mes siguiente a aquel en que la entidad reciba la notificación a que se refiere el primer párrafo del punto 2.6 de las citadas normas.","condicion_de","Operacion","Cálculo de previsiones regulatorias","Cálculo de las previsiones regulatorias conforme las normas sobre 'Previsiones mínimas por riesgo de incobrabilidad' determinadas por la SEFyC, con efecto al cierre del mes siguiente a aquel en que la entidad reciba la notificación.","",""
"M03","Condicion --condicion_de--> Operacion","ext::10.10.2.4","Sección 10. Pagos de importaciones y otras compras de bienes en el exterior.
10.10. Disposiciones complementarias para importaciones de bienes que tuvieron o tendrán registro
de ingreso aduanero a partir del 13/12/23.
10.10.2. Pagos de importaciones de bienes con registro de ingreso aduanero pendiente.
Las entidades podrán dar acceso al mercado de cambios para cursar pagos con
registro de ingreso aduanero pendiente por operaciones no comprendidas en el
punto 10.6.6. cuando, en adición a los restantes requisitos aplicables, se verifique
alguna de las siguientes situaciones:
Se podrá considerar como importación de bienes de capital a: i) aquellas que
correspondan a bienes cuyas posiciones arancelarias se encuentren clasificadas
como BK en la Nomenclatura Común del MERCOSUR (Decreto 690/02 y
complementarias) y ii) aquellas que incluyan otros bienes en la medida que los
bienes clasificados como BK representen como mínimo el 90% (noventa por
ciento) del valor FOB total de la operación y la entidad cuente con una declaración
jurada del cliente en la cual deje constancia de que los restantes bienes son
repuestos, accesorios o materiales necesarios para el funcionamiento,
construcción o instalación de los bienes de capital que se están adquiriendo.
10.10.2.4. El cliente accede al mercado de cambios en forma simultánea con la
liquidación de fondos en concepto de anticipos o prefinanciaciones de
exportaciones del exterior o prefinanciaciones de exportaciones
otorgadas por entidades financieras locales con fondeo en líneas de
crédito del exterior, en la medida que se cumplan las condiciones
estipuladas en los puntos 10.10.2.3.i) y 10.10.2.3.ii) precedentes.
La entidad adicionalmente deberá contar con una declaración jurada
del importador en la cual deja constancia de que será necesaria la
conformidad previa del BCRA para la aplicación de divisas de cobros
de exportaciones con anterioridad a la fecha de vencimiento que
surge de las condiciones de plazo estipuladas para situaciones
asociadas a un financiamiento.","Condicion","Cumplimiento condiciones puntos 10.10.2.3.i) y 10.10.2.3.ii)","Se cumplan las condiciones estipuladas en los puntos 10.10.2.3.i) y 10.10.2.3.ii) precedentes","condicion_de","Operacion","Acceso simultáneo mercado cambios y liquidación fondos anticipos/prefinanciaciones","El cliente accede al mercado de cambios en forma simultánea con la liquidación de fondos en concepto de anticipos o prefinanciaciones de exportaciones del exterior o prefinanciaciones de exportaciones otorgadas por entidades financieras locales con fondeo en líneas de crédito del exterior","",""
"M04","Condicion --condicion_de--> Operacion","ext::10.7.1","Sección 10. Pagos de importaciones y otras compras de bienes en el exterior.
10.7. Líneas de crédito de entidades financieras aplicadas a la financiación de importaciones de
bienes.
10.7.1. Cancelación por parte de las entidades financieras.
La entidad financiera tendrá acceso al mercado de cambios, en las condiciones
previstas en el punto 3.15.1., para la cancelación de líneas de crédito del exterior
aplicadas a la financiación de importaciones argentinas de bienes y de los servicios
contenidos en la condición de compra pactada, en la medida que la misma califique
como deuda comercial según lo dispuesto en el punto 10.2.4. y la entidad cuente con
la documentación que demuestre que, al momento del otorgamiento de la
financiación al importador, se cumplían las condiciones que resultaban aplicables en
ese momento al tipo de operación financiada por la entidad.
En el caso de las financiaciones otorgadas a partir del 13/12/23, la entidad deberá
contar con la documentación que demuestre que:
i) la operación financiada correspondía a una importación de bienes con registro de
ingreso aduanero a partir del 13/12/23.
ii) la fecha de vencimiento de la financiación otorgada era compatible con los plazos
previstos en el punto 10.10.1. según lo previsto en el punto 10.10.2.3., salvo que
la operación quedase comprendida en lo previsto en la situación prevista en el
punto 10.10.2.11.
Para aquellas otorgadas a partir del 14/04/25, en la medida que se cumplan las
restantes condiciones, también se admitirá que el vencimiento de la financiación
fuera compatible con la fecha estimada de embarque de los bienes en origen
cuando correspondía a la porción de una operación por la cual el cliente hubiese
podido realizar pagos a la vista en virtud de lo previsto en los puntos 10.10.2.1. o
10.10.2.2.
Las condiciones aplicables para las financiaciones otorgadas hasta el 12/12/23 fueron
oportunamente receptadas en el punto 10.7. del Anexo de la Comunicación A 7914.
Los casos que no cumplan las condiciones requeridas quedarán sujetos a la
conformidad previa del BCRA.","Condicion","Financiaciones desde 14/04/25 — vencimiento compatible con fecha embarque estimada","Para financiaciones otorgadas a partir del 14/04/25: en la medida que se cumplan las restantes condiciones, se admitirá que el vencimiento de la financiación fuera compatible con la fecha estimada de embarque de los bienes en origen, cuando correspondía a la porción de una operación por la cual el cliente hubiese podido realizar pagos a la vista en virtud de lo previsto en los puntos 10.10.2.1 o 10.10.2.2","condicion_de","Operacion","Acceso al mercado de cambios para cancelación de líneas de crédito","Acceso al mercado de cambios para la cancelación de líneas de crédito del exterior aplicadas a la financiación de importaciones argentinas de bienes y de los servicios contenidos en la condición de compra pactada","",""
"M05","Condicion --condicion_de--> Operacion","ext::4.3.2.3","Sección 4. Otras disposiciones específicas.
4.3. Operaciones con títulos valores.
4.3.2. Las operaciones de compraventa de títulos valores con liquidación en moneda
extranjera que concreten clientes que no sean personas humanas residentes deberán
abonarse por alguno de los siguientes mecanismos:
En ningún caso se permite la liquidación de estas operaciones mediante el pago en
billetes en moneda extranjera o mediante su depósito en cuentas custodia o en
cuentas de terceros, excepto que se trate de operaciones contra cable que utilicen
cuentas de terceros en el marco de lo contemplado en el punto 4.3.2.3.
Los requisitos previstos en los puntos 4.3.2.1. y 4.3.2.2. no resultarán aplicables en las
compras de títulos valores que:
i) sean concretadas por los clientes con fondos en moneda extranjera recibidos en
los 15 (quince) días hábiles previos a partir del cobro de capital y/o intereses de
títulos de deuda emitidos por residentes; y
ii) la reinversión de los fondos por parte del beneficiario resulte neutra en materia
impositiva respecto de la operatoria de acreditación de los fondos en una cuenta
a la vista del beneficiario en una entidad financiera y su posterior débito para la
compra de valores.
4.3.2.3. contra cable sobre una cuenta de terceros en el exterior que no se encuentre
radicada en países o territorios donde no se aplican o no se aplican
suficientemente las Recomendaciones del Grupo de Acción Financiera
Internacional, cuando se trate de la venta de bonos BOPREAL adquiridos
por el vendedor en una suscripción primaria por operaciones elegibles en los
puntos 4.4., 4.5., 4.6.1. y 4.7.
También se podrán liquidar en las condiciones indicadas otras ventas de
títulos valores concretadas a partir del 01/04/24 en la medida que el valor de
mercado de estas operaciones no supere a la diferencia entre el valor
obtenido por la venta con liquidación en moneda extranjera en el exterior de
los bonos BOPREAL adquiridos por el vendedor en una suscripción primaria
por deudas de importaciones de bienes y servicios elegibles en los puntos
4.4. y 4.5. y su valor nominal, si el primero resultase menor.","Condicion","Fecha inicio otras ventas títulos valores","Las otras ventas de títulos valores sean concretadas a partir del 01/04/24.","condicion_de","Operacion","Otras ventas títulos valores liquidación cable terceros","Otras ventas de títulos valores concretadas a partir del 01/04/24, liquidadas en las condiciones de la venta de bonos BOPREAL contra cable sobre cuenta de terceros.","",""
"M06","Condicion --condicion_de--> Operacion","ext::7.9.1.5","Sección 7. Cobros de exportaciones de bienes.
7.9. Operaciones financieras habilitadas para aplicar cobros de exportaciones de bienes y
servicios.
7.9.1. La aplicación de cobros de exportaciones y servicios estará habilitada, en la medida
que se cumplan las condiciones consignadas en cada caso, en los siguientes casos:
7.9.1.5. Pago de capital e intereses de endeudamientos financieros comprendidos en
el punto 3.5., cuyos fondos hayan sido liquidados en el mercado de cambios
a partir del 19/04/24, en la medida que su vida promedio sea no inferior a 3
(tres) años y el primer pago de capital no se registre antes de cumplirse el
año del ingreso de los fondos.","Condicion","Primer pago capital año después ingreso fondos","El primer pago de capital no se registre antes de cumplirse el año del ingreso de los fondos","condicion_de","Operacion","Pago de capital e intereses endeudamientos","Pago de capital e intereses de endeudamientos financieros cuyos fondos hayan sido liquidados en el mercado de cambios a partir del 19/04/24","",""
"M07","Condicion --condicion_de--> Operacion","ext::7.9.1.6","Sección 7. Cobros de exportaciones de bienes.
7.9. Operaciones financieras habilitadas para aplicar cobros de exportaciones de bienes y
servicios.
7.9.1. La aplicación de cobros de exportaciones y servicios estará habilitada, en la medida
que se cumplan las condiciones consignadas en cada caso, en los siguientes casos:
7.9.1.6. Pago de capital e intereses devengados hasta la fecha de aplicación por
parte de un cliente que sea un Vehículo de Proyecto Único (VPU) adherido
al Régimen de Incentivo para Grandes Inversiones (RIGI) en la medida que
se trate de operaciones encuadradas en el punto 14.2.1.","Condicion","Operación encuadrada en punto 14.2.1","Se trate de operaciones encuadradas en el punto 14.2.1","condicion_de","Operacion","Pago capital e intereses VPU-RIGI","Pago de capital e intereses devengados hasta la fecha de aplicación por parte de un cliente VPU adherido al RIGI, en operaciones encuadradas en punto 14.2.1","",""
"M08","Condicion --condicion_de--> Operacion","ext::9.1.6","Sección 9. Seguimiento de anticipos y otras financiaciones de exportación de bienes.
9.1. Operaciones comprendidas.
9.1.6. Endeudamientos financieros con el exterior y títulos de deuda denominados en
moneda extranjera con registro público en el país, admitidos en los puntos 7.9. o
7.10.","Condicion","Admisión en puntos 7.9 o 7.10","Operaciones admitidas en los puntos 7.9 o 7.10","condicion_de","Operacion","Endeudamientos con el exterior en moneda extranjera","Endeudamientos financieros con el exterior denominados en moneda extranjera con registro público en el país","",""
"M09","Condicion --condicion_de--> Operacion","polcre::2.1.13","Sección 2. Aplicación de la capacidad de préstamo de depósitos en moneda extranjera.
2.1. Destinos.
La capacidad de préstamo de los depósitos en moneda extranjera deberá aplicarse, en la co-
rrespondiente moneda de captación, en forma indistinta, a los siguientes destinos:
La aplicación de la capacidad de préstamo de depósitos en moneda extranjera a los destinos
vinculados a operaciones de importación (previstos en los puntos 2.1.6., 2.1.7. y la parte atri-
buible a éstos por aplicación de los puntos 2.1.8. y 2.1.9.), no podrá superar el valor que resulte
de la siguiente expresión:
C max (F / C ; 0,05)
x
t base base
Siendo:
C: capacidad de préstamo del mes al que corresponda.
t
F : financiación de importaciones comprendidas, correspondientes al trimestre agos-
base
to/octubre de 2008.
C : capacidad de préstamo que corresponda al trimestre agosto/octubre de 2008.
base
Las financiaciones y capacidad de préstamo deberán ser computadas de acuerdo con lo esta-
blecido en el punto 2.5.
2.1.13. Financiación de proyectos de inversión, incluido su capital de trabajo, que permitan el
incremento de la producción del sector energético y cuenten con contratos de venta en
firme y/o avales o garantías totales en moneda extranjera.","Condicion","Avales o garantías totales moneda extranjera","Contar con avales o garantías totales en moneda extranjera","condicion_de","Operacion","Financiación proyectos inversión sector energético","Financiación de proyectos de inversión, incluido su capital de trabajo, que permitan el incremento de la producción del sector energético","",""
"M10","Condicion --condicion_de--> Operacion","polcre::2.1.17","Sección 2. Aplicación de la capacidad de préstamo de depósitos en moneda extranjera.
2.1. Destinos.
La capacidad de préstamo de los depósitos en moneda extranjera deberá aplicarse, en la co-
rrespondiente moneda de captación, en forma indistinta, a los siguientes destinos:
La aplicación de la capacidad de préstamo de depósitos en moneda extranjera a los destinos
vinculados a operaciones de importación (previstos en los puntos 2.1.6., 2.1.7. y la parte atri-
buible a éstos por aplicación de los puntos 2.1.8. y 2.1.9.), no podrá superar el valor que resulte
de la siguiente expresión:
C max (F / C ; 0,05)
x
t base base
Siendo:
C: capacidad de préstamo del mes al que corresponda.
t
F : financiación de importaciones comprendidas, correspondientes al trimestre agos-
base
to/octubre de 2008.
C : capacidad de préstamo que corresponda al trimestre agosto/octubre de 2008.
base
Las financiaciones y capacidad de préstamo deberán ser computadas de acuerdo con lo esta-
blecido en el punto 2.5.
2.1.17. Financiaciones a residentes del país que se encuentren garantizadas por cartas de
crédito (“stand-by letters of credit”) emitidas por bancos del exterior o bancos multilate-
rales de desarrollo que cumplan con lo previsto en el punto 3.1. de las normas sobre
“Evaluaciones crediticias”, requiriendo a ese efecto calificación internacional de riesgo
“investment grade”, en la medida en que dichas cartas de crédito sean irrestrictas y que
la acreditación de los fondos se efectúe en forma inmediata a simple requerimiento de
la entidad beneficiaria.","Condicion","Cumplimiento de normas sobre evaluaciones crediticias punto 3.1","Que cumplan con lo previsto en el punto 3.1 de las normas sobre 'Evaluaciones crediticias'","condicion_de","Operacion","Financiación a residentes garantizada por carta de crédito stand-by","Financiaciones a residentes del país que se encuentren garantizadas por cartas de crédito ('stand-by letters of credit') emitidas por bancos del exterior o bancos multilaterales de desarrollo, requiriendo calificación internacional de riesgo 'investment grade', en la medida en que dichas cartas de crédito sean irrestrictas y que la acreditación de los fondos se efectúe en forma inmediata a simple requerimiento de la entidad beneficiaria.","",""
"M11","Condicion --condicion_de--> Potestad","ctacte::6.4.9","Sección 6. Rechazo de cheques.
6.4. Procedimiento.
6.4.9. Frente a un cheque presentado al cobro o registración sobre el que pese denuncia de ex-
travío, sustracción o adulteración, así como en el caso de que el banco detecte esta últi-
ma situación o falsificación de firma se estará a lo dispuesto en la Sección 7.","Condicion","Banco detecta adulteración o falsificación de firma","El banco detecta adulteración o falsificación de firma","condicion_de","Potestad","Resolución de procedimiento según Sección 7","Se estará a lo dispuesto en la Sección 7 respecto del procedimiento a seguir frente a cheques con denuncia de irregularidades o adulteración","",""
"M12","Condicion --condicion_de--> Potestad","ext::3.16.2.1","Sección 3. Disposiciones específicas para los egresos por el mercado de cambios
Las entidades previamente a dar acceso al mercado de cambio por las operaciones comprendidas
en los puntos 3.1. a 3.15. –incluyendo aquellas que se concreten a través de canjes o arbitrajes–,
adicionalmente a los requisitos y condiciones específicas detalladas en cada punto, deberán
cumplimentar los requisitos complementarios que constan en el punto 3.16. que resulten aplicables.
3.16. Requisitos complementarios para los egresos por el mercado de cambios.
3.16.2. Declaración jurada del cliente respecto a sus tenencias de activos externos líquidos
y/o certificados de depósitos argentinos representativos de acciones extranjeras.
La entidad deberá contar con la conformidad previa del BCRA excepto que cuente al
momento de acceso al mercado de cambios con una declaración jurada del cliente en
la que deje constancia de que:
Este requisito no resultará a aplicación para aquellas operaciones de egresos que
correspondan a:
i) operaciones de clientes realizadas en el marco de los puntos 3.8., 3.9., 3.13.,
3.14.1. y 3.14.2.;
ii) operaciones propias de una entidad en carácter de cliente;
iii) cancelaciones de financiaciones en moneda extranjera otorgadas por entidades
financieras locales por los consumos en moneda extranjera efectuados
mediante tarjetas de crédito o de compra; o
iv) pagos al exterior de las empresas no financieras emisoras de tarjetas por el uso
de tarjetas de crédito, de compra, de débito o prepagas emitidas en el país.
3.16.2.1. La totalidad de sus tenencias de moneda extranjera en el país se
encuentran depositadas en cuentas en entidades financieras y que no
poseía, al inicio del día en que solicita el acceso al mercado, certificados de
depósitos argentinos representativos de acciones extranjeras (CEDEARs)
y/o activos externos líquidos disponibles que conjuntamente tengan un
valor superior al equivalente de USD 100.000 (dólares estadounidenses
cien mil).
Serán considerados activos externos líquidos, entre otros: las tenencias de
billetes y monedas en moneda extranjera, disponibilidades en oro
amonedado o en barras de buena entrega, depósitos a la vista en
entidades financieras del exterior y otras inversiones que permitan obtener
disponibilidad inmediata de moneda extranjera (por ejemplo, inversiones en
títulos públicos externos con custodia en el país o en el exterior, fondos en
cuentas de inversión en administradores de inversiones radicados en el
exterior, criptoactivos, fondos en cuentas de proveedores de servicios de
pago, etc.).
No deben considerarse activos externos líquidos disponibles a aquellos
fondos depositados en el exterior que no pudiesen ser utilizados por el
cliente por tratarse de fondos de reserva o de garantía constituidos en
virtud de las exigencias previstas en contratos de endeudamiento con el
exterior, prefinanciaciones de exportaciones comprendidas en el punto
7.8.5. o de fondos constituidos como garantía de operaciones con
derivados concertadas en el exterior.
En el caso de que el cliente tuviera activos externos líquidos disponibles y/o
CEDEARs por un monto superior al establecido en el primer párrafo, la
entidad también podrá aceptar una declaración jurada del cliente en la que
deje constancia que no se excede tal monto al considerar que, parcial o
totalmente, los activos externos líquidos:
i) fueron utilizados durante esa jornada para realizar pagos que
hubieran tenido acceso al mercado local de cambios;
ii) fueron transferidos a favor del cliente a una cuenta de corresponsalía
de una entidad local autorizada a operar en cambios;
iii) son fondos depositados en cuentas bancarias en el exterior a su
nombre que se originan en cobros de exportaciones de bienes y/o
servicios o anticipos, prefinanciaciones o posfinanciaciones de
exportaciones de bienes otorgados por no residentes, o en la
enajenación de activos no financieros no producidos para los cuales
no ha transcurrido el plazo de 20 (veinte) días hábiles desde su
percepción.
iv) son fondos depositados en cuentas bancarias en el exterior a su
nombre originados en endeudamientos financieros comprendidos en
el punto 3.5. y su monto no supera el equivalente a pagar por capital
e intereses en los próximos 365 (trescientos sesenta y cinco) días
corridos.
v) son fondos depositados en cuentas bancarias del exterior a su
nombre originados en los últimos 180 (ciento ochenta) días corridos
por desembolsos en el exterior recibidos a partir del 29/11/24 de
endeudamientos financieros comprendidos en el punto 3.5.
vi) son fondos depositados en cuentas bancarias del exterior a su
nombre originados en las ventas de títulos valores con liquidación en
moneda extranjera contempladas en el punto 3.16.3.6.iii).
vii) son fondos depositados en cuentas bancarias en el exterior a su
nombre originados en emisiones de títulos de deuda concretadas en
los 120 (ciento veinte) días corridos previos y susceptibles de ser
encuadradas en lo previsto en los puntos 7.11.1.5. y 7.11.1.6.
En esta última declaración jurada del cliente deberá constar expresamente
el valor de sus activos externos líquidos disponibles al inicio del día y los
montos que asigna a cada una de las situaciones descriptas en los incisos
i)a vii) que sean aplicables.","Condicion","Ventas de títulos valores — liquidación moneda extranjera","Los fondos son depositados en cuentas bancarias del exterior a nombre del cliente originados en las ventas de títulos valores con liquidación en moneda extranjera contempladas en el punto 3.16.3.6.iii).","condicion_de","Potestad","Aceptación alternativa — declaración jurada adicional","En caso de que el cliente tuviera activos externos líquidos disponibles y/o CEDEARs por un monto superior al establecido, la entidad podrá aceptar una declaración jurada del cliente en la que deje constancia que no se excede tal monto considerando que los activos externos líquidos fueron utilizados, transferidos o se originan en circunstancias específicas.","",""
"M13","Condicion --condicion_de--> Potestad","ext::7.4","Sección 7. Cobros de exportaciones de bienes.
7.4. Otras imputaciones admitidas en el cumplimiento de la obligación de ingreso y liquidación.
El exportador podrá solicitar a la entidad encargada que se dé por cumplimentado parcial o
totalmente el seguimiento de un permiso de embarque cuando la operación se encuentra
comprendida en alguna de las situaciones detalladas en el punto 8.5. y se verifiquen las
condiciones previstas en cada caso.","Condicion","Operación comprendida en situaciones punto 8.5","la operación se encuentra comprendida en alguna de las situaciones detalladas en el punto 8.5.","condicion_de","Potestad","Solicitud parcial/total cumplimiento seguimiento permiso","El exportador podrá solicitar a la entidad encargada que se dé por cumplimentado parcial o totalmente el seguimiento de un permiso de embarque cuando la operación se encuentra comprendida en alguna de las situaciones detalladas en el punto 8.5. y se verifiquen las condiciones previstas en cada caso.","",""
"M14","Condicion --condicion_de--> Potestad","ext::7.4","Sección 7. Cobros de exportaciones de bienes.
7.4. Otras imputaciones admitidas en el cumplimiento de la obligación de ingreso y liquidación.
El exportador podrá solicitar a la entidad encargada que se dé por cumplimentado parcial o
totalmente el seguimiento de un permiso de embarque cuando la operación se encuentra
comprendida en alguna de las situaciones detalladas en el punto 8.5. y se verifiquen las
condiciones previstas en cada caso.","Condicion","Verificación condiciones previstas en cada caso","se verifiquen las condiciones previstas en cada caso","condicion_de","Potestad","Solicitud parcial/total cumplimiento seguimiento permiso","El exportador podrá solicitar a la entidad encargada que se dé por cumplimentado parcial o totalmente el seguimiento de un permiso de embarque cuando la operación se encuentra comprendida en alguna de las situaciones detalladas en el punto 8.5. y se verifiquen las condiciones previstas en cada caso.","",""
"M15","Condicion --condicion_de--> Potestad","pro::4.2.1::intro","Sección 4. Actuación del Banco Central de la República Argentina.
4.2. Reclamos no respondidos o con respuestas insatisfactorias.
4.2.1. Cuando el usuario de servicios financieros reciba de la entidad una respuesta que no
considere satisfactoria o transcurra el plazo de diez (10) días hábiles desde el momento
de haber presentado al sujeto obligado su reclamo sin haber recibido respuesta alguna,
podrá informar lo ocurrido al BCRA –por alguno de los medios habilitados–, efectuando
una presentación que cumpla los siguientes recaudos:","Condicion","Transcurren 10 días sin respuesta","Transcurra el plazo de diez (10) días hábiles desde el momento de haber presentado al sujeto obligado su reclamo sin haber recibido respuesta alguna","condicion_de","Potestad","Usuario puede informar al BCRA de reclamo","El usuario de servicios financieros podrá informar lo ocurrido al BCRA por alguno de los medios habilitados, efectuando una presentación que cumpla los siguientes recaudos","",""
"M16","Condicion --aplica_a--> Sujeto","cap::4.2.1.3","Sección 4. Capital mínimo por riesgo de crédito de contraparte.
4.2. Exigencia de capital por riesgo de crédito de contraparte en operaciones con derivados
–OTC o negociados en mercados regulados– y con liquidación diferida.
La exigencia computada en este punto –basada en el Enfoque Estándar para la medición de
la exigencia por capital por riesgo de crédito de contraparte (“Standardised Approach for
measuring Counterparty Credit Risk”, SA-CCR)– se aplicará a operaciones con derivados
–OTC o negociados en mercados regulados– y con liquidación diferida, ya que las operacio-
nes de financiación con títulos valores (“Securities Financing Transactions”, SFT) –tales co-
mo operaciones de pase– cuyo valor depende de las valuaciones de mercado y están co-
múnmente sujetas a acuerdos de márgenes, se encuentran contempladas en la Sección 5.
Las operaciones de liquidación diferida son aquellas en las que la contraparte se comprome-
te a entregar un título valor, “commodity” o moneda extranjera contra efectivo, otro activo fi-
nanciero o “commodities” o viceversa, en una fecha contractual de liquidación o entrega su-
perior al plazo más corto entre el plazo habitual en el mercado para el vencimiento de ese ti-
po de instrumento y 5 días hábiles a partir de la fecha en que la entidad entró en la opera-
ción.
4.2.1. Exposición al riesgo de crédito de contraparte.
La exposición al riesgo de crédito de contraparte (EAD) se calculará por separado para
cada conjunto de neteo (“netting set”, NS) y se determinará del siguiente modo:
donde:
α = 1,40.
CR: costo de reposición calculado de acuerdo con el punto 4.2.1.1.
EPF: exposición potencial futura calculado de acuerdo con el punto 4.2.1.2.
El cálculo del CR y de la EPF diferirá según que los conjuntos de neteo estén sujetos o
no al intercambio de márgenes de variación:
− Operaciones sin margen de variación: el CR representa la pérdida que ocurriría
ante el incumplimiento de la contraparte y la liquidación inmediata de sus opera-
ciones y la EPF adicionará el incremento probable de la exposición, calculado de
modo conservador, en el horizonte temporal de un año a partir de la fecha de
cálculo.
− Operaciones con margen de variación: el CR representa la pérdida que ocurriría
ante el incumplimiento de la contraparte –en el presente o en el futuro– si la liqui-
dación y reposición de las operaciones fueran instantáneas. Dado que puede ha-
ber un lapso –período de riesgo de margen (“MPOR”)– entre el último intercambio
de garantías antes del incumplimiento y la reposición, el adicional por la EPF re-
presenta el potencial cambio de valor de las operaciones durante ese período.
En ambos casos, y a los efectos de determinar el costo de reposición, el aforo de los
activos recibidos en garantía (excepto efectivo) representará el cambio potencial del
valor de dicha garantía durante el período relevante –un año, para las operaciones sin
márgenes, y el período de riesgo de margen, para las operaciones con márgenes–.
Además:
− La EAD para un conjunto de neteo con márgenes de variación tendrá como límite
superior la EAD que resultaría para el mismo conjunto si no los tuviera.
− La EAD de un conjunto de neteo que sólo comprende opciones vendidas podrá
ser cero cuando hayan sido cobradas todas las primas y en tanto dichas opciones
no estén comprendidas en acuerdos de neteo que incluyan otros productos o la
constitución de márgenes.
4.2.1.3. Tratamiento de acuerdos de márgenes y de conjuntos de neteo múltiples.
i) Si a un único conjunto de neteo le aplican múltiples acuerdos sobre márge-
nes, el conjunto se dividirá en subconjuntos de neteo para alinearlos con sus
respectivos acuerdos. Se deberá aplicar este tratamiento tanto al CR como a
la EPF.
ii) Si un único acuerdo sobre márgenes aplica a múltiples conjuntos de neteo, el
CR será igual a la suma de las exposiciones dentro del conjunto sin conside-
rar las garantías (“unmargined exposures”) menos los activos en garantía dis-
ponibles al momento de medir el costo, incluyendo el VM y el NICA. El CR
aplicable a todo el acuerdo sobre márgenes será:
donde:
la suma NSMA comprende a todos los conjuntos de neteo cubiertos por el
acuerdo sobre márgenes (“margin agreement”, MA).
V : valor de mercado presente del conjunto de neteo NS.
NS
C : equivalente en efectivo de todos los activos en garantía disponibles
MA
en el marco de dicho acuerdo.
iii) Cuando un único acuerdo sobre márgenes sea aplicable a varios conjuntos
de neteo, las garantías se intercambiarán en base al valor de mercado neto
de todas las transacciones cubiertas por el acuerdo, sin importar los conjun-
tos de neteo que les den origen. Si las garantías intercambiadas no fueran
suficientes para cubrir a la EPF, para calcular el adicional EPF se usará la
metodología para los conjuntos sin márgenes. Luego se agregarán las EPF
calculadas a nivel de conjunto de neteo conforme a lo siguiente:
donde:
EPF (sin margen): adicional por EPF para el conjunto de neteo NS calculado de
NS
acuerdo con los requisitos aplicables cuando no haya márge-
nes.","Condicion","Garantías insuficientes para EPF","Si las garantías intercambiadas no fueran suficientes para cubrir a la EPF.","aplica_a","Sujeto","Sujeto_rol_alcance_capmin","","",""
"M17","Condicion --aplica_a--> Sujeto","ext::10.3.2.1","Sección 10. Pagos de importaciones y otras compras de bienes en el exterior.
10.3. Pagos de importaciones de bienes que cuentan con registro de ingreso aduanero.
10.3.2. Requisitos de acceso para el pago de oficializaciones de importación comprendidas
en el SEPAIMPO.
La entidad interviniente podrá dar acceso al mercado de cambios para el pago al
exterior de importaciones de bienes que cuentan con registro de ingreso aduanero
que constan en el SEPAIMPO, en la medida que verifique previamente la totalidad de
los siguientes requisitos:
Los casos que no encuadren en lo expuesto precedentemente quedan sujetos a la
conformidad previa del BCRA, debiendo los pedidos ser canalizados por una entidad
autorizada a realizar este tipo de pagos.
10.3.2.1. Certifica en carácter de entidad encargada del seguimiento de la
oficialización que se cumplen las condiciones que se enuncian a
continuación o cuenta con una certificación para realizar el pago emitida
por la entidad que tiene tal responsabilidad
i) Cuenta con constancia del registro aduanero del ingreso al país de
los bienes que originan el pago a cancelarse.
ii) Cuenta con copia de factura comercial emitida en el exterior a
nombre del cliente residente en el país, que efectúa la compra al
exterior, donde conste nombre y dirección del emisor, nombre del
importador argentino, la cantidad y descripción de la mercadería,
condición de venta y valor de la factura.
iii) Cuenta con copia del Documento de Transporte (Conocimiento de
Embarque – Carta de Porte – Guía Aérea).
iv) Que la información que surge de la factura comercial y del
Documento de Transporte sea consistente con la que figura en los
registros aduaneros, considerando las normas de declaración
aduanera aplicables.
v) Que la documentación presentada le permita establecer la fecha de
vencimiento de la obligación con el exterior por parte del importador
o, en su defecto, que la operación no tiene una fecha de vencimiento
pactada.
vi) Que, en caso de tratarse de operaciones financiadas, la
documentación presentada le permite calificar a la misma como una
deuda por importaciones de bienes según lo dispuesto en el punto
10.2.4.
vii) Que el total de los pagos realizados con imputación a la oficialización
de importación, incluyendo el pago cuyo curso se está solicitando, no
supera el monto facturado en la condición de compra pactada.
viii) Que el beneficiario del pago a realizar sea el proveedor del exterior o,
en su caso, la entidad financiera del exterior o la agencia oficial de
crédito que financió la compra al proveedor del exterior en la medida
que las operaciones encuadren como deuda comercial por
importaciones de bienes, o el no residente que compró el crédito al
acreedor comercial del exterior y en la medida que no se modifiquen
las condiciones en las que se otorgó el crédito.
ix) Cuenta con constancia de que la operación se encuentra declarada,
en caso de corresponder, en la última presentación vencida del
“Relevamiento de activos y pasivos externos”.
x) En el caso de importaciones oficializadas con anterioridad al
01/11/19, cuenta con una declaración jurada consignando el saldo de
deuda pendiente a la fecha, firmada por el importador o quien ejerza
su representación legal o un apoderado con facultades suficientes
para asumir este compromiso en nombre del importador.","Condicion","Consistencia factura y transporte con aduana","Que la información que surge de la factura comercial y del Documento de Transporte sea consistente con la que figura en los registros aduaneros, considerando las normas de declaración aduanera aplicables","aplica_a","Sujeto","Sujeto_rol_entidad_autorizada_exterior","","",""
"M18","Condicion --aplica_a--> Sujeto","ext::3.6.4.4","Sección 3. Disposiciones específicas para los egresos por el mercado de cambios
Las entidades previamente a dar acceso al mercado de cambio por las operaciones comprendidas
en los puntos 3.1. a 3.15. –incluyendo aquellas que se concreten a través de canjes o arbitrajes–,
adicionalmente a los requisitos y condiciones específicas detalladas en cada punto, deberán
cumplimentar los requisitos complementarios que constan en el punto 3.16. que resulten aplicables.
3.6. Pagos de títulos de deuda u otros valores representativos de deuda denominados y
pagaderos en moneda extranjera en el país y obligaciones en moneda extranjera entre
residentes.
3.6.4. El acceso al mercado de cambios con anterioridad al vencimiento requerirá la
conformidad previa del BCRA excepto que la operación encuadre en alguna de las
siguientes situaciones y se cumplan la totalidad de las condiciones estipuladas en cada
caso:
3.6.4.4. Precancelación de capital e intereses de un título de deuda comprendido en
este punto 3.6. con la liquidación de fondos ingresados desde el exterior por
la emisión de un nuevo título de deuda comprendido en el punto 3.5.
i) la precancelación de capital sea efectuada en manera simultánea con la
liquidación de los fondos ingresados desde el exterior por la emisión de
un nuevo título de deuda comprendido en el punto 3.5. emitido en el
marco de una operación de refinanciación, recompra y/o rescate
anticipado del título de deuda.
a) el nuevo título de deuda contempla 1 (un) año de gracia para el
pago de capital y su vida promedio es al menos 2 (dos) años mayor
a la vida promedio remanente del título de deuda que se
precancela; y
b) el monto acumulado de los vencimientos de capital del nuevo
endeudamiento en ningún momento podrá superar, hasta la fecha
de vencimiento de la deuda que se cancela, el monto que hubieran
acumulado los vencimientos de capital de la deuda que se cancela.
ii) la precancelación de intereses corresponde a los intereses devengados
por la deuda refinanciada hasta la fecha de cierre de la operación de
recompra y/o rescate, sin necesidad de que exista una liquidación de
fondos por el monto equivalente;
Adicionalmente, la entidad podrá darle acceso al mercado de cambios al
cliente para:
iii) pagar en concepto de prima de recompra, de rescate anticipado o
similar hasta el equivalente del 5% (cinco por ciento) del monto del
capital del título de deuda recomprado y/o rescatado, en la medida que
el pago se concrete de manera simultánea con una liquidación de
fondos ingresados desde el exterior por el nuevo título de deuda que
exceda al monto de capital que se precancela, como mínimo, por un
monto equivalente al monto de la prima abonada.
iv)pagar a la fecha de cierre de la operación de recompra y/o rescate, sin
necesidad de que exista una liquidación de fondos por el monto
equivalente, los gastos de emisión u otros servicios prestados por no
residentes en el marco de la emisión de los nuevos títulos de deuda
emitidos y/o la operación de recompra y/o rescate.","Condicion","Pago prima simultáneo con liquidación fondos excedente","el pago se concrete de manera simultánea con una liquidación de fondos ingresados desde el exterior por el nuevo título de deuda que exceda al monto de capital que se precancela, como mínimo, por un monto equivalente al monto de la prima abonada","aplica_a","Sujeto","Sujeto_rol_entidad_autorizada_exterior","","",""
"M19","Condicion --aplica_a--> Sujeto","polcre::5.2","Sección 5. Financiamiento a residentes en el exterior.
5.2. Colocaciones en bancos del exterior.
Las entidades financieras podrán mantener en bancos del exterior cuentas de corresponsalía y
cuentas a la vista necesarias para sus operaciones, de acuerdo con lo establecido en las nor-
mas sobre “Cuentas de corresponsalía” y certificados de depósito a plazo fijo en entidades que
cuenten con calificación internacional no inferior a “AA”.","Condicion","Conformidad con normas de Cuentas de corresponsalía","Las operaciones deben realizarse de acuerdo con lo establecido en las normas sobre 'Cuentas de corresponsalía'","aplica_a","Sujeto","Sujeto_entidad_financiera","","",""
"M20","Condicion --aplica_a--> Sujeto","polcre::6.1.1::intro","Sección 6. Préstamos de Unidades de Valor Adquisitivo y de Unidades de Vivienda.
6.1. Préstamos de Unidades de Valor Adquisitivo actualizables por “CER” - Ley 25.827 (“UVA”).
6.1.1. Las operaciones de financiación de Unidades de Valor Adquisitivo actualizables por Coe-
ficiente de Estabilización de Referencia “CER” - Ley 25.827 (“UVA”) estarán sujetas a las
siguientes condiciones:","Condicion","Condiciones para operaciones UVA","Las operaciones estarán sujetas a las siguientes condiciones","aplica_a","Sujeto","Sujeto_entidad_financiera","","",""
"M21","Excepcion --exceptua--> Operacion","cla::2.2.1.5","Sección 2. Financiaciones comprendidas.
2.2. Exclusiones.
2.2.1. Los siguientes conceptos por intermediación financiera:
2.2.1.5. Anticipos y préstamos al Fondo de Garantía de los Depósitos.","Excepcion","Exclusión Anticipos y préstamos Fondo de Garantía Depósitos","Anticipos y préstamos al Fondo de Garantía de los Depósitos están excluidos de los conceptos por intermediación financiera comprendidos en clasificación de deudores.","exceptua","Operacion","Préstamos al Fondo de Garantía Depósitos","Préstamos otorgados al Fondo de Garantía de los Depósitos.","",""
"M22","Excepcion --exceptua--> Operacion","cla::6.5.5.8","Sección 6. Clasificación de los deudores de la cartera comercial.
6.5. Niveles de clasificación.
Cada cliente, y la totalidad de sus financiaciones comprendidas, se incluirá en una de las si-
guientes cinco categorías, las que se definen teniendo en cuenta las condiciones que se deta-
llan en cada caso.
Los clientes que no registren asistencia crediticia de la entidad y que posteriormente reciban fi-
nanciaciones de ésta que no superen el importe resultante de aplicar sobre el saldo de deuda
registrado en el sistema financiero, según la última información disponible en la “Central de
deudores” a la fecha de su otorgamiento, el porcentaje establecido en el punto 2.2.5. de las
normas sobre “Previsiones mínimas por riesgo de incobrabilidad” correspondiente a la peor cla-
sificación asignada, podrán ser clasificados por la entidad teniendo en cuenta únicamente el
análisis del flujo de fondos proyectado. Las asistencias así otorgadas no serán consideradas a
los fines a que se refiere el punto 6.6.
A fin de verificar el cumplimiento de las obligaciones sin recurrir a nueva financiación directa o
indirecta o a refinanciaciones, no se considerarán refinanciaciones las facilidades adicionales
que se otorguen respecto de los márgenes vigentes acordados, siempre que el nuevo apoyo
crediticio implique nuevos desembolsos de fondos y no supere el 10 % del cupo asignado en
oportunidad de la última evaluación crediticia del cliente, en la medida en que éstas sean con-
sistentes con el curso normal de los negocios y exista capacidad para atender el resto de las
obligaciones financieras, ni las nuevas financiaciones y las refinanciaciones asociadas a una
mayor inversión derivada de la expansión de las actividades, y siempre que pueda demostrarse
que el flujo de fondos proyectado permitirá afrontar la totalidad de sus obligaciones.
Tampoco se considerarán dentro de ese concepto las refinanciaciones otorgadas a los produc-
tores agropecuarios cuando ello resulte de la aplicación de disposiciones vinculadas a la Ley de
Emergencia Agropecuaria, sin perjuicio de lo cual, a los fines de la clasificación, deberá tenerse
en cuenta el flujo de fondos proyectado para el momento en que concluya la vigencia de la
emergencia declarada. El tratamiento que se dispense en ese marco no podrá implicar mejora-
miento de la clasificación asignada al cliente en función de su situación individual, preexistente
a la emergencia, ni su aplicación extenderse más allá de la vigencia fijada para ella.
6.5.5. Irrecuperable.
Las deudas de clientes incorporados a esta categoría se consideran incobrables. Si bien
estos activos podrían tener algún valor de recuperación bajo un cierto conjunto de cir-
cunstancias futuras, su incobrabilidad es evidente al momento del análisis.
Entre los indicadores que pueden reflejar esta situación se destacan que el cliente:
Además, corresponderá clasificar en esta categoría a los clientes que, cualquiera sea el
motivo (entre ellos por no contar con legajo o por no haber proporcionado información
confiable y/o actualizada), no hayan sido evaluados con la periodicidad correspondiente,
con excepción de los deudores en concurso o con acuerdo preventivo extrajudicial solici-
tado o en gestión judicial que, por un período de hasta 540 días contados a partir de la
apertura del concurso, solicitud del acuerdo preventivo o inicio de las gestiones judiciales
de cobro, según corresponda, no hubiesen presentado la documentación que permita
realizarla, siempre que se cuente con informe de abogado de la entidad financiera
acreedora sobre la razonabilidad del recupero de los créditos comprendidos.
Ello, sin perjuicio de que se trate de deudas que reúnan todas las condiciones previstas
por el punto 2.2.3.2. de las normas sobre “Previsiones mínimas por riesgo de incobrabili-
dad”.
6.5.5.8. Bancos, otras instituciones financieras del exterior y otros prestatarios no
radicados en el país que no cumplan con lo previsto en los puntos 3.1. y 3.2.,
según corresponda, de las normas sobre “Evaluaciones crediticias”. A los
efectos del cumplimiento de los citados puntos se deberá contar con calificación
internacional de riesgo comprendida en la categoría “investment grade”.
Se excluirán:
a) Los siguientes deudores:
Casa matriz de las sucursales locales de bancos del exterior o sus filiales y
subsidiarias en otros países, en la medida en que aquélla esté sujeta a super-
visión sobre base consolidada.
Bancos u otras instituciones financieras del exterior sujetos a supervisión so-
bre base consolidada que ejerzan el control de entidades financieras locales
constituidas bajo la forma de sociedades anónimas.
Otros bancos del exterior autorizados a intervenir en los regímenes de conve-
nios de pagos y créditos recíprocos a los que haya adherido el BCRA, así co-
mo sus sucursales y subsidiarias, aun cuando ellas no estén comprendidas en
esos convenios, siempre que la casa matriz o entidad bancaria controlante es-
té sujeta a regímenes de supervisión sobre base consolidada, a satisfacción
de la SEFyC.
Sucursales y subsidiarias de entidades financieras locales sujetas al régimen
de supervisión consolidada.
b) Los deudores que únicamente registren las siguientes operaciones:
- Financiaciones que cuenten con aval de banco del exterior que cumpla con
lo previsto en el punto 3.1. de las normas sobre “Evaluaciones crediticias”,
requiriendo a ese efecto calificación internacional de riesgo comprendida en
la categoría “investment grade”.
- Financiaciones vinculadas a operaciones de compraventa de títulos valores
concertadas con residentes en el exterior, que se canalicen por la Caja de
Valores S.A., Clearstream, Euroclear o Depositary Trust Company (DTC), y
que se originen en el cumplimiento, por parte de la entidad financiera intervi-
niente, de la obligación a su cargo (entregar la especie transada o efectuar el
pago convenido) sin que la contraparte cancele su compromiso en el mismo
día, en razón de modalidades de liquidación usuales en esos mercados.
- Financiaciones vinculadas a operaciones de comercio exterior.
- Pases activos de dólares estadounidenses y de títulos valores públicos na-
cionales, siempre que:
 las especies transadas cuenten con un mercado de operaciones habitua-
les y relevantes,
 los precios pactados respondan a las condiciones del mercado y
 los márgenes de cobertura sean suficientes y se encuentren depositados
en los siguientes agentes de custodia o de registro:
* BCRA, por operaciones canalizadas a través de la Central de registro y
liquidación de instrumentos de deuda pública, regulación monetaria y fi-
deicomisos financieros (CRyL),
* Caja de Valores S.A.,
* Clearstream, Euroclear, Depositary Trust Company (DTC) y
- Asistencia crediticia concedida a través de las sucursales o subsidiarias en el
exterior de entidades financieras locales sujetas al régimen de supervisión
sobre base consolidada, siempre que se haya otorgado con recursos que no
provengan de fondos provistos, directa o indirectamente, por las entidades
financieras locales.
Los deudores excluidos precedentemente deberán ser clasificados y sus deudas
previsionadas conforme a las disposiciones de carácter general.","Excepcion","Exclusión pases activos USD y títulos públicos nacionales","Pases activos de dólares estadounidenses y de títulos valores públicos nacionales, siempre que: las especies transadas cuenten con un mercado de operaciones habituales y relevantes, los precios pactados respondan a las condiciones del mercado y los márgenes de cobertura sean suficientes y se encuentren depositados en los siguientes agentes de custodia o de registro: BCRA, por operaciones canalizadas a través de la Central de registro y liquidación de instrumentos de deuda pública, regulación monetaria y fideicomisos financieros (CRyL), Caja de Valores S.A., Clearstream, Euroclear, Depositary Trust Company (DTC).","exceptua","Operacion","Clasificación de bancos y entidades financieras del exterior","Clasificación en la categoría Irrecuperable de bancos, otras instituciones financieras del exterior y otros prestatarios no radicados en el país que no cumplan con lo previsto en los puntos 3.1. y 3.2. de las normas sobre Evaluaciones crediticias.","",""
"M23","Excepcion --exceptua--> Operacion","ext::8.5.17.21","Sección 8. Seguimiento de las negociaciones de divisas por exportaciones de bienes
8.5. Otras imputaciones admitidas en el cumplimiento del seguimiento.
La entidad podrá considerar cumplimentado parcial o totalmente el seguimiento de un permiso
de embarque cuando cuente con los elementos que le permitan considerar que la operación
se encuentra en alguna de las situaciones detalladas a continuación y se verifiquen las
condiciones previstas en cada caso.
La documentación utilizada para certificar el concepto y monto de las divisas imputado en
cada caso deberá quedar archivada en la entidad a disposición del BCRA.
8.5.17. Operaciones aduaneras exceptuadas del seguimiento.
Por el valor que corresponda a ventajas aduaneras u otras situaciones previstas en el
siguiente listado de operaciones:
8.5.17.21. Destinaciones suspensivas de exportaciones temporarias (artículos 349 a
373 del Código Aduanero).","Excepcion","Exceptuación seguimiento destinaciones suspensivas","Las destinaciones suspensivas de exportaciones temporarias (artículos 349 a 373 del Código Aduanero) quedan exceptuadas del seguimiento de divisas por exportaciones de bienes","exceptua","Operacion","Destinaciones suspensivas exportaciones temporarias","Operación aduanera de destinación suspensiva de exportaciones temporarias según artículos 349 a 373 del Código Aduanero","",""
"M24","Excepcion --exceptua--> Operacion","ext::8.5.17.24","Sección 8. Seguimiento de las negociaciones de divisas por exportaciones de bienes
8.5. Otras imputaciones admitidas en el cumplimiento del seguimiento.
La entidad podrá considerar cumplimentado parcial o totalmente el seguimiento de un permiso
de embarque cuando cuente con los elementos que le permitan considerar que la operación
se encuentra en alguna de las situaciones detalladas a continuación y se verifiquen las
condiciones previstas en cada caso.
La documentación utilizada para certificar el concepto y monto de las divisas imputado en
cada caso deberá quedar archivada en la entidad a disposición del BCRA.
8.5.17. Operaciones aduaneras exceptuadas del seguimiento.
Por el valor que corresponda a ventajas aduaneras u otras situaciones previstas en el
siguiente listado de operaciones:
8.5.17.24. Operaciones de reembarco consignadas mediante los subregímenes
RE01, RE04, RE05, RE06, REP1, REP4 o REP6.","Excepcion","Reembarco subregímenes RE01 RE04 RE05 RE06 REP1 REP4 REP6","Operaciones de reembarco consignadas mediante los subregímenes RE01, RE04, RE05, RE06, REP1, REP4 o REP6 están exceptuadas del seguimiento.","exceptua","Operacion","Operación de reembarco","Operaciones de reembarco consignadas mediante los subregímenes RE01, RE04, RE05, RE06, REP1, REP4 o REP6","",""
"M25","Excepcion --exceptua--> Operacion","ext::8.5.17.28","Sección 8. Seguimiento de las negociaciones de divisas por exportaciones de bienes
8.5. Otras imputaciones admitidas en el cumplimiento del seguimiento.
La entidad podrá considerar cumplimentado parcial o totalmente el seguimiento de un permiso
de embarque cuando cuente con los elementos que le permitan considerar que la operación
se encuentra en alguna de las situaciones detalladas a continuación y se verifiquen las
condiciones previstas en cada caso.
La documentación utilizada para certificar el concepto y monto de las divisas imputado en
cada caso deberá quedar archivada en la entidad a disposición del BCRA.
8.5.17. Operaciones aduaneras exceptuadas del seguimiento.
Por el valor que corresponda a ventajas aduaneras u otras situaciones previstas en el
siguiente listado de operaciones:
8.5.17.28. Operaciones aduaneras de los subregímenes “BARA” y “VMI1” en el
marco de la operatoria de proveedores de combustibles de medios de
transporte.","Excepcion","Exceptuación — operaciones BARA y VMI1","Operaciones aduaneras de los subregímenes BARA y VMI1 en el marco de la operatoria de proveedores de combustibles de medios de transporte","exceptua","Operacion","Operación aduanera — régimen VMI1","Operación aduanera bajo el subrégimen VMI1 en el marco de la operatoria de proveedores de combustibles de medios de transporte","",""
"M26","Definicion --aplica_a--> Sujeto","cap::10.3.4","Sección 10. Agentes de calificación externa (ECAI).
10.3. Consideraciones para su implementación.
10.3.4. Evaluaciones en moneda nacional y en moneda extranjera.
Cuando se ponderen por riesgo exposiciones no calificadas sobre la base de la califi-
cación de una exposición equivalente con ese mismo prestatario, el criterio general es
que las calificaciones en moneda extranjera se utilizarán para ponderar por riesgo las
exposiciones en moneda extranjera. Si existieran además calificaciones en moneda
nacional, éstas se utilizarán solamente para ponderar por riesgo las exposiciones de-
nominadas en esa moneda.","Definicion","Criterio general exposiciones no calificadas","Cuando se ponderen por riesgo exposiciones no calificadas sobre la base de la calificación de una exposición equivalente con ese mismo prestatario, las calificaciones en moneda extranjera se utilizarán para ponderar por riesgo las exposiciones en moneda extranjera, y las calificaciones en moneda nacional se utilizarán solamente para ponderar por riesgo las exposiciones denominadas en esa moneda","aplica_a","Sujeto","Sujeto_rol_alcance_capmin","","",""
"M27","Definicion --aplica_a--> Sujeto","cap::6.1.4.1","Sección 6. Capital mínimo por riesgo de mercado.
6.1. Exigencia.
El riesgo de mercado se define como la posibilidad de sufrir pérdidas en posiciones registra-
das dentro y fuera de balance a raíz de las fluctuaciones adversas en los precios de mercado.
La exigencia de capital por riesgo de mercado (RM) será la suma aritmética de la exigencia de
capital por los riesgos por tasa de interés (RT), acciones (RA), tipo de cambio (RTC), produc-
tos básicos (RPB) y opciones (ROP).
RM = RT + RA + RTC + RPB + ROP
Para su determinación, las entidades deberán emplear el Método de Medición Estándar pre-
visto en el punto 6.1.4.
6.1.4. Medición de los riesgos de mercado.
6.1.4.1. El Método de Medición Estándar se basa en una suma de componentes que
capturan por separado el riesgo específico y el riesgo general de mercado de
las posiciones en títulos valores.","Definicion","Método de Medición Estándar — componentes de riesgo","Se basa en una suma de componentes que capturan por separado el riesgo específico y el riesgo general de mercado de las posiciones en títulos valores.","aplica_a","Sujeto","Sujeto_rol_alcance_capmin","","",""
"M28","Definicion --aplica_a--> Sujeto","ext::10.2.4.3","Sección 10. Pagos de importaciones y otras compras de bienes en el exterior.
10.2. Definiciones.
10.2.4. Deuda comercial por importación de bienes.
A los efectos del acceso al mercado de cambios, corresponde considerar deudas
comerciales por financiaciones de importaciones de bienes a los siguientes
endeudamientos:
Los pagos por deudas originadas en importaciones de bienes que no encuadren
como deudas comerciales de importación se regirán por las normas que sean
aplicables para la cancelación de servicios de capital de préstamos financieros.
10.2.4.3. Financiación a cualquier plazo otorgada por una entidad financiera del
exterior, donde los desembolsos en divisas se aplican, neto de gastos,
directa e íntegramente al pago anticipado y/o a la vista y/o diferido al
proveedor del exterior.","Definicion","Deuda comercial por financiación exterior","Financiación a cualquier plazo otorgada por una entidad financiera del exterior, donde los desembolsos en divisas se aplican, neto de gastos, directa e íntegramente al pago anticipado y/o a la vista y/o diferido al proveedor del exterior.","aplica_a","Sujeto","Sujeto_entidad_financiera","","",""
"M29","Definicion --aplica_a--> Sujeto","pro::1.1.2.2","Sección 1. Disposiciones generales.
1.1. Partes.
1.1.2. Sujetos obligados.
1.1.2.2. Operadores de cambio, por las operaciones comprendidas en las normas sobre
“Exterior y cambios”.","Definicion","Operadores de cambio sujetos obligados","Operadores de cambio, por las operaciones comprendidas en las normas sobre 'Exterior y cambios'","aplica_a","Sujeto","Sujeto_entidad_cambiaria","","",""
"M30","Definicion --aplica_a--> Sujeto","pro::1.1.2.5","Sección 1. Disposiciones generales.
1.1. Partes.
1.1.2. Sujetos obligados.
1.1.2.5. Otros proveedores no financieros de crédito alcanzados por las normas sobre
“Proveedores no financieros de crédito”, excepto que se trate de asociaciones
mutuales o cooperativas, por las financiaciones que otorguen.","Definicion","Otros proveedores no financieros de crédito alcanzados","Otros proveedores no financieros de crédito alcanzados por las normas sobre 'Proveedores no financieros de crédito', excepto que se trate de asociaciones mutuales o cooperativas, por las financiaciones que otorguen.","aplica_a","Sujeto","Sujeto_proveedor_no_financiero_de_credito","","",""
"M31","Excepcion --exceptua_obligacion--> Restriccion","cap::5.3.1.1","Sección 5. Cobertura del riesgo de crédito.
A los efectos del cómputo de la exigencia de capital por riesgo de crédito, se reconocerá –total o
parcialmente– la cobertura del riesgo de crédito (CRC) de las operaciones registradas en la cartera
de inversión –tales como préstamos y responsabilidades eventuales– mediante la utilización de las
técnicas previstas en el punto 5.1.
La presente sección contempla, además, el cálculo de la exposición a las operaciones de financia-
ción con títulos valores (securities financing transactions, SFT) –conforme a lo previsto en la Sec-
ción 4.–, registradas tanto en la cartera de inversión como en la cartera de negociación.
5.3. Operaciones cubiertas con activos admitidos como garantía.
La aplicación de la técnica de cobertura mediante activos admitidos como garantía dependerá
del método elegido.
5.3.1. Método simple.
Con este método, el ponderador de riesgo de la contraparte se sustituye por el pondera-
dor de riesgo del activo mediante el cual se cubre –parcial o totalmente– la exposición
–conforme a la tabla de ponderadores prevista en la Sección 2.–.
5.3.1.1. Aplicación.
Para que la CRC sea reconocida, la exposición deberá estar cubierta durante
todo el plazo de vencimiento contractual (no se admitirá el descalce de plazos
de vencimiento) y el activo recibido en garantía se limitará a aquellos listados
en el punto 5.3.1.2. y contar con una valuación a precios de mercado con una
frecuencia mínima mensual.
La parte de la exposición cubierta recibirá el ponderador de riesgo correspon-
diente al activo recibido en garantía, pero estará sujeta a un mínimo del 20%
–salvo lo dispuesto en el punto 5.3.1.3.–. A la parte no cubierta se le aplicará el
ponderador de riesgo que le corresponda según el tipo de exposición de que se
trate.
Se admitirá el descalce de monedas entre la exposición y el activo admitido
como garantía, pero en ese caso no será necesaria la aplicación de tratamiento
alguno.","Excepcion","Excepción mínimo 20% según punto 5.3.1.3","La parte de la exposición cubierta estará sujeta a un mínimo del 20%, salvo lo dispuesto en el punto 5.3.1.3","exceptua_obligacion","Restriccion","Ponderador mínimo 20% parte cubierta","La parte de la exposición cubierta recibirá el ponderador de riesgo correspondiente al activo recibido en garantía, pero estará sujeta a un mínimo del 20%","",""
"M32","Excepcion --exceptua_obligacion--> Restriccion","cla::7.1","Sección 7. Clasificación de los deudores de la cartera para consumo o vivienda.
7.1. Criterio de clasificación.
Sin perjuicio de que los análisis previos al otorgamiento de las financiaciones y refinanciaciones
también deben guardar relación con la capacidad de pago de los deudores, evaluando la afec-
tación de sus ingresos periódicos por la totalidad de los compromisos de crédito asumidos, la
clasificación de estos clientes se efectuará considerando -al cabo de cada mes- exclusivamente
pautas objetivas vinculadas al grado de cumplimiento de las correspondientes obligaciones o su
situación jurídica, las informaciones que surjan de la “Central de deudores del sistema financie-
ro” –cuando reflejen niveles de calidad inferiores al asignado por la entidad–, de la base de
“Deudores en situación irregular de ex entidades financieras” y la situación que surja de la apli-
cación de las pautas de refinanciación. En caso de discrepancias, se deberá considerar la pau-
ta que indique el mayor nivel de riesgo de incobrabilidad.
Se entiende que el cumplimiento de las obligaciones a que se refieren las citadas pautas tiene
lugar cuando no se recurra a nuevas financiaciones o refinanciaciones destinadas a cancelar
obligaciones preexistentes, cualquiera sea la modalidad (prórrogas, esperas, ampliaciones de
plazo o márgenes -sean tales modalidades expresas o tácitas-, disminuciones en los importes
de las cuotas o pagos, renovaciones, reestructuraciones, etc.). En el caso de refinanciaciones,
a fin de determinar una mejora en la clasificación del deudor, corresponderá tener en cuenta las
pautas específicas previstas en cada una de las categorías.
A esos efectos, no se considerarán dentro de ese concepto las refinanciaciones otorgadas a
productores cuando ello resulte de la aplicación de disposiciones vinculadas a la Ley de Emer-
gencia Agropecuaria, sin perjuicio de lo cual, a los fines de la clasificación, deberá tenerse en
cuenta la mora en el atraso de sus obligaciones para el momento en que concluya la vigencia
de la emergencia declarada. El tratamiento que se dispense en ese marco no podrá implicar
mejoramiento de la clasificación asignada al cliente en función de su situación individual, pre-
existente a la emergencia, ni su aplicación extenderse más allá de la vigencia fijada para ella.
A fin de determinar una mejora en la clasificación del deudor que, como consecuencia de haber
incurrido en atraso en el pago de sus obligaciones refinanciadas, haya sido recategorizado en
niveles inferiores, corresponderá tener en cuenta las pautas específicas previstas en cada una
de las categorías, en función de la cancelación de las cuotas mínimas (financiaciones de pago
periódico, mensual o bimestral) o del porcentaje de cancelación del saldo (por capital) de sus
obligaciones refinanciadas (financiaciones de pago único, periódico superior a bimestral o irre-
gular).
A tal fin, no se podrán efectuar mejoras en las clasificaciones de los clientes, si los mismos re-
gistran un atraso mayor a 31 días en el pago de sus obligaciones refinanciadas.
Los cobros no aplicados y las quitas concedidas en forma previa a la refinanciación reducen el
importe de la obligación sujeta a refinanciación, con lo cual no son computables para la mejora
de la clasificación en función de los parámetros establecidos para cada modalidad de pago de
la refinanciación. Por lo tanto, la forma en que se imputen tales conceptos a la cancelación de
la deuda objeto de refinanciación dependerá del criterio que opte por emplear cada entidad, sin
perjuicio de la observancia de las demás disposiciones de carácter general que sean aplicables
en la materia.
Los pagos por adelantado y/o anticipos que sean efectuados en oportunidad de la refinancia-
ción para acceder a ella o con posterioridad a su estructuración, serán computados, en término
de las cuotas o porcentaje de amortización de capital, según sea la modalidad de pago de la re-
financiación, en relación al saldo de capital de la obligación refinanciada.
A fin de verificar el cumplimiento de las obligaciones de naturaleza comercial comprendidas en
esta cartera sin recurrir a nuevas financiaciones o a refinanciaciones, no se considerarán com-
prendidas en esas definiciones:
i) las facilidades adicionales que se otorguen respecto de los márgenes vigentes acordados,
siempre que el nuevo apoyo crediticio implique nuevos desembolsos de fondos y no supere
el 10% del cupo asignado en oportunidad de la última evaluación crediticia del cliente hasta
que corresponda ser evaluado nuevamente;
ii) las renovaciones periódicas de crédito para capital de trabajo ni las nuevas financiaciones y
las refinanciaciones asociadas a una mayor inversión derivada de la expansión de las activi-
dades.
Ello, en la medida en que sean consistentes con el curso normal de los negocios y exista capa-
cidad para atender el resto de las obligaciones financieras.
Cuando se hayan asignado al deudor márgenes de crédito por líneas de préstamo específicas y
éstos se excedan, tales situaciones no serán consideradas refinanciaciones siempre que no se
supere el límite de la asistencia máxima que le haya sido acordada por todo concepto en fun-
ción de su capacidad de pago, según el acápite ii) del punto 1.1.3.2. de las normas sobre “Ges-
tión crediticia”.
No será obligatoria la evaluación de la capacidad de pago en función de los ingresos del presta-
tario, en la medida en que se utilicen métodos específicos de evaluación o se trate de deudores
por préstamos de monto reducido en los términos del punto 1.1.3.3. de las normas sobre “Ges-
tión crediticia”.
El otorgamiento de ese tipo de asistencia no obsta a que, en el caso de que se concedan al
mismo prestatario otras facilidades crediticias, deba observarse lo previsto en el primer párrafo
de este punto en materia de evaluación de la capacidad de pago del deudor.","Excepcion","Excepción — renovaciones de crédito para capital de trabajo","No se considerarán comprendidas en la definición de nuevas financiaciones o refinanciaciones las renovaciones periódicas de crédito para capital de trabajo ni las nuevas financiaciones y refinanciaciones asociadas a mayor inversión derivada de expansión de actividades, en la medida en que sean consistentes con el curso normal de negocios y exista capacidad para atender el resto de obligaciones financieras","exceptua_obligacion","Restriccion","Prohibición — nueva financiación para cancelar obligaciones preexistentes","El cumplimiento de obligaciones tiene lugar cuando no se recurra a nuevas financiaciones o refinanciaciones destinadas a cancelar obligaciones preexistentes, cualquiera sea la modalidad (prórrogas, esperas, ampliaciones de plazo o márgenes, disminuciones en importes de cuotas o pagos, renovaciones, reestructuraciones, etc.)","",""
"M33","Excepcion --exceptua_obligacion--> Restriccion","ctacte::6.4.6.3","Sección 6. Rechazo de cheques.
6.4. Procedimiento.
6.4.6. No corresponderá la comunicación al BCRA de los rechazos motivados por:
6.4.6.3. Errores imputables a la propia entidad girada. No se considerará error el rechazo
del cheque respecto del cual haya mediado autorización verbal para girar en
descubierto.","Excepcion","Excepción — errores imputables a entidad girada","No se considerará error el rechazo del cheque respecto del cual haya mediado autorización verbal para girar en descubierto.","exceptua_obligacion","Restriccion","No comunicación de rechazos — errores imputables","No corresponderá la comunicación al BCRA de los rechazos motivados por errores imputables a la propia entidad girada","",""
"M34","Excepcion --exceptua_obligacion--> Restriccion","polcre::5.3","Sección 5. Financiamiento a residentes en el exterior.
5.3. Tenencia de títulos valores del exterior.
No podrán registrarse tenencias de títulos valores públicos y privados del exterior, incluidos los
títulos de deuda o participaciones correspondientes a carteras de activos entre los que se cuen-
ten títulos valores del exterior, como tampoco de certificados de depósito argentinos
(CEDEAR), excepto que se trate inversiones en títulos públicos externos emitidos por países
miembros de la OCDE cuya deuda soberana cuente con una calificación internacional no infe-
rior a “AA”.
Además, se admite la tenencia de títulos de deuda o participaciones correspondientes a carte-
ras de activos constituidas en el exterior, siempre que estén integradas exclusivamente por títu-
los valores públicos nacionales y/o privados del país, así como de “depository receipts” que co-
rrespondan a dichos títulos valores.","Excepcion","Excepción títulos públicos OCDE calificación AA","Se exceptúa la prohibición cuando se trate de inversiones en títulos públicos externos emitidos por países miembros de la OCDE cuya deuda soberana cuente con una calificación internacional no inferior a ""AA""","exceptua_obligacion","Restriccion","Prohibición tenencia títulos valores del exterior","No podrán registrarse tenencias de títulos valores públicos y privados del exterior, incluidos los títulos de deuda o participaciones correspondientes a carteras de activos entre los que se cuenten títulos valores del exterior, como tampoco de certificados de depósito argentinos (CEDEAR)","",""
"M35","Excepcion --exceptua_obligacion--> Restriccion","pro::3.1.6","Sección 3. Servicio de atención al usuario de servicios financieros.
Los sujetos obligados deberán establecer este servicio para dar tratamiento y resolver las consul-
tas y reclamos que presenten los usuarios de servicios financieros, observando las normas lega-
les, reglamentarias y disposiciones vigentes en materia de protección al usuario de servicios finan-
cieros, adoptando acciones que reduzcan su reiteración.
3.1. Requisitos mínimos.
3.1.6. Recepción de las presentaciones y tiempo de respuestas.
Las presentaciones de los usuarios de servicios financieros deberán poder realizarse
por teléfono, Internet, por escrito, fax, correo postal y electrónico (e-mail), etc. y los da-
tos para su direccionamiento deberán encontrarse disponibles de acuerdo con lo pre-
visto en el acápite ii) del punto 4.4.1.7. de las normas sobre “Comunicación por medios
electrónicos para el cuidado del medio ambiente”.
Se deberá contemplar un procedimiento de atención personalizado para aquellos clien-
tes que lo soliciten.
Toda consulta o reclamo deberá ser definitivamente resuelta/o dentro del plazo máximo
de diez (10) días hábiles, excepto para la situación prevista en el punto 2.3.5. o cuando
reglamentariamente se hayan otorgado al sujeto obligado mayores plazos para ade-
cuarse normativamente o cuando medien causas ajenas a dicho sujeto debidamente
justificadas.
La resolución de la presentación deberá ser notificada por escrito al usuario de servi-
cios financieros, admitiéndose –además de los tradicionales medios de notificación
fehaciente– la utilización del correo electrónico cuando el presentante haya aceptado
dicho canal de respuesta al momento de dar inicio a su consulta o reclamo.","Excepcion","Excepciones al plazo máximo de 10 días","No aplica el plazo máximo de 10 días cuando: (i) se trata de la situación prevista en el punto 2.3.5; (ii) reglamentariamente se hayan otorgado mayores plazos para adecuarse normativamente; o (iii) medien causas ajenas al sujeto obligado debidamente justificadas","exceptua_obligacion","Restriccion","Plazo máximo resolución — 10 días hábiles","Toda consulta o reclamo deberá ser definitivamente resuelta/o dentro del plazo máximo de diez (10) días hábiles","",""
"M36","Condicion --condicion_de--> Definicion","cap::2.11.3.2","Sección 2. Capital mínimo por riesgo de crédito.
A los efectos de la aplicación de las disposiciones de la presente sección, las entidades financieras
se clasificarán en:
i)Grupo 1: entidades calificadas por el BCRA como de importancia sistémica a nivel local
(D-SIB) y sucursales o subsidiarias de bancos del exterior calificados como de impor-
tancia sistémica global (G-SIB).
ii) Grupo 2: entidades financieras no comprendidas en el acápite i).
En aquellos casos en que no se establezcan disposiciones específicas para cada uno de los citados
grupos de entidades financieras, deberá aplicarse el mismo tratamiento a ambos grupos.
Las entidades financieras que presenten cambios en su calificación –conforme a lo previsto en los
acápites precedentes–, contarán con un plazo de 6 meses para aplicar las disposiciones específicas
correspondientes al nuevo grupo al que pertenezcan.
2.11. Exposiciones a instrumentos.
2.11.3. Criterios para considerar una exposición a instrumentos como una acción.
A los fines de determinar si una exposición debe ser tratada como una acción, las en-
tidades financieras del grupo 1 deberán tener en cuenta la realidad económica del ins-
trumento.
Quedan comprendidas:
2.11.3.2. Instrumentos, en la medida que cumplan las siguientes condiciones:
i) No puedan amortizarse. Los resultados de la inversión se pueden reali-
zar solo a través de la venta del instrumento o de los derechos sobre la
inversión o mediante la liquidación del emisor.
ii) No representan obligación alguna para el emisor.
iii) Representan un derecho residual sobre los activos o las utilidades del
emisor.","Condicion","Ausencia de obligación para el emisor","No representan obligación alguna para el emisor.","condicion_de","Definicion","Instrumentos calificables como acciones","Instrumentos que cumplen las siguientes condiciones: (i) No puedan amortizarse — los resultados de la inversión se pueden realizar solo a través de la venta del instrumento o de los derechos sobre la inversión o mediante la liquidación del emisor. (ii) No representan obligación alguna para el emisor. (iii) Representan un derecho residual sobre los activos o las utilidades del emisor.","",""
"M37","Condicion --condicion_de--> Definicion","cap::2.6.2.2","Sección 2. Capital mínimo por riesgo de crédito.
A los efectos de la aplicación de las disposiciones de la presente sección, las entidades financieras
se clasificarán en:
i)Grupo 1: entidades calificadas por el BCRA como de importancia sistémica a nivel local
(D-SIB) y sucursales o subsidiarias de bancos del exterior calificados como de impor-
tancia sistémica global (G-SIB).
ii) Grupo 2: entidades financieras no comprendidas en el acápite i).
En aquellos casos en que no se establezcan disposiciones específicas para cada uno de los citados
grupos de entidades financieras, deberá aplicarse el mismo tratamiento a ambos grupos.
Las entidades financieras que presenten cambios en su calificación –conforme a lo previsto en los
acápites precedentes–, contarán con un plazo de 6 meses para aplicar las disposiciones específicas
correspondientes al nuevo grupo al que pertenezcan.
2.6. Exposiciones a entidades financieras.
2.6.2. Las entidades financieras del grupo 1 utilizarán el Método de Evaluación del Riesgo de
Crédito Estandarizado (Standardised Credit Risk Assessment Approach, SCRA) para la
asignación de los ponderadores de riesgo. A tales fines, las contrapartes se deberán en-
cuadrar en alguno de los siguientes grados:
Se entiende por requisitos regulatorios mínimos sujetos a divulgación a los establecidos
en la normativa correspondiente –independientemente del grupo al que pertenece la en-
tidad financiera prestataria conforme al TO sobre Autoridades de Entidades Financie-
ras–, sin incluir las normas sobre liquidez.
2.6.2.2. Grado B.
La entidad financiera prestataria:
i) evidencia riesgo de crédito sustancial y su capacidad de pago se encuentra
supeditada a una coyuntura económica o condiciones de negocio favora-
bles o con perspectiva estable; y
ii) observa los requisitos regulatorios mínimos sujetos a divulgación –sin con-
siderar el margen contracíclico y de conservación de capital– o equivalen-
tes –en el caso de entidades financieras del exterior–.
Las exposiciones deberán asignarse al grado C cuando se verifique que la enti-
dad financiera prestataria no cumple con los requisitos regulatorios mínimos su-
jetos a divulgación previstos en el acápite ii) o cuando no facilite la información
requerida a la entidad financiera prestamista.","Condicion","Riesgo de crédito sustancial — capacidad pago condicionada","Cuando la entidad financiera prestataria evidencia riesgo de crédito sustancial y su capacidad de pago se encuentra supeditada a una coyuntura económica o condiciones de negocio favorables o con perspectiva estable.","condicion_de","Definicion","Grado B — clasificación de exposiciones","Clasificación para exposiciones a entidades financieras prestatarias que evidencian riesgo de crédito sustancial y cuya capacidad de pago se encuentra supeditada a una coyuntura económica o condiciones de negocio favorables o con perspectiva estable, siempre que observen requisitos regulatorios mínimos sujetos a divulgación (sin considerar margen contracíclico y de conservación de capital) u equivalentes en caso de entidades del exterior.","",""
"M38","Condicion --condicion_de--> Definicion","cap::8.2.3.4","Sección 8. Responsabilidad patrimonial computable.
8.2. Conceptos computables.
8.2.3. Patrimonio neto complementario –capital de nivel dos– (PNc).
Comprende los siguientes conceptos:
A los conceptos citados en los puntos precedentes se les restarán, de corresponder, los
conceptos deducibles previstos en el punto 8.4.2.
8.2.3.4. Instrumentos emitidos por subsidiarias sujetas a supervisión consolidada en
poder de terceros, que cumplan los criterios para su inclusión en el PNc y que
no estén incluidos en el PNb, observando los criterios establecidos en el punto
8.3.5.","Condicion","Supervisión consolidada de subsidiaria","Que la subsidiaria esté sujeta a supervisión consolidada","condicion_de","Definicion","PNc — instrumentos subsidiarias terceros","Comprende instrumentos emitidos por subsidiarias sujetas a supervisión consolidada en poder de terceros, que cumplan los criterios para su inclusión en el PNc y que no estén incluidos en el PNb, observando los criterios establecidos en el punto 8.3.5.","",""
"M39","Condicion --condicion_de--> Definicion","cla::6.5.1.2","Sección 6. Clasificación de los deudores de la cartera comercial.
6.5. Niveles de clasificación.
Cada cliente, y la totalidad de sus financiaciones comprendidas, se incluirá en una de las si-
guientes cinco categorías, las que se definen teniendo en cuenta las condiciones que se deta-
llan en cada caso.
Los clientes que no registren asistencia crediticia de la entidad y que posteriormente reciban fi-
nanciaciones de ésta que no superen el importe resultante de aplicar sobre el saldo de deuda
registrado en el sistema financiero, según la última información disponible en la “Central de
deudores” a la fecha de su otorgamiento, el porcentaje establecido en el punto 2.2.5. de las
normas sobre “Previsiones mínimas por riesgo de incobrabilidad” correspondiente a la peor cla-
sificación asignada, podrán ser clasificados por la entidad teniendo en cuenta únicamente el
análisis del flujo de fondos proyectado. Las asistencias así otorgadas no serán consideradas a
los fines a que se refiere el punto 6.6.
A fin de verificar el cumplimiento de las obligaciones sin recurrir a nueva financiación directa o
indirecta o a refinanciaciones, no se considerarán refinanciaciones las facilidades adicionales
que se otorguen respecto de los márgenes vigentes acordados, siempre que el nuevo apoyo
crediticio implique nuevos desembolsos de fondos y no supere el 10 % del cupo asignado en
oportunidad de la última evaluación crediticia del cliente, en la medida en que éstas sean con-
sistentes con el curso normal de los negocios y exista capacidad para atender el resto de las
obligaciones financieras, ni las nuevas financiaciones y las refinanciaciones asociadas a una
mayor inversión derivada de la expansión de las actividades, y siempre que pueda demostrarse
que el flujo de fondos proyectado permitirá afrontar la totalidad de sus obligaciones.
Tampoco se considerarán dentro de ese concepto las refinanciaciones otorgadas a los produc-
tores agropecuarios cuando ello resulte de la aplicación de disposiciones vinculadas a la Ley de
Emergencia Agropecuaria, sin perjuicio de lo cual, a los fines de la clasificación, deberá tenerse
en cuenta el flujo de fondos proyectado para el momento en que concluya la vigencia de la
emergencia declarada. El tratamiento que se dispense en ese marco no podrá implicar mejora-
miento de la clasificación asignada al cliente en función de su situación individual, preexistente
a la emergencia, ni su aplicación extenderse más allá de la vigencia fijada para ella.
6.5.1. En situación normal.
El análisis del flujo de fondos del cliente demuestra que es capaz de atender adecuada-
mente todos sus compromisos financieros.
Entre los indicadores que pueden reflejar esta situación se destacan que el cliente:
6.5.1.2. cumpla regularmente con el pago de sus obligaciones, aun cuando incurra en
atrasos de hasta 31 días, entendiéndose que ello sucede cuando el cliente can-
cela las obligaciones sin recurrir a nueva financiación directa o indirecta de la
entidad.","Condicion","Cumplimiento regular de obligaciones hasta 31 días","cumpla regularmente con el pago de sus obligaciones, aun cuando incurra en atrasos de hasta 31 días, entendiéndose que ello sucede cuando el cliente cancela las obligaciones sin recurrir a nueva financiación directa o indirecta de la entidad","condicion_de","Definicion","Cumplimiento regular definido","sucede cuando el cliente cancela las obligaciones sin recurrir a nueva financiación directa o indirecta de la entidad","",""
"M40","Condicion --condicion_de--> Definicion","ext::6.3","Sección 6. Definiciones.
En el marco de estas disposiciones se definen los siguientes conceptos:
6.3. Operaciones al contado.
Comprende las operaciones en las cuales la liquidación por parte de ambas partes está
pactada dentro de un plazo de hasta 2 (dos) días hábiles desde la fecha de su concertación.
Estas operaciones se consideran como accesos al mercado de cambios según su fecha de
concertación.","Condicion","Plazo de liquidación hasta 2 días hábiles","La liquidación por parte de ambas partes está pactada dentro de un plazo de hasta 2 (dos) días hábiles desde la fecha de su concertación.","condicion_de","Definicion","Operaciones al contado","Comprende las operaciones en las cuales la liquidación por parte de ambas partes está pactada dentro de un plazo de hasta 2 (dos) días hábiles desde la fecha de su concertación.","",""
"M41","Condicion --condiciona--> Operacion","cap::3.2.1.1","Sección 3. Capital mínimo por riesgo de crédito. Titulizaciones e inversiones en fon- dos.
3.2. Tratamiento de las posiciones en fondos.
Las participaciones en fondos (carteras de activos) imputadas a la cartera de inversión
–incluidas las exposiciones fuera de balance, tales como los compromisos de suscripciones fu-
turas– se deberán tratar de acuerdo con uno o más de los siguientes enfoques: de transparen-
cia (“look-through approach”, LTA), reglamentario (“mandate-based approach”, MBA) y residual
(“fall-back approach”, FBA).
Quedan comprendidas las participaciones en fondos comunes regidos por la Ley 24.083 de
Fondos Comunes de Inversión y en fideicomisos –en este último caso, en la medida en que el
riesgo de la inversión no se estructure a través de instrumentos que se emitan con distinta pre-
lación para el cobro, tales como títulos de deuda y certificados de participación–, imputados a
la cartera de inversión.
3.2.1. Enfoques.
3.2.1.1. Enfoque de transparencia (LTA).
Las exposiciones con el fondo deberán ponderarse como si fueran exposiciones
directas de la entidad financiera.
Este enfoque deberá utilizarse cuando se verifiquen las siguientes condiciones
en forma concurrente:
i) La entidad financiera reciba información suficiente y con adecuada fre-
cuencia acerca de las exposiciones subyacentes.
Esta condición se considerará satisfecha si el fondo provee información fi-
nanciera con una frecuencia mínima trimestral y el grado de detalle de la in-
formación es suficiente para el cálculo de los ponderadores de riesgo.
ii) La información a que se refiere el acápite i) haya sido verificada por un ter-
cero independiente.
Esta condición se considerará satisfecha si las exposiciones subyacentes
son verificadas por un tercero independiente –tal como la entidad deposita-
ria o custodio, el agente de control y revisión de fideicomisos o, cuando fue-
re aplicable, un auditor externo o la compañía gerente–.
En el caso de las exposiciones subyacentes a las operaciones con deriva-
dos realizadas por el fondo –toda vez que esos subyacentes den origen a
una ponderación por riesgo de crédito– y de las exposiciones al riesgo de
crédito de contraparte concomitantes, en lugar de calcular el ajuste de va-
luación del crédito (CVA) asociado a esas exposiciones por derivados de
acuerdo con el punto 4.2.2., se deberá multiplicar la exposición al riesgo de
crédito de contraparte por un factor de 1,5 antes de aplicar el ponderador
que corresponda a la contraparte. Cuando el CVA no sea aplicable tampo-
co lo será el factor de 1,5. Tal es el caso de: (i) las exposiciones con CCP y
(ii) las operaciones de financiación con títulos valores (“Securities Financing
Transactions”, SFT).
Las entidades financieras podrán basarse en cálculos de terceros para de-
terminar los ponderadores de riesgo a aplicar a las inversiones en fondos
–es decir, los ponderadores aplicables a los subyacentes– si carecen de la
información necesaria para realizar un cálculo propio. En tal caso, el pon-
derador a aplicar será 1,2 veces el ponderador que correspondería aplicar
si se tratara de una exposición directa.","Condicion","Recepción de información suficiente del fondo","La entidad financiera reciba información suficiente y con adecuada frecuencia acerca de las exposiciones subyacentes. Esta condición se considerará satisfecha si el fondo provee información financiera con una frecuencia mínima trimestral y el grado de detalle de la información es suficiente para el cálculo de los ponderadores de riesgo.","condiciona","Operacion","Ponderación de exposiciones con fondo como directas","Las exposiciones con el fondo deberán ponderarse como si fueran exposiciones directas de la entidad financiera.","",""
"M42","Condicion --condiciona--> Operacion","ctacte::3.5.2","Sección 3. Cheques.
3.5. Cheques librados por medios electrónicos (ECHEQ).
3.5.2. Libramiento, endoso, aval.
Podrán librarse ECHEQ a favor de una persona determinada –que posean o no la cláu-
sula “no a la orden”–, con ajuste a lo previsto en estas normas y en las instrucciones
operativas emitidas con carácter complementario.
El requisito de la firma quedará satisfecho si se utiliza cualquier método eléctrónico que
asegure indubitablemente la exteriorización de la voluntad del librador y la integridad
del instrumento, la confiabilidad de la operación de emisión y su autenticación en su
conjunto, siempre y cuando el mismo haya sido previamente aceptado por el titular de
la cuenta corriente mediante la suscripción de un acuerdo que establezca que no podrá
desconocer las órdenes cursadas conforme dicho mecanismo y que las asumirá como
propias.
Los ECHEQ podrán ser endosados y/o avalados en forma electrónica, siempre y cuan-
do se utilicen para ello mecanismos que cumplimenten lo requerido en el párrafo
precedente.","Condicion","Aceptación previa del mecanismo electrónico","El método electrónico debe haber sido previamente aceptado por el titular de la cuenta corriente mediante la suscripción de un acuerdo que establezca que no podrá desconocer las órdenes cursadas conforme dicho mecanismo y que las asumirá como propias","condiciona","Operacion","Firma electrónica en ECHEQ","Firma electrónica que asegure indubitablemente la exteriorización de la voluntad del librador y la integridad del instrumento, la confiabilidad de la operación de emisión y su autenticación en su conjunto","",""
"M43","Condicion --condiciona--> Operacion","ext::3.3::intro","Sección 3. Disposiciones específicas para los egresos por el mercado de cambios
3.3. Pagos de intereses de deudas por importaciones de bienes y servicios.
Las entidades para dar acceso al mercado de cambios para cursar pagos de intereses de
deudas comerciales por importaciones de bienes o servicios deberán verificar que se cumplan
las condiciones especificadas a continuación:","Condicion","Condiciones para acceso al mercado de cambios","condiciones especificadas a continuación para dar acceso al mercado de cambios para pagos de intereses de deudas comerciales por importaciones","condiciona","Operacion","Acceso al mercado de cambios — pagos de intereses","dar acceso al mercado de cambios para cursar pagos de intereses de deudas comerciales por importaciones de bienes o servicios","",""
"M44","Condicion --condiciona--> Operacion","ext::9.3.7","Sección 9. Seguimiento de anticipos y otras financiaciones de exportación de bienes.
9.3. Certificaciones de aplicación de cobros de exportaciones.
A solicitud del exportador, la entidad encargada del seguimiento emitirá las certificaciones de
aplicación en la medida que se verifiquen las condiciones previstas en los puntos 9.3.1. al
9.3.13.
La entidad deberá dejar registradas las certificaciones de aplicación emitidas para cada una
de las operaciones bajo su seguimiento.
9.3.7. Préstamos financieros con contratos vigentes al 31/08/19 cuyas condiciones prevean
la atención de los servicios mediante la aplicación en el exterior del flujo de fondos de
exportaciones para los cuales el exportador ha solicitado su aplicación a permisos de
embarque oficializados a partir del 02/09/19.
La entidad podrá emitir las certificaciones de aplicación de las divisas a la
cancelación a partir del vencimiento del capital, intereses y otros conceptos admitidos
en la medida que, en adición a la verificación de las condiciones indicadas en el
punto 9.3.1., la entidad cuente con una declaración jurada del exportador detallando
el monto pendiente de la deuda al 31/08/19 y las cancelaciones realizadas.
En el caso de que el monto adeudado fuera superior a USD 25.000 (dólares
estadounidenses veinticinco mil), la entidad deberá contar adicionalmente con una
certificación de auditor externo en la cual se deje constancia que lo declarado por el
exportador resulta consistente con la información que surge de la revisión de los
registros contables, extracontables y toda otra documentación adicional aportada.","Condicion","Verificación condiciones punto 9.3.1","Verificación de las condiciones indicadas en el punto 9.3.1.","condiciona","Operacion","Emisión de certificaciones de aplicación — divisas a cancelación","Emisión de las certificaciones de aplicación de las divisas a la cancelación a partir del vencimiento del capital, intereses y otros conceptos admitidos para préstamos financieros con contratos vigentes al 31/08/19 cuyas condiciones prevean la atención de los servicios mediante la aplicación en el exterior del flujo de fondos de exportaciones","",""
"M45","Condicion --condiciona--> Operacion","lingob::2.1.16","Sección 2. Directorio.
Los miembros del Directorio deberán contar con los conocimientos y competencias necesarias para
comprender claramente sus responsabilidades y funciones dentro del gobierno societario y obrar
con lealtad y con la diligencia de un buen hombre de negocios en los asuntos de la entidad financie-
ra.
Se considera una buena práctica que el Directorio se conforme observando el criterio de paridad de
género, a efectos de potenciar la discusión y enriquecer la toma de decisiones con respecto a estra-
tegias, políticas y asunción de riesgos.
En los casos en que la presidencia del Directorio sea ejercida por un miembro que desempeña tam-
bién funciones ejecutivas, se adoptarán las medidas necesarias a los efectos de que las decisiones
se mantengan en línea con los objetivos societarios.
2.1. Funciones.
El Directorio y cada uno de sus miembros –según corresponda–, deberán velar por la liquidez y
solvencia de la entidad financiera, siendo los responsables últimos de las operaciones, de
aprobar la estrategia global del negocio y la política y de instruir a la Alta Gerencia para que im-
plemente los procedimientos de gestión de riesgos, los procesos y controles en esa materia. A
tales fines, se considera como buena práctica que el Directorio:
2.1.16. Apruebe, vigile y revise el diseño y el funcionamiento en la entidad del sistema de retri-
buciones de todo el personal y, de corresponder, del sistema de incentivos económicos
al personal, conforme a las disposiciones legales vigentes y considerando la equidad de
género, asegurándose de que se implementen conforme a lo previsto.","Condicion","Conformidad con disposiciones legales","Conforme a las disposiciones legales vigentes y considerando la equidad de género.","condiciona","Operacion","Sistema de retribuciones y sistema de incentivos económicos","Sistema de retribuciones de todo el personal y, de corresponder, sistema de incentivos económicos al personal, implementado conforme a disposiciones legales vigentes y considerando equidad de género.","",""
"M46","Excepcion --exceptua_obligacion--> Operacion","cap::4.2.1::intro","Sección 4. Capital mínimo por riesgo de crédito de contraparte.
4.2. Exigencia de capital por riesgo de crédito de contraparte en operaciones con derivados
4.2.1. Exposición al riesgo de crédito de contraparte.
La exposición al riesgo de crédito de contraparte (EAD) se calculará por separado para
cada conjunto de neteo (“netting set”, NS) y se determinará del siguiente modo:
donde:
α = 1,40.
CR: costo de reposición calculado de acuerdo con el punto 4.2.1.1.
EPF: exposición potencial futura calculado de acuerdo con el punto 4.2.1.2.
El cálculo del CR y de la EPF diferirá según que los conjuntos de neteo estén sujetos o
no al intercambio de márgenes de variación:
− Operaciones sin margen de variación: el CR representa la pérdida que ocurriría
ante el incumplimiento de la contraparte y la liquidación inmediata de sus opera-
ciones y la EPF adicionará el incremento probable de la exposición, calculado de
modo conservador, en el horizonte temporal de un año a partir de la fecha de
cálculo.
− Operaciones con margen de variación: el CR representa la pérdida que ocurriría
ante el incumplimiento de la contraparte –en el presente o en el futuro– si la liqui-
dación y reposición de las operaciones fueran instantáneas. Dado que puede ha-
ber un lapso –período de riesgo de margen (“MPOR”)– entre el último intercambio
de garantías antes del incumplimiento y la reposición, el adicional por la EPF re-
presenta el potencial cambio de valor de las operaciones durante ese período.
En ambos casos, y a los efectos de determinar el costo de reposición, el aforo de los
activos recibidos en garantía (excepto efectivo) representará el cambio potencial del
valor de dicha garantía durante el período relevante –un año, para las operaciones sin
márgenes, y el período de riesgo de margen, para las operaciones con márgenes–.
Además:
− La EAD para un conjunto de neteo con márgenes de variación tendrá como límite
superior la EAD que resultaría para el mismo conjunto si no los tuviera.
− La EAD de un conjunto de neteo que sólo comprende opciones vendidas podrá
ser cero cuando hayan sido cobradas todas las primas y en tanto dichas opciones
no estén comprendidas en acuerdos de neteo que incluyan otros productos o la
constitución de márgenes.","Excepcion","EAD nulo — opciones vendidas","La EAD de un conjunto de neteo que sólo comprende opciones vendidas podrá ser cero cuando hayan sido cobradas todas las primas y en tanto dichas opciones no estén comprendidas en acuerdos de neteo que incluyan otros productos o la constitución de márgenes.","exceptua_obligacion","Operacion","Cálculo EAD por netting set","La exposición al riesgo de crédito de contraparte (EAD) se calculará por separado para cada conjunto de neteo (netting set, NS) y se determinará mediante la fórmula: EAD = (CR + EPF) × α, donde α = 1,40; CR es el costo de reposición y EPF es la exposición potencial futura.","",""
"M47","Excepcion --exceptua_obligacion--> Operacion","ctacte::6.2.1","Sección 6. Rechazo de cheques.
6.2. Casos no susceptibles de rechazo.
Serán atendidos los cheques presentados al cobro, no comprendidos en las situaciones previs-
tas en el punto 6.1., cuando:
Idéntico tratamiento corresponderá aplicar a los cheques de pago diferido registrados, aun
cuando contengan defectos formales.
6.2.1. La cantidad escrita en letras difiriese de la expresada en números, circunstancia en la
que se estará por la primera.","Excepcion","Discrepancia cantidad letras-números — se atiende por letras","Cuando la cantidad escrita en letras difiriese de la expresada en números, se estará por la primera (atiende el cheque no obstante el defecto formal)","exceptua_obligacion","Operacion","Atención de cheques — con defecto formal cantidad","Presentación de cheque al cobro con discrepancia entre cantidad en letras y números","",""
"M48","Excepcion --exceptua_obligacion--> Operacion","ctacte::6.4.6.2","Sección 6. Rechazo de cheques.
6.4. Procedimiento.
6.4.6. No corresponderá la comunicación al BCRA de los rechazos motivados por:
6.4.6.2. El pago de cheques falsificados o adulterados.","Excepcion","Excepción — pago de cheques falsificados o adulterados","No corresponderá la comunicación al BCRA de los rechazos motivados por el pago de cheques falsificados o adulterados.","exceptua_obligacion","Operacion","Comunicación al BCRA de rechazos de cheques","Comunicación al BCRA de los rechazos de cheques.","",""
"M49","Excepcion --exceptua_obligacion--> Operacion","ext::8.5.17.1","Sección 8. Seguimiento de las negociaciones de divisas por exportaciones de bienes
8.5. Otras imputaciones admitidas en el cumplimiento del seguimiento.
La entidad podrá considerar cumplimentado parcial o totalmente el seguimiento de un permiso
de embarque cuando cuente con los elementos que le permitan considerar que la operación
se encuentra en alguna de las situaciones detalladas a continuación y se verifiquen las
condiciones previstas en cada caso.
La documentación utilizada para certificar el concepto y monto de las divisas imputado en
cada caso deberá quedar archivada en la entidad a disposición del BCRA.
8.5.17. Operaciones aduaneras exceptuadas del seguimiento.
Por el valor que corresponda a ventajas aduaneras u otras situaciones previstas en el
siguiente listado de operaciones:
8.5.17.1. Régimen de operaciones aduaneras realizadas mediante medios de
transporte de guerra, seguridad o policía (artículos 472 al 484 de la Ley
22.415).","Excepcion","Excepción operaciones aduaneras guerra seguridad policía","Operaciones aduaneras realizadas mediante medios de transporte de guerra, seguridad o policía (artículos 472 al 484 de la Ley 22.415)","exceptua_obligacion","Operacion","Operaciones aduaneras guerra seguridad policía","Operaciones aduaneras realizadas mediante medios de transporte de guerra, seguridad o policía conforme artículos 472 al 484 de la Ley 22.415","",""
"M50","Excepcion --exceptua_obligacion--> Operacion","ext::8.5.17.25","Sección 8. Seguimiento de las negociaciones de divisas por exportaciones de bienes
8.5. Otras imputaciones admitidas en el cumplimiento del seguimiento.
La entidad podrá considerar cumplimentado parcial o totalmente el seguimiento de un permiso
de embarque cuando cuente con los elementos que le permitan considerar que la operación
se encuentra en alguna de las situaciones detalladas a continuación y se verifiquen las
condiciones previstas en cada caso.
La documentación utilizada para certificar el concepto y monto de las divisas imputado en
cada caso deberá quedar archivada en la entidad a disposición del BCRA.
8.5.17. Operaciones aduaneras exceptuadas del seguimiento.
Por el valor que corresponda a ventajas aduaneras u otras situaciones previstas en el
siguiente listado de operaciones:
8.5.17.25. Exportación a consumo de automotores de fabricación nacional, sus
partes y piezas al amparo de la Ley 19.486 y del Decreto 5.529/72.","Excepcion","Exportación automotores Ley 19.486","Exportación a consumo de automotores de fabricación nacional, sus partes y piezas al amparo de la Ley 19.486 y del Decreto 5.529/72","exceptua_obligacion","Operacion","Exportación a consumo de automotores","Exportación a consumo de automotores de fabricación nacional, sus partes y piezas al amparo de la Ley 19.486 y del Decreto 5.529/72","",""
"M51","Excepcion --exceptua--> Condicion","cap::3.1.2.2","Sección 3. Capital mínimo por riesgo de crédito. Titulizaciones e inversiones en fon- dos.
3.1. Tratamiento de las titulizaciones.
Se denomina “posición de titulización” a la exposición a una titulización (o retitulización), tradi-
cional o sintética, o a una estructura con similares características.
La exposición a los riesgos de una titulización puede surgir, entre otros, de los siguientes con-
ceptos: tenencia de títulos valores emitidos en el marco de la titulización –es decir, títulos de
deuda y/o certificados de participación, tales como bonos de titulización de activos (“Asset-
Backed Securities”, ABS) y bonos de titulización hipotecaria (“Mortgage-Backed Securities”,
MBS)–, mejoras crediticias, facilidades de liquidez, “swaps” de tasa de interés o de monedas y
derivados de crédito. Las reservas (“reserve accounts”), tales como las cuentas de garantía en
efectivo, se considerarán como un activo para la entidad financiera originante, recibiendo tam-
bién el tratamiento de posiciones de titulización.
Dado que las titulizaciones pueden estructurarse de diferentes formas, la exigencia de capital
para una posición de titulización se determinará teniendo en cuenta su realidad o finalidad eco-
nómica y no su forma jurídica. En los casos en que exista incertidumbre acerca de si una de-
terminada operación debe considerarse como titulización, la entidad deberá aplicar el criterio
que estime mejor se ajusta a la realidad económica de la operación e informar a la SEFyC los
fundamentos que lo sustenten.
3.1.2. Entidad financiera originante.
3.1.2.2. Al calcular los activos ponderados por riesgo, la entidad originante podrá excluir
las exposiciones objeto de una titulización tradicional sólo si se satisface la
totalidad de los siguientes requisitos operativos –debiendo computar exigencia
de capital por las posiciones de titulización que conserve–:
i) Se ha transferido a uno o más terceros el riesgo de crédito asociado a las
exposiciones titulizadas.
ii) La entidad cedente no mantiene un control directo ni indirecto (como ser a
través de una sociedad controlada) sobre las exposiciones transferidas. Ellas
han sido aisladas de la cedente a los efectos jurídicos de forma tal que están
fuera de su alcance y del de sus acreedores, incluso en los casos de liquida-
ción o quiebra. Estas condiciones deberán estar avaladas por dictamen jurí-
dico.
Se considera que la cedente mantiene el control efectivo de las exposiciones
transferidas si:
a) puede recomprarlas con el objeto de realizar sus beneficios, o
b) está obligada a conservar su riesgo.
El mantenimiento por parte de la cedente de la administración de las exposi-
ciones subyacentes no implicará un control indirecto sobre ellas.
iii) Los títulos valores emitidos no son obligaciones de la cedente. En conse-
cuencia, los inversores que compren los títulos valores sólo deberán tener
derechos frente al conjunto subyacente de exposiciones.
iv)La cesión se ha efectuado a un “Ente de Propósito Especial” (SPE) y los in-
versores pueden gravar o enajenar sus títulos valores sin restricción.
v) Las opciones de exclusión satisfacen las condiciones estipuladas en el punto
3.1.4.
vi)La titulización no contiene cláusulas mediante las cuales:
a) se obligue a la originante a alterar las exposiciones subyacentes con el ob-
jeto de mejorar su calidad crediticia, a menos que esto se logre mediante
su venta –a precios de mercado– a terceros no vinculados a ésta;
b) la entidad financiera deba incrementar su posición a primera pérdida –es
decir, su exposición al tramo que absorbe las pérdidas en primer término–
o aumentar las mejoras crediticias provistas, con posterioridad al inicio de
la operación; o
c) se aumente el rendimiento pagadero a las partes distintas de la originante,
como pueden ser los inversores o terceros proveedores de mejoras credi-
ticias, en respuesta a un deterioro de la calidad crediticia de las exposicio-
nes subyacentes.
vii) No se incluyen opciones de rescisión o eventos desencadenantes de la ex-
tinción del contrato –excepto que se trate de opciones de exclusión admiti-
das (punto 3.1.4.) o que la extinción se deba a cambios impositivos o regula-
torios específicos–, ni se incluyen cláusulas de amortización anticipada que
–de acuerdo con lo previsto en el punto 3.1.8.1.– impliquen que la titulización
no cumple con los requerimientos operacionales del presente punto.","Excepcion","Excepción: cedente mantiene control efectivo","Se considera que la cedente mantiene el control efectivo de las exposiciones transferidas si puede recomprarlas con el objeto de realizar sus beneficios, o está obligada a conservar su riesgo","exceptua","Condicion","Aislamiento exposiciones de cedente","La entidad cedente no mantiene un control directo ni indirecto sobre las exposiciones transferidas. Ellas han sido aisladas de la cedente a los efectos jurídicos de forma tal que están fuera de su alcance y del de sus acreedores, incluso en los casos de liquidación o quiebra. Estas condiciones deberán estar avaladas por dictamen jurídico","",""
"M52","Excepcion --exceptua--> Condicion","cap::3.1.2.2","Sección 3. Capital mínimo por riesgo de crédito. Titulizaciones e inversiones en fon- dos.
3.1. Tratamiento de las titulizaciones.
Se denomina “posición de titulización” a la exposición a una titulización (o retitulización), tradi-
cional o sintética, o a una estructura con similares características.
La exposición a los riesgos de una titulización puede surgir, entre otros, de los siguientes con-
ceptos: tenencia de títulos valores emitidos en el marco de la titulización –es decir, títulos de
deuda y/o certificados de participación, tales como bonos de titulización de activos (“Asset-
Backed Securities”, ABS) y bonos de titulización hipotecaria (“Mortgage-Backed Securities”,
MBS)–, mejoras crediticias, facilidades de liquidez, “swaps” de tasa de interés o de monedas y
derivados de crédito. Las reservas (“reserve accounts”), tales como las cuentas de garantía en
efectivo, se considerarán como un activo para la entidad financiera originante, recibiendo tam-
bién el tratamiento de posiciones de titulización.
Dado que las titulizaciones pueden estructurarse de diferentes formas, la exigencia de capital
para una posición de titulización se determinará teniendo en cuenta su realidad o finalidad eco-
nómica y no su forma jurídica. En los casos en que exista incertidumbre acerca de si una de-
terminada operación debe considerarse como titulización, la entidad deberá aplicar el criterio
que estime mejor se ajusta a la realidad económica de la operación e informar a la SEFyC los
fundamentos que lo sustenten.
3.1.2. Entidad financiera originante.
3.1.2.2. Al calcular los activos ponderados por riesgo, la entidad originante podrá excluir
las exposiciones objeto de una titulización tradicional sólo si se satisface la
totalidad de los siguientes requisitos operativos –debiendo computar exigencia
de capital por las posiciones de titulización que conserve–:
i) Se ha transferido a uno o más terceros el riesgo de crédito asociado a las
exposiciones titulizadas.
ii) La entidad cedente no mantiene un control directo ni indirecto (como ser a
través de una sociedad controlada) sobre las exposiciones transferidas. Ellas
han sido aisladas de la cedente a los efectos jurídicos de forma tal que están
fuera de su alcance y del de sus acreedores, incluso en los casos de liquida-
ción o quiebra. Estas condiciones deberán estar avaladas por dictamen jurí-
dico.
Se considera que la cedente mantiene el control efectivo de las exposiciones
transferidas si:
a) puede recomprarlas con el objeto de realizar sus beneficios, o
b) está obligada a conservar su riesgo.
El mantenimiento por parte de la cedente de la administración de las exposi-
ciones subyacentes no implicará un control indirecto sobre ellas.
iii) Los títulos valores emitidos no son obligaciones de la cedente. En conse-
cuencia, los inversores que compren los títulos valores sólo deberán tener
derechos frente al conjunto subyacente de exposiciones.
iv)La cesión se ha efectuado a un “Ente de Propósito Especial” (SPE) y los in-
versores pueden gravar o enajenar sus títulos valores sin restricción.
v) Las opciones de exclusión satisfacen las condiciones estipuladas en el punto
3.1.4.
vi)La titulización no contiene cláusulas mediante las cuales:
a) se obligue a la originante a alterar las exposiciones subyacentes con el ob-
jeto de mejorar su calidad crediticia, a menos que esto se logre mediante
su venta –a precios de mercado– a terceros no vinculados a ésta;
b) la entidad financiera deba incrementar su posición a primera pérdida –es
decir, su exposición al tramo que absorbe las pérdidas en primer término–
o aumentar las mejoras crediticias provistas, con posterioridad al inicio de
la operación; o
c) se aumente el rendimiento pagadero a las partes distintas de la originante,
como pueden ser los inversores o terceros proveedores de mejoras credi-
ticias, en respuesta a un deterioro de la calidad crediticia de las exposicio-
nes subyacentes.
vii) No se incluyen opciones de rescisión o eventos desencadenantes de la ex-
tinción del contrato –excepto que se trate de opciones de exclusión admiti-
das (punto 3.1.4.) o que la extinción se deba a cambios impositivos o regula-
torios específicos–, ni se incluyen cláusulas de amortización anticipada que
–de acuerdo con lo previsto en el punto 3.1.8.1.– impliquen que la titulización
no cumple con los requerimientos operacionales del presente punto.","Excepcion","Excepción: administración no implica control","El mantenimiento por parte de la cedente de la administración de las exposiciones subyacentes no implicará un control indirecto sobre ellas","exceptua","Condicion","Aislamiento exposiciones de cedente","La entidad cedente no mantiene un control directo ni indirecto sobre las exposiciones transferidas. Ellas han sido aisladas de la cedente a los efectos jurídicos de forma tal que están fuera de su alcance y del de sus acreedores, incluso en los casos de liquidación o quiebra. Estas condiciones deberán estar avaladas por dictamen jurídico","",""
"M53","Excepcion --exceptua--> Condicion","ext::10.4.2.6","Sección 10. Pagos de importaciones y otras compras de bienes en el exterior.
10.4. Pagos de importaciones de bienes con registro de ingreso aduanero pendiente.
10.4.2. Requisitos de acceso para el pago anticipado de importaciones.
La entidad podrá dar acceso al mercado de cambios para el pago al exterior en la
medida que verifique previamente que se cumplen la totalidad de los siguientes
requisitos:
10.4.2.6. El cliente no registra situaciones de demora en la regularización de pagos
con registro de ingreso aduanero pendiente realizados a partir del 02/09/19.
Los pagos de importaciones de bienes con registro de ingreso aduanero
pendiente concretados entre el 02/09/19 y el 31/10/19, por operaciones
comprendidas en los puntos 10.4.1.2. a 10.4.1.4., que no se encuentren
regularizados según lo previsto en el punto 10.5. son considerados en
situación de demora a partir del 02/11/20.
Las entidades deberán consultar en el apartado “Régimen Informativo
SEPAIMPO” del sitio www3.bcra.gob.ar, si el cliente registra en el sistema
demoras en el conjunto de las entidades.
Este requisito no será de aplicación para:
i) el sector público;
ii) todas las organizaciones empresariales, cualquiera sea su forma
societaria, en donde el Estado Nacional tenga participación mayoritaria
en el capital o en la formación de las decisiones societarias;
iii)los fideicomisos constituidos con aportes del sector público nacional; y
iv)las personas jurídicas que tengan a su cargo la provisión de
medicamentos críticos a pacientes cuando realicen pagos anticipados
por ese tipo de bienes a ingresar por Solicitud Particular por el
beneficiario de dicha cobertura médica.","Excepcion","No aplicación — fideicomisos con aportes sector público","Este requisito no será de aplicación para los fideicomisos constituidos con aportes del sector público nacional","exceptua","Condicion","Cliente sin demoras — regularización pagos","El cliente no registra situaciones de demora en la regularización de pagos con registro de ingreso aduanero pendiente realizados a partir del 02/09/19","",""
"M54","Excepcion --exceptua--> Condicion","ext::7.9.1.9","Sección 7. Cobros de exportaciones de bienes.
7.9. Operaciones financieras habilitadas para aplicar cobros de exportaciones de bienes y
servicios.
7.9.1. La aplicación de cobros de exportaciones y servicios estará habilitada, en la medida
que se cumplan las condiciones consignadas en cada caso, en los siguientes casos:
7.9.1.9. Pago de capital e intereses de emisiones de títulos de deuda con registro
público en el país, denominadas en moneda extranjera y cuyos servicios
sean pagaderos en el exterior o en moneda extranjera en el país o
emisiones de títulos de deuda con registro público en el exterior,
concertadas a partir entre el 09/10/20 y el 31/12/23, con una vida promedio
no inferior a 2 (dos) años y cuya entrega a los acreedores haya tenido lugar
como parte del plan de refinanciación oportunamente requerido en el punto
7. de la Comunicación A 7106 y concordantes (disposiciones receptadas en
el punto 3.17. del Anexo de la Comunicación A 7914), en base a los
siguientes parámetros:
i) el monto de capital por el cual se accedió al mercado de cambios hasta
el 31/12/23 no superó el 40% (cuarenta por ciento) del monto del capital
que vencía, excepto cuando por un monto igual o superior al excedente
el deudor:
a) registraba liquidaciones en el mercado de cambios a partir del
09/10/20 por emisiones de títulos de deuda con registro público en
el exterior u otros endeudamientos financieros con el exterior; o
b) registraba liquidaciones en el mercado de cambios a partir del
09/10/20 por emisiones de títulos de deuda con registro público en
el país denominados y suscriptos en moneda extranjera y cuyos
servicios fueran pagaderos en moneda extranjera en el país; o
c) contaba con una “Certificación de aumento de exportaciones de
bienes” para los años 2021 a 2023 emitida en el marco del punto
3.18.; o
d) contaba con una “Certificación por los regímenes de acceso a
divisas para la producción incremental de petróleo y/o gas natural
(Decreto 277/22)” emitida en el marco de lo dispuesto en el punto
3.17.
ii) el resto del capital que vencía fue, como mínimo, refinanciado con un
nuevo endeudamiento con el exterior con una vida promedio de 2 (dos)
años mayor a la vida promedio remanente del capital refinanciado.","Excepcion","Excepción — emisiones moneda extranjera servicios extranjera","La limitación del 40% no aplica cuando por un monto igual o superior al excedente el deudor registraba liquidaciones en el mercado de cambios a partir del 09/10/20 por emisiones de títulos de deuda con registro público en el país denominados y suscriptos en moneda extranjera y cuyos servicios fueran pagaderos en moneda extranjera en el país","exceptua","Condicion","Monto capital mercado cambios hasta 31/12/23 no superó 40%","El monto de capital por el cual se accedió al mercado de cambios hasta el 31/12/23 no superó el 40% (cuarenta por ciento) del monto del capital que vencía","",""
"M55","Excepcion --exceptua--> Condicion","ext::7.9.1.9","Sección 7. Cobros de exportaciones de bienes.
7.9. Operaciones financieras habilitadas para aplicar cobros de exportaciones de bienes y
servicios.
7.9.1. La aplicación de cobros de exportaciones y servicios estará habilitada, en la medida
que se cumplan las condiciones consignadas en cada caso, en los siguientes casos:
7.9.1.9. Pago de capital e intereses de emisiones de títulos de deuda con registro
público en el país, denominadas en moneda extranjera y cuyos servicios
sean pagaderos en el exterior o en moneda extranjera en el país o
emisiones de títulos de deuda con registro público en el exterior,
concertadas a partir entre el 09/10/20 y el 31/12/23, con una vida promedio
no inferior a 2 (dos) años y cuya entrega a los acreedores haya tenido lugar
como parte del plan de refinanciación oportunamente requerido en el punto
7. de la Comunicación A 7106 y concordantes (disposiciones receptadas en
el punto 3.17. del Anexo de la Comunicación A 7914), en base a los
siguientes parámetros:
i) el monto de capital por el cual se accedió al mercado de cambios hasta
el 31/12/23 no superó el 40% (cuarenta por ciento) del monto del capital
que vencía, excepto cuando por un monto igual o superior al excedente
el deudor:
a) registraba liquidaciones en el mercado de cambios a partir del
09/10/20 por emisiones de títulos de deuda con registro público en
el exterior u otros endeudamientos financieros con el exterior; o
b) registraba liquidaciones en el mercado de cambios a partir del
09/10/20 por emisiones de títulos de deuda con registro público en
el país denominados y suscriptos en moneda extranjera y cuyos
servicios fueran pagaderos en moneda extranjera en el país; o
c) contaba con una “Certificación de aumento de exportaciones de
bienes” para los años 2021 a 2023 emitida en el marco del punto
3.18.; o
d) contaba con una “Certificación por los regímenes de acceso a
divisas para la producción incremental de petróleo y/o gas natural
(Decreto 277/22)” emitida en el marco de lo dispuesto en el punto
3.17.
ii) el resto del capital que vencía fue, como mínimo, refinanciado con un
nuevo endeudamiento con el exterior con una vida promedio de 2 (dos)
años mayor a la vida promedio remanente del capital refinanciado.","Excepcion","Excepción — Certificación Decreto 277/22 petróleo gas","La limitación del 40% no aplica cuando por un monto igual o superior al excedente el deudor contaba con una Certificación por los regímenes de acceso a divisas para la producción incremental de petróleo y/o gas natural (Decreto 277/22) emitida en el marco de lo dispuesto en el punto 3.17","exceptua","Condicion","Monto capital mercado cambios hasta 31/12/23 no superó 40%","El monto de capital por el cual se accedió al mercado de cambios hasta el 31/12/23 no superó el 40% (cuarenta por ciento) del monto del capital que vencía","",""
"M56","Condicion --condicion_de--> Condicion","cla::6.5.1.3","Sección 6. Clasificación de los deudores de la cartera comercial.
6.5. Niveles de clasificación.
Cada cliente, y la totalidad de sus financiaciones comprendidas, se incluirá en una de las si-
guientes cinco categorías, las que se definen teniendo en cuenta las condiciones que se deta-
llan en cada caso.
Los clientes que no registren asistencia crediticia de la entidad y que posteriormente reciban fi-
nanciaciones de ésta que no superen el importe resultante de aplicar sobre el saldo de deuda
registrado en el sistema financiero, según la última información disponible en la “Central de
deudores” a la fecha de su otorgamiento, el porcentaje establecido en el punto 2.2.5. de las
normas sobre “Previsiones mínimas por riesgo de incobrabilidad” correspondiente a la peor cla-
sificación asignada, podrán ser clasificados por la entidad teniendo en cuenta únicamente el
análisis del flujo de fondos proyectado. Las asistencias así otorgadas no serán consideradas a
los fines a que se refiere el punto 6.6.
A fin de verificar el cumplimiento de las obligaciones sin recurrir a nueva financiación directa o
indirecta o a refinanciaciones, no se considerarán refinanciaciones las facilidades adicionales
que se otorguen respecto de los márgenes vigentes acordados, siempre que el nuevo apoyo
crediticio implique nuevos desembolsos de fondos y no supere el 10 % del cupo asignado en
oportunidad de la última evaluación crediticia del cliente, en la medida en que éstas sean con-
sistentes con el curso normal de los negocios y exista capacidad para atender el resto de las
obligaciones financieras, ni las nuevas financiaciones y las refinanciaciones asociadas a una
mayor inversión derivada de la expansión de las actividades, y siempre que pueda demostrarse
que el flujo de fondos proyectado permitirá afrontar la totalidad de sus obligaciones.
Tampoco se considerarán dentro de ese concepto las refinanciaciones otorgadas a los produc-
tores agropecuarios cuando ello resulte de la aplicación de disposiciones vinculadas a la Ley de
Emergencia Agropecuaria, sin perjuicio de lo cual, a los fines de la clasificación, deberá tenerse
en cuenta el flujo de fondos proyectado para el momento en que concluya la vigencia de la
emergencia declarada. El tratamiento que se dispense en ese marco no podrá implicar mejora-
miento de la clasificación asignada al cliente en función de su situación individual, preexistente
a la emergencia, ni su aplicación extenderse más allá de la vigencia fijada para ella.
6.5.1. En situación normal.
El análisis del flujo de fondos del cliente demuestra que es capaz de atender adecuada-
mente todos sus compromisos financieros.
Entre los indicadores que pueden reflejar esta situación se destacan que el cliente:
6.5.1.3. cuente con una dirección calificada y honesta, muy profesional y técnica, con
adecuados sistemas de control interno.","Condicion","Dirección calificada, honesta, profesional y técnica","cuente con una dirección calificada y honesta, muy profesional y técnica, con adecuados sistemas de control interno","condicion_de","Condicion","Dirección calificada, honesta, profesional y técnica","cuente con una dirección calificada y honesta, muy profesional y técnica, con adecuados sistemas de control interno","",""
"M57","Condicion --condicion_de--> Condicion","cla::6.5.1.6","Sección 6. Clasificación de los deudores de la cartera comercial.
6.5. Niveles de clasificación.
Cada cliente, y la totalidad de sus financiaciones comprendidas, se incluirá en una de las si-
guientes cinco categorías, las que se definen teniendo en cuenta las condiciones que se deta-
llan en cada caso.
Los clientes que no registren asistencia crediticia de la entidad y que posteriormente reciban fi-
nanciaciones de ésta que no superen el importe resultante de aplicar sobre el saldo de deuda
registrado en el sistema financiero, según la última información disponible en la “Central de
deudores” a la fecha de su otorgamiento, el porcentaje establecido en el punto 2.2.5. de las
normas sobre “Previsiones mínimas por riesgo de incobrabilidad” correspondiente a la peor cla-
sificación asignada, podrán ser clasificados por la entidad teniendo en cuenta únicamente el
análisis del flujo de fondos proyectado. Las asistencias así otorgadas no serán consideradas a
los fines a que se refiere el punto 6.6.
A fin de verificar el cumplimiento de las obligaciones sin recurrir a nueva financiación directa o
indirecta o a refinanciaciones, no se considerarán refinanciaciones las facilidades adicionales
que se otorguen respecto de los márgenes vigentes acordados, siempre que el nuevo apoyo
crediticio implique nuevos desembolsos de fondos y no supere el 10 % del cupo asignado en
oportunidad de la última evaluación crediticia del cliente, en la medida en que éstas sean con-
sistentes con el curso normal de los negocios y exista capacidad para atender el resto de las
obligaciones financieras, ni las nuevas financiaciones y las refinanciaciones asociadas a una
mayor inversión derivada de la expansión de las actividades, y siempre que pueda demostrarse
que el flujo de fondos proyectado permitirá afrontar la totalidad de sus obligaciones.
Tampoco se considerarán dentro de ese concepto las refinanciaciones otorgadas a los produc-
tores agropecuarios cuando ello resulte de la aplicación de disposiciones vinculadas a la Ley de
Emergencia Agropecuaria, sin perjuicio de lo cual, a los fines de la clasificación, deberá tenerse
en cuenta el flujo de fondos proyectado para el momento en que concluya la vigencia de la
emergencia declarada. El tratamiento que se dispense en ese marco no podrá implicar mejora-
miento de la clasificación asignada al cliente en función de su situación individual, preexistente
a la emergencia, ni su aplicación extenderse más allá de la vigencia fijada para ella.
6.5.1. En situación normal.
El análisis del flujo de fondos del cliente demuestra que es capaz de atender adecuada-
mente todos sus compromisos financieros.
Entre los indicadores que pueden reflejar esta situación se destacan que el cliente:
6.5.1.6. sea competitivo en su actividad.","Condicion","Competitividad del cliente en su actividad","sea competitivo en su actividad","condicion_de","Condicion","Competitividad del cliente en su actividad","sea competitivo en su actividad","",""
"M58","Condicion --condicion_de--> Condicion","ext::10.10.2.9","Sección 10. Pagos de importaciones y otras compras de bienes en el exterior.
10.10. Disposiciones complementarias para importaciones de bienes que tuvieron o tendrán registro
de ingreso aduanero a partir del 13/12/23.
10.10.2. Pagos de importaciones de bienes con registro de ingreso aduanero pendiente.
Las entidades podrán dar acceso al mercado de cambios para cursar pagos con
registro de ingreso aduanero pendiente por operaciones no comprendidas en el
punto 10.6.6. cuando, en adición a los restantes requisitos aplicables, se verifique
alguna de las siguientes situaciones:
Se podrá considerar como importación de bienes de capital a: i) aquellas que
correspondan a bienes cuyas posiciones arancelarias se encuentren clasificadas
como BK en la Nomenclatura Común del MERCOSUR (Decreto 690/02 y
complementarias) y ii) aquellas que incluyan otros bienes en la medida que los
bienes clasificados como BK representen como mínimo el 90% (noventa por
ciento) del valor FOB total de la operación y la entidad cuente con una declaración
jurada del cliente en la cual deje constancia de que los restantes bienes son
repuestos, accesorios o materiales necesarios para el funcionamiento,
construcción o instalación de los bienes de capital que se están adquiriendo.
10.10.2.9. El pago corresponda a la cancelación de deudas por operaciones
financiadas o garantizadas con anterioridad al 13/12/23 por entidades
financieras locales o del exterior.","Condicion","Cancelación de deudas por operaciones financiadas/garantizadas","El pago corresponda a la cancelación de deudas por operaciones financiadas o garantizadas con anterioridad al 13/12/23 por entidades financieras locales o del exterior.","condicion_de","Condicion","Cancelación de deudas por operaciones financiadas/garantizadas","El pago corresponda a la cancelación de deudas por operaciones financiadas o garantizadas con anterioridad al 13/12/23 por entidades financieras locales o del exterior.","",""
"M59","Condicion --condicion_de--> Condicion","ext::3.5.1.5","Sección 3. Disposiciones específicas para los egresos por el mercado de cambios
Las entidades previamente a dar acceso al mercado de cambio por las operaciones comprendidas
en los puntos 3.1. a 3.15. –incluyendo aquellas que se concreten a través de canjes o arbitrajes–,
adicionalmente a los requisitos y condiciones específicas detalladas en cada punto, deberán
cumplimentar los requisitos complementarios que constan en el punto 3.16. que resulten aplicables.
3.5. Pagos de títulos de deuda suscriptos en el exterior y endeudamientos financieros con el
exterior.
Las entidades podrán dar acceso al mercado de cambios para realizar pagos de capital o
intereses de títulos de deuda con registro público en el exterior, otros endeudamientos
financieros con el exterior y títulos de deuda con registro público en el país denominados en
moneda extranjera íntegramente suscriptos en el exterior, en la medida que se verifiquen las
siguientes condiciones:
3.5.1. El deudor demuestre el ingreso y liquidación de divisas en el mercado de cambios por
un monto equivalente al valor nominal del endeudamiento financiero.
Este requisito se considerará cumplimentado en los siguientes casos:
3.5.1.5. por la porción que corresponda a una capitalización de intereses prevista en
el contrato de endeudamiento.","Condicion","Capitalización de intereses prevista en contrato","La porción que corresponda a una capitalización de intereses prevista en el contrato de endeudamiento","condicion_de","Condicion","Capitalización de intereses prevista en contrato","La porción que corresponda a una capitalización de intereses prevista en el contrato de endeudamiento","",""
"M60","Condicion --condicion_de--> Condicion","ext::7.6.3.1","Sección 7. Cobros de exportaciones de bienes.
7.6. Incumplidos en gestión de cobro.
Un permiso de embarque será registrado por la entidad de seguimiento en la condición de
“Incumplido en gestión de cobro” cuando se haya verificado que el incumplimiento se debe a
la falta de pago del importador, por haberse demostrado las situaciones previstas conforme a
los puntos 7.6.1. a 7.6.3.
En todos los casos la entidad deberá obtener la declaración jurada sobre el carácter genuino
de lo declarado, firmada por el exportador o quien ejerza su representación legal o un
apoderado con facultades suficientes para asumir este compromiso en nombre del exportador.
A excepción de los casos en que la falta de pago del importador se origine en un control de
cambios en el país del importador, la figura de “Incumplido en gestión de cobro” no podrá ser
aplicada por la entidad de seguimiento cuando se trate de operaciones con contrapartes
vinculadas.
Si una vez superados los inconvenientes existentes el importador efectuara el pago, el
exportador argentino o en su caso la compañía de seguros de crédito a la exportación deberá
ingresar las divisas dentro de los 20 (veinte) días hábiles de la fecha de puesta a disposición
de los fondos.
7.6.3. Deudor moroso.
Cuando el exportador mantenga acciones judiciales contra el importador, u otro
obligado a efectuar el pago, acreditándolo con copia del escrito de iniciación de
demanda certificada por el juzgado interviniente en cuanto a su fecha de inicio y
radicación.
La documentación deberá estar legalizada por autoridad consular o conforme a lo
previsto por el Convenio de la Haya del 5 de octubre de 1961, cuando resultase
aplicable.
También se podrán incluir casos en esta categoría, sin necesidad de que el exportador
haya iniciado y mantenga acciones legales, cuando se verifique alguna de las
siguientes situaciones:
7.6.3.1. El exportador demuestre que la operación se encontraba cubierta por una
póliza de seguro de crédito a la exportación y haya liquidado los montos
cubiertos por la compañía de seguro por el crédito impago, subrogándose
ésta los derechos para efectuar las gestiones de cobro, tanto judiciales como
extrajudiciales, directamente contra el deudor.","Condicion","Operación cubierta por póliza seguro exportación","el exportador demuestre que la operación se encontraba cubierta por una póliza de seguro de crédito a la exportación","condicion_de","Condicion","Inclusión en categoría deudor moroso","para que una operación pueda incluirse en la categoría de deudor moroso sin que el exportador haya iniciado acciones legales, se debe verificar que el exportador demuestre la cobertura por póliza de seguro y la liquidación de montos cubiertos","",""
